"caseid","state","age","gender","citizen","marital_stat","veteran","active_armedforces","emp_status","multi_jobs","work_class","retired","fulltime_emp","hours_worked","fam_income","household_size","household_kids","household_child","phys_challenge","travel","phone","volunteer","religion","sports","social","food","gov_civic","household","pro_services","purchasing","education","work","care_nonhousehold","care_household","household_chores","personal_care","sleep","groom","health_related","eating","class","homework","socializing"
"20160302161169","North Carolina",46,"Male","Native, Born in USA","Married","Non-Veteran","No","Employed","No","Self-employed, incorporated","No answer","Full time",60,"$150,000 and over",3,1,"Yes","No difficulty",50,0,0,0,0,154,30,0,0,0,6,0,485,0,174,91,450,405,45,0,30,0,0,154
"20160605162020","Illinois",59,"Female","Native, Born in USA","Married","Non-Veteran","No","Employed","No","Private, for profit","No answer","Part time",20,"$60,000 to $74,999",2,0,"No","No difficulty",55,0,15,180,30,215,90,0,0,0,30,0,0,25,0,185,615,510,90,15,90,0,0,215
"20161110161116","Nebraska",85,"Male","Native, Born in USA","Married","Non-Veteran","No","Not in labor force","No answer","No answer","Retired","No answer",NA,"$15,000 to $19,999",2,0,"No","Has difficulty",0,0,0,30,0,675,105,0,0,0,0,0,0,0,0,0,630,630,0,0,105,0,0,675
"20160201161026","Georgia",18,"Female","Native, Born in USA","Never married","Non-Veteran","No","Not in labor force","No answer","No answer","No answer","No answer",NA,"$100,000 to $149,999",6,2,"Yes","No difficulty",50,0,0,0,120,0,90,0,0,0,0,615,0,0,0,0,565,480,85,0,90,405,210,0
"20161010160681","Texas",23,"Female","Native, Born in USA","Never married","Non-Veteran","No","Employed","No","Private, for profit","No answer","Full time",40,"$5,000 to $7,499",2,0,"No","No difficulty",260,0,0,0,0,240,60,0,0,0,10,0,0,0,0,30,840,780,60,0,60,0,0,240
"20161211162042","Mississippi",61,"Male","Native, Born in USA","Married","Non-Veteran","No","Employed","No","Private, for profit","No answer","Full time",40,"$60,000 to $74,999",2,0,"No","Has difficulty",30,0,0,10,0,210,60,0,0,0,0,0,485,0,0,40,605,555,50,0,60,0,0,210
"20160112150039","Texas",44,"Female","Foreign born, not US citizen","Married","Non-Veteran","No","Employed","No","Private, for profit","No answer","Full time",60,"$30,000 to $34,999",5,2,"Yes","No difficulty",20,0,0,0,0,0,120,0,0,0,120,0,0,0,0,250,930,870,60,0,120,0,0,0
"20160908161660","New York",69,"Male","Foreign born, US citizen","Married","Non-Veteran","No","Employed","No","Private, for profit","No answer","Full time",40,"$150,000 and over",2,0,"No","No difficulty",40,0,0,0,0,225,75,0,0,0,45,0,210,120,5,285,435,405,30,0,75,0,0,225
"20160504160029","Wisconsin",50,"Male","Native, Born in USA","Widowed","Non-Veteran","No","Employed","Yes","Self-employed, incorporated","No answer","Full time",35,"$60,000 to $74,999",2,1,"Yes","No difficulty",90,0,0,0,0,150,60,0,0,15,75,0,450,0,60,120,420,390,30,0,60,0,0,150
"20161211161337","Pennsylvania",61,"Female","Native, Born in USA","Divored","Veteran","No","Employed","No","Government, federal","No answer","Full time",40,"$40,000 to $49,999",1,0,"No","No difficulty",180,0,0,0,0,0,35,0,0,0,35,0,570,0,0,60,560,475,85,0,35,0,0,0
"20161109162319","Washington",53,"Female","Foreign born, US citizen","Never married","Non-Veteran","No","Employed","No","Private, nonprofit","No answer","Full time",40,"$100,000 to $149,999",1,0,"No","No difficulty",40,0,0,0,0,210,35,0,0,0,0,0,541,0,0,58,491,420,71,0,35,0,0,210
"20160605162527","Pennsylvania",63,"Female","Native, Born in USA","Widowed","Non-Veteran","No","Not in labor force","No answer","No answer","Retired","No answer",NA,"$15,000 to $19,999",1,0,"No","No difficulty",5,0,0,0,0,360,90,0,0,0,0,0,0,0,0,505,480,420,60,0,90,0,0,360
"20160112152117","Arizona",65,"Male","Foreign born, not US citizen","Married","Non-Veteran","No","Not in labor force","No answer","No answer","Retired","No answer",NA,"$7,500 to $9,999",2,0,"No","No difficulty",60,0,230,0,0,210,40,0,0,0,120,0,0,0,0,120,660,600,60,0,40,0,0,210
"20161110160692","California",32,"Female","Native, Born in USA","Never married","Non-Veteran","No","Employed","No","Government, local","No answer","Full time",40,"$150,000 and over",2,0,"No","No difficulty",70,20,0,0,0,220,210,0,0,0,0,0,0,0,0,425,495,480,15,0,210,0,0,220
"20161211161740","North Carolina",61,"Female","Native, Born in USA","Divored","Non-Veteran","No","Not in labor force","No answer","No answer","Retired","No answer",NA,"$30,000 to $34,999",1,0,"No","Has difficulty",42,0,0,120,0,270,30,0,0,0,0,0,0,2,0,676,300,270,30,0,30,0,0,270
"20160706160575","Kentucky",75,"Male","Native, Born in USA","Married","Veteran","No","Not in labor force","No answer","No answer","Retired","No answer",NA,"$60,000 to $74,999",2,0,"No","Has difficulty",710,0,0,0,0,240,0,0,0,0,10,0,0,0,0,0,480,480,0,0,0,0,0,240
"20160504160619","Alabama",36,"Female","Native, Born in USA","Married","Non-Veteran","No","Not in labor force","No answer","No answer","No answer","No answer",NA,"$30,000 to $34,999",5,3,"Yes","No difficulty",20,0,0,0,80,512,65,0,0,0,0,0,0,0,133,125,505,415,90,0,65,0,0,512
"20161109161802","Kansas",32,"Female","Native, Born in USA","Married","Non-Veteran","No","Employed","No","Private, for profit","No answer","Part time",17,"$75,000 to $99,999",4,2,"Yes","No difficulty",70,0,0,0,0,185,30,0,0,0,0,0,0,0,120,305,730,685,45,0,30,0,0,185
"20160111151451","Maine",68,"Female","Native, Born in USA","Never married","Veteran","No","Not in labor force","No answer","No answer","Retired","No answer",NA,"$25,000 to $29,999",1,0,"No","No difficulty",65,0,190,0,0,135,15,0,0,0,12,0,0,0,0,232,753,713,40,0,15,0,0,135
"20160606161141","Missori",58,"Female","Native, Born in USA","Married","Non-Veteran","No","Employed","No","Private, for profit","No answer","Full time",42,"$100,000 to $149,999",2,0,"No","No difficulty",45,47,0,2,10,151,15,0,0,0,20,0,492,45,0,135,478,421,57,0,15,0,0,151
"20160112150777","Iowa",31,"Male","Native, Born in USA","Married","Non-Veteran","No","Unemployed, Looking","No answer","No answer","No answer","No answer",NA,"$35,000 to $39,999",4,2,"Yes","No difficulty",40,0,0,0,0,595,90,0,0,0,90,0,0,20,202,85,318,273,45,0,90,0,0,595
"20161211161940","Ohio",15,"Female","Native, Born in USA","Never married","No answer","No","Not in labor force","No answer","No answer","No answer","No answer",NA,"$150,000 and over",5,3,"Yes","No difficulty",145,0,0,0,210,60,60,0,0,0,10,165,0,0,0,5,785,700,85,0,60,0,165,60
"20160907161671","Nevada",24,"Male","Native, Born in USA","Never married","Non-Veteran","No","Employed","Yes","Private, for profit","No answer","Full time",59,"$20,000 to $24,999",1,0,"No","No difficulty",65,0,0,0,0,70,65,0,0,0,0,0,875,0,0,0,365,300,65,0,65,0,0,70
"20161009161563","North Carolina",44,"Male","Native, Born in USA","Married","Non-Veteran","No","Employed","No","Private, for profit","No answer","Full time",50,"$60,000 to $74,999",3,1,"Yes","No difficulty",20,0,0,0,0,450,45,0,0,0,0,0,0,0,0,200,700,690,10,0,45,0,0,450
"20160302161453","Kansas",56,"Male","Native, Born in USA","Divored","Non-Veteran","No","Employed","No","Self-employed, incorporated","No answer","Full time",NA,"$60,000 to $74,999",1,0,"No","No difficulty",15,0,0,0,0,0,195,0,0,0,0,0,840,0,0,0,390,360,30,0,195,0,0,0
"20161109161480","Massachusetts",32,"Female","Foreign born, not US citizen","Married","Non-Veteran","No","Employed","No","Private, for profit","No answer","Part time",22,"$10,000 to $12,499",3,1,"Yes","No difficulty",75,0,0,0,0,65,60,0,0,0,0,221,372,0,27,25,595,555,40,0,60,221,0,65
"20161110160640","Pennsylvania",58,"Female","Native, Born in USA","Separated","Non-Veteran","No","Not in labor force","No answer","No answer","No answer","No answer",NA,"$7,500 to $9,999",1,0,"No","Has difficulty",0,0,0,0,0,343,35,0,0,0,0,0,0,0,0,122,940,600,0,340,35,0,0,343
"20160908161971","New Mexico",51,"Female","Native, Born in USA","Divored","Non-Veteran","No","Employed","No","Government, state","No answer","Full time",40,"$30,000 to $34,999",1,0,"No","No difficulty",264,0,0,120,0,356,90,0,0,0,100,0,0,0,0,30,480,480,0,0,90,0,0,356
"20160606162418","Arizona",85,"Female","Native, Born in USA","Widowed","Non-Veteran","No","Not in labor force","No answer","No answer","Retired","No answer",NA,"$15,000 to $19,999",1,0,"No","Has difficulty",20,0,0,560,0,0,75,0,0,0,0,0,0,0,0,20,660,570,90,0,75,0,0,0
"20160806160500","Louisiana",69,"Female","Native, Born in USA","Married","Non-Veteran","No","Not in labor force","No answer","No answer","Retired","No answer",NA,"$25,000 to $29,999",4,0,"No","Has difficulty",30,0,0,0,0,640,20,0,0,0,0,0,0,0,0,90,660,600,60,0,20,0,0,640
"20161111161818","Missori",39,"Male","Foreign born, not US citizen","Married","Non-Veteran","No","Employed","No","Private, for profit","No answer","Full time",45,"$100,000 to $149,999",3,1,"Yes","No difficulty",40,0,0,0,0,180,100,0,0,0,45,0,150,0,240,160,525,480,45,0,100,0,0,180
"20160302160818","Minnesota",63,"Male","Native, Born in USA","Divored","Veteran","No","Employed","No","Private, nonprofit","No answer","Full time",40,"$25,000 to $29,999",1,0,"No","Has difficulty",0,0,0,0,30,300,90,0,0,0,0,0,0,0,0,435,585,570,15,0,90,0,0,300
"20160302161797","Georgia",28,"Female","Native, Born in USA","Married","Non-Veteran","No","Employed","No","Private, for profit","No answer","Full time",36,"$100,000 to $149,999",3,1,"Yes","No difficulty",45,0,0,85,0,105,60,0,0,0,50,0,0,0,0,360,735,630,105,0,60,0,0,105
"20160112151512","Illinois",37,"Male","Native, Born in USA","Never married","Non-Veteran","No","Employed","No","Private, for profit","No answer","Full time",50,"$40,000 to $49,999",1,0,"No","No difficulty",60,0,0,0,0,130,50,0,0,0,0,0,540,0,0,80,580,550,30,0,50,0,0,130
"20160112152148","Florida",68,"Female","Native, Born in Territory","Divored","Non-Veteran","No","Not in labor force","No answer","No answer","No answer","No answer",NA,"$7,500 to $9,999",1,0,"No","No difficulty",0,100,0,0,0,525,80,0,0,0,0,0,0,0,0,135,600,540,60,0,80,0,0,525
"20160112151231","Idaho",85,"Male","Native, Born in USA","Married","Veteran","No","Not in labor force","No answer","No answer","Retired","No answer",NA,"$20,000 to $24,999",2,0,"No","Has difficulty",0,0,0,30,0,505,70,0,0,0,0,0,0,0,0,0,790,745,45,0,70,0,0,505
"20160504161868","Florida",25,"Female","Native, Born in Territory","Married","Non-Veteran","No","Employed","No","Government, state","No answer","Full time",40,"$60,000 to $74,999",2,0,"No","No difficulty",80,35,0,0,15,52,5,0,0,0,0,0,467,0,0,62,724,649,75,0,5,0,0,52
"20160807160590","South Carolina",77,"Male","Native, Born in USA","Widowed","Non-Veteran","No","Not in labor force","No answer","No answer","Retired","No answer",NA,"$10,000 to $12,499",1,0,"No","Has difficulty",45,0,0,0,0,485,35,0,0,270,15,0,0,0,0,0,590,565,25,0,35,0,0,485
"20160201161475","Oklahoma",56,"Female","Foreign born, US citizen","Married","Non-Veteran","No","Employed","No","Private, nonprofit","No answer","Full time",40,"$30,000 to $34,999",2,0,"No","No difficulty",10,0,0,110,0,90,60,0,0,0,90,0,0,0,0,420,660,660,0,0,60,0,0,90
"20160605161487","Oregon",44,"Female","Native, Born in USA","Married","Non-Veteran","No","Employed","No","Private, for profit","No answer","Part time",32,"$75,000 to $99,999",3,1,"Yes","No difficulty",70,0,0,0,0,60,35,0,0,0,5,0,579,0,20,81,590,530,60,0,35,0,0,60
"20160303161951","Michigan",43,"Female","Native, Born in USA","Divored","Non-Veteran","No","Employed","No","Self-employed, unincorporated","No answer","Full time",35,"$75,000 to $99,999",4,1,"Yes","No difficulty",78,0,0,7,0,554,55,0,0,7,4,0,25,0,0,130,580,544,35,1,55,0,0,554
"20161110160764","Texas",30,"Female","Native, Born in USA","Married","Non-Veteran","No","Employed","No","Self-employed, incorporated","No answer","Part time",10,"$150,000 and over",4,2,"Yes","No difficulty",66,0,0,10,60,50,80,0,0,0,200,0,0,0,357,177,440,400,20,20,80,0,0,50
"20160112150908","California",15,"Male","Native, Born in USA","Never married","No answer","No","Not in labor force","No answer","No answer","No answer","No answer",NA,"$50,000 to $59,999",4,1,"Yes","No difficulty",30,0,0,0,60,370,55,0,0,0,10,0,0,0,0,145,770,750,20,0,55,0,0,370
"20161009160625","Georgia",73,"Female","Native, Born in USA","Never married","Non-Veteran","No","Not in labor force","No answer","No answer","Retired","No answer",NA,"$12,500 to $14,999",1,0,"No","No difficulty",40,0,0,60,0,465,30,0,0,0,0,0,0,0,0,20,825,720,105,0,30,0,0,465
"20161212161139","California",56,"Male","Native, Born in USA","Divored","Non-Veteran","No","Employed","No","Private, for profit","No answer","Full time",40,"$60,000 to $74,999",2,0,"No","No difficulty",0,0,0,0,0,835,5,0,0,0,0,0,0,0,0,30,420,420,0,0,5,0,0,835
"20160101161527","Texas",80,"Female","Native, Born in USA","Widowed","Non-Veteran","No","Not in labor force","No answer","No answer","Retired","No answer",NA,"$25,000 to $29,999",1,0,"No","Has difficulty",0,115,0,0,0,415,40,0,0,0,0,0,0,0,0,285,585,570,0,15,40,0,0,415
"20160605162321","Missori",75,"Male","Native, Born in USA","Never married","Non-Veteran","No","Not in labor force","No answer","No answer","Retired","No answer",NA,"$25,000 to $29,999",1,0,"No","No difficulty",105,45,120,45,0,385,40,0,0,0,40,0,0,0,0,90,525,480,45,0,40,0,0,385
"20161211162232","Massachusetts",53,"Male","Foreign born, not US citizen","Married","Non-Veteran","No","Employed","No","Private, for profit","No answer","Full time",40,"$50,000 to $59,999",4,0,"No","No difficulty",60,0,0,0,0,240,0,0,0,0,0,0,530,0,0,0,610,570,40,0,0,0,0,240
"20160808161142","Virginia",63,"Male","Native, Born in USA","Divored","Veteran","No","Employed","No","Government, federal","No answer","Full time",40,"$150,000 and over",1,0,"No","No difficulty",80,60,0,0,30,20,110,0,0,0,0,0,580,0,0,90,470,390,80,0,110,0,0,20
"20161110162033","New York",66,"Female","Native, Born in USA","Married","Non-Veteran","No","Employed","No","Private, for profit","No answer","Part time",8,"$40,000 to $49,999",2,0,"No","No difficulty",391,0,0,120,0,164,70,0,0,0,0,0,0,0,0,20,675,565,110,0,70,0,0,164
"20160202160099","Alabama",47,"Female","Native, Born in USA","Divored","Non-Veteran","No","Not in labor force","No answer","No answer","No answer","No answer",NA,"Less than $5,000",2,1,"Yes","No difficulty",10,0,0,0,0,548,25,0,0,0,70,0,0,0,12,250,525,465,60,0,25,0,0,548
"20160504161252","Florida",24,"Female","Native, Born in USA","Married","Non-Veteran","No","Employed","No","Private, for profit","No answer","Part time",32,"$35,000 to $39,999",4,2,"Yes","No difficulty",65,0,0,0,0,0,15,0,0,0,0,0,460,0,320,175,360,300,60,0,15,0,0,0
"20160706161537","Pennsylvania",32,"Female","Native, Born in USA","Never married","Non-Veteran","No","Employed","No","Private, nonprofit","No answer","Full time",45,"$20,000 to $24,999",1,0,"No","No difficulty",103,0,0,0,0,370,75,0,0,0,17,0,0,0,0,15,860,860,0,0,75,0,0,370
"20160706160130","Kansas",40,"Female","Native, Born in USA","Divored","Non-Veteran","No","Employed","Yes","Private, for profit","No answer","Full time",38,"$15,000 to $19,999",2,0,"No","No difficulty",38,0,0,0,0,487,100,0,0,0,22,0,0,0,15,98,680,660,20,0,100,0,0,487
"20160403162368","New York",45,"Male","Foreign born, US citizen","Married","Non-Veteran","No","Employed","No","Private, for profit","No answer","Full time",40,"$60,000 to $74,999",4,2,"Yes","No difficulty",50,10,0,0,15,770,15,0,0,0,35,0,0,0,0,65,480,480,0,0,15,0,0,770
"20160101160571","Iowa",65,"Female","Native, born abroad","Married","Non-Veteran","No","Not in labor force","No answer","No answer","Retired","No answer",NA,"$20,000 to $24,999",2,0,"No","No difficulty",125,0,0,60,0,545,120,0,0,0,0,0,0,0,0,0,590,540,50,0,120,0,0,545
"20160606161532","Michigan",44,"Female","Native, Born in USA","Never married","Non-Veteran","No","Employed","No","Private, for profit","No answer","Full time",40,"$60,000 to $74,999",1,0,"No","No difficulty",40,0,570,0,0,90,25,0,0,0,5,0,0,0,0,46,664,579,85,0,25,0,0,90
"20160112152275","Colorado",16,"Male","Native, Born in USA","Never married","No answer","No","Not in labor force","No answer","No answer","No answer","No answer",NA,"$40,000 to $49,999",3,2,"Yes","No difficulty",0,0,0,0,0,360,35,0,0,0,0,285,0,0,0,0,760,740,20,0,35,0,285,360
"20160908162055","Nevada",60,"Female","Foreign born, not US citizen","Divored","Non-Veteran","No","Not in labor force","No answer","No answer","No answer","No answer",NA,"Less than $5,000",2,0,"No","Has difficulty",55,5,0,0,0,305,45,0,0,0,0,0,0,120,15,10,715,705,10,0,45,0,0,305
"20161009160791","Connecticut",24,"Female","Native, Born in USA","Never married","Non-Veteran","No","Employed","No","Private, for profit","No answer","Part time",32,"$50,000 to $59,999",2,0,"No","No difficulty",100,0,0,0,0,90,15,0,0,0,5,0,435,0,0,0,795,795,0,0,15,0,0,90
"20161110160034","Oregon",38,"Female","Native, Born in USA","Married","Non-Veteran","No","Employed","No","Self-employed, unincorporated","No answer","Full time",40,"$20,000 to $24,999",5,2,"Yes","No difficulty",20,0,0,0,0,90,120,0,0,0,0,0,250,0,0,270,690,630,60,0,120,0,0,90
"20160302161063","Florida",80,"Male","Foreign born, US citizen","Divored","Non-Veteran","No","Not in labor force","No answer","No answer","Retired","No answer",NA,"$10,000 to $12,499",1,0,"No","Has difficulty",120,0,0,0,0,372,90,0,0,0,45,0,0,0,0,363,450,420,30,0,90,0,0,372
"20160101162218","New York",30,"Female","Native, Born in Territory","Never married","Non-Veteran","No","Employed","No","Private, nonprofit","No answer","Part time",33,"$20,000 to $24,999",2,1,"Yes","No difficulty",0,0,0,0,0,190,30,0,0,0,0,0,0,0,220,310,690,690,0,0,30,0,0,190
"20160808161091","Idaho",60,"Female","Native, Born in USA","Separated","Non-Veteran","No","Not in labor force","No answer","No answer","No answer","No answer",NA,"$35,000 to $39,999",1,0,"No","No difficulty",2,0,0,0,0,536,90,0,0,0,0,0,0,0,0,570,180,150,30,0,90,0,0,536
"20160706160790","Missori",54,"Female","Native, Born in USA","Married","Non-Veteran","No","Employed","No","Private, for profit","No answer","Full time",45,"$60,000 to $74,999",2,0,"No","No difficulty",0,0,0,0,60,240,0,0,0,0,0,0,0,0,0,60,1080,1047,30,3,0,0,0,240
"20160101161462","New York",58,"Male","Native, Born in USA","Never married","Non-Veteran","No","Employed","No","Government, federal","No answer","Full time",40,"$60,000 to $74,999",1,0,"No","Has difficulty",80,15,0,0,0,40,190,0,0,55,0,0,420,0,0,70,570,450,120,0,190,0,0,40
"20160302161066","Michigan",63,"Male","Native, Born in USA","Widowed","Veteran","No","Not in labor force","No answer","No answer","No answer","No answer",NA,"$20,000 to $24,999",1,0,"No","Has difficulty",0,0,0,0,0,635,20,0,0,0,0,0,0,0,0,275,510,510,0,0,20,0,0,635
"20160302161443","Tennessee",21,"Female","Native, Born in USA","Never married","Non-Veteran","No","Not in labor force","No answer","No answer","No answer","No answer",NA,"Less than $5,000",2,1,"Yes","No difficulty",38,0,0,0,0,0,150,0,0,0,120,0,0,0,240,0,892,802,90,0,150,0,0,0
"20160101161367","Michigan",73,"Female","Native, Born in USA","Widowed","Non-Veteran","No","Not in labor force","No answer","No answer","Retired","No answer",NA,"$60,000 to $74,999",1,0,"No","No difficulty",55,0,0,0,120,210,75,0,0,0,0,0,0,0,0,290,555,510,45,0,75,0,0,210
"20160807161953","Louisiana",44,"Male","Native, Born in USA","Divored","Non-Veteran","No","Employed","No","Private, for profit","No answer","Full time",43,"$35,000 to $39,999",1,0,"No","No difficulty",20,0,0,0,0,195,30,0,0,0,0,0,535,0,0,105,555,480,75,0,30,0,0,195
"20160907162186","Ohio",38,"Female","Native, Born in USA","Married","Non-Veteran","No","Employed","Yes","Government, local","No answer","Part time",30,"$75,000 to $99,999",5,3,"Yes","No difficulty",105,0,0,0,0,215,60,0,0,0,0,0,256,10,50,130,515,495,20,0,60,0,0,215
"20160605161672","California",54,"Male","Foreign born, not US citizen","Married","Non-Veteran","No","Employed","No","Self-employed, incorporated","No answer","Full time",60,"$150,000 and over",3,1,"Yes","No difficulty",105,0,0,0,0,95,50,0,0,30,0,0,615,0,20,75,450,420,30,0,50,0,0,95
"20160807162227","Rhode Island",38,"Male","Foreign born, not US citizen","Married","Non-Veteran","No","Employed","No","Private, for profit","No answer","Full time",40,"$35,000 to $39,999",3,1,"Yes","No difficulty",20,0,0,0,0,135,100,0,0,0,0,0,485,0,240,0,460,460,0,0,100,0,0,135
"20160605160016","Illinois",67,"Male","Native, Born in USA","Never married","Non-Veteran","No","Not in labor force","No answer","No answer","No answer","No answer",NA,"Less than $5,000",1,0,"No","Has difficulty",0,0,0,0,0,927,0,0,0,0,0,0,0,0,0,2,511,510,0,1,0,0,0,927
"20160706161455","Florida",47,"Female","Native, Born in USA","Never married","Non-Veteran","No","Employed","Yes","Private, for profit","No answer","Full time",48,"$12,500 to $14,999",1,0,"No","No difficulty",120,0,0,0,0,405,30,0,0,0,0,0,210,0,0,0,675,615,60,0,30,0,0,405
"20161110161875","Texas",66,"Female","Native, Born in USA","Married","Veteran","No","Not in labor force","No answer","No answer","Retired","No answer",NA,"$25,000 to $29,999",2,0,"No","No difficulty",40,0,0,0,0,355,55,0,0,0,180,0,0,0,40,245,525,450,75,0,55,0,0,355
"20161211161214","Oregon",53,"Female","Native, born abroad","Never married","Non-Veteran","No","Employed","No","Private, for profit","No answer","Part time",14,"$12,500 to $14,999",1,0,"No","No difficulty",60,0,0,0,0,330,60,0,0,0,0,0,390,0,0,0,600,600,0,0,60,0,0,330
"20160807161458","Pennsylvania",33,"Female","Native, Born in USA","Married","Non-Veteran","No","Not in labor force","No answer","No answer","No answer","No answer",NA,"$75,000 to $99,999",6,4,"Yes","No difficulty",140,0,0,165,0,425,80,0,0,0,0,0,0,0,75,60,495,455,40,0,80,0,0,425
"20161009162017","North Carolina",49,"Female","Native, Born in USA","Divored","Non-Veteran","No","Not in labor force","No answer","No answer","No answer","No answer",NA,"$12,500 to $14,999",2,0,"No","Has difficulty",0,30,0,0,0,590,30,0,0,0,0,0,0,0,0,120,670,345,150,175,30,0,0,590
"20160807160746","California",64,"Male","Native, Born in USA","Married","Veteran","No","Unemployed, Laid off","No answer","No answer","No answer","No answer",NA,"$100,000 to $149,999",2,0,"No","No difficulty",0,0,0,0,0,325,180,0,0,0,0,0,0,5,0,360,570,510,60,0,180,0,0,325
"20160605161879","Indiana",72,"Male","Native, Born in USA","Married","Non-Veteran","No","Not in labor force","No answer","No answer","Retired","No answer",NA,"$15,000 to $19,999",2,0,"No","No difficulty",0,0,0,0,0,480,30,0,0,0,0,0,0,0,0,0,930,900,0,30,30,0,0,480
"20160505162453","Utah",28,"Male","Foreign born, not US citizen","Married","Non-Veteran","No","Employed","No","Private, for profit","No answer","Part time",30,"$15,000 to $19,999",5,3,"Yes","No difficulty",50,0,0,0,0,210,30,0,0,0,120,0,0,0,210,180,640,610,30,0,30,0,0,210
"20160908160721","California",80,"Female","Native, Born in USA","Widowed","Non-Veteran","No","Not in labor force","No answer","No answer","Retired","No answer",NA,"$35,000 to $39,999",1,0,"No","Has difficulty",0,20,0,0,30,510,155,0,0,0,0,0,0,0,0,185,540,510,30,0,155,0,0,510
"20160112152182","Illinois",85,"Female","Native, Born in USA","Widowed","Non-Veteran","No","Not in labor force","No answer","No answer","Retired","No answer",NA,"$7,500 to $9,999",1,0,"No","Has difficulty",0,0,0,0,0,150,150,0,0,0,0,0,0,0,0,0,1140,1095,45,0,150,0,0,150
"20161008161526","Florida",72,"Male","Foreign born, not US citizen","Never married","Non-Veteran","No","Unemployed, Laid off","No answer","No answer","No answer","No answer",NA,"$7,500 to $9,999",2,1,"Yes","Has difficulty",90,0,0,0,0,503,20,0,0,0,0,0,0,0,0,10,817,760,40,17,20,0,0,503
"20161111161688","New Jersey",79,"Female","Native, Born in USA","Widowed","Veteran","No","Not in labor force","No answer","No answer","Retired","No answer",NA,"$150,000 and over",1,0,"No","No difficulty",20,8,0,0,0,322,65,0,0,0,0,0,0,0,0,534,491,395,87,9,65,0,0,322
"20160605161985","Ohio",59,"Female","Native, Born in USA","Widowed","Non-Veteran","No","Employed","Yes","Private, for profit","No answer","Full time",36,"Less than $5,000",1,0,"No","No difficulty",96,2,0,0,0,440,10,0,0,0,2,0,200,27,0,112,551,536,15,0,10,0,0,440
"20160212151112","Texas",60,"Female","Foreign born, US citizen","Never married","Non-Veteran","No","Not in labor force","No answer","No answer","No answer","No answer",NA,"$7,500 to $9,999",2,1,"Yes","Has difficulty",0,0,120,0,0,400,45,0,0,0,0,0,0,0,0,75,650,630,20,0,45,0,0,400
"20160504162025","California",25,"Female","Foreign born, US citizen","Never married","Non-Veteran","No","Employed","No","Private, for profit","No answer","Full time",40,"$75,000 to $99,999",4,0,"No","No difficulty",75,0,0,0,0,420,145,0,0,0,40,0,0,0,0,70,690,570,120,0,125,0,0,420
"20160401162455","Georgia",44,"Female","Native, Born in USA","Married","Non-Veteran","No","Not in labor force","No answer","No answer","No answer","No answer",NA,"$25,000 to $29,999",2,0,"No","No difficulty",0,0,0,0,0,30,240,0,0,0,0,0,0,450,0,240,480,480,0,0,240,0,0,30
"20161210160583","Washington",17,"Male","Native, Born in USA","Never married","Non-Veteran","No","Not in labor force","No answer","No answer","No answer","No answer",NA,"$30,000 to $34,999",3,2,"Yes","No difficulty",0,0,0,0,0,630,120,0,0,0,0,0,0,0,0,0,690,690,0,0,120,0,0,630
"20160605160534","New York",37,"Female","Native, Born in USA","Never married","Non-Veteran","No","Employed","No","Private, for profit","No answer","Full time",35,"$75,000 to $99,999",1,0,"No","No difficulty",60,60,0,10,0,20,65,0,0,0,60,0,470,0,0,205,475,440,35,0,65,0,0,20
"20160212150581","Louisiana",47,"Female","Foreign born, US citizen","Married","Non-Veteran","No","Employed","No","Private, for profit","No answer","Part time",32,"$50,000 to $59,999",3,0,"No","No difficulty",70,0,0,0,0,90,65,0,0,0,0,0,495,0,0,130,590,540,50,0,65,0,0,90
"20161110161737","Missori",72,"Male","Native, Born in USA","Married","Veteran","No","Not in labor force","No answer","No answer","Retired","No answer",NA,"$60,000 to $74,999",2,0,"No","Has difficulty",224,0,0,0,0,261,100,0,0,0,90,0,0,0,0,5,690,690,0,0,100,0,0,261
"20161212160714","Nevada",36,"Male","Native, Born in USA","Married","Non-Veteran","No","Employed","No","Self-employed, incorporated","No answer","Full time",40,"$100,000 to $149,999",4,2,"Yes","No difficulty",20,0,0,0,0,190,60,0,0,0,0,0,385,0,110,50,625,605,20,0,60,0,0,190
"20160212150841","Illinois",85,"Male","Native, Born in USA","Widowed","Veteran","No","Not in labor force","No answer","No answer","Retired","No answer",NA,"$50,000 to $59,999",1,0,"No","No difficulty",100,5,0,0,5,330,67,0,0,0,95,0,0,28,0,210,600,555,45,0,67,0,0,330
"20161010161557","West Virginia",58,"Male","Native, Born in USA","Divored","Veteran","No","Not in labor force","No answer","No answer","No answer","No answer",NA,"$12,500 to $14,999",1,0,"No","No difficulty",90,0,0,0,0,330,60,0,0,0,60,0,0,180,0,90,630,600,30,0,60,0,0,330
"20160403161382","Connecticut",55,"Female","Native, Born in USA","Married","Non-Veteran","No","Employed","No","Government, local","No answer","Full time",40,"$150,000 and over",3,1,"Yes","No difficulty",14,0,0,0,0,274,20,0,0,0,5,0,30,1,0,530,566,540,25,1,20,0,0,274
"20160807161053","New Mexico",16,"Male","Native, Born in USA","Never married","No answer","No","Not in labor force","No answer","No answer","No answer","No answer",NA,"$75,000 to $99,999",5,3,"Yes","No difficulty",40,0,0,0,0,270,80,0,0,0,0,0,0,0,150,100,800,710,90,0,80,0,0,270
"20160302160938","Pennsylvania",64,"Male","Native, Born in USA","Never married","Non-Veteran","No","Employed","No","Private, for profit","No answer","Part time",12,"$7,500 to $9,999",1,0,"No","No difficulty",95,0,0,90,105,360,105,0,0,0,15,0,0,0,0,25,645,570,75,0,105,0,0,360
"20160504161983","Texas",78,"Female","Native, born abroad","Married","Non-Veteran","No","Not in labor force","No answer","No answer","Retired","No answer",NA,"$30,000 to $34,999",2,0,"No","No difficulty",130,0,0,0,90,230,40,0,0,60,120,0,0,0,0,320,450,450,0,0,40,0,0,230
"20160908161347","Mississippi",47,"Female","Native, Born in USA","Married","Non-Veteran","No","Employed","No","Private, for profit","No answer","Full time",44,"$100,000 to $149,999",4,2,"Yes","No difficulty",60,0,0,0,0,80,70,0,0,0,0,0,835,0,25,0,370,325,45,0,70,0,0,80
"20161010162323","California",42,"Female","Native, Born in USA","Never married","Non-Veteran","No","Employed","No","Government, local","No answer","Full time",40,"$100,000 to $149,999",2,1,"Yes","No difficulty",110,0,0,0,0,190,75,0,0,14,15,0,500,0,66,40,430,410,20,0,75,0,0,190
"20160605160650","Utah",60,"Female","Native, Born in USA","Married","Non-Veteran","No","Employed","No","Private, nonprofit","No answer","Full time",36,"$50,000 to $59,999",2,0,"No","No difficulty",6,0,105,75,0,72,80,0,0,0,0,0,0,220,0,130,752,722,30,0,80,0,0,72
"20160706162095","Missori",66,"Male","Native, Born in USA","Married","Veteran","No","Not in labor force","No answer","No answer","Retired","No answer",NA,"$40,000 to $49,999",3,0,"No","Has difficulty",60,0,0,0,0,790,50,0,0,0,0,0,0,0,0,0,540,540,0,0,50,0,0,790
"20160402161332","Wisconsin",31,"Female","Native, Born in USA","Never married","Non-Veteran","No","Employed","No","Private, nonprofit","No answer","Part time",27,"$50,000 to $59,999",4,2,"Yes","No difficulty",50,0,0,0,0,180,90,0,0,0,120,0,0,0,180,180,540,540,0,0,90,0,0,180
"20160201161008","California",47,"Male","Native, Born in USA","Married","Non-Veteran","No","Employed","Yes","Self-employed, incorporated","No answer","Full time",52,"$150,000 and over",4,2,"Yes","No difficulty",65,0,0,0,0,30,65,0,0,0,0,0,635,0,160,10,475,440,35,0,65,0,0,30
"20160908160085","California",60,"Female","Native, Born in USA","Widowed","Non-Veteran","No","Not in labor force","No answer","No answer","Retired","No answer",NA,"$25,000 to $29,999",5,2,"Yes","No difficulty",0,0,0,0,0,775,35,0,0,0,0,0,0,0,0,0,630,590,40,0,35,0,0,775
"20160504161969","Pennsylvania",28,"Female","Foreign born, not US citizen","Never married","Non-Veteran","No","Employed","No","Private, for profit","No answer","Full time",35,"$10,000 to $12,499",3,1,"Yes","No difficulty",32,0,0,0,90,358,60,0,0,0,0,0,0,0,0,150,750,660,90,0,60,0,0,358
"20160112151183","Florida",47,"Male","Foreign born, US citizen","Divored","Non-Veteran","No","Employed","No","Private, for profit","No answer","Full time",40,"$25,000 to $29,999",1,0,"No","No difficulty",160,0,0,0,0,100,60,0,0,0,0,0,560,0,0,20,540,480,60,0,60,0,0,100
"20160303162222","Ohio",59,"Male","Native, Born in USA","Married","Non-Veteran","No","Not in labor force","No answer","No answer","No answer","No answer",NA,"$35,000 to $39,999",2,0,"No","No difficulty",37,20,0,0,30,568,75,0,0,0,0,0,0,2,0,93,615,575,40,0,75,0,0,568
"20161009162365","Washington",66,"Male","Native, Born in USA","Divored","Veteran","No","Not in labor force","No answer","No answer","Retired","No answer",NA,"$10,000 to $12,499",1,0,"No","Has difficulty",0,0,0,0,0,720,45,0,0,0,0,0,0,0,0,45,630,630,0,0,45,0,0,720
"20160302161517","Minnesota",73,"Male","Native, Born in USA","Never married","Non-Veteran","No","Not in labor force","No answer","No answer","Retired","No answer",NA,"$7,500 to $9,999",1,0,"No","No difficulty",105,0,0,0,0,870,75,0,0,0,5,0,0,0,0,0,385,360,25,0,75,0,0,870
"20160302160713","Alabama",46,"Male","Native, Born in USA","Married","Non-Veteran","No","Employed","No","Private, for profit","No answer","Full time",45,"$150,000 and over",4,2,"Yes","No difficulty",50,0,0,0,0,450,135,0,0,0,0,0,90,0,70,80,565,550,15,0,135,0,0,450
"20161009161429","Missori",62,"Female","Native, Born in USA","Married","Non-Veteran","No","Employed","No","Private, for profit","No answer","Full time",40,"$60,000 to $74,999",2,0,"No","No difficulty",90,0,0,0,0,75,30,0,0,0,180,0,0,0,0,585,480,480,0,0,30,0,0,75
"20161009161472","Pennsylvania",45,"Male","Native, Born in USA","Married","Non-Veteran","No","Employed","No","Private, for profit","No answer","Part time",NA,"$75,000 to $99,999",4,2,"Yes","No difficulty",16,5,0,0,0,360,55,0,0,0,0,0,547,0,50,30,377,330,47,0,55,0,0,360
"20160604161087","Georgia",30,"Female","Foreign born, not US citizen","Married","Non-Veteran","No","Employed","No","Private, for profit","No answer","Full time",40,"$5,000 to $7,499",3,1,"Yes","No difficulty",82,0,0,120,0,40,93,0,0,0,20,0,470,0,10,134,471,401,70,0,93,0,0,40
"20160403161912","New York",29,"Female","Foreign born, US citizen","Never married","Non-Veteran","No","Employed","No","Government, state","No answer","Full time",35,"$75,000 to $99,999",4,0,"No","No difficulty",65,0,0,0,0,120,60,0,0,0,0,0,265,0,0,210,720,540,180,0,60,0,0,120
"20160301161705","Arizona",55,"Female","Foreign born, not US citizen","Never married","Non-Veteran","No","Employed","No","Private, for profit","No answer","Full time",40,"$10,000 to $12,499",1,0,"No","No difficulty",105,0,0,0,60,450,0,0,0,0,20,0,0,0,0,180,625,625,0,0,0,0,0,450
"20160907162368","Michigan",61,"Female","Native, Born in USA","Never married","Non-Veteran","No","Employed","Yes","Private, for profit","No answer","Part time",NA,"$50,000 to $59,999",1,0,"No","No difficulty",210,0,420,0,0,120,60,0,0,0,10,0,0,0,0,70,550,520,30,0,60,0,0,120
"20161010161050","Michigan",85,"Female","Foreign born, US citizen","Widowed","Non-Veteran","No","Not in labor force","No answer","No answer","Retired","No answer",NA,"$12,500 to $14,999",1,0,"No","No difficulty",4,10,0,0,30,456,40,0,0,0,0,0,0,0,0,60,840,480,0,360,40,0,0,456
"20160201160545","Alabama",43,"Female","Foreign born, not US citizen","Never married","Non-Veteran","No","Not in labor force","No answer","No answer","No answer","No answer",NA,"$30,000 to $34,999",4,1,"Yes","No difficulty",50,0,0,0,120,120,60,0,0,0,180,0,0,0,35,400,475,475,0,0,60,0,0,120
"20160807161099","Wisconsin",43,"Female","Native, Born in USA","Divored","Non-Veteran","No","Employed","No","Government, state","No answer","Full time",40,"$20,000 to $24,999",3,2,"Yes","No difficulty",22,0,0,0,0,338,165,0,0,0,225,0,0,0,0,120,570,570,0,0,165,0,0,338
"20161211162228","Washington",38,"Female","Native, Born in USA","Married","Non-Veteran","No","Employed","No","Self-employed, unincorporated","No answer","Part time",10,"$150,000 and over",6,4,"Yes","No difficulty",10,0,60,0,0,230,120,0,0,0,0,0,124,0,241,370,285,285,0,0,120,0,0,230
"20160101162355","California",42,"Male","Native, Born in USA","Married","Non-Veteran","No","Employed","No","Private, for profit","No answer","Full time",40,"$75,000 to $99,999",5,1,"Yes","No difficulty",20,0,0,0,0,530,105,0,0,0,95,0,0,0,0,120,570,540,30,0,105,0,0,530
"20160112151257","Minnesota",25,"Male","Native, Born in USA","Never married","Non-Veteran","No","Employed","No","Private, for profit","No answer","Full time",45,"$40,000 to $49,999",3,0,"No","No difficulty",135,0,0,0,0,165,120,0,0,0,0,0,540,0,0,0,480,450,30,0,120,0,0,165
"20160302162483","Colorado",68,"Female","Native, Born in USA","Divored","Non-Veteran","No","Not in labor force","No answer","No answer","Retired","No answer",NA,"$15,000 to $19,999",1,0,"No","No difficulty",0,0,0,0,0,505,50,0,0,0,5,0,0,0,0,125,755,680,75,0,50,0,0,505
"20161210161817","Minnesota",54,"Female","Native, Born in USA","Married","Non-Veteran","No","Employed","No","Government, local","No answer","Full time",NA,"$100,000 to $149,999",4,1,"Yes","No difficulty",165,0,0,0,0,357,60,0,0,0,0,0,0,0,0,123,735,700,35,0,60,0,0,357
"20160706160683","Massachusetts",48,"Male","Native, Born in USA","Separated","Non-Veteran","No","Employed","No","Private, for profit","No answer","Full time",40,"$75,000 to $99,999",1,0,"No","No difficulty",130,0,0,0,0,90,45,0,0,0,0,0,500,140,0,50,485,465,20,0,45,0,0,90
"20160504160586","Oklahoma",43,"Male","Native, Born in USA","Married","Non-Veteran","No","Employed","Yes","Self-employed, unincorporated","No answer","Full time",NA,"$20,000 to $24,999",6,3,"Yes","No difficulty",10,0,0,60,0,60,45,0,0,0,0,0,570,0,0,120,575,570,5,0,45,0,0,60
"20160706161235","New York",39,"Female","Native, Born in USA","Never married","Non-Veteran","No","Employed","No","Private, for profit","No answer","Part time",33,"$20,000 to $24,999",2,1,"Yes","No difficulty",34,2,0,0,0,230,87,0,0,0,0,0,401,0,65,86,525,485,40,0,87,0,0,230
"20160605160637","California",32,"Male","Native, Born in USA","Never married","Non-Veteran","No","Employed","No","Private, for profit","No answer","Part time",25,"$20,000 to $24,999",1,0,"No","No difficulty",170,0,0,120,0,0,180,0,0,0,0,0,340,0,0,0,630,540,90,0,180,0,0,0
"20160807161445","Texas",31,"Male","Native, Born in USA","Never married","Non-Veteran","No","Employed","No","Private, for profit","No answer","Full time",40,"$100,000 to $149,999",1,0,"No","No difficulty",130,0,0,0,45,270,80,0,0,0,10,0,485,0,0,10,410,350,60,0,80,0,0,270
"20160403160752","Arizona",31,"Female","Foreign born, not US citizen","Married","Non-Veteran","No","Not in labor force","No answer","No answer","No answer","No answer",NA,"$35,000 to $39,999",3,1,"Yes","No difficulty",60,0,0,0,0,420,50,0,0,0,90,0,0,0,140,30,650,650,0,0,50,0,0,420
"20161110161327","Pennsylvania",43,"Male","Native, Born in USA","Married","Non-Veteran","No","Employed","No","Private, for profit","No answer","Full time",50,"$60,000 to $74,999",5,2,"Yes","No difficulty",30,0,0,0,0,60,0,0,0,0,0,0,810,0,75,5,455,455,0,0,0,0,0,60
"20160303161974","Louisiana",54,"Male","Foreign born, not US citizen","Married","Non-Veteran","No","Not in labor force","No answer","No answer","No answer","No answer",NA,"$20,000 to $24,999",3,0,"No","No difficulty",0,0,0,0,0,570,110,0,0,0,0,0,0,0,0,1,759,698,60,1,110,0,0,570
"20160504161256","Illinois",45,"Female","Native, Born in USA","Divored","Non-Veteran","No","Employed","No","Self-employed, incorporated","No answer","Part time",20,"$20,000 to $24,999",1,0,"No","No difficulty",30,0,0,0,0,120,60,0,0,0,0,0,240,0,0,210,780,760,20,0,60,0,0,120
"20160505161392","Massachusetts",73,"Male","Native, Born in USA","Widowed","Non-Veteran","No","Employed","No","Private, for profit","No answer","Part time",8,"$75,000 to $99,999",1,0,"No","No difficulty",60,0,0,0,0,225,75,0,0,0,0,0,420,2,0,20,638,638,0,0,75,0,0,225
"20160404161295","Indiana",85,"Male","Native, Born in USA","Widowed","Veteran","No","Not in labor force","No answer","No answer","Retired","No answer",NA,"$50,000 to $59,999",1,0,"No","No difficulty",58,30,60,140,20,436,105,0,0,0,0,0,0,0,0,125,466,411,35,20,105,0,0,436
"20160403160931","Nevada",30,"Female","Foreign born, not US citizen","Divored","Non-Veteran","No","Not in labor force","No answer","No answer","No answer","No answer",NA,"$20,000 to $24,999",8,4,"Yes","No difficulty",155,0,0,0,60,84,165,0,0,40,145,0,0,0,75,346,370,330,40,0,165,0,0,84
"20160807160909","Indiana",74,"Male","Native, Born in USA","Divored","Non-Veteran","No","Employed","Yes","Self-employed, unincorporated","No answer","Part time",NA,"$100,000 to $149,999",1,0,"No","No difficulty",89,0,176,0,0,150,140,0,0,0,45,0,289,0,0,41,510,480,30,0,140,0,0,150
"20160403162127","Tennessee",80,"Male","Native, Born in USA","Married","Non-Veteran","No","Not in labor force","No answer","No answer","Retired","No answer",NA,"$25,000 to $29,999",2,0,"No","No difficulty",6,0,0,0,0,857,15,0,0,0,0,0,0,0,0,7,555,537,18,0,15,0,0,857
"20160201160634","North Carolina",50,"Male","Native, Born in USA","Married","Non-Veteran","No","Employed","Yes","Government, state","No answer","Full time",54,"$25,000 to $29,999",3,1,"Yes","No difficulty",45,0,0,0,0,435,30,0,0,0,0,0,0,0,0,120,810,765,45,0,30,0,0,435
"20160403162199","Missori",74,"Female","Native, Born in USA","Married","Non-Veteran","No","Employed","Yes","Private, nonprofit","No answer","Part time",25,"$100,000 to $149,999",2,0,"No","No difficulty",65,0,180,0,0,100,15,0,0,105,0,0,395,0,0,35,545,490,55,0,15,0,0,100
"20160706160748","Oklahoma",67,"Female","Native, Born in USA","Divored","Non-Veteran","No","Not in labor force","No answer","No answer","Retired","No answer",NA,"$40,000 to $49,999",1,0,"No","No difficulty",18,0,0,0,0,816,20,0,0,0,0,0,0,0,0,2,584,574,10,0,20,0,0,816
"20160908162252","Idaho",60,"Male","Native, Born in USA","Divored","Veteran","No","Not in labor force","No answer","No answer","No answer","No answer",NA,"$10,000 to $12,499",1,0,"No","Has difficulty",0,0,0,0,0,388,0,0,0,0,2,0,0,900,0,0,150,150,0,0,0,0,0,388
"20160403162234","Arizona",29,"Female","Native, Born in USA","Never married","Non-Veteran","No","Not in labor force","No answer","No answer","No answer","No answer",NA,"Less than $5,000",5,4,"Yes","No difficulty",30,0,0,60,0,170,20,0,0,0,0,0,0,0,160,225,775,715,60,0,20,0,0,170
"20160504162123","Texas",63,"Female","Native, Born in USA","Widowed","Non-Veteran","No","Employed","Yes","Private, for profit","No answer","Part time",32,"$75,000 to $99,999",1,0,"No","No difficulty",95,0,0,0,0,130,240,0,0,0,0,0,450,0,0,25,500,440,60,0,210,0,0,130
"20160504160699","Illinois",15,"Male","Native, Born in USA","Never married","Non-Veteran","No","Not in labor force","No answer","No answer","No answer","No answer",NA,"$100,000 to $149,999",4,1,"Yes","No difficulty",0,0,0,0,0,430,80,0,0,0,0,90,0,0,0,180,660,660,0,0,80,0,90,430
"20160505161530","Tennessee",76,"Male","Native, Born in USA","Married","Non-Veteran","No","Not in labor force","No answer","No answer","Retired","No answer",NA,"$50,000 to $59,999",2,0,"No","No difficulty",40,0,0,0,10,298,90,0,0,0,0,0,0,0,0,372,630,630,0,0,90,0,0,298
"20160403161210","California",52,"Male","Foreign born, not US citizen","Married","Non-Veteran","No","Employed","No","Private, for profit","No answer","Full time",50,"$60,000 to $74,999",3,1,"Yes","No difficulty",110,0,0,0,0,220,30,0,0,45,10,0,650,0,0,30,345,285,60,0,30,0,0,220
"20161210161257","Pennsylvania",34,"Male","Native, Born in USA","Never married","Non-Veteran","No","Employed","No","Private, for profit","No answer","Full time",NA,"$5,000 to $7,499",2,1,"Yes","No difficulty",12,0,0,0,0,185,45,0,0,0,80,0,0,90,153,215,660,600,60,0,45,0,0,185
"20160705161184","Arizona",42,"Male","Native, Born in USA","Never married","Non-Veteran","No","Not in labor force","No answer","No answer","No answer","No answer",NA,"$30,000 to $34,999",2,0,"No","No difficulty",0,0,0,0,0,330,60,0,0,0,0,0,0,420,0,45,585,555,30,0,60,0,0,330
"20160201161133","New Jersey",39,"Female","Native, Born in USA","Married","Non-Veteran","No","Employed","No","Government, local","No answer","Full time",35,"$100,000 to $149,999",4,2,"Yes","No difficulty",72,0,0,0,0,75,20,0,0,43,0,0,444,0,161,70,555,480,45,30,20,0,0,75
"20160212152438","West Virginia",85,"Female","Native, Born in USA","Widowed","Non-Veteran","No","Not in labor force","No answer","No answer","Retired","No answer",NA,"$10,000 to $12,499",1,0,"No","Has difficulty",0,60,0,0,0,540,60,0,0,0,0,0,0,0,0,270,510,510,0,0,60,0,0,540
"20160201161529","Connecticut",52,"Male","Native, Born in USA","Never married","Non-Veteran","No","Employed","No","Private, for profit","No answer","Full time",50,"$150,000 and over",2,0,"No","No difficulty",60,0,0,0,15,150,90,0,0,0,0,0,595,0,0,80,450,405,45,0,90,0,0,150
"20160403161028","Connecticut",56,"Female","Native, Born in USA","Married","Non-Veteran","No","Employed","No","Government, local","No answer","Full time",38,"$150,000 and over",3,1,"Yes","No difficulty",25,0,0,0,0,354,20,0,0,0,120,0,265,0,0,176,480,460,20,0,20,0,0,354
"20160808162125","Tennessee",68,"Female","Native, Born in USA","Widowed","Non-Veteran","No","Not in labor force","No answer","No answer","Retired","No answer",NA,"$50,000 to $59,999",1,0,"No","No difficulty",520,0,0,0,0,60,10,0,0,0,0,0,0,0,0,280,570,570,0,0,10,0,0,60
"20160302161982","Illinois",65,"Female","Native, Born in USA","Married","Non-Veteran","No","Not in labor force","No answer","No answer","Retired","No answer",NA,"$150,000 and over",2,0,"No","No difficulty",0,0,0,0,0,330,150,0,0,0,0,0,0,0,0,420,540,540,0,0,150,0,0,330
"20160505162262","Illinois",33,"Female","Native, Born in USA","Married","Non-Veteran","No","Employed","No","Private, for profit","No answer","Part time",15,"$75,000 to $99,999",4,2,"Yes","No difficulty",60,0,175,210,0,235,180,0,0,0,0,0,0,0,50,15,515,495,20,0,180,0,0,235
"20160908161996","Alabama",46,"Female","Native, Born in USA","Married","Non-Veteran","No","Employed","No","Government, federal","No answer","Full time",40,"$100,000 to $149,999",5,0,"No","No difficulty",320,0,0,0,0,240,75,0,0,0,205,0,0,0,0,0,600,540,60,0,75,0,0,240
"20161008161194","Wisconsin",80,"Male","Native, Born in USA","Widowed","Veteran","No","Not in labor force","No answer","No answer","Retired","No answer",NA,"$12,500 to $14,999",1,0,"No","Has difficulty",70,20,0,0,30,513,155,0,0,0,30,0,0,17,0,80,525,450,75,0,155,0,0,513
"20160504160617","Colorado",67,"Female","Native, Born in USA","Divored","Non-Veteran","No","Unemployed, Looking","No answer","No answer","Retired","No answer",NA,"$15,000 to $19,999",3,1,"Yes","Has difficulty",10,0,0,30,0,180,70,0,0,0,30,0,0,0,210,340,570,540,30,0,70,0,0,180
"20160101160066","Virginia",69,"Male","Native, Born in USA","Married","Non-Veteran","No","Not in labor force","No answer","No answer","Retired","No answer",NA,"$15,000 to $19,999",2,0,"No","Has difficulty",0,0,0,0,0,560,30,0,0,0,0,0,0,0,0,230,620,600,20,0,30,0,0,560
"20161010161182","Pennsylvania",77,"Female","Native, Born in USA","Widowed","Non-Veteran","No","Not in labor force","No answer","No answer","Retired","No answer",NA,"$15,000 to $19,999",1,0,"No","Has difficulty",20,0,0,0,0,425,50,0,0,0,0,0,0,0,0,180,765,715,40,10,50,0,0,425
"20160908162071","Oregon",28,"Female","Native, Born in USA","Married","Non-Veteran","No","Not in labor force","No answer","No answer","No answer","No answer",NA,"$25,000 to $29,999",4,2,"Yes","No difficulty",48,0,0,0,0,150,69,0,0,0,60,0,0,0,293,220,540,540,0,0,69,0,0,150
"20161108160961","Florida",54,"Male","Foreign born, US citizen","Never married","Non-Veteran","No","Employed","No","Private, for profit","No answer","Part time",30,"$60,000 to $74,999",1,0,"No","No difficulty",40,0,0,0,30,720,10,0,0,0,20,0,0,0,0,50,570,570,0,0,10,0,0,720
"20161010162113","Texas",36,"Male","Foreign born, not US citizen","Married","Non-Veteran","No","Employed","No","Private, for profit","No answer","Full time",40,"$40,000 to $49,999",5,3,"Yes","No difficulty",110,0,0,0,0,130,130,0,0,0,0,0,585,0,0,0,485,450,35,0,130,0,0,130
"20160302160961","Virginia",65,"Male","Foreign born, not US citizen","Married","Non-Veteran","No","Employed","No","Government, federal","No answer","Full time",40,"$150,000 and over",3,0,"No","No difficulty",185,0,45,45,0,30,90,0,0,0,0,0,490,0,0,60,495,415,80,0,90,0,0,30
"20161010161583","Texas",40,"Male","Native, born abroad","Married","Non-Veteran","No","Employed","No","Private, for profit","No answer","Full time",60,"$150,000 and over",5,3,"Yes","No difficulty",35,0,0,0,100,30,0,0,0,0,0,0,660,0,120,0,495,465,30,0,0,0,0,30
"20161010161171","Florida",38,"Male","Native, Born in USA","Never married","Non-Veteran","No","Not in labor force","No answer","No answer","No answer","No answer",NA,"$7,500 to $9,999",1,0,"No","No difficulty",455,0,0,0,0,195,0,0,0,0,0,0,0,0,0,60,730,730,0,0,0,0,0,195
"20160706160770","Tennessee",27,"Male","Native, Born in USA","Married","Non-Veteran","No","Employed","No","Private, for profit","No answer","Full time",50,"$100,000 to $149,999",2,0,"No","No difficulty",20,30,0,0,0,90,45,0,0,0,90,0,0,330,0,320,515,515,0,0,45,0,0,90
"20160504162522","Texas",60,"Female","Native, Born in USA","Divored","Non-Veteran","No","Employed","No","Private, for profit","No answer","Full time",40,"$20,000 to $24,999",1,0,"No","No difficulty",26,0,0,0,0,339,120,0,0,0,60,0,0,0,0,70,825,780,45,0,120,0,0,339
"20161211161262","Arizona",56,"Female","Native, Born in USA","Married","Non-Veteran","No","Employed","Yes","Private, for profit","No answer","Full time",NA,"$100,000 to $149,999",2,0,"No","No difficulty",26,0,0,0,0,115,60,0,0,0,160,0,0,0,0,444,635,570,65,0,60,0,0,115
"20160908161755","Virginia",43,"Female","Foreign born, US citizen","Married","Non-Veteran","No","Employed","No","Private, for profit","No answer","Part time",20,"$150,000 and over",4,2,"Yes","No difficulty",0,0,0,0,0,405,50,0,0,0,0,0,0,0,0,505,480,450,30,0,50,0,0,405
"20160403161261","Illinois",37,"Male","Foreign born, US citizen","Married","Non-Veteran","No","Employed","No","Self-employed, unincorporated","No answer","Part time",20,"$150,000 and over",5,3,"Yes","No difficulty",60,0,0,0,140,250,120,0,0,0,0,0,0,0,260,100,510,510,0,0,120,0,0,250
"20160605161517","Illinois",76,"Male","Native, Born in USA","Divored","Non-Veteran","No","Not in labor force","No answer","No answer","Retired","No answer",NA,"$12,500 to $14,999",1,0,"No","Has difficulty",45,0,0,225,0,728,15,0,0,0,5,0,0,0,0,0,422,295,127,0,15,0,0,728
"20160201160904","Ohio",75,"Male","Native, Born in USA","Divored","Veteran","No","Not in labor force","No answer","No answer","Retired","No answer",NA,"$75,000 to $99,999",1,0,"No","No difficulty",115,0,0,0,75,290,105,0,0,45,90,0,0,0,0,60,660,570,90,0,105,0,0,290
"20160706161414","Alabama",39,"Male","Native, Born in USA","Divored","Non-Veteran","No","Employed","No","Private, for profit","No answer","Full time",40,"$75,000 to $99,999",1,0,"No","No difficulty",110,0,0,0,0,640,10,0,0,0,20,0,0,0,0,0,660,640,20,0,10,0,0,640
"20160212151409","Alabama",21,"Male","Native, Born in USA","Never married","Non-Veteran","No","Employed","No","Government, local","No answer","Part time",22,"$100,000 to $149,999",3,0,"No","No difficulty",125,0,0,0,90,160,15,0,0,0,0,75,195,0,0,10,770,750,20,0,15,75,0,160
"20160908161601","Texas",62,"Male","Native, Born in USA","Divored","Non-Veteran","No","Employed","No","Self-employed, unincorporated","No answer","Full time",40,"$150,000 and over",1,0,"No","Has difficulty",0,0,0,0,0,360,120,0,0,0,0,0,0,0,0,300,660,660,0,0,120,0,0,360
"20160504161571","Ohio",33,"Male","Native, Born in USA","Married","Non-Veteran","No","Employed","No","Private, for profit","No answer","Full time",45,"$75,000 to $99,999",4,2,"Yes","No difficulty",190,0,0,0,0,240,90,0,0,0,0,0,0,0,0,62,858,840,18,0,90,0,0,240
"20161010162276","California",60,"Male","Foreign born, US citizen","Married","Non-Veteran","No","Employed","No","Government, federal","No answer","Full time",40,"$60,000 to $74,999",4,0,"No","No difficulty",100,0,0,0,0,220,50,0,0,0,0,0,450,0,0,20,600,510,90,0,50,0,0,220
"20160605162528","Texas",30,"Female","Native, Born in USA","Never married","Non-Veteran","No","Employed","No","Self-employed, incorporated","No answer","Full time",40,"$100,000 to $149,999",1,0,"No","No difficulty",40,15,0,0,60,180,300,0,0,0,5,0,0,0,0,120,720,600,120,0,300,0,0,180
"20160706161481","Arizona",50,"Female","Native, Born in USA","Divored","Non-Veteran","No","Employed","No","Self-employed, incorporated","No answer","Part time",20,"$10,000 to $12,499",1,0,"No","Has difficulty",0,0,0,0,0,709,10,0,0,0,0,0,0,0,0,90,631,600,30,1,10,0,0,709
"20160112150719","Illinois",76,"Male","Native, Born in USA","Widowed","Veteran","No","Not in labor force","No answer","No answer","Retired","No answer",NA,"$40,000 to $49,999",1,0,"No","No difficulty",0,95,0,0,0,390,155,0,0,0,0,0,0,0,0,45,755,741,0,14,155,0,0,390
"20160807161351","Arkansas",31,"Female","Native, Born in USA","Married","Non-Veteran","No","Not in labor force","No answer","No answer","No answer","No answer",NA,"$15,000 to $19,999",3,1,"Yes","No difficulty",50,0,0,0,0,185,95,0,0,0,10,505,0,0,15,70,510,480,30,0,95,400,105,185
"20161110161960","California",65,"Female","Foreign born, US citizen","Married","Non-Veteran","No","Not in labor force","No answer","No answer","Retired","No answer",NA,"$75,000 to $99,999",6,0,"No","No difficulty",230,0,0,0,0,365,135,0,0,0,120,0,0,0,0,0,590,570,20,0,135,0,0,365
"20160301162508","Arkansas",75,"Female","Native, Born in USA","Never married","Non-Veteran","No","Employed","No","Private, for profit","No answer","Part time",7,"$25,000 to $29,999",1,0,"No","No difficulty",77,35,0,0,0,675,70,0,0,5,45,0,0,0,0,53,480,450,30,0,70,0,0,675
"20160504160065","California",18,"Female","Native, Born in USA","Never married","Non-Veteran","No","Unemployed, Looking","No answer","No answer","No answer","No answer",NA,"$35,000 to $39,999",5,0,"No","No difficulty",25,0,0,0,60,254,90,0,0,0,0,30,1,0,0,255,725,705,20,0,90,0,30,254
"20160605161338","Georgia",41,"Female","Native, Born in USA","Married","Non-Veteran","No","Not in labor force","No answer","No answer","No answer","No answer",NA,"$100,000 to $149,999",3,1,"Yes","No difficulty",28,0,166,0,0,163,153,0,0,0,60,0,0,0,60,210,600,570,30,0,153,0,0,163
"20161009161328","Illinois",40,"Female","Native, Born in USA","Married","Non-Veteran","No","Employed","No","Private, nonprofit","No answer","Full time",40,"$75,000 to $99,999",5,3,"Yes","No difficulty",50,0,0,0,0,255,30,0,0,0,120,0,0,0,0,385,600,600,0,0,30,0,0,255
"20161110161209","Texas",49,"Female","Native, Born in USA","Divored","Non-Veteran","No","Employed","No","Private, for profit","No answer","Part time",4,"$15,000 to $19,999",2,0,"No","No difficulty",70,0,0,0,0,190,90,0,0,0,120,0,280,0,0,0,690,600,90,0,90,0,0,190
"20160505161000","New York",68,"Female","Native, Born in USA","Married","Non-Veteran","No","Not in labor force","No answer","No answer","Retired","No answer",NA,"$100,000 to $149,999",2,0,"No","No difficulty",90,0,0,0,0,450,120,0,0,0,75,0,0,0,0,240,465,465,0,0,120,0,0,450
"20160404161164","Nebraska",45,"Female","Native, Born in USA","Married","Non-Veteran","No","Employed","No","Private, for profit","No answer","Part time",30,"$60,000 to $74,999",4,2,"Yes","No difficulty",200,0,0,0,0,110,20,0,0,0,35,0,0,0,60,280,725,655,70,0,20,0,0,110
"20160807162507","Alabama",51,"Male","Native, Born in USA","Married","Veteran","No","Employed","No","Government, federal","No answer","Full time",40,"$100,000 to $149,999",3,1,"Yes","No difficulty",60,0,0,0,60,240,30,0,0,0,0,0,540,0,0,0,510,450,60,0,30,0,0,240
"20160706162274","Utah",55,"Female","Native, Born in USA","Divored","Non-Veteran","No","Employed","No","Government, federal","No answer","Full time",40,"$75,000 to $99,999",4,2,"Yes","No difficulty",220,0,0,0,0,382,7,0,0,0,15,0,390,0,0,25,401,331,60,10,7,0,0,382
"20160403160645","Oregon",64,"Male","Native, Born in USA","Divored","Non-Veteran","No","Employed","No","Government, state","No answer","Full time",40,"$50,000 to $59,999",1,0,"No","No difficulty",0,0,0,0,120,60,30,0,0,0,0,0,765,0,0,30,435,435,0,0,30,0,0,60
"20161211161114","South Carolina",25,"Female","Native, Born in USA","Never married","Non-Veteran","No","Employed","No","Private, for profit","No answer","Full time",NA,"$12,500 to $14,999",3,2,"Yes","No difficulty",100,0,0,0,0,157,20,0,0,0,2,0,440,0,215,1,505,505,0,0,20,0,0,157
"20161211160563","Indiana",74,"Male","Native, Born in USA","Married","Non-Veteran","No","Not in labor force","No answer","No answer","No answer","No answer",NA,"$50,000 to $59,999",2,0,"No","No difficulty",60,0,395,0,0,120,10,0,0,0,0,0,0,255,0,0,450,450,0,0,10,0,0,120
"20161110161568","Pennsylvania",74,"Female","Native, Born in USA","Never married","Non-Veteran","No","Employed","Yes","Private, nonprofit","No answer","Full time",40,"$35,000 to $39,999",1,0,"No","Has difficulty",90,0,0,60,0,270,120,0,0,0,60,0,0,0,0,150,660,600,60,0,120,0,0,270
"20161110161157","Minnesota",52,"Male","Native, Born in USA","Married","Non-Veteran","No","Employed","No","Private, for profit","No answer","Full time",40,"$100,000 to $149,999",3,1,"Yes","No difficulty",20,0,0,0,0,610,90,0,0,0,40,0,15,0,0,185,480,450,30,0,90,0,0,610
"20160212151584","Oregon",61,"Male","Native, Born in USA","Divored","Non-Veteran","No","Employed","Yes","Self-employed, unincorporated","No answer","Part time",32,"$30,000 to $34,999",1,0,"No","No difficulty",45,0,70,0,0,0,120,0,0,0,0,0,690,5,0,0,510,510,0,0,120,0,0,0
"20160504161468","Utah",38,"Female","Native, Born in USA","Married","Non-Veteran","No","Not in labor force","No answer","No answer","No answer","No answer",NA,"$150,000 and over",6,4,"Yes","No difficulty",116,0,0,10,0,80,80,0,0,0,0,0,0,0,381,218,510,510,0,0,80,0,0,80
"20160808160661","Kentucky",73,"Female","Native, Born in USA","Married","Non-Veteran","No","Not in labor force","No answer","No answer","Retired","No answer",NA,"$30,000 to $34,999",2,0,"No","No difficulty",0,0,0,0,0,265,40,0,0,0,0,0,0,0,0,700,435,435,0,0,40,0,0,265
"20160706162035","Illinois",40,"Female","Native, Born in Territory","Married","Non-Veteran","No","Employed","No","Private, for profit","No answer","Part time",25,"$40,000 to $49,999",4,2,"Yes","No difficulty",91,0,0,0,50,528,37,0,0,0,5,0,0,0,4,40,685,660,25,0,37,0,0,528
"20160101160915","Alabama",40,"Male","Native, Born in USA","Never married","Non-Veteran","No","Employed","Yes","Private, for profit","No answer","Full time",65,"$75,000 to $99,999",1,0,"No","No difficulty",10,0,0,0,225,280,30,0,0,0,0,0,10,0,0,10,875,865,10,0,30,0,0,280
"20160101162303","California",61,"Male","Native, Born in USA","Divored","Non-Veteran","No","Not in labor force","No answer","No answer","No answer","No answer",NA,"$10,000 to $12,499",3,2,"Yes","Has difficulty",20,0,0,0,0,405,20,0,0,0,45,0,0,0,175,36,739,600,19,120,20,0,0,405
"20161210160827","Wisconsin",59,"Male","Native, Born in USA","Married","Non-Veteran","No","Employed","No","Private, for profit","No answer","Full time",42,"$75,000 to $99,999",4,2,"Yes","No difficulty",50,0,0,0,0,138,120,0,0,0,0,0,560,0,27,35,510,480,30,0,120,0,0,138
"20160302160662","Maryland",26,"Male","Native, Born in USA","Never married","Non-Veteran","No","Employed","No","Private, for profit","No answer","Full time",37,"$50,000 to $59,999",4,0,"No","No difficulty",37,0,0,0,0,193,20,0,0,0,0,0,430,0,0,220,540,470,70,0,20,0,0,193
"20160504161963","New York",55,"Female","Native, Born in USA","Never married","Non-Veteran","No","Employed","No","Private, for profit","No answer","Full time",40,"$25,000 to $29,999",2,0,"No","No difficulty",190,0,0,0,0,65,45,0,0,0,0,0,477,0,0,0,663,568,95,0,45,0,0,65
"20160504161454","Ohio",23,"Female","Native, Born in USA","Never married","Non-Veteran","No","Employed","No","Government, local","No answer","Full time",40,"$100,000 to $149,999",4,0,"No","No difficulty",0,0,0,0,60,510,90,0,0,0,0,0,0,0,0,0,780,750,30,0,90,0,0,510
"20160303160089","South Carolina",22,"Male","Native, Born in USA","Never married","Non-Veteran","No","Unemployed, Looking","No answer","No answer","No answer","No answer",NA,"$35,000 to $39,999",4,1,"Yes","No difficulty",105,0,0,0,0,183,12,0,0,0,0,0,120,0,0,400,620,575,45,0,12,0,0,183
"20160706161769","Illinois",50,"Female","Native, Born in USA","Separated","Non-Veteran","No","Employed","No","Private, for profit","No answer","Full time",35,"$25,000 to $29,999",2,1,"Yes","No difficulty",155,0,0,0,0,300,120,0,0,0,0,0,0,135,0,180,530,530,0,0,120,0,0,300
"20160403160998","Maryland",85,"Female","Native, Born in USA","Widowed","Non-Veteran","No","Not in labor force","No answer","No answer","Retired","No answer",NA,"$12,500 to $14,999",1,0,"No","Has difficulty",0,0,0,0,0,545,20,0,0,0,0,0,0,0,0,400,475,450,25,0,20,0,0,545
"20160808161715","Oklahoma",59,"Male","Native, Born in USA","Divored","Non-Veteran","No","Employed","No","Private, for profit","No answer","Part time",29,"$25,000 to $29,999",2,0,"No","No difficulty",34,30,0,0,0,165,45,0,0,0,27,0,465,0,0,130,544,494,45,5,45,0,0,165
"20160302162127","California",32,"Female","Foreign born, US citizen","Married","Non-Veteran","No","Not in labor force","No answer","No answer","No answer","No answer",NA,"$150,000 and over",4,2,"Yes","No difficulty",75,0,0,0,0,90,120,0,0,0,0,0,0,0,440,75,580,535,45,0,120,0,0,90
"20160302162231","California",26,"Male","Foreign born, not US citizen","Never married","Non-Veteran","No","Employed","Yes","Private, for profit","No answer","Full time",80,"$100,000 to $149,999",1,0,"No","No difficulty",120,60,0,0,60,0,65,0,0,0,0,0,685,0,0,0,450,420,30,0,65,0,0,0
"20161008161238","Minnesota",35,"Male","Native, Born in USA","Never married","Non-Veteran","No","Not in labor force","No answer","No answer","No answer","No answer",NA,"Less than $5,000",2,0,"No","Has difficulty",33,0,0,0,0,549,0,0,0,0,0,0,0,200,0,50,600,600,0,0,0,0,0,549
"20160404160711","Maryland",37,"Male","Native, Born in USA","Married","Non-Veteran","No","Employed","No","Self-employed, incorporated","No answer","Full time",40,"$150,000 and over",5,3,"Yes","No difficulty",6,0,0,0,86,443,105,0,0,0,20,0,0,0,105,180,450,450,0,0,105,0,0,443
"20160605161043","Florida",24,"Male","Foreign born, US citizen","Never married","Non-Veteran","No","Employed","No","Private, for profit","No answer","Full time",40,"$50,000 to $59,999",1,0,"No","No difficulty",44,0,0,0,0,250,35,0,0,0,5,0,476,0,0,60,570,540,30,0,35,0,0,250
"20160605160090","Illinois",51,"Female","Native, Born in USA","Never married","Non-Veteran","No","Unemployed, Looking","No answer","No answer","No answer","No answer",NA,"$5,000 to $7,499",1,0,"No","No difficulty",15,0,0,276,0,190,45,0,0,0,0,0,0,149,0,105,660,570,90,0,45,0,0,190
"20160503162497","Georgia",54,"Male","Foreign born, US citizen","Married","Non-Veteran","No","Employed","No","Private, for profit","No answer","Full time",40,"$60,000 to $74,999",4,1,"Yes","No difficulty",45,0,0,0,0,0,160,0,0,0,155,0,0,0,0,100,980,968,12,0,160,0,0,0
"20161211160916","Missori",68,"Female","Native, Born in USA","Married","Non-Veteran","No","Not in labor force","No answer","No answer","Retired","No answer",NA,"$50,000 to $59,999",2,0,"No","No difficulty",90,0,240,0,0,220,125,0,0,0,0,0,0,0,0,153,612,567,45,0,125,0,0,220
"20160212151364","California",43,"Female","Foreign born, US citizen","Never married","Non-Veteran","No","Employed","No","Private, for profit","No answer","Full time",40,"$20,000 to $24,999",3,1,"Yes","No difficulty",88,0,0,0,0,60,30,0,0,0,0,0,437,0,0,90,735,585,150,0,30,0,0,60
"20161110161599","California",20,"Male","Native, Born in USA","Never married","Non-Veteran","No","Employed","No","Private, for profit","No answer","Part time",8,"$150,000 and over",5,2,"Yes","No difficulty",167,0,0,60,0,343,180,0,0,0,0,0,0,0,0,0,570,540,30,0,180,0,0,343
"20160606160011","Mississippi",19,"Female","Native, Born in USA","Separated","Non-Veteran","No","Unemployed, Looking","No answer","No answer","No answer","No answer",NA,"$25,000 to $29,999",4,2,"Yes","No difficulty",140,0,0,0,0,30,60,0,0,0,0,0,0,0,80,180,950,950,0,0,60,0,0,30
"20160908161272","Alabama",23,"Female","Native, Born in USA","Never married","Non-Veteran","No","Employed","No","Private, for profit","No answer","Full time",40,"$25,000 to $29,999",2,1,"Yes","No difficulty",120,0,0,0,0,60,135,0,0,0,0,0,0,0,60,100,965,875,90,0,120,0,0,60
"20161110160660","Wyoming",45,"Male","Native, Born in USA","Married","Non-Veteran","No","Employed","No","Private, for profit","No answer","Full time",40,"$15,000 to $19,999",2,0,"No","No difficulty",20,0,0,0,0,355,25,0,0,0,0,0,390,0,100,50,500,480,20,0,25,0,0,355
"20160302161549","Georgia",51,"Female","Native, Born in USA","Divored","Non-Veteran","No","Employed","No","Government, local","No answer","Full time",42,"$60,000 to $74,999",4,2,"Yes","No difficulty",8,0,0,0,0,176,60,0,0,0,2,0,717,0,27,30,420,375,45,0,60,0,0,176
"20160706161725","Michigan",30,"Male","Native, Born in USA","Never married","Non-Veteran","No","Employed","No","Private, for profit","No answer","Part time",28,"$20,000 to $24,999",2,0,"No","No difficulty",80,0,0,0,180,250,15,0,0,0,0,0,0,0,0,15,900,880,20,0,15,0,0,250
"20160604160814","Maryland",16,"Female","Native, Born in USA","Never married","No answer","No","Not in labor force","No answer","No answer","No answer","No answer",NA,"$75,000 to $99,999",3,1,"Yes","No difficulty",60,0,0,0,180,710,70,0,0,0,0,0,0,1,0,0,419,359,60,0,70,0,0,710
"20160112150980","Pennsylvania",46,"Female","Foreign born, not US citizen","Divored","Non-Veteran","No","Employed","No","Private, nonprofit","No answer","Full time",40,"$5,000 to $7,499",3,1,"Yes","No difficulty",95,0,0,0,135,75,85,0,0,0,60,0,0,0,150,270,570,540,30,0,85,0,0,75
"20160807161682","New York",56,"Female","Native, Born in USA","Never married","Non-Veteran","No","Employed","No","Private, nonprofit","No answer","Full time",36,"$25,000 to $29,999",1,0,"No","No difficulty",19,0,0,0,0,200,35,0,0,0,5,0,751,0,0,5,425,390,35,0,35,0,0,200
"20160808160735","Michigan",57,"Male","Native, Born in USA","Married","Non-Veteran","No","Employed","No","Government, local","No answer","Full time",52,"$100,000 to $149,999",3,0,"No","No difficulty",10,0,0,0,90,358,267,0,0,0,0,0,0,0,0,15,690,690,0,0,267,0,0,358
"20160403162394","Virginia",72,"Female","Native, Born in USA","Divored","Non-Veteran","No","Employed","Yes","Private, for profit","No answer","Full time",80,"$7,500 to $9,999",1,0,"No","No difficulty",160,0,0,0,0,60,30,0,0,0,0,0,555,0,0,130,505,505,0,0,30,0,0,60
"20160605161855","Oregon",42,"Male","Native, Born in USA","Never married","Non-Veteran","No","Employed","No","Self-employed, unincorporated","No answer","Full time",50,"Less than $5,000",2,1,"Yes","No difficulty",235,0,0,0,90,222,96,0,0,0,8,0,233,0,20,22,505,460,45,0,96,0,0,222
"20160605162230","Minnesota",54,"Female","Native, Born in USA","Divored","Non-Veteran","No","Employed","No","Private, for profit","No answer","Full time",40,"$40,000 to $49,999",2,0,"No","No difficulty",0,45,0,30,0,165,30,0,0,0,0,0,0,0,0,470,700,660,40,0,30,0,0,165
"20160908161007","California",60,"Male","Native, Born in USA","Married","Non-Veteran","No","Employed","No","Self-employed, unincorporated","No answer","Part time",NA,"$12,500 to $14,999",3,0,"No","No difficulty",205,0,0,0,0,325,45,0,0,0,45,0,390,0,0,75,355,300,55,0,45,0,0,325
"20160212151855","Pennsylvania",30,"Male","Native, Born in USA","Never married","Non-Veteran","No","Employed","No","Self-employed, unincorporated","No answer","Full time",70,"$100,000 to $149,999",4,0,"No","No difficulty",0,0,0,0,0,0,20,0,0,0,0,0,1010,0,0,30,380,360,20,0,20,0,0,0
"20160807160598","Kentucky",85,"Female","Native, Born in USA","Widowed","Non-Veteran","No","Not in labor force","No answer","No answer","Retired","No answer",NA,"$100,000 to $149,999",1,0,"No","No difficulty",40,0,0,0,90,545,180,0,0,0,0,0,0,0,0,0,585,525,60,0,180,0,0,545
"20160504162396","New Jersey",85,"Female","Native, Born in USA","Widowed","Non-Veteran","No","Not in labor force","No answer","No answer","Retired","No answer",NA,"$25,000 to $29,999",1,0,"No","Has difficulty",50,15,0,0,0,685,65,0,0,0,30,0,0,10,0,45,540,505,30,5,65,0,0,685
"20160806161658","Colorado",26,"Male","Native, Born in USA","Never married","Non-Veteran","No","Employed","No","Private, for profit","No answer","Full time",40,"$30,000 to $34,999",3,0,"No","No difficulty",40,0,0,0,0,270,60,0,0,0,2,0,455,0,0,0,613,608,5,0,60,0,0,270
"20160706160601","Florida",85,"Female","Native, Born in USA","Widowed","Non-Veteran","No","Not in labor force","No answer","No answer","Retired","No answer",NA,"$25,000 to $29,999",1,0,"No","No difficulty",0,0,0,0,0,705,40,0,0,0,0,0,0,0,0,50,645,540,45,60,40,0,0,705
"20160907160747","Nevada",73,"Female","Native, Born in USA","Married","Non-Veteran","No","Not in labor force","No answer","No answer","No answer","No answer",NA,"$60,000 to $74,999",2,0,"No","No difficulty",30,0,0,0,0,460,35,0,0,0,35,0,0,0,0,250,630,600,30,0,35,0,0,460
"20160201162302","Indiana",60,"Male","Native, Born in USA","Married","Non-Veteran","No","Employed","No","Private, for profit","No answer","Full time",40,"$100,000 to $149,999",3,1,"Yes","No difficulty",60,0,0,0,180,255,45,0,0,0,0,0,0,0,0,215,670,610,60,0,45,0,0,255
"20160403161549","North Carolina",62,"Female","Native, Born in USA","Divored","Non-Veteran","No","Not in labor force","No answer","No answer","Retired","No answer",NA,"$60,000 to $74,999",3,1,"Yes","No difficulty",0,0,0,0,0,495,0,0,0,0,0,0,0,0,0,435,510,510,0,0,0,0,0,495
"20160605160893","Connecticut",54,"Female","Foreign born, not US citizen","Married","Non-Veteran","No","Employed","No","Self-employed, incorporated","No answer","Part time",23,"$40,000 to $49,999",4,2,"Yes","No difficulty",125,0,0,0,0,180,140,0,0,0,180,0,0,0,0,330,485,425,60,0,140,0,0,180
"20160201161854","Texas",60,"Female","Foreign born, not US citizen","Widowed","Non-Veteran","No","Employed","Yes","Private, for profit","No answer","Full time",38,"$25,000 to $29,999",2,0,"No","No difficulty",229,30,0,0,0,30,75,0,30,0,20,0,510,65,10,60,381,351,30,0,75,0,0,30
"20160112151942","Indiana",44,"Female","Native, Born in USA","Married","Non-Veteran","No","Employed","No","Private, nonprofit","No answer","Full time",40,"$50,000 to $59,999",3,1,"Yes","No difficulty",58,0,0,0,0,142,20,0,0,0,43,0,545,0,45,159,428,383,45,0,20,0,0,142
"20161009161835","Nevada",28,"Female","Native, Born in USA","Never married","Non-Veteran","No","Employed","No","Private, for profit","No answer","Full time",40,"$25,000 to $29,999",1,0,"No","No difficulty",20,0,0,0,0,570,30,0,0,0,30,0,0,0,0,15,775,730,45,0,30,0,0,570
"20161009161503","Colorado",39,"Male","Native, Born in USA","Married","Veteran","No","Employed","No","Private, for profit","No answer","Full time",98,"$100,000 to $149,999",4,2,"Yes","No difficulty",485,0,0,0,0,300,0,0,0,0,25,0,120,0,20,15,475,475,0,0,0,0,0,300
"20160808160033","Florida",16,"Female","Native, Born in USA","Never married","No answer","No","Not in labor force","No answer","No answer","No answer","No answer",NA,"Less than $5,000",4,3,"Yes","No difficulty",110,0,0,0,0,555,65,0,0,0,65,0,0,0,0,90,555,525,30,0,65,0,0,555
"20160112152264","Missori",68,"Female","Native, Born in USA","Married","Non-Veteran","No","Employed","No","Self-employed, unincorporated","No answer","Full time",35,"$75,000 to $99,999",2,0,"No","No difficulty",185,0,0,0,0,120,150,0,10,0,365,0,5,0,0,80,525,505,20,0,150,0,0,120
"20160705161210","New York",37,"Male","Native, Born in USA","Married","Non-Veteran","No","Employed","No","Private, nonprofit","No answer","Full time",40,"$150,000 and over",5,3,"Yes","No difficulty",60,0,0,60,0,398,10,0,0,0,0,0,0,15,202,110,585,525,60,0,10,0,0,398
"20161010161723","Utah",60,"Male","Native, Born in USA","Married","Non-Veteran","No","Not in labor force","No answer","No answer","Retired","No answer",NA,"$60,000 to $74,999",2,0,"No","No difficulty",0,0,0,0,0,420,60,0,0,0,0,0,0,0,0,240,720,720,0,0,60,0,0,420
"20161009160503","North Dakota",33,"Male","Native, Born in USA","Married","Non-Veteran","No","Employed","No","Self-employed, incorporated","No answer","Full time",40,"$150,000 and over",5,3,"Yes","No difficulty",4,0,0,0,0,358,70,0,0,0,0,0,508,0,0,0,500,480,20,0,70,0,0,358
"20160605162306","Kentucky",16,"Male","Native, Born in USA","Never married","No answer","No","Not in labor force","No answer","No answer","No answer","No answer",NA,"$40,000 to $49,999",3,1,"Yes","No difficulty",65,0,0,0,0,623,60,0,0,0,15,0,0,0,0,7,670,540,130,0,60,0,0,623
"20161110162109","California",71,"Female","Native, Born in USA","Widowed","Non-Veteran","No","Not in labor force","No answer","No answer","Retired","No answer",NA,"$15,000 to $19,999",1,0,"No","No difficulty",120,210,0,210,0,270,30,0,0,0,0,0,0,0,0,120,480,390,90,0,30,0,0,270
"20161211161017","New York",29,"Male","Native, Born in USA","Married","Non-Veteran","No","Employed","Yes","Private, nonprofit","No answer","Full time",56,"$75,000 to $99,999",2,0,"No","No difficulty",60,0,0,0,0,210,45,0,0,0,0,0,415,0,0,110,600,540,60,0,45,0,0,210
"20160112151174","Colorado",26,"Male","Native, Born in USA","Never married","Non-Veteran","No","Employed","Yes","Government, local","No answer","Full time",55,"$50,000 to $59,999",1,0,"No","Has difficulty",14,0,0,0,0,148,90,0,0,0,0,0,0,0,0,540,648,648,0,0,90,0,0,148
"20160202161818","Montana",34,"Male","Native, Born in USA","Married","Non-Veteran","No","Employed","No","Private, for profit","No answer","Full time",40,"$5,000 to $7,499",4,2,"Yes","No difficulty",38,0,1,0,0,135,93,0,0,95,50,0,0,0,123,215,690,660,30,0,93,0,0,135
"20160503162348","Utah",45,"Female","Foreign born, not US citizen","Never married","Non-Veteran","No","Employed","No","Private, for profit","No answer","Full time",40,"$50,000 to $59,999",4,3,"Yes","No difficulty",74,30,0,77,0,135,60,0,0,0,68,0,300,0,0,205,491,431,60,0,60,0,0,135
"20160908160944","Alabama",55,"Female","Native, Born in USA","Never married","Non-Veteran","No","Not in labor force","No answer","No answer","No answer","No answer",NA,"$25,000 to $29,999",1,0,"No","No difficulty",0,0,0,0,0,690,60,0,0,0,0,0,0,0,0,0,690,600,90,0,60,0,0,690
"20160504160726","Minnesota",19,"Male","Foreign born, US citizen","Never married","Non-Veteran","No","Employed","No","Private, for profit","No answer","Full time",40,"$12,500 to $14,999",2,0,"No","No difficulty",14,0,0,0,0,50,20,0,0,0,0,0,703,0,0,0,653,613,40,0,20,0,0,50
"20160303161753","California",56,"Female","Foreign born, not US citizen","Widowed","Non-Veteran","No","Not in labor force","No answer","No answer","No answer","No answer",NA,"$25,000 to $29,999",2,0,"No","Has difficulty",0,0,0,10,0,165,5,0,0,0,0,0,0,150,0,285,825,825,0,0,5,0,0,165
"20160604161198","Texas",26,"Male","Native, Born in USA","Married","Non-Veteran","No","Employed","No","Private, for profit","No answer","Full time",45,"$50,000 to $59,999",2,0,"No","No difficulty",24,30,0,0,0,165,20,0,0,0,0,0,562,0,0,25,614,569,45,0,20,0,0,165
"20160706161525","Minnesota",55,"Female","Native, Born in USA","Married","Non-Veteran","No","Employed","No","Private, for profit","No answer","Part time",NA,"$60,000 to $74,999",2,0,"No","No difficulty",45,0,0,0,0,190,135,0,0,5,0,0,190,0,0,315,560,540,20,0,135,0,0,190
"20160112152104","Arizona",29,"Male","Native, Born in USA","Married","Non-Veteran","No","Employed","No","Self-employed, unincorporated","No answer","Full time",80,"$100,000 to $149,999",4,2,"Yes","No difficulty",28,0,0,0,0,0,0,0,0,0,0,0,977,0,15,0,420,420,0,0,0,0,0,0
"20160112152256","Wisconsin",48,"Male","Native, Born in USA","Married","Non-Veteran","No","Employed","Yes","Self-employed, incorporated","No answer","Full time",65,"$150,000 and over",3,1,"Yes","No difficulty",26,0,0,0,0,180,20,0,0,0,0,0,770,0,0,0,444,414,30,0,20,0,0,180
"20160402162462","Florida",80,"Female","Native, Born in USA","Widowed","Non-Veteran","No","Not in labor force","No answer","No answer","Retired","No answer",NA,"$30,000 to $34,999",1,0,"No","No difficulty",30,0,0,0,0,485,90,0,0,0,90,0,0,0,0,115,630,600,30,0,90,0,0,485
"20160705160696","New York",39,"Female","Native, Born in USA","Never married","Non-Veteran","No","Employed","No","Private, for profit","No answer","Full time",40,"$40,000 to $49,999",1,0,"No","No difficulty",180,0,0,0,30,0,420,0,0,0,0,0,0,0,0,120,690,630,60,0,420,0,0,0
"20160201160036","Georgia",33,"Female","Foreign born, not US citizen","Married","Non-Veteran","No","Not in labor force","No answer","No answer","No answer","No answer",NA,"$25,000 to $29,999",4,2,"Yes","No difficulty",75,0,0,0,0,155,60,0,0,0,0,0,0,0,136,444,570,570,0,0,60,0,0,155
"20160807160585","Wisconsin",30,"Female","Native, Born in USA","Never married","Non-Veteran","No","Employed","No","Private, for profit","No answer","Part time",NA,"$5,000 to $7,499",2,1,"Yes","No difficulty",40,0,0,0,30,125,80,0,0,0,40,0,0,0,275,170,680,645,35,0,80,0,0,125
"20161210162125","Louisiana",55,"Male","Native, Born in USA","Married","Non-Veteran","No","Employed","No","Private, for profit","No answer","Full time",40,"$60,000 to $74,999",2,0,"No","No difficulty",0,0,0,0,0,600,120,0,0,0,0,0,0,0,0,0,720,720,0,0,120,0,0,600
"20160908160062","Tennessee",42,"Male","Native, Born in USA","Divored","Non-Veteran","No","Employed","No","Private, for profit","No answer","Full time",40,"$15,000 to $19,999",3,1,"Yes","No difficulty",27,0,0,0,0,95,65,0,0,0,2,0,623,0,79,20,529,489,40,0,65,0,0,95
"20160807161835","South Carolina",29,"Male","Native, Born in USA","Married","Non-Veteran","No","Employed","No","Government, local","No answer","Full time",40,"$60,000 to $74,999",4,2,"Yes","No difficulty",255,0,0,0,0,430,80,0,0,0,20,0,0,0,40,15,600,540,60,0,80,0,0,430
"20160403161478","California",62,"Male","Native, Born in USA","Married","Non-Veteran","No","Employed","No","Private, for profit","No answer","Part time",24,"$150,000 and over",2,0,"No","No difficulty",90,0,0,0,90,345,75,0,0,0,140,0,0,0,0,45,655,655,0,0,75,0,0,345
"20161211162282","Minnesota",31,"Male","Native, Born in USA","Never married","Veteran","No","Employed","No","Government, federal","No answer","Full time",40,"$25,000 to $29,999",1,0,"No","No difficulty",60,0,0,0,0,581,10,0,0,0,9,0,415,0,0,20,345,305,40,0,10,0,0,581
"20160404161894","California",53,"Male","Native, Born in USA","Never married","Non-Veteran","No","Employed","No","Private, for profit","No answer","Full time",NA,"$25,000 to $29,999",1,0,"No","No difficulty",169,5,0,0,0,535,55,0,23,0,1,0,212,0,0,30,410,390,20,0,55,0,0,535
"20160504160811","California",51,"Female","Native, Born in USA","Divored","Non-Veteran","No","Employed","No","Self-employed, unincorporated","No answer","Part time",24,"$100,000 to $149,999",4,1,"Yes","No difficulty",100,40,0,0,150,345,70,0,0,0,15,0,45,20,0,40,615,170,60,0,70,0,0,345
"20161110162322","Massachusetts",30,"Female","Foreign born, not US citizen","Never married","Non-Veteran","No","Employed","No","Private, for profit","No answer","Part time",NA,"$25,000 to $29,999",4,2,"Yes","No difficulty",0,0,0,0,0,240,15,0,0,0,0,0,0,0,0,445,720,700,20,0,15,0,0,240
"20160404161109","California",50,"Female","Native, Born in USA","Divored","Veteran","No","Employed","No","Government, state","No answer","Full time",40,"$60,000 to $74,999",3,1,"Yes","No difficulty",25,0,0,0,15,110,75,0,0,0,0,0,675,0,0,53,487,465,22,0,75,0,0,110
"20160111152397","Ohio",42,"Female","Native, Born in USA","Divored","Non-Veteran","No","Not in labor force","No answer","No answer","No answer","No answer",NA,"$7,500 to $9,999",2,0,"No","Has difficulty",0,10,0,0,0,585,80,0,0,0,0,0,0,0,0,0,765,630,10,125,80,0,0,585
"20161110161716","Colorado",40,"Male","Native, Born in USA","Never married","Non-Veteran","No","Employed","No","Private, for profit","No answer","Full time",40,"$100,000 to $149,999",1,0,"No","No difficulty",60,0,0,0,0,770,30,0,0,0,70,0,0,0,0,240,270,240,30,0,30,0,0,770
"20160707161612","New Jersey",56,"Female","Native, Born in USA","Separated","Non-Veteran","No","Employed","No","Private, for profit","No answer","Full time",38,"$40,000 to $49,999",1,0,"No","No difficulty",32,0,0,0,0,350,45,0,0,0,25,0,435,0,0,35,488,423,65,0,45,0,0,350
"20161110161380","Illinois",46,"Male","Foreign born, not US citizen","Married","Non-Veteran","No","Employed","No","Private, for profit","No answer","Full time",40,"$35,000 to $39,999",5,3,"Yes","No difficulty",60,0,0,0,0,95,80,0,0,0,60,0,495,0,0,0,650,590,60,0,80,0,0,95
"20160605161700","Nebraska",75,"Female","Native, Born in USA","Widowed","Non-Veteran","No","Not in labor force","No answer","No answer","Retired","No answer",NA,"$12,500 to $14,999",1,0,"No","No difficulty",10,0,0,0,0,375,60,0,0,0,0,0,0,375,0,40,580,525,55,0,60,0,0,375
"20160605161549","California",64,"Female","Foreign born, US citizen","Divored","Non-Veteran","No","Not in labor force","No answer","No answer","Retired","No answer",NA,"$30,000 to $34,999",1,0,"No","No difficulty",50,0,90,0,0,615,80,0,0,0,10,0,0,0,0,40,555,435,120,0,80,0,0,615
"20160604161987","Texas",42,"Male","Foreign born, not US citizen","Married","Non-Veteran","No","Employed","No","Private, for profit","No answer","Full time",40,"$20,000 to $24,999",6,3,"Yes","No difficulty",80,0,0,0,0,85,40,0,0,0,0,0,600,0,0,105,530,490,40,0,40,0,0,85
"20160908160934","Florida",27,"Male","Native, Born in USA","Never married","Non-Veteran","No","Employed","No","Private, for profit","No answer","Full time",35,"Less than $5,000",6,4,"Yes","No difficulty",291,20,0,0,0,372,24,0,0,0,0,0,303,0,0,0,350,270,80,0,24,0,0,372
"20161110160642","Maine",70,"Male","Native, Born in USA","Separated","Non-Veteran","No","Not in labor force","No answer","No answer","No answer","No answer",NA,"$25,000 to $29,999",2,0,"No","No difficulty",36,0,490,0,0,130,95,0,0,0,0,0,0,0,0,62,627,600,27,0,95,0,0,130
"20160505161409","Missori",51,"Male","Foreign born, US citizen","Married","Non-Veteran","No","Employed","Yes","Self-employed, unincorporated","No answer","Full time",60,"$75,000 to $99,999",5,3,"Yes","No difficulty",20,0,0,280,0,0,40,0,0,0,0,0,600,0,15,15,420,420,0,0,40,0,0,0
"20161110161593","California",56,"Female","Foreign born, US citizen","Married","Non-Veteran","No","Employed","No","Private, for profit","No answer","Full time",40,"$150,000 and over",3,0,"No","No difficulty",40,30,0,0,95,210,85,0,0,0,0,0,500,0,0,5,475,400,75,0,85,0,0,210
"20160907162101","North Carolina",37,"Female","Native, Born in USA","Never married","Non-Veteran","No","Employed","No","Government, state","No answer","Full time",40,"$75,000 to $99,999",3,2,"Yes","Has difficulty",123,0,0,0,115,219,60,0,0,0,0,0,0,0,130,80,630,520,110,0,60,0,0,219
"20160806161685","North Carolina",61,"Female","Native, Born in USA","Married","Non-Veteran","No","Employed","No","Private, for profit","No answer","Full time",40,"$50,000 to $59,999",5,2,"Yes","No difficulty",100,0,0,0,0,345,30,0,0,0,30,0,0,0,20,45,870,840,30,0,30,0,0,345
"20160101161376","California",43,"Female","Foreign born, US citizen","Married","Non-Veteran","No","Employed","No","Government, state","No answer","Full time",40,"$100,000 to $149,999",2,0,"No","No difficulty",65,0,0,0,0,510,105,0,0,90,10,0,0,0,0,150,510,510,0,0,105,0,0,510
"20160707162369","Texas",47,"Male","Native, Born in USA","Married","Veteran","No","Employed","No","Private, for profit","No answer","Full time",44,"$100,000 to $149,999",4,0,"No","No difficulty",150,0,0,0,0,0,120,0,0,0,10,0,750,0,0,0,410,365,45,0,120,0,0,0
"20160302161108","New York",42,"Male","Native, Born in USA","Separated","Non-Veteran","No","Employed","No","Private, for profit","No answer","Full time",50,"$75,000 to $99,999",2,1,"Yes","No difficulty",50,0,0,0,0,420,75,0,0,0,0,0,0,0,420,0,475,465,10,0,75,0,0,420
"20160605161217","Massachusetts",85,"Female","Native, Born in USA","Widowed","Non-Veteran","No","Not in labor force","No answer","No answer","Retired","No answer",NA,"$50,000 to $59,999",1,0,"No","No difficulty",90,0,0,35,0,370,170,0,0,0,0,0,0,105,0,10,660,550,110,0,170,0,0,370
"20160706161763","Texas",44,"Female","Native, Born in USA","Divored","Non-Veteran","No","Employed","No","Government, state","No answer","Full time",NA,"$75,000 to $99,999",2,0,"No","No difficulty",175,0,0,85,0,300,60,0,0,0,80,0,0,0,0,80,660,535,120,5,60,0,0,300
"20161009162158","Connecticut",57,"Female","Native, Born in USA","Divored","Non-Veteran","No","Not in labor force","No answer","No answer","No answer","No answer",NA,"$60,000 to $74,999",3,1,"Yes","No difficulty",95,0,375,0,0,78,20,0,0,20,40,0,0,2,0,300,510,450,60,0,20,0,0,78
"20161110162099","California",72,"Female","Native, Born in USA","Widowed","Non-Veteran","No","Not in labor force","No answer","No answer","Retired","No answer",NA,"$30,000 to $34,999",1,0,"No","No difficulty",0,0,0,0,0,0,1,0,0,0,0,0,0,0,0,1184,255,240,15,0,1,0,0,0
"20161110161644","Texas",30,"Male","Native, Born in USA","Married","Non-Veteran","No","Employed","No","Private, for profit","No answer","Full time",50,"$60,000 to $74,999",4,2,"Yes","No difficulty",70,0,0,0,0,205,30,0,0,0,25,0,0,440,25,15,630,630,0,0,30,0,0,205
"20160705160540","Mississippi",53,"Female","Native, Born in USA","Married","Non-Veteran","No","Employed","No","Private, for profit","No answer","Part time",2,"$100,000 to $149,999",4,1,"Yes","No difficulty",133,0,0,0,0,210,30,0,0,210,105,0,0,0,20,195,537,537,0,0,30,0,0,210
"20160403161004","Georgia",58,"Male","Native, Born in USA","Married","Non-Veteran","No","Employed","No","Self-employed, unincorporated","No answer","Full time",40,"$75,000 to $99,999",3,0,"No","No difficulty",0,0,0,0,0,210,150,0,0,0,0,0,425,0,0,60,595,540,55,0,150,0,0,210
"20160707161384","Florida",72,"Male","Foreign born, US citizen","Married","Non-Veteran","No","Employed","No","Private, for profit","No answer","Part time",25,"$12,500 to $14,999",2,0,"No","No difficulty",56,0,0,0,0,155,155,0,0,0,32,0,315,0,0,90,637,607,30,0,155,0,0,155
"20160112151150","Iowa",59,"Female","Native, Born in USA","Divored","Non-Veteran","No","Employed","No","Private, for profit","No answer","Full time",40,"$15,000 to $19,999",1,0,"No","No difficulty",15,0,0,0,0,685,15,0,0,0,15,0,0,0,0,20,660,660,0,0,15,0,0,685
"20160403162355","California",41,"Female","Native, Born in USA","Married","Non-Veteran","No","Not in labor force","No answer","No answer","No answer","No answer",NA,"$40,000 to $49,999",5,3,"Yes","No difficulty",60,0,0,0,0,165,65,0,0,0,120,0,0,0,240,220,570,480,90,0,65,0,0,165
"20160302160117","Minnesota",85,"Female","Native, Born in USA","Widowed","Non-Veteran","No","Not in labor force","No answer","No answer","Retired","No answer",NA,"$10,000 to $12,499",1,0,"No","Has difficulty",40,0,0,0,0,385,105,0,0,10,30,0,0,0,0,240,630,630,0,0,105,0,0,385
"20161010162352","Florida",32,"Female","Foreign born, not US citizen","Married","Non-Veteran","No","Not in labor force","No answer","No answer","No answer","No answer",NA,"$150,000 and over",6,4,"Yes","No difficulty",0,0,0,0,0,90,180,0,0,0,0,0,0,0,480,120,570,570,0,0,180,0,0,90
"20160201161096","California",30,"Male","Foreign born, not US citizen","Married","Non-Veteran","No","Employed","No","Private, for profit","No answer","Full time",40,"$10,000 to $12,499",2,0,"No","No difficulty",80,0,0,0,0,345,45,0,0,0,0,0,490,10,0,50,420,380,40,0,45,0,0,345
"20160504160631","Colorado",61,"Male","Native, Born in USA","Divored","Non-Veteran","No","Employed","No","Private, for profit","No answer","Full time",55,"$60,000 to $74,999",1,0,"No","No difficulty",0,0,0,0,0,220,40,0,0,0,0,0,0,0,0,670,510,480,30,0,40,0,0,220
"20160908161112","South Carolina",23,"Male","Native, Born in USA","Never married","Non-Veteran","No","Employed","No","Self-employed, unincorporated","No answer","Full time",45,"$60,000 to $74,999",3,0,"No","No difficulty",50,60,0,0,0,295,20,0,0,0,15,0,460,0,0,0,540,500,40,0,20,0,0,295
"20161110161490","Florida",16,"Male","Native, Born in USA","Separated","No answer","No","Not in labor force","No answer","No answer","No answer","No answer",NA,"$60,000 to $74,999",3,1,"Yes","No difficulty",180,0,0,230,0,60,35,0,0,0,130,0,0,0,15,0,640,610,30,0,35,0,0,60
"20160605160825","Montana",78,"Female","Native, Born in USA","Widowed","Non-Veteran","No","Not in labor force","No answer","No answer","Retired","No answer",NA,"$60,000 to $74,999",1,0,"No","Has difficulty",0,0,90,0,75,455,200,0,0,0,0,0,0,0,0,35,585,555,30,0,200,0,0,455
"20161110162256","Virginia",80,"Male","Native, Born in USA","Widowed","Veteran","No","Not in labor force","No answer","No answer","Retired","No answer",NA,"Less than $5,000",1,0,"No","No difficulty",0,0,0,0,0,750,60,0,0,0,0,0,0,0,0,120,510,510,0,0,60,0,0,750
"20161211161012","Minnesota",40,"Female","Native, Born in USA","Married","Non-Veteran","No","Employed","No","Self-employed, unincorporated","No answer","Part time",25,"$75,000 to $99,999",5,2,"Yes","No difficulty",75,0,0,0,30,120,70,0,0,0,135,0,0,0,60,425,525,510,15,0,70,0,0,120
"20160111150530","Pennsylvania",47,"Male","Native, Born in USA","Never married","Non-Veteran","No","Employed","No","Private, nonprofit","No answer","Full time",47,"$60,000 to $74,999",1,0,"No","No difficulty",170,35,0,0,0,135,35,0,0,0,0,0,490,0,0,30,545,525,20,0,35,0,0,135
"20161211160077","New Jersey",24,"Female","Foreign born, US citizen","Married","Non-Veteran","No","Employed","No","Private, for profit","No answer","Full time",60,"$50,000 to $59,999",2,0,"No","No difficulty",105,10,0,186,10,71,70,0,5,0,55,0,287,0,0,12,629,530,99,0,70,0,0,71
"20160201160871","Maryland",62,"Male","Native, Born in USA","Never married","Veteran","No","Not in labor force","No answer","No answer","No answer","No answer",NA,"$12,500 to $14,999",1,0,"No","Has difficulty",155,0,0,0,0,340,110,0,0,100,15,0,0,0,0,0,720,570,150,0,110,0,0,340
"20161211161924","Wisconsin",49,"Male","Native, Born in USA","Divored","Non-Veteran","No","Employed","No","Private, for profit","No answer","Full time",45,"$75,000 to $99,999",3,1,"Yes","No difficulty",232,0,0,0,0,278,60,0,0,0,90,0,0,70,30,63,617,570,47,0,60,0,0,278
"20160201160872","Connecticut",68,"Female","Native, Born in USA","Married","Non-Veteran","No","Not in labor force","No answer","No answer","Retired but working","No answer",NA,"$35,000 to $39,999",2,0,"No","No difficulty",20,90,0,0,90,324,30,0,0,0,10,0,0,0,0,291,585,560,25,0,30,0,0,324
"20160705161638","New Hampshire",34,"Male","Native, Born in USA","Married","Non-Veteran","No","Employed","No","Private, for profit","No answer","Full time",65,"$150,000 and over",4,2,"Yes","No difficulty",95,0,0,0,0,60,0,0,0,0,0,0,715,10,50,0,510,480,30,0,0,0,0,60
"20161211161428","West Virginia",74,"Female","Native, Born in USA","Divored","Non-Veteran","No","Not in labor force","No answer","No answer","Retired","No answer",NA,"$30,000 to $34,999",1,0,"No","No difficulty",70,75,0,0,0,83,45,0,0,0,330,0,0,0,0,157,545,480,60,5,45,0,0,83
"20160201160003","Oklahoma",38,"Female","Native, Born in USA","Separated","Non-Veteran","No","Employed","No","Private, for profit","No answer","Full time",40,"$40,000 to $49,999",3,2,"Yes","No difficulty",122,0,0,0,0,382,25,0,0,0,0,0,0,0,72,75,764,764,0,0,25,0,0,382
"20160807160826","Georgia",44,"Female","Native, Born in USA","Never married","Non-Veteran","No","Not in labor force","No answer","No answer","No answer","No answer",NA,"Less than $5,000",1,0,"No","No difficulty",220,0,3,522,0,40,20,0,0,0,0,0,0,0,0,5,630,525,105,0,20,0,0,40
"20160605161561","Tennessee",27,"Male","Native, Born in USA","Never married","Non-Veteran","No","Employed","No","Private, for profit","No answer","Full time",40,"$50,000 to $59,999",3,0,"No","No difficulty",135,0,0,0,0,285,165,0,0,0,0,0,0,0,0,120,735,690,45,0,165,0,0,285
"20160503160847","Ohio",53,"Female","Native, Born in USA","Never married","Non-Veteran","No","Employed","No","Government, state","No answer","Full time",40,"$60,000 to $74,999",3,0,"No","No difficulty",40,0,0,0,0,280,60,0,0,0,0,0,505,0,0,0,555,420,135,0,60,0,0,280
"20160705160662","Washington",65,"Female","Native, Born in USA","Married","Non-Veteran","No","Not in labor force","No answer","No answer","Retired","No answer",NA,"$60,000 to $74,999",2,0,"No","Has difficulty",95,0,0,0,0,300,70,0,0,0,185,0,0,0,0,130,660,660,0,0,70,0,0,300
"20161009161000","Georgia",60,"Male","Native, Born in USA","Never married","Non-Veteran","No","Not in labor force","No answer","No answer","No answer","No answer",NA,"Less than $5,000",1,0,"No","Has difficulty",0,0,0,0,0,480,60,0,0,0,0,0,0,0,0,180,720,720,0,0,60,0,0,480
"20161210161097","Minnesota",52,"Female","Native, Born in USA","Married","Non-Veteran","No","Employed","No","Government, local","No answer","Full time",40,"$100,000 to $149,999",5,1,"Yes","No difficulty",100,0,375,0,0,60,30,0,0,0,45,0,0,0,0,90,660,600,60,0,30,0,0,60
"20160301161880","Kentucky",37,"Female","Native, Born in USA","Married","Non-Veteran","No","Employed","No","Self-employed, unincorporated","No answer","Part time",30,"$20,000 to $24,999",5,3,"Yes","No difficulty",35,0,0,80,0,374,20,0,10,0,10,0,0,0,40,226,595,510,85,0,20,0,0,374
"20160201160060","Georgia",33,"Male","Native, Born in USA","Married","Non-Veteran","No","Not in labor force","No answer","No answer","No answer","No answer",NA,"$15,000 to $19,999",5,3,"Yes","No difficulty",0,0,0,0,0,565,30,0,0,0,0,0,0,0,140,120,465,450,15,0,30,0,0,565
"20160807162196","Oklahoma",42,"Male","Native, Born in USA","Never married","Non-Veteran","No","Employed","No","Private, for profit","No answer","Full time",40,"$12,500 to $14,999",5,3,"Yes","No difficulty",60,0,20,0,0,300,30,0,0,0,80,0,0,0,75,120,730,685,45,0,30,0,0,300
"20160302162459","West Virginia",66,"Female","Native, Born in USA","Married","Non-Veteran","No","Not in labor force","No answer","No answer","Retired","No answer",NA,"$60,000 to $74,999",2,0,"No","Has difficulty",0,0,0,0,0,540,60,0,0,0,0,0,0,0,0,0,840,840,0,0,60,0,0,540
"20161110162309","Pennsylvania",49,"Female","Native, Born in USA","Married","Non-Veteran","No","Employed","Yes","Private, for profit","No answer","Full time",NA,"$150,000 and over",3,1,"Yes","No difficulty",90,0,0,0,50,15,35,0,0,0,20,90,465,0,55,75,545,510,35,0,35,90,0,15
"20160707161097","Illinois",35,"Male","Native, Born in USA","Married","Non-Veteran","No","Employed","No","Private, nonprofit","No answer","Full time",40,"$100,000 to $149,999",4,2,"Yes","No difficulty",170,0,0,0,0,65,60,0,0,0,85,0,485,0,20,55,500,500,0,0,60,0,0,65
"20160111150987","Minnesota",28,"Female","Native, Born in USA","Never married","Non-Veteran","No","Employed","No","Private, for profit","No answer","Full time",40,"$25,000 to $29,999",2,0,"No","No difficulty",40,0,0,0,0,120,90,0,0,0,0,0,595,0,0,0,595,565,30,0,90,0,0,120
"20160301160886","Florida",16,"Female","Native, Born in USA","Never married","No answer","No","Employed","No","Private, nonprofit","No answer","Part time",18,"$100,000 to $149,999",3,1,"Yes","No difficulty",60,0,0,0,0,405,60,0,0,0,10,180,0,0,0,60,665,665,0,0,60,0,180,405
"20160201162195","Texas",27,"Female","Foreign born, not US citizen","Married","Non-Veteran","No","Employed","No","Private, for profit","No answer","Part time",15,"$15,000 to $19,999",3,1,"Yes","No difficulty",20,0,0,0,0,120,60,0,0,0,0,0,210,0,225,180,625,550,75,0,60,0,0,120
"20160201160786","Missori",59,"Female","Native, Born in USA","Married","Non-Veteran","No","Employed","No","Government, federal","No answer","Full time",40,"$60,000 to $74,999",2,0,"No","No difficulty",40,0,0,0,15,180,35,0,0,0,10,0,450,0,0,35,675,615,60,0,35,0,0,180
"20160504160958","Georgia",32,"Female","Native, Born in USA","Never married","Non-Veteran","No","Employed","No","Private, for profit","No answer","Full time",45,"$150,000 and over",1,0,"No","No difficulty",65,0,165,0,0,60,45,0,0,0,0,0,495,0,0,40,570,490,80,0,45,0,0,60
"20161211162346","Illinois",30,"Male","Native, Born in USA","Married","Non-Veteran","No","Employed","No","Government, federal","No answer","Full time",40,"$60,000 to $74,999",3,1,"Yes","No difficulty",100,0,0,0,60,35,60,0,0,0,60,0,465,0,80,40,540,510,30,0,60,0,0,35
"20160707161767","Texas",59,"Female","Foreign born, not US citizen","Married","Non-Veteran","No","Not in labor force","No answer","No answer","No answer","No answer",NA,"$50,000 to $59,999",2,0,"No","No difficulty",0,0,0,0,0,210,120,0,0,0,0,0,0,0,0,520,590,510,80,0,120,0,0,210
"20160505160866","California",37,"Male","Foreign born, not US citizen","Married","Non-Veteran","No","Employed","Yes","Private, for profit","No answer","Full time",55,"$100,000 to $149,999",3,1,"Yes","No difficulty",99,0,0,0,0,225,205,30,0,15,0,0,330,0,20,25,491,461,30,0,205,0,0,225
"20161109161245","Illinois",18,"Female","Native, Born in USA","Never married","Non-Veteran","No","Not in labor force","No answer","No answer","No answer","No answer",NA,"$100,000 to $149,999",6,2,"Yes","No difficulty",70,0,0,0,0,60,90,240,0,0,10,120,0,0,0,0,850,850,0,0,90,0,120,60
"20160807162308","Pennsylvania",63,"Male","Native, Born in USA","Divored","Non-Veteran","No","Employed","No","Private, for profit","No answer","Full time",40,"$20,000 to $24,999",1,0,"No","No difficulty",42,0,0,0,0,570,0,0,0,15,90,0,0,0,0,60,663,648,15,0,0,0,0,570
"20160706162236","Kentucky",62,"Female","Native, Born in USA","Married","Non-Veteran","No","Not in labor force","No answer","No answer","Retired","No answer",NA,"$60,000 to $74,999",2,0,"No","No difficulty",47,0,0,0,0,573,120,0,0,0,0,0,0,0,0,120,580,580,0,0,120,0,0,573
"20160202161254","Massachusetts",72,"Female","Native, Born in USA","Divored","Non-Veteran","No","Not in labor force","No answer","No answer","Retired","No answer",NA,"$12,500 to $14,999",1,0,"No","No difficulty",133,13,0,65,0,604,100,0,0,0,0,0,0,25,0,0,500,470,30,0,90,0,0,604
"20161010161659","Pennsylvania",16,"Male","Native, Born in USA","Never married","No answer","No","Not in labor force","No answer","No answer","No answer","No answer",NA,"$75,000 to $99,999",4,2,"Yes","No difficulty",10,10,0,0,0,505,15,0,0,0,0,0,0,0,0,0,900,900,0,0,15,0,0,505
"20160201161894","Mississippi",62,"Male","Native, Born in USA","Divored","Non-Veteran","No","Employed","No","Government, federal","No answer","Full time",40,"$40,000 to $49,999",2,0,"No","No difficulty",24,0,0,120,0,73,0,0,0,0,0,0,595,0,0,83,520,445,75,0,0,0,0,73
"20160402161986","Oklahoma",43,"Female","Foreign born, not US citizen","Never married","Non-Veteran","No","Employed","No","Private, for profit","No answer","Full time",35,"$12,500 to $14,999",1,0,"No","No difficulty",78,0,0,0,0,230,45,0,0,0,30,0,500,0,0,45,512,442,70,0,45,0,0,230
"20160403160906","Florida",49,"Female","Native, Born in USA","Divored","Non-Veteran","No","Employed","No","Self-employed, unincorporated","No answer","Full time",40,"$100,000 to $149,999",1,0,"No","No difficulty",320,0,0,0,0,120,120,0,0,0,0,0,30,0,0,360,490,460,30,0,120,0,0,120
"20160302161774","Michigan",85,"Male","Native, Born in USA","Never married","Non-Veteran","No","Not in labor force","No answer","No answer","Retired","No answer",NA,"$50,000 to $59,999",1,0,"No","Has difficulty",45,0,0,0,0,450,180,0,0,0,30,0,0,0,0,30,705,615,90,0,180,0,0,450
"20160302160794","Ohio",80,"Female","Native, Born in USA","Widowed","Non-Veteran","No","Not in labor force","No answer","No answer","Retired","No answer",NA,"$20,000 to $24,999",1,0,"No","No difficulty",20,0,0,0,0,260,70,0,0,0,60,0,0,0,0,430,600,540,60,0,70,0,0,260
"20160806162424","Iowa",61,"Female","Native, Born in USA","Married","Non-Veteran","No","Not in labor force","No answer","No answer","No answer","No answer",NA,"$60,000 to $74,999",2,0,"No","Has difficulty",70,0,0,0,0,390,65,0,0,150,255,0,0,0,0,30,390,270,120,0,65,0,0,390
"20160101161638","Tennessee",61,"Female","Native, Born in USA","Divored","Non-Veteran","No","Employed","No","Private, nonprofit","No answer","Full time",35,"$40,000 to $49,999",1,0,"No","Has difficulty",0,0,0,0,0,360,35,0,0,0,0,0,0,0,0,280,765,765,0,0,35,0,0,360
"20160201160606","Minnesota",85,"Male","Native, Born in USA","Divored","Veteran","No","Not in labor force","No answer","No answer","Retired","No answer",NA,"$25,000 to $29,999",1,0,"No","Has difficulty",20,0,0,0,0,738,25,0,0,0,0,0,0,0,0,20,637,632,5,0,25,0,0,738
"20160112151215","Alabama",32,"Male","Native, Born in USA","Married","Non-Veteran","No","Employed","No","Private, for profit","No answer","Full time",40,"$60,000 to $74,999",6,4,"Yes","No difficulty",60,0,0,0,0,85,35,0,0,0,5,0,450,0,0,135,670,620,50,0,35,0,0,85
"20161010161884","Kentucky",39,"Male","Native, Born in USA","Married","Non-Veteran","No","Employed","No","Self-employed, incorporated","No answer","Full time",NA,"$75,000 to $99,999",4,2,"Yes","No difficulty",45,0,0,0,0,15,30,0,0,0,15,0,538,0,185,22,590,580,10,0,30,0,0,15
"20160101160658","South Carolina",25,"Female","Native, Born in USA","Married","Non-Veteran","No","Employed","No","Private, for profit","No answer","Part time",15,"$40,000 to $49,999",2,0,"No","No difficulty",115,15,0,60,0,120,30,0,0,0,45,0,235,0,0,235,585,540,45,0,30,0,0,120
"20161009162490","Texas",36,"Male","Native, Born in USA","Never married","Non-Veteran","No","Employed","No","Private, for profit","No answer","Full time",50,"$75,000 to $99,999",1,0,"No","No difficulty",60,0,0,0,20,4,15,0,0,0,10,0,670,0,0,50,611,591,20,0,15,0,0,4
"20160201160570","Iowa",79,"Female","Native, Born in USA","Widowed","Non-Veteran","No","Not in labor force","No answer","No answer","Retired","No answer",NA,"$35,000 to $39,999",1,0,"No","No difficulty",14,0,0,83,0,348,160,0,0,0,0,0,0,0,0,187,648,555,93,0,160,0,0,348
"20160202161081","Maryland",75,"Male","Native, Born in USA","Married","Veteran","No","Employed","No","Private, for profit","No answer","Part time",24,"$25,000 to $29,999",2,0,"No","No difficulty",50,0,0,190,0,405,80,0,0,0,0,0,0,0,0,20,515,465,50,0,80,0,0,405
"20160807162523","California",39,"Female","Native, Born in USA","Married","Non-Veteran","No","Not in labor force","No answer","No answer","No answer","No answer",NA,"$20,000 to $24,999",4,2,"Yes","No difficulty",80,0,0,0,60,315,125,0,0,0,0,0,0,0,0,60,680,630,50,0,125,0,0,315
"20160505161400","South Carolina",66,"Female","Native, Born in USA","Married","Non-Veteran","No","Not in labor force","No answer","No answer","Retired","No answer",NA,"$60,000 to $74,999",2,0,"No","No difficulty",0,0,0,0,0,330,60,0,0,0,0,0,0,0,0,230,600,600,0,0,60,0,0,330
"20161110161975","Texas",63,"Female","Native, Born in USA","Married","Non-Veteran","No","Not in labor force","No answer","No answer","No answer","No answer",NA,"$75,000 to $99,999",4,0,"No","Has difficulty",0,0,0,0,0,361,30,0,0,0,0,0,0,0,180,120,749,749,0,0,30,0,0,361
"20160504161896","Texas",52,"Male","Native, Born in USA","Married","Veteran","No","Unemployed, Looking","No answer","No answer","No answer","No answer",NA,"$75,000 to $99,999",6,1,"Yes","No difficulty",50,0,0,0,0,390,20,0,0,0,60,0,330,0,0,50,540,540,0,0,20,0,0,390
"20160705160531","North Carolina",31,"Female","Native, Born in USA","Divored","Non-Veteran","No","Employed","No","Private, for profit","No answer","Full time",NA,"$10,000 to $12,499",5,3,"Yes","No difficulty",170,15,0,0,0,286,28,0,0,0,0,0,470,0,41,90,340,300,40,0,28,0,0,286
"20160403162475","Arkansas",17,"Female","Native, Born in USA","Never married","No answer","No","Not in labor force","No answer","No answer","No answer","No answer",NA,"$35,000 to $39,999",3,1,"Yes","No difficulty",6,0,0,0,0,629,10,0,0,0,5,0,0,0,0,10,780,720,60,0,10,0,0,629
"20160302161761","Missori",33,"Female","Foreign born, not US citizen","Married","Non-Veteran","No","Employed","No","Private, for profit","No answer","Full time",NA,"$20,000 to $24,999",5,3,"Yes","No difficulty",40,0,0,0,30,90,30,0,0,0,0,0,0,0,137,180,813,693,120,0,30,0,0,90
"20160706161802","Texas",58,"Female","Native, Born in USA","Never married","Non-Veteran","No","Not in labor force","No answer","No answer","No answer","No answer",NA,"$50,000 to $59,999",4,3,"Yes","No difficulty",0,0,0,0,10,555,30,0,0,0,0,0,0,0,105,30,710,450,140,120,30,0,0,555
"20160403161711","Washington",15,"Male","Native, Born in USA","Never married","No answer","No","Not in labor force","No answer","No answer","No answer","No answer",NA,"$75,000 to $99,999",6,4,"Yes","No difficulty",250,0,0,0,390,115,0,0,0,0,45,0,0,0,120,0,520,515,5,0,0,0,0,115
"20160302160106","Ohio",62,"Female","Native, Born in USA","Divored","Non-Veteran","No","Employed","No","Private, nonprofit","No answer","Part time",32,"$30,000 to $34,999",1,0,"No","No difficulty",80,0,0,0,0,215,35,0,0,140,0,0,0,0,0,150,820,735,85,0,35,0,0,215
"20160202160920","Wisconsin",85,"Female","Native, Born in USA","Widowed","Non-Veteran","No","Not in labor force","No answer","No answer","Retired","No answer",NA,"$20,000 to $24,999",1,0,"No","Has difficulty",0,0,0,0,0,565,120,0,0,0,0,0,0,0,0,20,735,720,0,15,120,0,0,565
"20160403162068","South Dakota",52,"Male","Native, Born in USA","Married","Non-Veteran","No","Employed","Yes","Government, local","No answer","Full time",60,"$75,000 to $99,999",4,2,"Yes","Has difficulty",30,0,0,0,75,270,90,0,0,0,120,0,0,0,90,30,735,705,30,0,90,0,0,270
"20160112152352","Rhode Island",29,"Female","Native, Born in USA","Never married","Non-Veteran","No","Not in labor force","No answer","No answer","No answer","No answer",NA,"$35,000 to $39,999",4,2,"Yes","Has difficulty",0,0,0,0,0,375,60,0,0,0,0,0,0,0,435,60,510,510,0,0,60,0,0,375
"20160201160954","Virginia",47,"Female","Native, Born in USA","Never married","Non-Veteran","No","Employed","No","Private, for profit","No answer","Part time",20,"$5,000 to $7,499",3,1,"Yes","No difficulty",0,0,0,0,0,360,13,0,0,0,0,0,0,0,0,0,1067,1067,0,0,13,0,0,360
"20160201161992","Delaware",25,"Male","Native, Born in USA","Married","Non-Veteran","No","Unemployed, Looking","No answer","No answer","No answer","No answer",NA,"$15,000 to $19,999",2,0,"No","No difficulty",27,0,0,0,0,625,30,0,0,0,0,0,0,0,0,230,528,528,0,0,30,0,0,625
"20160201162276","North Carolina",64,"Male","Native, Born in USA","Divored","Non-Veteran","No","Employed","No","Private, for profit","No answer","Part time",30,"$15,000 to $19,999",1,0,"No","No difficulty",102,15,0,0,0,486,20,0,0,0,70,0,0,4,0,3,740,720,20,0,20,0,0,486
"20160807161060","Tennessee",54,"Male","Native, Born in USA","Never married","Non-Veteran","No","Not in labor force","No answer","No answer","No answer","No answer",NA,"Less than $5,000",1,0,"No","No difficulty",130,0,0,0,0,580,15,0,0,0,5,15,0,83,0,80,532,475,57,0,15,0,0,580
"20160706161446","Minnesota",34,"Male","Native, Born in USA","Married","Non-Veteran","No","Employed","No","Private, for profit","No answer","Full time",45,"$100,000 to $149,999",3,1,"Yes","No difficulty",0,0,0,0,0,465,105,0,0,0,0,0,0,0,210,105,555,555,0,0,105,0,0,465
"20160807162122","Kentucky",79,"Female","Native, Born in USA","Married","Non-Veteran","No","Not in labor force","No answer","No answer","Retired","No answer",NA,"$50,000 to $59,999",1,0,"No","No difficulty",0,5,0,0,0,450,30,0,0,0,0,0,0,0,0,238,540,540,0,0,30,0,0,450
"20160605160131","South Carolina",76,"Female","Native, Born in USA","Widowed","Non-Veteran","No","Not in labor force","No answer","No answer","Retired","No answer",NA,"Less than $5,000",1,0,"No","No difficulty",60,0,0,0,0,425,150,0,0,0,45,0,0,70,0,150,540,420,120,0,150,0,0,425
"20161211161900","North Carolina",65,"Female","Native, Born in USA","Widowed","Non-Veteran","No","Not in labor force","No answer","No answer","Retired","No answer",NA,"$10,000 to $12,499",1,0,"No","Has difficulty",0,0,0,0,0,595,40,0,0,0,0,0,0,0,0,155,650,590,60,0,40,0,0,595
"20161211160036","New York",69,"Male","Native, Born in USA","Never married","Non-Veteran","No","Not in labor force","No answer","No answer","No answer","No answer",NA,"$7,500 to $9,999",1,0,"No","No difficulty",0,0,0,0,0,378,105,0,0,0,0,0,0,60,0,285,612,600,10,2,105,0,0,378
"20160112152094","New Jersey",64,"Male","Native, Born in USA","Married","Non-Veteran","No","Employed","Yes","Private, nonprofit","No answer","Full time",35,"$75,000 to $99,999",2,0,"No","No difficulty",50,0,0,0,0,245,105,0,0,0,2,0,453,0,0,70,515,465,50,0,105,0,0,245
"20160706161192","California",45,"Female","Native, Born in USA","Never married","Non-Veteran","No","Employed","No","Private, for profit","No answer","Full time",35,"$25,000 to $29,999",1,0,"No","No difficulty",55,40,0,0,0,107,85,0,0,0,30,0,378,0,0,180,565,470,95,0,85,0,0,107
"20160504161497","Nevada",35,"Male","Native, Born in USA","Married","Non-Veteran","No","Employed","No","Private, for profit","No answer","Full time",40,"$50,000 to $59,999",5,3,"Yes","No difficulty",34,0,0,0,80,274,50,0,0,0,0,0,427,0,0,152,423,393,30,0,50,0,0,274
"20160808160520","North Carolina",68,"Male","Native, Born in USA","Divored","Non-Veteran","No","Not in labor force","No answer","No answer","Retired","No answer",NA,"$40,000 to $49,999",2,0,"No","No difficulty",70,0,0,0,0,335,180,0,0,0,105,0,0,0,0,300,450,450,0,0,180,0,0,335
"20160201161024","Mississippi",69,"Female","Native, Born in USA","Widowed","Non-Veteran","No","Not in labor force","No answer","No answer","No answer","No answer",NA,"$12,500 to $14,999",5,3,"Yes","Has difficulty",0,0,0,0,120,705,75,0,0,0,0,0,0,0,0,0,540,540,0,0,75,0,0,705
"20160807161147","Utah",76,"Female","Native, Born in USA","Widowed","Non-Veteran","No","Not in labor force","No answer","No answer","Retired","No answer",NA,"$20,000 to $24,999",1,0,"No","No difficulty",0,0,0,0,0,635,0,0,0,0,0,0,0,0,0,200,605,585,20,0,0,0,0,635
"20160504161300","Iowa",55,"Female","Native, Born in USA","Divored","Non-Veteran","No","Not in labor force","No answer","No answer","No answer","No answer",NA,"Less than $5,000",2,1,"Yes","Has difficulty",45,0,0,0,0,755,0,0,0,0,0,0,0,0,15,30,535,505,30,0,0,0,0,755
"20160908161253","Maryland",74,"Female","Native, Born in USA","Widowed","Non-Veteran","No","Not in labor force","No answer","No answer","No answer","No answer",NA,"$15,000 to $19,999",1,0,"No","Has difficulty",112,0,0,150,0,198,35,0,0,0,0,0,0,0,0,40,905,878,17,10,35,0,0,198
"20160605160725","New Jersey",36,"Male","Native, Born in USA","Married","Non-Veteran","No","Employed","No","Government, federal","No answer","Full time",40,"$100,000 to $149,999",4,2,"Yes","No difficulty",105,0,0,0,45,160,60,0,0,0,0,0,475,0,0,0,595,535,60,0,60,0,0,160
"20160605162270","Mississippi",40,"Female","Native, Born in USA","Married","Non-Veteran","No","Employed","No","Private, for profit","No answer","Full time",40,"$20,000 to $24,999",2,1,"Yes","No difficulty",85,0,0,0,0,145,60,0,0,0,15,0,455,0,0,110,570,495,75,0,60,0,0,145
"20160201161262","Massachusetts",55,"Male","Native, Born in USA","Married","Non-Veteran","No","Employed","No","Self-employed, incorporated","No answer","Full time",44,"$150,000 and over",4,2,"Yes","No difficulty",240,0,0,0,0,570,30,0,0,0,0,0,0,0,0,0,600,570,30,0,30,0,0,570
"20160807161624","Minnesota",39,"Female","Native, Born in USA","Married","Non-Veteran","No","Employed","No","Private, for profit","No answer","Full time",60,"$150,000 and over",5,3,"Yes","No difficulty",80,0,90,0,0,70,150,0,0,0,0,0,0,0,30,331,574,559,15,0,150,0,0,70
"20161008162087","Missori",51,"Male","Native, Born in USA","Married","Non-Veteran","No","Employed","No","Private, nonprofit","No answer","Full time",45,"$100,000 to $149,999",4,0,"No","No difficulty",60,0,0,0,265,120,45,0,0,0,0,0,0,0,0,315,635,540,95,0,45,0,0,120
"20160112151787","Arizona",42,"Male","Native, Born in USA","Divored","Non-Veteran","No","Employed","No","Private, for profit","No answer","Full time",40,"$100,000 to $149,999",3,2,"Yes","No difficulty",115,0,0,90,0,0,105,0,0,0,0,0,485,0,10,105,530,480,50,0,105,0,0,0
"20160807160707","Georgia",36,"Female","Native, Born in USA","Married","Non-Veteran","No","Employed","No","Government, local","No answer","Full time",43,"$100,000 to $149,999",3,1,"Yes","No difficulty",65,0,0,0,0,50,40,0,0,0,5,0,680,0,30,20,550,480,70,0,40,0,0,50
"20160504160874","California",33,"Female","Native, Born in USA","Married","Non-Veteran","No","Employed","No","Private, for profit","No answer","Part time",20,"$100,000 to $149,999",5,3,"Yes","No difficulty",20,15,60,120,0,80,120,0,0,0,0,0,0,0,315,195,515,445,65,5,120,0,0,80
"20160201161776","New Jersey",65,"Male","Native, Born in USA","Married","Non-Veteran","No","Not in labor force","No answer","No answer","Retired","No answer",NA,"$150,000 and over",3,0,"No","No difficulty",20,0,0,0,0,1112,0,0,0,0,8,0,0,0,0,0,300,300,0,0,0,0,0,1112
"20161211162052","Ohio",53,"Female","Native, Born in USA","Married","Non-Veteran","No","Not in labor force","No answer","No answer","Retired","No answer",NA,"$60,000 to $74,999",3,0,"No","No difficulty",240,0,0,195,0,375,45,0,0,0,15,0,0,0,0,35,535,445,90,0,45,0,0,375
"20160706160008","Florida",80,"Male","Native, Born in USA","Married","Veteran","No","Not in labor force","No answer","No answer","Retired","No answer",NA,"$40,000 to $49,999",2,0,"No","No difficulty",0,0,0,0,30,955,32,0,0,0,0,0,0,0,0,0,423,417,6,0,32,0,0,955
"20160605160516","Washington",78,"Male","Native, Born in USA","Married","Non-Veteran","No","Not in labor force","No answer","No answer","Retired","No answer",NA,"$40,000 to $49,999",2,0,"No","No difficulty",180,0,0,0,0,450,60,0,0,0,0,0,0,0,0,210,540,540,0,0,60,0,0,450
"20160112152465","Kentucky",43,"Female","Native, Born in USA","Divored","Non-Veteran","No","Employed","No","Private, for profit","No answer","Full time",38,"$35,000 to $39,999",3,2,"Yes","No difficulty",30,0,0,0,0,437,20,0,0,0,7,0,0,0,40,115,780,720,60,0,20,0,0,437
"20160504160521","Indiana",58,"Female","Native, Born in USA","Divored","Veteran","No","Employed","No","Private, for profit","No answer","Full time",35,"$60,000 to $74,999",1,0,"No","No difficulty",45,0,0,0,0,239,70,0,0,0,0,0,425,0,0,0,661,630,31,0,70,0,0,239
"20160706161190","Louisiana",28,"Female","Native, Born in USA","Never married","Non-Veteran","No","Employed","No","Private, for profit","No answer","Full time",60,"$100,000 to $149,999",1,0,"No","No difficulty",35,0,20,0,0,330,30,0,0,90,60,0,160,0,0,65,650,620,30,0,30,0,0,330
"20160302161430","South Carolina",60,"Female","Native, Born in USA","Separated","Non-Veteran","No","Not in labor force","No answer","No answer","No answer","No answer",NA,"$10,000 to $12,499",1,0,"No","Has difficulty",270,0,0,0,0,225,10,0,0,280,35,0,0,160,0,0,460,345,115,0,10,0,0,225
"20160301160579","Kentucky",71,"Male","Native, Born in USA","Married","Veteran","No","Not in labor force","No answer","No answer","Retired","No answer",NA,"$100,000 to $149,999",2,0,"No","No difficulty",750,0,0,0,0,120,60,0,0,0,0,0,0,0,0,120,390,390,0,0,60,0,0,120
"20160606160662","Pennsylvania",31,"Male","Native, Born in USA","Married","Non-Veteran","No","Employed","Yes","Private, for profit","No answer","Full time",55,"$75,000 to $99,999",2,0,"No","No difficulty",140,0,0,0,0,120,55,0,0,0,15,0,630,0,0,0,480,450,30,0,55,0,0,120
"20161110161746","Ohio",49,"Female","Native, Born in USA","Never married","Non-Veteran","No","Employed","No","Private, for profit","No answer","Part time",32,"$50,000 to $59,999",3,1,"Yes","No difficulty",20,0,0,0,0,231,35,0,0,0,0,0,0,4,465,150,495,495,0,0,35,0,0,231
"20160707161557","Missori",58,"Female","Native, Born in USA","Married","Non-Veteran","No","Not in labor force","No answer","No answer","Retired","No answer",NA,"$100,000 to $149,999",2,0,"No","No difficulty",0,0,0,0,45,374,20,0,0,0,0,0,0,76,0,410,500,480,15,5,20,0,0,374
"20161009162366","California",35,"Female","Native, Born in USA","Divored","Non-Veteran","No","Employed","No","Private, for profit","No answer","Full time",40,"$30,000 to $34,999",4,3,"Yes","No difficulty",73,25,0,0,45,225,47,0,0,17,0,0,0,0,408,167,433,433,0,0,47,0,0,225
"20160201162160","Connecticut",80,"Male","Native, Born in USA","Widowed","Veteran","No","Not in labor force","No answer","No answer","Retired","No answer",NA,"$60,000 to $74,999",2,0,"No","No difficulty",0,0,0,0,0,720,180,0,0,0,0,0,0,0,0,300,240,240,0,0,180,0,0,720
"20160403161095","South Carolina",51,"Female","Native, Born in USA","Married","Non-Veteran","No","Employed","No","Private, for profit","No answer","Full time",40,"$150,000 and over",2,0,"No","No difficulty",24,0,0,0,0,30,90,0,0,0,135,0,0,360,0,180,621,546,75,0,90,0,0,30
"20161009160148","Ohio",71,"Female","Native, Born in USA","Married","Non-Veteran","No","Not in labor force","No answer","No answer","Retired","No answer",NA,"$50,000 to $59,999",2,0,"No","Has difficulty",50,30,180,0,0,240,50,0,0,0,60,0,0,45,0,195,500,480,20,0,50,0,0,240
"20161009161369","California",59,"Male","Native, Born in USA","Married","Non-Veteran","No","Employed","No","Private, for profit","No answer","Full time",40,"$75,000 to $99,999",2,0,"No","No difficulty",225,0,0,0,0,90,30,0,0,0,0,0,450,0,0,102,543,520,22,1,30,0,0,90
"20160605162397","Hawaii",53,"Male","Foreign born, not US citizen","Married","Non-Veteran","No","Employed","No","Self-employed, unincorporated","No answer","Full time",40,"$40,000 to $49,999",2,0,"No","No difficulty",168,0,0,0,0,400,120,0,0,0,0,0,180,2,0,0,570,540,30,0,120,0,0,400
"20160605160552","Oklahoma",59,"Female","Native, Born in USA","Married","Non-Veteran","No","Employed","No","Private, for profit","No answer","Part time",25,"$25,000 to $29,999",2,0,"No","No difficulty",5,0,0,0,0,67,170,0,0,0,15,0,314,0,0,296,528,495,33,0,170,0,0,67
"20161009162232","Michigan",61,"Female","Native, Born in USA","Divored","Non-Veteran","No","Not in labor force","No answer","No answer","No answer","No answer",NA,"$10,000 to $12,499",1,0,"No","Has difficulty",0,0,0,0,0,540,25,0,0,0,0,0,0,0,0,12,863,796,65,2,25,0,0,540
"20161009160109","Tennessee",85,"Male","Native, Born in USA","Widowed","Veteran","No","Not in labor force","No answer","No answer","Retired","No answer",NA,"$35,000 to $39,999",1,0,"No","Has difficulty",75,20,90,320,60,175,60,0,0,0,0,0,0,0,0,0,640,525,115,0,60,0,0,175
"20160403160949","New York",77,"Male","Native, Born in USA","Widowed","Non-Veteran","No","Not in labor force","No answer","No answer","Retired","No answer",NA,"$60,000 to $74,999",1,0,"No","No difficulty",40,0,0,60,0,300,90,0,0,0,0,0,0,0,0,310,530,435,95,0,90,0,0,300
"20160808160754","Minnesota",85,"Male","Native, Born in USA","Married","Non-Veteran","No","Not in labor force","No answer","No answer","Retired","No answer",NA,"$40,000 to $49,999",2,0,"No","No difficulty",0,0,0,0,0,240,210,0,0,90,0,0,0,0,0,30,780,705,75,0,210,0,0,240
"20161008160660","Nebraska",55,"Male","Native, Born in USA","Divored","Non-Veteran","No","Not in labor force","No answer","No answer","No answer","No answer",NA,"$60,000 to $74,999",1,0,"No","No difficulty",0,0,0,0,0,705,15,0,0,0,0,0,0,0,0,60,660,660,0,0,15,0,0,705
"20161009160856","California",25,"Female","Native, Born in USA","Never married","Non-Veteran","No","Employed","No","Private, for profit","No answer","Part time",32,"$40,000 to $49,999",5,1,"Yes","No difficulty",0,0,0,0,0,810,60,0,0,0,0,0,0,0,0,0,570,480,90,0,60,0,0,810
"20160706162104","Florida",58,"Male","Native, Born in USA","Divored","Non-Veteran","No","Not in labor force","No answer","No answer","No answer","No answer",NA,"$50,000 to $59,999",1,0,"No","Has difficulty",60,0,0,0,0,380,20,0,0,225,0,0,0,0,0,90,665,630,35,0,20,0,0,380
"20160403160525","Indiana",40,"Female","Native, Born in USA","Married","Non-Veteran","No","Employed","No","Private, for profit","No answer","Part time",34,"$100,000 to $149,999",5,3,"Yes","No difficulty",110,0,0,0,0,0,55,0,0,0,0,0,485,0,153,60,577,557,20,0,55,0,0,0
"20160302160849","California",77,"Male","Foreign born, US citizen","Divored","Non-Veteran","No","Not in labor force","No answer","No answer","Retired","No answer",NA,"$75,000 to $99,999",1,0,"No","No difficulty",0,0,0,0,0,610,50,0,0,0,0,0,0,0,0,0,780,760,20,0,50,0,0,610
"20160112152349","Kentucky",34,"Female","Native, Born in USA","Never married","Non-Veteran","No","Employed","No","Government, state","No answer","Full time",45,"$40,000 to $49,999",1,0,"No","No difficulty",85,0,0,0,0,150,65,0,0,0,70,0,551,0,0,55,464,439,25,0,65,0,0,150
"20160111152341","California",18,"Male","Native, Born in USA","Never married","Non-Veteran","No","Employed","No","Private, for profit","No answer","Part time",30,"$50,000 to $59,999",5,1,"Yes","No difficulty",45,0,0,0,0,360,20,0,0,0,15,0,240,0,0,120,640,640,0,0,20,0,0,360
"20160201160743","Ohio",71,"Female","Native, Born in USA","Divored","Non-Veteran","No","Not in labor force","No answer","No answer","Retired","No answer",NA,"$25,000 to $29,999",1,0,"No","No difficulty",0,0,0,0,0,725,20,0,0,0,0,0,0,0,0,145,550,510,40,0,20,0,0,725
"20160403160840","California",33,"Female","Native, Born in USA","Never married","Non-Veteran","No","Employed","No","Private, nonprofit","No answer","Full time",40,"$75,000 to $99,999",1,0,"No","No difficulty",126,0,0,70,0,285,205,0,0,0,32,0,0,10,0,15,697,607,90,0,205,0,0,285
"20160605160765","New York",53,"Female","Native, Born in USA","Never married","Non-Veteran","No","Employed","No","Government, state","No answer","Full time",40,"$15,000 to $19,999",2,0,"No","No difficulty",125,0,0,0,0,0,0,0,0,90,165,0,485,0,0,25,550,470,80,0,0,0,0,0
"20160604160649","Massachusetts",45,"Male","Native, Born in USA","Married","Non-Veteran","No","Employed","No","Private, for profit","No answer","Full time",40,"$150,000 and over",4,2,"Yes","No difficulty",117,0,0,0,0,96,35,0,0,0,0,0,411,0,151,80,480,460,20,0,35,0,0,96
"20161009162201","Alaska",80,"Female","Native, Born in USA","Never married","Non-Veteran","No","Not in labor force","No answer","No answer","Retired","No answer",NA,"$50,000 to $59,999",2,0,"No","Has difficulty",30,0,0,0,0,360,110,0,0,0,30,0,0,0,0,205,705,675,20,10,110,0,0,360
"20161009161024","Illinois",59,"Female","Native, Born in USA","Separated","Non-Veteran","No","Employed","No","Government, local","No answer","Full time",38,"$35,000 to $39,999",1,0,"No","No difficulty",55,0,0,0,0,243,85,0,0,0,60,0,415,0,0,27,555,485,70,0,85,0,0,243
"20161010161698","Michigan",44,"Female","Native, Born in USA","Married","Non-Veteran","No","Employed","No","Private, for profit","No answer","Part time",15,"$75,000 to $99,999",6,3,"Yes","No difficulty",50,0,0,205,0,380,115,0,0,0,0,0,0,0,0,45,645,585,60,0,115,0,0,380
"20160403160541","Kentucky",16,"Female","Native, Born in USA","Never married","No answer","No","Not in labor force","No answer","No answer","No answer","No answer",NA,"$75,000 to $99,999",5,3,"Yes","No difficulty",125,0,0,0,115,230,20,0,0,0,0,410,0,0,0,20,520,420,100,0,20,410,0,230
"20161010161360","Connecticut",74,"Female","Native, Born in USA","Widowed","Non-Veteran","No","Not in labor force","No answer","No answer","Retired","No answer",NA,"$60,000 to $74,999",1,0,"No","No difficulty",80,0,0,0,0,345,45,0,105,20,125,0,0,0,0,150,570,570,0,0,45,0,0,345
"20160403160897","Texas",30,"Female","Native, Born in USA","Married","Non-Veteran","No","Employed","No","Private, for profit","No answer","Full time",NA,"$12,500 to $14,999",2,0,"No","No difficulty",400,60,0,0,0,200,110,0,0,0,40,0,0,0,0,95,535,485,50,0,110,0,0,200
"20160404161684","New Jersey",43,"Female","Foreign born, US citizen","Married","Non-Veteran","No","Employed","No","Private, for profit","No answer","Part time",20,"$50,000 to $59,999",4,2,"Yes","No difficulty",90,0,0,115,0,121,60,0,0,0,0,0,0,0,194,20,645,615,30,0,60,0,0,121
"20161009160550","Oklahoma",37,"Female","Foreign born, not US citizen","Married","Non-Veteran","No","Employed","No","Private, for profit","No answer","Full time",40,"$150,000 and over",4,2,"Yes","No difficulty",70,0,0,15,75,70,61,0,0,0,0,0,494,0,95,7,553,470,83,0,61,0,0,70
"20161109161847","Georgia",38,"Female","Native, Born in USA","Never married","Non-Veteran","No","Employed","No","Private, for profit","No answer","Part time",3,"$40,000 to $49,999",1,0,"No","No difficulty",39,0,0,0,233,270,120,0,0,0,10,0,0,0,0,200,420,420,0,0,120,0,0,270
"20161008160872","Hawaii",48,"Female","Native, Born in USA","Married","Non-Veteran","No","Not in labor force","No answer","No answer","No answer","No answer",NA,"$35,000 to $39,999",4,1,"Yes","Has difficulty",20,0,0,0,0,330,75,0,0,0,0,0,0,0,180,45,790,760,30,0,75,0,0,330
"20160504161323","Oklahoma",56,"Female","Native, Born in USA","Married","Non-Veteran","No","Not in labor force","No answer","No answer","Retired","No answer",NA,"$15,000 to $19,999",3,1,"Yes","Has difficulty",0,0,0,0,0,0,30,0,0,0,0,0,0,0,0,630,780,735,45,0,30,0,0,0
"20160504161557","Colorado",49,"Male","Native, Born in USA","Married","Non-Veteran","No","Employed","No","Private, for profit","No answer","Full time",55,"$100,000 to $149,999",6,1,"Yes","No difficulty",75,0,0,0,60,185,150,0,0,0,0,0,0,0,0,190,780,780,0,0,150,0,0,185
"20160908161835","Idaho",31,"Female","Native, Born in USA","Divored","Non-Veteran","No","Employed","Yes","Government, state","No answer","Full time",47,"$5,000 to $7,499",5,2,"Yes","No difficulty",75,0,0,0,75,15,60,0,0,0,0,0,560,0,45,40,495,435,60,0,60,0,0,15
"20160807161063","Washington",71,"Female","Foreign born, US citizen","Divored","Non-Veteran","No","Not in labor force","No answer","No answer","Retired","No answer",NA,"$60,000 to $74,999",1,0,"No","No difficulty",50,0,0,0,0,280,60,0,0,0,30,0,0,110,0,221,669,554,115,0,60,0,0,280
"20160606161072","Tennessee",34,"Male","Native, Born in USA","Divored","Non-Veteran","No","Employed","No","Private, for profit","No answer","Full time",40,"$40,000 to $49,999",2,0,"No","No difficulty",235,0,0,75,0,355,125,0,0,0,45,0,0,85,0,30,490,450,40,0,105,0,0,355
"20160706161342","Maryland",65,"Female","Native, Born in USA","Never married","Non-Veteran","No","Not in labor force","No answer","No answer","No answer","No answer",NA,"$30,000 to $34,999",2,1,"Yes","Has difficulty",40,55,0,0,0,30,15,0,0,0,0,0,0,0,147,523,530,510,20,0,15,0,0,30
"20161010162304","South Dakota",73,"Male","Native, Born in USA","Married","Non-Veteran","No","Not in labor force","No answer","No answer","Retired","No answer",NA,"$20,000 to $24,999",2,0,"No","No difficulty",50,0,0,205,0,305,75,0,0,0,5,0,0,25,0,55,720,620,100,0,75,0,0,305
"20160808161323","Utah",71,"Male","Native, Born in USA","Divored","Non-Veteran","No","Employed","Yes","Self-employed, unincorporated","No answer","Full time",NA,"$40,000 to $49,999",1,0,"No","No difficulty",30,30,0,0,0,420,105,0,0,0,0,0,60,0,0,210,525,465,60,0,105,0,0,420
"20160605160517","Washington",28,"Male","Native, Born in USA","Married","Non-Veteran","No","Employed","Yes","Private, for profit","No answer","Full time",57,"$60,000 to $74,999",4,2,"Yes","No difficulty",80,0,0,0,0,238,30,0,0,0,0,0,490,0,100,15,487,452,35,0,30,0,0,238
"20160302160949","North Carolina",60,"Female","Native, Born in USA","Married","Non-Veteran","No","Employed","No","Private, for profit","No answer","Full time",45,"$40,000 to $49,999",3,1,"Yes","No difficulty",150,0,0,0,0,400,30,0,0,0,45,0,0,0,0,115,700,585,115,0,30,0,0,400
"20161110161251","Florida",31,"Female","Native, Born in USA","Never married","Non-Veteran","No","Employed","No","Private, for profit","No answer","Part time",15,"$25,000 to $29,999",3,2,"Yes","No difficulty",0,0,0,0,0,0,30,0,0,0,0,0,855,0,0,0,555,510,45,0,30,0,0,0
"20160403161288","Kentucky",85,"Female","Native, Born in USA","Divored","Non-Veteran","No","Not in labor force","No answer","No answer","No answer","No answer",NA,"$12,500 to $14,999",5,2,"Yes","Has difficulty",58,0,0,0,0,440,60,0,0,0,0,0,0,20,10,63,690,630,60,0,60,0,0,440
"20160202162198","Florida",70,"Male","Native, Born in USA","Married","Non-Veteran","No","Not in labor force","No answer","No answer","No answer","No answer",NA,"$35,000 to $39,999",3,0,"No","Has difficulty",40,60,0,0,150,320,60,0,0,0,55,0,20,0,0,90,645,570,75,0,60,0,0,320
"20161009161126","North Carolina",76,"Female","Native, Born in USA","Widowed","Non-Veteran","No","Not in labor force","No answer","No answer","Retired","No answer",NA,"$10,000 to $12,499",3,1,"Yes","Has difficulty",30,0,0,0,0,580,30,0,0,0,0,0,0,0,210,30,560,540,20,0,30,0,0,580
"20160706160989","New York",31,"Female","Native, Born in USA","Married","Non-Veteran","No","Employed","No","Private, nonprofit","No answer","Full time",35,"$100,000 to $149,999",3,1,"Yes","No difficulty",40,0,0,60,0,530,30,0,0,0,0,0,0,0,30,90,660,620,40,0,30,0,0,530
"20161110160905","Maine",34,"Female","Native, born abroad","Never married","Non-Veteran","No","Employed","No","Private, for profit","No answer","Full time",43,"$75,000 to $99,999",3,1,"Yes","No difficulty",135,0,0,0,0,0,20,0,0,0,45,75,540,0,130,0,495,480,15,0,20,0,75,0
"20161009162410","New York",42,"Female","Foreign born, not US citizen","Married","Non-Veteran","No","Employed","No","Private, for profit","No answer","Full time",36,"$75,000 to $99,999",4,2,"Yes","No difficulty",30,0,0,15,60,330,0,0,0,0,0,0,0,0,0,495,510,460,50,0,0,0,0,330
"20160112150814","Missori",66,"Female","Native, Born in USA","Married","Non-Veteran","No","Not in labor force","No answer","No answer","Retired","No answer",NA,"$30,000 to $34,999",3,0,"No","No difficulty",128,0,0,0,0,254,60,0,0,0,0,0,0,62,185,361,390,390,0,0,60,0,0,254
"20160403161935","California",38,"Female","Native, born abroad","Married","Non-Veteran","No","Employed","No","Self-employed, unincorporated","No answer","Full time",45,"$50,000 to $59,999",5,3,"Yes","No difficulty",10,0,0,122,0,55,90,0,0,0,25,0,593,0,25,80,440,415,25,0,90,0,0,55
"20161111160971","Florida",66,"Female","Foreign born, US citizen","Never married","Non-Veteran","No","Not in labor force","No answer","No answer","Retired","No answer",NA,"$30,000 to $34,999",2,0,"No","No difficulty",0,0,0,0,0,815,35,0,0,0,0,0,0,0,0,0,590,360,20,210,35,0,0,815
"20161110160840","Colorado",60,"Male","Native, Born in USA","Divored","Non-Veteran","No","Employed","No","Private, for profit","No answer","Full time",40,"$20,000 to $24,999",1,0,"No","No difficulty",60,0,0,0,0,720,90,0,0,0,0,0,0,0,0,0,570,510,60,0,90,0,0,720
"20160112151124","Ohio",32,"Male","Native, Born in USA","Never married","Non-Veteran","No","Employed","No","Private, for profit","No answer","Full time",45,"$100,000 to $149,999",2,0,"No","No difficulty",16,0,0,0,0,487,120,0,0,0,60,0,60,0,0,267,430,420,10,0,120,0,0,487
"20161211161299","Colorado",16,"Female","Native, Born in USA","Never married","No answer","No","Not in labor force","No answer","No answer","No answer","No answer",NA,"$75,000 to $99,999",7,2,"Yes","No difficulty",30,0,0,0,0,210,70,0,0,0,0,520,0,0,20,0,590,525,65,0,70,310,210,210
"20160806161548","Florida",50,"Female","Foreign born, US citizen","Divored","Non-Veteran","No","Employed","No","Private, for profit","No answer","Full time",40,"$40,000 to $49,999",3,0,"No","No difficulty",105,0,0,0,0,60,70,0,0,0,0,0,540,0,0,285,380,305,75,0,70,0,0,60
"20161009161734","Washington",74,"Male","Native, Born in USA","Married","Non-Veteran","No","Not in labor force","No answer","No answer","Retired","No answer",NA,"Less than $5,000",5,1,"Yes","No difficulty",0,0,0,0,0,480,120,0,0,0,0,0,0,0,0,55,785,720,65,0,120,0,0,480
"20160112151504","California",43,"Male","Native, Born in USA","Never married","Non-Veteran","No","Employed","No","Private, for profit","No answer","Full time",40,"$150,000 and over",3,1,"Yes","No difficulty",60,0,0,0,0,330,90,0,0,0,180,0,0,0,0,240,540,510,30,0,90,0,0,330
"20161210162284","Mississippi",67,"Male","Native, Born in USA","Divored","Non-Veteran","No","Not in labor force","No answer","No answer","No answer","No answer",NA,"$30,000 to $34,999",1,0,"No","No difficulty",0,0,0,0,0,715,35,0,0,0,0,0,0,0,0,90,600,600,0,0,35,0,0,715
"20160111151601","Tennessee",61,"Male","Native, Born in USA","Never married","Non-Veteran","No","Not in labor force","No answer","No answer","Retired","No answer",NA,"$40,000 to $49,999",1,0,"No","Has difficulty",0,0,0,0,0,495,60,0,0,90,0,0,0,0,0,375,420,420,0,0,60,0,0,495
"20161009160638","Pennsylvania",46,"Male","Foreign born, not US citizen","Married","Non-Veteran","No","Not in labor force","No answer","No answer","No answer","No answer",NA,"$150,000 and over",4,1,"Yes","No difficulty",35,60,0,0,0,390,90,0,0,0,165,0,0,0,0,85,615,570,45,0,90,0,0,390
"20161009161970","South Carolina",30,"Female","Native, Born in USA","Divored","Non-Veteran","No","Employed","Yes","Private, for profit","No answer","Part time",24,"$20,000 to $24,999",2,1,"Yes","No difficulty",45,0,0,0,0,499,0,0,0,0,0,0,404,0,61,0,431,405,21,5,0,0,0,499
"20160504161631","Washington",71,"Female","Foreign born, not US citizen","Widowed","Non-Veteran","No","Not in labor force","No answer","No answer","Retired","No answer",NA,"$50,000 to $59,999",1,0,"No","No difficulty",30,75,0,0,120,375,215,0,0,10,30,0,0,0,0,155,430,295,135,0,215,0,0,375
"20161211161085","Pennsylvania",85,"Male","Native, Born in USA","Widowed","Veteran","No","Not in labor force","No answer","No answer","Retired","No answer",NA,"$35,000 to $39,999",1,0,"No","No difficulty",0,40,0,0,0,485,60,0,0,0,0,0,0,0,0,30,765,765,0,0,60,0,0,485
"20160302162301","Florida",18,"Male","Native, Born in USA","Never married","Non-Veteran","No","Not in labor force","No answer","No answer","No answer","No answer",NA,"$60,000 to $74,999",3,0,"No","No difficulty",65,0,0,0,0,395,30,0,0,180,0,0,0,0,0,50,720,720,0,0,30,0,0,395
"20161009162163","Florida",52,"Female","Native, Born in Territory","Divored","Non-Veteran","No","Employed","No","Private, for profit","No answer","Full time",40,"$40,000 to $49,999",1,0,"No","No difficulty",10,15,0,0,0,499,15,0,0,0,0,0,3,0,0,135,763,717,45,1,15,0,0,499
"20161211161953","Washington",27,"Female","Native, Born in USA","Never married","Non-Veteran","No","Employed","No","Private, for profit","No answer","Part time",32,"$35,000 to $39,999",3,0,"No","No difficulty",8,0,0,0,0,643,23,0,0,0,10,0,0,0,0,45,711,660,50,1,23,0,0,643
"20160505161277","Oregon",43,"Female","Native, Born in USA","Divored","Non-Veteran","No","Employed","No","Self-employed, unincorporated","No answer","Part time",25,"$50,000 to $59,999",3,2,"Yes","No difficulty",64,0,0,0,0,530,20,0,0,3,0,0,307,0,6,0,510,480,30,0,20,0,0,530
"20160908160672","Washington",23,"Female","Native, Born in USA","Never married","Non-Veteran","No","Employed","No","Government, state","No answer","Full time",40,"$20,000 to $24,999",1,0,"No","No difficulty",10,0,0,0,0,445,60,0,0,0,60,0,0,0,0,105,760,750,10,0,60,0,0,445
"20161010161149","Wyoming",74,"Female","Native, Born in USA","Widowed","Non-Veteran","No","Not in labor force","No answer","No answer","Retired","No answer",NA,"$20,000 to $24,999",1,0,"No","No difficulty",62,15,0,0,0,462,50,0,0,0,40,0,0,3,0,160,648,528,120,0,50,0,0,462
"20160201161443","Pennsylvania",30,"Female","Native, Born in USA","Married","Non-Veteran","No","Not in labor force","No answer","No answer","No answer","No answer",NA,"$75,000 to $99,999",3,1,"Yes","No difficulty",48,0,0,0,0,252,155,0,0,0,25,0,0,0,0,0,960,870,90,0,155,0,0,252
"20160707161213","Virginia",21,"Female","Native, Born in USA","Never married","Non-Veteran","No","Employed","No","Private, for profit","No answer","Part time",20,"$100,000 to $149,999",2,0,"No","No difficulty",60,0,0,0,0,160,160,0,0,0,45,0,450,20,0,0,545,420,125,0,160,0,0,160
"20160202160799","Michigan",34,"Female","Native, Born in USA","Never married","Non-Veteran","No","Unemployed, Looking","No answer","No answer","No answer","No answer",NA,"$50,000 to $59,999",3,0,"No","No difficulty",80,20,0,0,0,240,135,0,0,118,90,0,60,2,0,20,675,580,95,0,135,0,0,240
"20161210160702","Colorado",50,"Female","Native, born abroad","Married","Non-Veteran","No","Employed","No","Private, for profit","No answer","Part time",24,"$35,000 to $39,999",4,2,"Yes","No difficulty",31,60,0,0,0,167,59,0,0,0,15,0,452,0,1,70,585,565,20,0,59,0,0,167
"20161110162092","Michigan",34,"Female","Native, Born in USA","Married","Non-Veteran","No","Employed","No","Private, nonprofit","No answer","Part time",5,"$50,000 to $59,999",4,2,"Yes","No difficulty",50,0,0,0,0,165,80,0,0,0,90,0,0,0,7,450,508,488,20,0,80,0,0,165
"20161211162407","Pennsylvania",61,"Male","Native, Born in USA","Widowed","Non-Veteran","No","Employed","No","Private, for profit","No answer","Full time",45,"$150,000 and over",1,0,"No","No difficulty",397,0,0,0,0,279,127,0,0,0,52,0,0,0,0,40,545,495,50,0,101,0,0,279
"20161110160754","Iowa",25,"Male","Native, Born in USA","Married","Non-Veteran","No","Employed","No","Private, for profit","No answer","Full time",40,"$60,000 to $74,999",3,1,"Yes","No difficulty",55,0,0,0,0,384,45,0,30,0,0,0,448,0,62,57,359,330,29,0,45,0,0,384
"20161210161902","Massachusetts",80,"Female","Native, Born in USA","Never married","Non-Veteran","No","Not in labor force","No answer","No answer","Retired","No answer",NA,"$7,500 to $9,999",1,0,"No","Has difficulty",0,0,0,0,0,1020,60,0,0,0,0,0,0,0,0,60,300,300,0,0,60,0,0,1020
"20160301162234","Michigan",60,"Female","Native, Born in USA","Never married","Non-Veteran","No","Not in labor force","No answer","No answer","No answer","No answer",NA,"$35,000 to $39,999",4,1,"Yes","No difficulty",155,98,0,0,0,383,60,0,0,105,11,0,0,0,0,103,525,450,75,0,60,0,0,383
"20160201161693","Kansas",51,"Male","Native, Born in USA","Never married","Non-Veteran","No","Employed","No","Private, for profit","No answer","Full time",45,"$75,000 to $99,999",1,0,"No","No difficulty",0,0,0,0,0,403,30,0,0,0,0,0,233,0,0,264,510,510,0,0,30,0,0,403
"20160201161097","Florida",78,"Male","Native, Born in USA","Married","Veteran","No","Not in labor force","No answer","No answer","Retired","No answer",NA,"$150,000 and over",2,0,"No","No difficulty",111,0,0,0,40,359,170,0,3,0,130,0,0,0,0,17,610,540,70,0,130,0,0,359
"20160301161325","California",16,"Female","Native, Born in USA","Never married","No answer","No","Unemployed, Looking","No answer","No answer","No answer","No answer",NA,"$12,500 to $14,999",4,1,"Yes","Has difficulty",21,138,0,0,0,300,20,0,0,0,90,60,60,1,0,0,750,690,60,0,20,0,60,300
"20160111151181","Wisconsin",16,"Female","Native, Born in USA","Never married","No answer","No","Employed","No","Private, for profit","No answer","Part time",8,"$75,000 to $99,999",5,1,"Yes","No difficulty",110,0,105,0,60,70,65,0,0,0,0,545,0,0,0,5,480,410,70,0,65,435,110,70
"20160908161109","Texas",71,"Male","Native, Born in USA","Married","Non-Veteran","No","Employed","No","Private, for profit","No answer","Full time",60,"$150,000 and over",2,0,"No","No difficulty",80,0,0,0,220,300,110,0,0,0,85,0,30,0,0,110,505,465,40,0,110,0,0,300
"20160908161485","Tennessee",62,"Male","Native, Born in USA","Married","Veteran","No","Employed","No","Self-employed, incorporated","No answer","Full time",36,"$20,000 to $24,999",3,1,"Yes","No difficulty",35,0,0,10,0,435,75,0,0,0,40,0,0,0,90,105,650,590,60,0,75,0,0,435
"20160605162007","New Mexico",61,"Female","Native, Born in USA","Divored","Non-Veteran","No","Not in labor force","No answer","No answer","Retired","No answer",NA,"$25,000 to $29,999",1,0,"No","No difficulty",90,0,0,0,0,553,90,0,0,0,60,0,0,0,0,62,585,510,75,0,90,0,0,553
"20160202162057","Illinois",76,"Female","Foreign born, US citizen","Widowed","Non-Veteran","No","Not in labor force","No answer","No answer","Retired","No answer",NA,"$15,000 to $19,999",1,0,"No","Has difficulty",60,0,0,0,60,305,80,0,0,0,0,0,0,0,0,265,670,640,30,0,80,0,0,305
"20160302162354","Wisconsin",34,"Male","Native, Born in USA","Married","Non-Veteran","No","Employed","No","Self-employed, incorporated","No answer","Full time",60,"$75,000 to $99,999",5,3,"Yes","No difficulty",190,0,0,0,0,150,75,0,0,0,0,0,420,0,90,0,515,515,0,0,75,0,0,150
"20161110161834","Tennessee",60,"Female","Native, Born in USA","Married","Non-Veteran","No","Employed","No","Private, nonprofit","No answer","Full time",40,"$100,000 to $149,999",2,0,"No","No difficulty",0,0,0,0,0,180,135,0,0,0,0,0,300,0,0,525,300,300,0,0,135,0,0,180
"20161009161194","Alabama",69,"Female","Native, Born in USA","Divored","Non-Veteran","No","Not in labor force","No answer","No answer","No answer","No answer",NA,"$10,000 to $12,499",1,0,"No","Has difficulty",2,0,0,0,0,857,20,0,0,0,0,0,0,0,0,12,549,525,20,4,20,0,0,857
"20161211162058","Kentucky",26,"Male","Native, Born in USA","Married","Non-Veteran","No","Employed","No","Private, for profit","No answer","Full time",45,"$25,000 to $29,999",2,0,"No","No difficulty",120,0,0,0,0,120,60,0,0,0,600,0,0,0,0,0,540,540,0,0,60,0,0,120
"20160403160893","Texas",30,"Female","Native, Born in USA","Married","Non-Veteran","No","Not in labor force","No answer","No answer","No answer","No answer",NA,"$40,000 to $49,999",6,4,"Yes","No difficulty",343,0,0,0,0,82,20,0,0,0,2,0,0,0,290,94,539,481,58,0,20,0,0,82
"20160112151558","North Carolina",43,"Female","Native, Born in USA","Married","Non-Veteran","No","Employed","No","Government, state","No answer","Full time",40,"$75,000 to $99,999",3,1,"Yes","No difficulty",34,0,0,0,0,180,45,0,0,0,60,0,0,0,0,170,951,780,171,0,45,0,0,180
"20160403162509","California",37,"Female","Native, Born in USA","Married","Non-Veteran","No","Not in labor force","No answer","No answer","No answer","No answer",NA,"$50,000 to $59,999",3,1,"Yes","No difficulty",10,0,0,0,0,125,35,0,0,0,45,0,0,0,355,170,600,600,0,0,35,0,0,125
"20160112152128","Ohio",15,"Male","Native, Born in USA","Never married","No answer","No","Not in labor force","No answer","No answer","No answer","No answer",NA,"$20,000 to $24,999",3,1,"Yes","No difficulty",0,0,0,0,0,435,90,0,0,0,0,0,0,0,0,0,915,915,0,0,90,0,0,435
"20160907161664","Colorado",34,"Male","Native, Born in USA","Married","Non-Veteran","No","Employed","No","Private, for profit","No answer","Full time",40,"$30,000 to $34,999",4,2,"Yes","No difficulty",82,0,0,0,0,594,80,0,0,0,9,0,0,0,115,5,450,415,35,0,80,0,0,594
"20160705161533","Massachusetts",51,"Female","Native, Born in USA","Never married","Non-Veteran","No","Not in labor force","No answer","No answer","No answer","No answer",NA,"$7,500 to $9,999",1,0,"No","Has difficulty",225,0,0,0,0,300,60,0,0,0,0,0,0,30,0,20,805,665,140,0,60,0,0,300
"20160807161987","Massachusetts",78,"Female","Native, Born in USA","Divored","Non-Veteran","No","Not in labor force","No answer","No answer","Retired","No answer",NA,"$30,000 to $34,999",1,0,"No","Has difficulty",0,0,0,0,0,570,25,0,0,0,0,0,0,0,0,340,475,460,15,0,25,0,0,570
"20160112152023","Georgia",43,"Female","Native, Born in USA","Divored","Non-Veteran","No","Employed","No","Private, for profit","No answer","Full time",40,"$30,000 to $34,999",3,1,"Yes","No difficulty",22,0,0,105,0,289,165,0,0,0,20,0,0,201,30,63,545,435,110,0,165,0,0,289
"20160111151131","Tennessee",44,"Female","Native, Born in USA","Divored","Non-Veteran","No","Employed","No","Private, for profit","No answer","Full time",40,"$15,000 to $19,999",4,2,"Yes","No difficulty",135,0,0,0,0,435,110,0,0,0,220,0,0,0,0,0,540,510,30,0,110,0,0,435
"20160302161357","Virginia",39,"Female","Native, Born in USA","Separated","Non-Veteran","No","Employed","No","Government, federal","No answer","Full time",40,"$75,000 to $99,999",3,2,"Yes","No difficulty",125,0,0,0,0,0,45,0,0,0,0,0,510,0,140,45,575,500,75,0,45,0,0,0
"20160404161110","Wisconsin",45,"Male","Native, Born in USA","Married","Non-Veteran","No","Employed","Yes","Private, nonprofit","No answer","Full time",59,"$100,000 to $149,999",3,1,"Yes","No difficulty",70,0,25,0,0,165,25,0,0,0,10,0,530,0,77,55,483,400,83,0,25,0,0,165
"20160604162139","Florida",41,"Male","Foreign born, US citizen","Married","Non-Veteran","No","Employed","No","Private, for profit","No answer","Full time",60,"$150,000 and over",5,3,"Yes","No difficulty",86,0,0,0,120,85,190,0,0,0,0,0,584,0,0,0,375,335,40,0,190,0,0,85
"20160504161971","Texas",65,"Female","Foreign born, US citizen","Married","Non-Veteran","No","Employed","No","Self-employed, unincorporated","No answer","Part time",16,"$10,000 to $12,499",2,0,"No","No difficulty",95,0,0,180,0,165,120,0,0,0,150,0,120,0,0,60,550,490,60,0,120,0,0,165
"20160302161850","Alabama",70,"Male","Native, Born in USA","Widowed","Veteran","No","Not in labor force","No answer","No answer","Retired","No answer",NA,"$20,000 to $24,999",1,0,"No","No difficulty",70,0,0,45,45,570,45,0,0,0,60,0,0,0,0,25,580,525,55,0,45,0,0,570
"20161109161407","Ohio",56,"Female","Native, Born in USA","Married","Non-Veteran","No","Employed","No","Government, local","No answer","Full time",70,"$100,000 to $149,999",3,0,"No","No difficulty",34,45,140,0,0,53,30,0,0,0,0,0,568,0,0,60,510,450,60,0,30,0,0,53
"20160202160857","California",33,"Male","Native, Born in USA","Never married","Non-Veteran","No","Employed","No","Private, for profit","No answer","Full time",40,"$100,000 to $149,999",5,0,"No","No difficulty",139,0,0,0,0,219,75,0,0,0,0,0,425,0,87,60,435,405,30,0,75,0,0,219
"20160807161065","Connecticut",38,"Female","Native, Born in Territory","Separated","Non-Veteran","No","Employed","No","Private, for profit","No answer","Full time",40,"$7,500 to $9,999",3,0,"No","No difficulty",60,0,0,0,0,245,40,0,0,0,0,0,565,0,0,140,390,360,30,0,40,0,0,245
"20160504161048","Florida",60,"Male","Native, Born in Territory","Divored","Non-Veteran","No","Employed","No","Private, for profit","No answer","Full time",40,"$35,000 to $39,999",1,0,"No","No difficulty",142,0,31,70,15,306,58,0,0,0,1,0,5,201,0,75,536,448,88,0,58,0,0,306
"20160201161434","Tennessee",47,"Male","Foreign born, US citizen","Married","Non-Veteran","No","Employed","No","Private, for profit","No answer","Full time",40,"$100,000 to $149,999",4,2,"Yes","No difficulty",66,0,0,10,0,165,40,0,0,0,0,0,508,0,120,38,493,478,15,0,40,0,0,165
"20160112152198","South Carolina",60,"Female","Native, Born in USA","Married","Non-Veteran","No","Employed","No","Government, state","No answer","Part time",5,"$25,000 to $29,999",2,0,"No","No difficulty",110,0,0,0,0,55,30,0,0,0,0,0,315,105,0,205,620,570,50,0,30,0,0,55
"20160302161758","Utah",39,"Male","Native, Born in USA","Married","Non-Veteran","No","Employed","No","Government, state","No answer","Full time",40,"$150,000 and over",3,1,"Yes","No difficulty",70,0,0,0,225,105,45,0,0,0,0,0,160,0,180,85,570,540,30,0,45,0,0,105
"20160302161346","Vermont",49,"Female","Native, Born in USA","Married","Non-Veteran","No","Employed","No","Government, state","No answer","Full time",50,"$150,000 and over",3,1,"Yes","No difficulty",95,0,0,0,0,180,60,0,0,0,15,0,540,0,30,100,420,390,30,0,60,0,0,180
"20160504160142","Tennessee",44,"Male","Native, Born in USA","Divored","Non-Veteran","No","Unemployed, Looking","No answer","No answer","No answer","No answer",NA,"$10,000 to $12,499",6,2,"Yes","Has difficulty",60,0,0,0,0,500,20,0,0,0,0,0,0,0,130,100,630,620,10,0,20,0,0,500
"20160403160919","Illinois",39,"Male","Native, Born in USA","Married","Non-Veteran","No","Employed","No","Private, for profit","No answer","Full time",45,"$100,000 to $149,999",4,2,"Yes","No difficulty",95,0,0,0,75,209,193,0,0,0,30,0,2,15,111,55,570,540,30,0,193,0,0,209
"20160504162461","Idaho",61,"Male","Native, Born in USA","Married","Non-Veteran","No","Employed","No","Private, for profit","No answer","Full time",40,"$100,000 to $149,999",1,0,"No","No difficulty",8,0,0,0,0,258,75,0,0,0,0,0,619,0,0,30,450,450,0,0,75,0,0,258
"20160807161678","Wisconsin",29,"Female","Native, Born in USA","Married","Non-Veteran","No","Employed","No","Private, for profit","No answer","Part time",20,"$75,000 to $99,999",3,1,"Yes","No difficulty",30,0,0,0,60,840,0,0,0,0,0,0,0,0,100,30,380,380,0,0,0,0,0,840
"20161212161694","Minnesota",62,"Female","Native, Born in USA","Never married","Non-Veteran","No","Not in labor force","No answer","No answer","No answer","No answer",NA,"$7,500 to $9,999",1,0,"No","Has difficulty",0,0,0,0,0,280,30,0,0,0,0,0,0,0,0,440,600,540,60,0,30,0,0,280
"20160706161133","Indiana",64,"Female","Native, Born in USA","Widowed","Non-Veteran","No","Not in labor force","No answer","No answer","No answer","No answer",NA,"$35,000 to $39,999",2,0,"No","No difficulty",100,0,0,0,0,415,30,0,15,0,150,0,0,0,30,320,380,350,30,0,30,0,0,415
"20160504161179","North Carolina",60,"Female","Native, Born in USA","Divored","Non-Veteran","No","Not in labor force","No answer","No answer","Retired","No answer",NA,"$30,000 to $34,999",2,0,"No","No difficulty",60,0,0,0,0,395,20,0,0,240,0,0,0,5,0,30,690,540,150,0,20,0,0,395
"20160908162373","Virginia",56,"Male","Native, Born in USA","Never married","Non-Veteran","No","Employed","No","Private, for profit","No answer","Full time",45,"$60,000 to $74,999",1,0,"No","No difficulty",75,0,0,0,30,60,30,0,5,0,60,0,660,0,0,250,270,230,40,0,30,0,0,60
"20160201161034","Texas",49,"Male","Foreign born, US citizen","Never married","Non-Veteran","No","Employed","No","Private, for profit","No answer","Full time",40,"$100,000 to $149,999",1,0,"No","No difficulty",140,0,0,0,0,30,90,0,0,0,0,300,445,0,0,30,405,285,120,0,90,240,60,30
"20160605160664","Oregon",57,"Female","Native, Born in USA","Married","Non-Veteran","No","Employed","No","Self-employed, unincorporated","No answer","Full time",35,"$75,000 to $99,999",2,0,"No","No difficulty",0,0,0,0,0,570,60,0,0,0,0,0,0,0,0,240,570,570,0,0,60,0,0,570
"20161211160614","Florida",79,"Female","Foreign born, not US citizen","Widowed","Non-Veteran","No","Not in labor force","No answer","No answer","Retired","No answer",NA,"$7,500 to $9,999",1,0,"No","Has difficulty",0,0,0,360,60,330,30,0,0,0,0,0,0,0,0,120,540,480,60,0,30,0,0,330
"20160908161940","Ohio",20,"Female","Native, Born in USA","Never married","Non-Veteran","No","Employed","No","Private, for profit","No answer","Part time",34,"$40,000 to $49,999",11,4,"Yes","No difficulty",60,0,0,0,0,0,45,0,0,0,0,0,600,0,0,70,540,495,45,0,45,0,0,0
"20160605160678","Florida",57,"Male","Native, Born in USA","Married","Non-Veteran","No","Employed","No","Private, nonprofit","No answer","Full time",40,"$100,000 to $149,999",3,1,"Yes","No difficulty",80,0,0,0,0,268,70,0,0,0,0,0,461,0,15,95,451,398,53,0,70,0,0,268
"20160112150011","Arizona",34,"Male","Native, Born in USA","Married","Non-Veteran","No","Employed","No","Private, for profit","No answer","Full time",42,"$50,000 to $59,999",1,0,"No","No difficulty",70,30,0,0,0,245,65,0,0,0,0,0,500,0,0,45,485,445,40,0,65,0,0,245
"20161009161876","New York",74,"Female","Native, Born in USA","Widowed","Non-Veteran","No","Employed","No","Private, for profit","No answer","Part time",32,"$30,000 to $34,999",2,0,"No","No difficulty",40,0,0,0,30,570,80,0,0,0,60,0,0,0,0,85,575,555,20,0,80,0,0,570
"20160402161365","California",22,"Male","Native, Born in USA","Never married","Non-Veteran","No","Employed","No","Private, for profit","No answer","Part time",15,"$60,000 to $74,999",5,0,"No","No difficulty",175,0,0,0,40,150,69,0,0,0,160,0,295,15,0,1,535,480,55,0,69,0,0,150
"20161211161046","Illinois",64,"Female","Native, Born in USA","Married","Non-Veteran","No","Not in labor force","No answer","No answer","Retired","No answer",NA,"$75,000 to $99,999",2,0,"No","No difficulty",127,0,0,0,75,430,55,0,0,0,155,0,0,0,0,126,472,420,52,0,55,0,0,430
"20160605161719","Minnesota",47,"Female","Native, Born in USA","Married","Non-Veteran","No","Employed","No","Government, local","No answer","Full time",40,"$150,000 and over",3,0,"No","No difficulty",0,60,0,0,0,420,0,0,0,0,30,0,120,0,0,300,510,500,10,0,0,0,0,420
"20160403162495","Missori",47,"Male","Native, Born in USA","Married","Non-Veteran","No","Employed","No","Self-employed, unincorporated","No answer","Full time",35,"$100,000 to $149,999",5,1,"Yes","No difficulty",66,0,60,0,0,125,40,0,0,0,0,0,285,0,45,474,345,345,0,0,40,0,0,125
"20160212151034","New York",70,"Male","Native, Born in USA","Married","Non-Veteran","No","Not in labor force","No answer","No answer","Retired","No answer",NA,"$15,000 to $19,999",1,0,"No","No difficulty",180,2,0,0,0,413,15,20,0,0,0,0,0,0,0,80,730,615,55,0,15,0,0,413
"20161009160700","Wisconsin",22,"Male","Native, Born in USA","Never married","Non-Veteran","No","Employed","No","Private, for profit","No answer","Full time",48,"$100,000 to $149,999",4,0,"No","Has difficulty",45,0,0,0,0,220,15,0,0,0,0,0,0,0,0,255,905,900,5,0,15,0,0,220
"20160908162472","Texas",65,"Male","Native, Born in USA","Married","Non-Veteran","No","Not in labor force","No answer","No answer","Retired","No answer",NA,"$75,000 to $99,999",2,0,"No","Has difficulty",0,0,0,0,0,840,85,0,0,0,0,0,0,0,0,0,515,500,10,5,85,0,0,840
"20161009162174","Ohio",45,"Female","Native, Born in USA","Married","Non-Veteran","No","Employed","No","Private, for profit","No answer","Full time",38,"$75,000 to $99,999",3,1,"Yes","No difficulty",0,0,0,0,0,150,30,0,0,0,0,0,0,0,0,390,870,750,120,0,30,0,0,150
"20161110160726","Colorado",33,"Male","Native, Born in USA","Married","Non-Veteran","No","Employed","No","Private, for profit","No answer","Full time",NA,"$100,000 to $149,999",4,2,"Yes","No difficulty",120,0,0,0,90,145,180,0,0,0,0,0,5,0,90,210,600,600,0,0,180,0,0,145
"20160505161201","Texas",68,"Female","Native, Born in USA","Widowed","Non-Veteran","No","Not in labor force","No answer","No answer","Retired","No answer",NA,"$60,000 to $74,999",1,0,"No","No difficulty",356,0,0,0,0,150,60,0,0,0,50,0,0,10,0,108,706,631,75,0,60,0,0,150
"20160707162042","Florida",64,"Male","Native, Born in USA","Married","Non-Veteran","No","Not in labor force","No answer","No answer","Retired","No answer",NA,"$50,000 to $59,999",2,0,"No","No difficulty",0,0,0,0,0,75,180,0,0,0,0,0,0,0,0,600,585,585,0,0,180,0,0,75
"20160302161345","Texas",49,"Female","Foreign born, not US citizen","Married","Non-Veteran","No","Employed","No","Self-employed, incorporated","No answer","Part time",5,"$30,000 to $34,999",2,0,"No","No difficulty",60,0,0,0,0,130,50,0,0,180,0,0,0,0,0,300,720,720,0,0,50,0,0,130
"20161211160523","Michigan",61,"Female","Native, Born in USA","Married","Non-Veteran","No","Employed","No","Self-employed, unincorporated","No answer","Part time",20,"$35,000 to $39,999",3,0,"No","No difficulty",80,135,0,150,0,270,120,15,0,0,20,0,0,5,15,60,530,480,50,0,120,0,0,270
"20160112151587","New York",43,"Female","Foreign born, US citizen","Married","Non-Veteran","No","Not in labor force","No answer","No answer","No answer","No answer",NA,"$40,000 to $49,999",5,3,"Yes","No difficulty",11,0,0,0,0,280,45,0,0,0,15,0,0,0,77,235,657,642,15,0,45,0,0,280
"20160504162188","Louisiana",62,"Female","Native, Born in USA","Married","Non-Veteran","No","Employed","No","Private, for profit","No answer","Full time",35,"$35,000 to $39,999",2,0,"No","No difficulty",100,0,0,0,0,60,45,0,0,180,0,0,385,0,0,60,610,480,130,0,45,0,0,60
"20160706162318","Alabama",27,"Female","Native, Born in USA","Never married","Non-Veteran","No","Employed","No","Government, state","No answer","Part time",NA,"$50,000 to $59,999",3,0,"No","No difficulty",102,0,0,0,0,284,0,0,0,0,105,0,30,124,0,0,795,780,15,0,0,0,0,284
"20160302162388","Pennsylvania",80,"Female","Native, Born in USA","Widowed","Non-Veteran","No","Employed","No","Private, for profit","No answer","Part time",25,"$25,000 to $29,999",1,0,"No","No difficulty",45,0,0,70,0,460,85,0,0,0,0,0,0,0,0,20,760,705,55,0,85,0,0,460
"20160908161716","Arizona",30,"Female","Native, Born in USA","Married","Non-Veteran","No","Employed","No","Private, nonprofit","No answer","Full time",40,"$75,000 to $99,999",4,2,"Yes","No difficulty",40,0,0,0,0,330,120,0,0,0,60,0,0,0,30,170,660,660,0,0,120,0,0,330
"20161009160505","New York",17,"Male","Native, Born in USA","Never married","No answer","No","Not in labor force","No answer","No answer","No answer","No answer",NA,"Less than $5,000",3,1,"Yes","Has difficulty",45,0,0,0,0,345,13,0,0,0,0,431,0,0,0,26,550,510,40,0,13,418,13,345
"20161211162084","New Jersey",42,"Male","Foreign born, not US citizen","Married","Non-Veteran","No","Employed","No","Private, for profit","No answer","Full time",40,"$75,000 to $99,999",4,2,"Yes","No difficulty",128,0,0,0,20,30,75,0,0,0,52,0,480,0,45,55,555,505,50,0,75,0,0,30
"20160112151756","Louisiana",35,"Female","Native, Born in USA","Married","Non-Veteran","No","Employed","No","Private, for profit","No answer","Full time",40,"$75,000 to $99,999",3,1,"Yes","No difficulty",78,0,0,0,0,180,30,0,0,0,118,0,0,0,17,74,943,743,200,0,30,0,0,180
"20160112150949","Pennsylvania",60,"Female","Native, Born in USA","Never married","Non-Veteran","No","Not in labor force","No answer","No answer","No answer","No answer",NA,"$50,000 to $59,999",1,0,"No","No difficulty",0,60,0,0,0,430,65,0,0,0,0,0,0,0,0,280,540,540,0,0,65,0,0,430
"20160605162013","New York",75,"Male","Native, Born in USA","Widowed","Veteran","No","Not in labor force","No answer","No answer","Retired","No answer",NA,"$40,000 to $49,999",1,0,"No","No difficulty",212,0,0,0,0,255,40,0,0,0,145,0,0,0,0,150,638,606,30,2,40,0,0,255
"20161009162401","Pennsylvania",31,"Male","Native, Born in USA","Married","Non-Veteran","No","Employed","No","Private, for profit","No answer","Full time",60,"$75,000 to $99,999",4,2,"Yes","No difficulty",75,0,0,0,0,250,165,0,0,0,5,0,0,0,225,120,600,570,30,0,165,0,0,250
"20160303160655","Louisiana",85,"Female","Native, Born in USA","Widowed","Non-Veteran","No","Not in labor force","No answer","No answer","Retired","No answer",NA,"$30,000 to $34,999",1,0,"No","Has difficulty",30,0,0,0,0,570,105,0,0,60,0,0,0,0,0,0,675,615,60,0,105,0,0,570
"20161009160617","New Jersey",62,"Female","Foreign born, US citizen","Divored","Non-Veteran","No","Employed","No","Private, for profit","No answer","Full time",40,"$60,000 to $74,999",1,0,"No","No difficulty",85,0,0,0,60,90,200,0,0,0,0,0,525,0,0,0,480,390,90,0,200,0,0,90
"20160908161827","Washington",64,"Female","Native, Born in USA","Married","Non-Veteran","No","Employed","No","Government, local","No answer","Part time",30,"$75,000 to $99,999",2,0,"No","No difficulty",40,0,0,80,45,355,30,0,0,0,0,0,90,0,0,110,690,610,80,0,30,0,0,355
"20160808160554","South Carolina",80,"Female","Native, Born in USA","Married","Non-Veteran","No","Not in labor force","No answer","No answer","Retired","No answer",NA,"$40,000 to $49,999",2,0,"No","No difficulty",70,0,0,0,0,490,75,0,0,0,0,0,0,0,0,135,670,580,90,0,75,0,0,490
"20161110160515","Minnesota",60,"Male","Native, Born in USA","Divored","Non-Veteran","No","Employed","No","Private, for profit","No answer","Full time",40,"$25,000 to $29,999",1,0,"No","No difficulty",40,0,0,0,0,155,80,0,0,0,15,0,440,0,0,55,635,630,5,0,80,0,0,155
"20160908161450","Ohio",32,"Male","Native, Born in USA","Divored","Non-Veteran","No","Employed","No","Private, for profit","No answer","Full time",40,"$60,000 to $74,999",2,1,"Yes","No difficulty",68,42,0,0,0,360,5,0,0,0,0,0,30,0,5,120,810,780,30,0,5,0,0,360
"20160201162001","Virginia",72,"Male","Native, Born in USA","Married","Non-Veteran","No","Not in labor force","No answer","No answer","Retired","No answer",NA,"$100,000 to $149,999",1,0,"No","No difficulty",56,20,0,0,90,422,75,0,15,0,40,0,0,0,0,122,600,540,60,0,75,0,0,422
"20160706162076","Virginia",45,"Male","Native, born abroad","Married","Non-Veteran","No","Employed","Yes","Self-employed, incorporated","No answer","Full time",48,"$75,000 to $99,999",2,0,"No","No difficulty",315,0,0,0,209,280,95,0,0,0,70,0,25,0,0,6,440,380,60,0,95,0,0,280
"20160112152493","California",34,"Female","Native, Born in USA","Never married","Non-Veteran","No","Employed","Yes","Private, nonprofit","No answer","Full time",45,"$35,000 to $39,999",1,0,"No","No difficulty",0,0,0,0,0,150,0,0,0,0,0,0,780,0,0,30,300,270,30,0,0,0,0,150
"20160704161624","New York",49,"Female","Native, Born in USA","Married","Non-Veteran","No","Employed","No","Private, for profit","No answer","Full time",50,"$100,000 to $149,999",3,1,"Yes","No difficulty",828,0,0,0,0,85,0,0,0,0,17,0,0,0,15,170,325,310,15,0,0,0,0,85
"20160302162493","South Carolina",57,"Female","Native, Born in USA","Divored","Non-Veteran","No","Employed","No","Government, state","No answer","Full time",40,"$60,000 to $74,999",1,0,"No","No difficulty",69,0,0,90,0,496,10,0,0,0,20,0,0,2,0,268,485,360,125,0,10,0,0,496
"20160112152052","Michigan",37,"Male","Native, Born in USA","Married","Non-Veteran","No","Employed","No","Private, for profit","No answer","Full time",35,"$150,000 and over",4,2,"Yes","No difficulty",65,0,0,0,0,150,125,0,0,0,0,0,0,0,330,105,665,650,15,0,125,0,0,150
"20160604161219","Louisiana",32,"Male","Native, Born in USA","Divored","Non-Veteran","No","Employed","Yes","Government, local","No answer","Full time",84,"$40,000 to $49,999",3,2,"Yes","No difficulty",45,0,0,0,0,30,75,0,0,0,0,0,705,0,220,50,240,240,0,0,75,0,0,30
"20160707161163","Michigan",74,"Female","Foreign born, US citizen","Widowed","Non-Veteran","No","Not in labor force","No answer","No answer","Retired","No answer",NA,"$50,000 to $59,999",1,0,"No","No difficulty",365,0,0,110,0,125,105,0,0,0,60,0,0,0,0,95,520,480,30,10,105,0,0,125
"20160112150570","Illinois",22,"Female","Native, Born in USA","Never married","Non-Veteran","No","Not in labor force","No answer","No answer","No answer","No answer",NA,"$50,000 to $59,999",2,0,"No","No difficulty",50,0,0,0,0,30,0,0,0,0,0,180,90,0,0,180,910,670,0,0,0,180,0,30
"20161211162315","Pennsylvania",55,"Male","Foreign born, US citizen","Married","Non-Veteran","No","Employed","No","Government, state","No answer","Full time",40,"$50,000 to $59,999",3,1,"Yes","No difficulty",200,0,0,0,0,140,60,0,0,0,0,0,480,0,10,265,285,265,20,0,60,0,0,140
"20160112150685","Virginia",76,"Female","Native, Born in USA","Widowed","Non-Veteran","No","Not in labor force","No answer","No answer","Retired","No answer",NA,"$30,000 to $34,999",4,1,"Yes","Has difficulty",122,0,0,0,0,250,70,0,0,10,115,0,0,0,151,212,510,450,60,0,70,0,0,250
"20161211162077","Missori",65,"Male","Native, Born in USA","Married","Veteran","No","Not in labor force","No answer","No answer","Retired","No answer",NA,"$30,000 to $34,999",2,0,"No","Has difficulty",2,0,0,0,0,732,70,0,0,0,30,0,0,0,0,66,540,540,0,0,70,0,0,732
"20160505161064","New Mexico",53,"Male","Native, Born in USA","Divored","Veteran","No","Employed","Yes","Private, for profit","No answer","Full time",120,"$12,500 to $14,999",1,0,"No","No difficulty",160,0,0,0,0,135,45,0,0,0,0,0,680,30,0,45,345,325,20,0,45,0,0,135
"20160806161650","Tennessee",50,"Male","Native, Born in USA","Married","Non-Veteran","No","Employed","No","Government, local","No answer","Full time",40,"$100,000 to $149,999",4,2,"Yes","No difficulty",85,0,0,0,0,100,90,0,0,0,0,0,435,0,160,0,570,470,100,0,90,0,0,100
"20160504160761","Oregon",17,"Male","Native, Born in USA","Never married","No answer","No","Employed","No","Private, for profit","No answer","Part time",7,"$20,000 to $24,999",4,2,"Yes","No difficulty",28,33,0,0,0,65,45,0,0,0,0,380,452,0,0,0,437,427,10,0,45,380,0,65
"20161109161980","Kansas",51,"Female","Native, Born in USA","Married","Non-Veteran","No","Employed","No","Private, for profit","No answer","Full time",38,"$50,000 to $59,999",2,0,"No","No difficulty",190,0,0,0,0,10,90,30,0,55,30,0,0,0,0,0,740,470,240,30,90,0,0,10
"20160908162121","Missori",15,"Female","Native, Born in USA","Never married","No answer","No","Not in labor force","No answer","No answer","No answer","No answer",NA,"$40,000 to $49,999",6,4,"Yes","No difficulty",143,0,0,0,0,330,65,0,0,0,0,405,0,7,0,93,397,390,7,0,65,375,30,330
"20161008161432","Florida",24,"Female","Native, Born in USA","Never married","Non-Veteran","No","Employed","Yes","Private, for profit","No answer","Full time",55,"$100,000 to $149,999",6,3,"Yes","No difficulty",105,0,0,0,60,45,30,0,30,0,102,0,360,0,90,70,528,488,40,0,30,0,0,45
"20160403161791","Tennessee",49,"Female","Native, Born in USA","Divored","Non-Veteran","No","Not in labor force","No answer","No answer","No answer","No answer",NA,"$25,000 to $29,999",2,0,"No","Has difficulty",0,120,0,0,0,400,50,0,0,0,0,0,0,0,0,420,450,420,30,0,50,0,0,400
"20160202161325","California",33,"Female","Foreign born, US citizen","Divored","Non-Veteran","No","Not in labor force","No answer","No answer","No answer","No answer",NA,"$15,000 to $19,999",4,3,"Yes","Has difficulty",40,0,0,0,0,400,60,0,0,0,0,0,0,0,0,0,940,820,120,0,60,0,0,400
"20160504161720","Washington",59,"Male","Native, Born in USA","Never married","Non-Veteran","No","Employed","No","Private, for profit","No answer","Full time",40,"$25,000 to $29,999",1,0,"No","No difficulty",30,0,0,0,0,210,30,0,0,0,5,0,545,0,0,20,600,540,60,0,30,0,0,210
"20160605160734","New Jersey",61,"Female","Native, Born in USA","Married","Non-Veteran","No","Employed","No","Private, for profit","No answer","Full time",40,"$150,000 and over",2,0,"No","No difficulty",30,0,0,0,40,560,60,0,0,0,5,0,0,10,0,95,580,550,30,0,60,0,0,560
"20161211160527","Washington",67,"Female","Native, Born in USA","Divored","Non-Veteran","No","Unemployed, Looking","No answer","No answer","Retired","No answer",NA,"$30,000 to $34,999",1,0,"No","No difficulty",37,0,0,0,0,523,15,0,0,90,20,0,45,0,0,16,694,619,65,10,15,0,0,523
"20160505161665","Ohio",69,"Male","Native, Born in USA","Married","Veteran","No","Employed","No","Private, nonprofit","No answer","Part time",28,"$20,000 to $24,999",2,0,"No","No difficulty",10,0,0,0,55,575,140,0,0,0,0,0,0,0,0,45,565,540,25,0,140,0,0,575
"20160202161201","North Carolina",42,"Male","Foreign born, US citizen","Married","Veteran","No","Employed","No","Government, federal","No answer","Full time",40,"$35,000 to $39,999",3,1,"Yes","No difficulty",10,0,0,0,0,740,25,0,0,0,5,0,0,0,120,0,540,540,0,0,25,0,0,740
"20160807162121","Texas",26,"Female","Native, Born in USA","Married","Veteran","No","Not in labor force","No answer","No answer","No answer","No answer",NA,"$30,000 to $34,999",4,2,"Yes","No difficulty",50,0,0,0,0,180,130,0,0,0,5,0,0,110,90,160,715,670,45,0,110,0,0,180
"20160605161058","Oklahoma",80,"Female","Foreign born, US citizen","Widowed","Non-Veteran","No","Not in labor force","No answer","No answer","Retired","No answer",NA,"$15,000 to $19,999",1,0,"No","No difficulty",34,0,0,0,60,366,35,0,0,0,60,30,0,0,0,375,480,450,30,0,35,0,30,366
"20160503161790","Oregon",16,"Male","Native, Born in USA","Never married","No answer","No","Employed","No","Self-employed, unincorporated","No answer","Part time",2,"$50,000 to $59,999",6,3,"Yes","No difficulty",77,0,0,0,0,60,17,0,0,0,0,420,60,0,0,18,788,748,40,0,17,420,0,60
"20160403160512","New Jersey",57,"Male","Native, Born in USA","Married","Non-Veteran","No","Employed","No","Government, local","No answer","Full time",40,"$100,000 to $149,999",2,0,"No","No difficulty",27,40,0,0,0,265,40,0,0,0,20,0,498,0,0,40,510,510,0,0,40,0,0,265
"20161009160756","New Jersey",36,"Female","Foreign born, US citizen","Married","Non-Veteran","No","Employed","No","Self-employed, incorporated","No answer","Part time",20,"$75,000 to $99,999",5,1,"Yes","No difficulty",57,0,0,0,0,90,65,0,0,0,0,0,238,0,325,90,575,545,30,0,65,0,0,90
"20161009160555","South Carolina",60,"Female","Native, Born in USA","Divored","Non-Veteran","No","Employed","No","Private, for profit","No answer","Part time",30,"Less than $5,000",2,0,"No","No difficulty",125,0,0,0,0,110,5,0,0,30,20,0,370,0,0,195,585,465,120,0,5,0,0,110
"20160212152047","California",57,"Female","Foreign born, US citizen","Married","Non-Veteran","No","Not in labor force","No answer","No answer","Retired","No answer",NA,"$150,000 and over",2,0,"No","No difficulty",0,30,0,0,0,330,135,0,0,0,0,0,0,120,0,315,510,480,30,0,135,0,0,330
"20160402161257","Oklahoma",42,"Male","Native, Born in USA","Married","Veteran","No","Employed","No","Private, for profit","No answer","Full time",50,"$75,000 to $99,999",5,2,"Yes","Has difficulty",68,0,90,0,0,446,100,0,0,0,30,0,0,20,1,116,569,539,30,0,55,0,0,446
"20161109160695","Illinois",22,"Female","Native, Born in USA","Never married","Non-Veteran","No","Employed","Yes","Government, federal","No answer","Part time",7,"$150,000 and over",3,0,"No","No difficulty",6,60,45,0,0,315,45,0,0,0,0,150,0,0,0,70,744,714,30,0,45,0,150,315
"20161009160735","Montana",56,"Female","Native, Born in USA","Married","Non-Veteran","No","Employed","No","Government, state","No answer","Full time",40,"$15,000 to $19,999",2,0,"No","No difficulty",150,10,0,0,0,398,45,0,0,0,60,0,0,0,0,132,645,585,60,0,45,0,0,398
"20160201161050","California",30,"Male","Native, Born in USA","Never married","Non-Veteran","No","Employed","No","Private, for profit","No answer","Full time",45,"$100,000 to $149,999",1,0,"No","No difficulty",17,30,0,0,0,423,25,0,0,0,80,0,0,0,0,205,660,660,0,0,25,0,0,423
"20161009162194","Michigan",32,"Male","Foreign born, not US citizen","Married","Non-Veteran","No","Employed","No","Private, nonprofit","No answer","Part time",20,"$15,000 to $19,999",2,0,"No","No difficulty",0,0,0,0,45,125,50,0,0,0,0,980,0,0,0,0,240,240,0,0,50,0,980,125
"20160101160769","Iowa",50,"Female","Native, Born in USA","Married","Non-Veteran","No","Employed","No","Private, for profit","No answer","Full time",40,"$100,000 to $149,999",4,2,"Yes","No difficulty",0,0,0,0,0,385,90,0,0,0,0,0,0,0,0,315,650,645,5,0,90,0,0,385
"20160806161574","South Carolina",45,"Female","Native, Born in USA","Married","Non-Veteran","No","Employed","No","Private, nonprofit","No answer","Full time",60,"$100,000 to $149,999",4,1,"Yes","No difficulty",32,0,0,0,0,157,55,0,0,0,40,0,506,0,0,100,550,500,50,0,55,0,0,157
"20160504161622","New York",52,"Male","Native, Born in USA","Never married","Non-Veteran","No","Employed","No","Self-employed, incorporated","No answer","Full time",60,"$150,000 and over",1,0,"No","No difficulty",8,0,0,0,600,0,420,0,0,0,0,0,0,0,0,0,412,412,0,0,420,0,0,0
"20160808160657","Indiana",80,"Male","Native, Born in USA","Married","Non-Veteran","No","Not in labor force","No answer","No answer","Retired","No answer",NA,"$60,000 to $74,999",2,0,"No","No difficulty",195,0,15,10,20,180,90,0,0,30,75,0,0,0,0,175,650,555,90,5,90,0,0,180
"20160908161584","California",85,"Female","Native, Born in USA","Widowed","Non-Veteran","No","Not in labor force","No answer","No answer","Retired","No answer",NA,"$75,000 to $99,999",1,0,"No","Has difficulty",0,90,0,150,0,295,15,0,0,0,0,0,0,0,0,260,630,590,40,0,15,0,0,295
"20161109161090","Massachusetts",48,"Male","Native, Born in USA","Married","Non-Veteran","No","Employed","No","Government, local","No answer","Full time",NA,"$75,000 to $99,999",4,1,"Yes","No difficulty",65,0,0,0,0,130,50,0,0,0,0,0,435,0,0,240,520,450,70,0,50,0,0,130
"20160403160918","Oregon",56,"Male","Native, Born in USA","Married","Non-Veteran","No","Not in labor force","No answer","No answer","Retired","No answer",NA,"$60,000 to $74,999",2,0,"No","No difficulty",0,0,0,0,30,195,90,0,0,0,0,0,530,0,0,70,525,510,15,0,90,0,0,195
"20160503161339","Texas",45,"Female","Native, Born in USA","Married","Non-Veteran","No","Employed","No","Private, nonprofit","No answer","Full time",40,"$100,000 to $149,999",4,0,"No","No difficulty",16,0,0,180,0,352,15,0,0,0,0,0,0,0,0,257,620,570,50,0,15,0,0,352
"20160112150804","Michigan",51,"Male","Native, Born in USA","Married","Non-Veteran","No","Employed","No","Private, for profit","No answer","Full time",50,"$150,000 and over",4,0,"No","No difficulty",345,0,0,0,0,150,10,0,0,0,0,0,615,0,0,0,320,285,35,0,10,0,0,150
"20160806161962","Wisconsin",52,"Male","Native, Born in USA","Married","Non-Veteran","No","Employed","No","Private, for profit","No answer","Full time",45,"$75,000 to $99,999",2,0,"No","No difficulty",80,0,0,0,120,330,80,0,0,0,90,0,0,0,0,297,443,383,60,0,80,0,0,330
"20160504161038","Kentucky",71,"Male","Native, Born in USA","Married","Non-Veteran","No","Not in labor force","No answer","No answer","Retired","No answer",NA,"$60,000 to $74,999",4,2,"Yes","No difficulty",100,0,0,0,60,510,40,0,0,0,45,0,0,1,1,150,533,533,0,0,40,0,0,510
"20160505160880","Texas",72,"Female","Native, Born in USA","Widowed","Non-Veteran","No","Not in labor force","No answer","No answer","Retired","No answer",NA,"$50,000 to $59,999",2,0,"No","No difficulty",60,65,0,155,0,160,90,40,0,0,40,0,0,140,15,130,545,495,50,0,90,0,0,160
"20160302161882","Alabama",63,"Female","Native, Born in USA","Married","Non-Veteran","No","Not in labor force","No answer","No answer","Retired","No answer",NA,"$15,000 to $19,999",2,0,"No","No difficulty",0,60,0,30,0,465,75,0,0,0,0,0,0,45,0,75,690,600,90,0,75,0,0,465
"20160201161745","Texas",33,"Female","Native, Born in USA","Married","Non-Veteran","No","Not in labor force","No answer","No answer","No answer","No answer",NA,"$75,000 to $99,999",4,2,"Yes","No difficulty",70,0,0,0,0,190,80,0,0,10,200,0,0,0,147,145,558,510,48,0,80,0,0,190
"20161211162243","Georgia",49,"Male","Native, Born in USA","Married","Veteran","No","Employed","No","Government, federal","No answer","Full time",40,"$60,000 to $74,999",2,0,"No","No difficulty",40,0,188,0,0,422,60,190,0,0,0,0,30,0,0,180,330,330,0,0,60,0,0,422
"20160504160797","Tennessee",20,"Male","Native, Born in USA","Never married","Non-Veteran","No","Not in labor force","No answer","No answer","No answer","No answer",NA,"$150,000 and over",4,0,"No","No difficulty",175,0,0,0,150,200,125,0,0,0,5,0,0,10,0,30,745,715,30,0,125,0,0,200
"20161211161365","Massachusetts",25,"Female","Native, Born in USA","Married","Non-Veteran","No","Not in labor force","No answer","No answer","No answer","No answer",NA,"$10,000 to $12,499",3,1,"Yes","No difficulty",60,0,0,0,0,360,0,0,0,0,10,0,0,0,420,120,470,470,0,0,0,0,0,360
"20160705162382","Minnesota",35,"Male","Native, Born in USA","Married","Non-Veteran","No","Employed","No","Self-employed, incorporated","No answer","Full time",50,"$35,000 to $39,999",5,3,"Yes","No difficulty",244,0,0,0,0,15,60,0,0,0,0,0,675,0,0,0,446,446,0,0,60,0,0,15
"20160907160682","California",67,"Female","Native, Born in USA","Married","Non-Veteran","No","Not in labor force","No answer","No answer","No answer","No answer",NA,"$75,000 to $99,999",4,0,"No","No difficulty",0,0,0,0,0,600,60,0,0,0,0,0,0,0,0,180,600,600,0,0,60,0,0,600
"20161211161169","Michigan",44,"Female","Native, Born in USA","Married","Non-Veteran","No","Employed","No","Self-employed, unincorporated","No answer","Full time",52,"$100,000 to $149,999",5,3,"Yes","No difficulty",80,2,0,0,186,60,35,0,0,0,25,0,5,0,0,497,550,490,60,0,35,0,0,60
"20160403160968","Texas",57,"Male","Native, Born in USA","Married","Veteran","No","Employed","No","Private, for profit","No answer","Full time",40,"$20,000 to $24,999",2,0,"No","No difficulty",69,0,0,0,0,145,60,0,0,0,10,0,465,0,0,15,676,676,0,0,60,0,0,145
"20160403161059","California",52,"Male","Native, Born in USA","Never married","Non-Veteran","No","Employed","Yes","Self-employed, unincorporated","No answer","Full time",60,"$25,000 to $29,999",2,0,"No","No difficulty",46,0,0,60,0,125,183,0,0,0,0,0,485,1,0,60,480,450,30,0,183,0,0,125
"20160908161675","Kentucky",36,"Male","Native, Born in USA","Married","Non-Veteran","No","Employed","No","Private, for profit","No answer","Full time",40,"$150,000 and over",4,2,"Yes","No difficulty",25,0,0,0,0,458,60,0,0,0,12,0,0,0,205,80,520,520,0,0,60,0,0,458
"20160302161895","Georgia",48,"Male","Native, Born in USA","Never married","Veteran","No","Employed","No","Private, for profit","No answer","Full time",40,"$75,000 to $99,999",1,0,"No","No difficulty",170,0,0,0,0,60,115,0,0,0,240,0,150,0,0,275,380,360,20,0,115,0,0,60
"20160706161489","South Carolina",62,"Female","Native, Born in USA","Divored","Non-Veteran","No","Not in labor force","No answer","No answer","No answer","No answer",NA,"$60,000 to $74,999",2,0,"No","No difficulty",0,0,20,0,0,315,180,0,0,0,0,0,0,0,0,340,570,570,0,0,180,0,0,315
"20160503161918","Florida",60,"Female","Native, Born in USA","Divored","Non-Veteran","No","Employed","No","Self-employed, incorporated","No answer","Part time",30,"$40,000 to $49,999",1,0,"No","No difficulty",145,0,0,0,0,394,60,0,1,0,0,0,420,0,0,60,360,360,0,0,60,0,0,394
"20161009161545","Florida",67,"Female","Native, Born in USA","Married","Non-Veteran","No","Employed","No","Private, for profit","No answer","Part time",32,"$50,000 to $59,999",2,0,"No","No difficulty",85,0,0,0,0,210,240,0,0,0,90,0,0,20,0,235,560,550,10,0,240,0,0,210
"20161008161870","Tennessee",24,"Male","Native, Born in USA","Never married","Non-Veteran","No","Employed","No","Government, state","No answer","Full time",40,"$50,000 to $59,999",2,0,"No","No difficulty",60,0,0,0,0,180,0,0,0,0,0,0,510,0,0,0,690,660,30,0,0,0,0,180
"20160403160601","California",32,"Female","Native, Born in USA","Never married","Non-Veteran","No","Employed","No","Private, for profit","No answer","Full time",40,"$60,000 to $74,999",1,0,"No","No difficulty",196,0,0,0,0,526,20,0,0,0,60,0,0,0,0,65,573,508,65,0,20,0,0,526
"20160303161325","Pennsylvania",18,"Female","Native, Born in USA","Never married","Non-Veteran","No","Employed","No","Private, for profit","No answer","Part time",25,"$7,500 to $9,999",4,2,"Yes","No difficulty",105,0,0,0,0,30,45,0,0,0,10,830,0,0,0,0,390,345,45,0,45,420,410,30
"20161110161361","Wyoming",46,"Male","Native, Born in USA","Married","Non-Veteran","No","Employed","No","Self-employed, unincorporated","No answer","Full time",40,"$150,000 and over",5,3,"Yes","No difficulty",42,0,0,20,120,205,58,0,0,0,75,0,30,0,120,180,565,555,10,0,58,0,0,205
"20160808162306","Florida",20,"Male","Native, Born in USA","Never married","Non-Veteran","No","Not in labor force","No answer","No answer","No answer","No answer",NA,"Less than $5,000",4,0,"No","No difficulty",50,0,0,0,0,480,0,0,0,0,175,0,0,30,0,30,675,675,0,0,0,0,0,480
"20161211160766","California",71,"Female","Native, Born in USA","Married","Non-Veteran","No","Unemployed, Looking","No answer","No answer","Retired","No answer",NA,"$5,000 to $7,499",2,0,"No","No difficulty",85,0,0,0,0,215,65,0,0,30,70,0,0,0,130,200,645,615,30,0,65,0,0,215
"20161010161476","Montana",75,"Female","Native, Born in USA","Divored","Non-Veteran","No","Not in labor force","No answer","No answer","Retired","No answer",NA,"$40,000 to $49,999",1,0,"No","No difficulty",0,75,0,0,0,766,70,0,0,0,0,0,0,0,0,124,405,345,60,0,70,0,0,766
"20160706160560","Texas",41,"Male","Native, Born in USA","Married","Non-Veteran","No","Employed","No","Private, for profit","No answer","Full time",40,"$100,000 to $149,999",5,3,"Yes","No difficulty",0,0,0,0,345,30,165,0,0,0,0,0,0,0,140,0,760,685,75,0,165,0,0,30
"20160806160081","Florida",61,"Female","Native, Born in USA","Divored","Non-Veteran","No","Not in labor force","No answer","No answer","Retired","No answer",NA,"$10,000 to $12,499",1,0,"No","No difficulty",125,0,0,0,0,143,30,0,0,0,270,0,0,0,0,317,555,510,45,0,30,0,0,143
"20160908162102","West Virginia",33,"Female","Native, Born in USA","Married","Non-Veteran","No","Unemployed, Looking","No answer","No answer","No answer","No answer",NA,"$40,000 to $49,999",4,2,"Yes","Has difficulty",33,0,0,0,0,75,50,0,0,0,0,0,0,300,293,184,505,445,60,0,50,0,0,75
"20161008162320","California",42,"Male","Foreign born, US citizen","Married","Non-Veteran","No","Employed","No","Private, for profit","No answer","Full time",40,"$150,000 and over",4,2,"Yes","No difficulty",180,0,0,0,60,90,180,0,0,0,0,0,450,0,0,0,480,480,0,0,180,0,0,90
"20160706161228","Michigan",36,"Female","Native, Born in USA","Married","Non-Veteran","No","Not in labor force","No answer","No answer","No answer","No answer",NA,"$100,000 to $149,999",4,2,"Yes","No difficulty",60,0,0,60,0,185,45,0,0,0,0,90,0,0,275,130,595,565,30,0,45,0,0,185
"20160706162245","Illinois",78,"Female","Native, Born in USA","Married","Non-Veteran","No","Not in labor force","No answer","No answer","Retired","No answer",NA,"$60,000 to $74,999",2,0,"No","No difficulty",40,0,0,0,60,230,120,0,0,0,0,0,0,0,0,270,630,510,120,0,120,0,0,230
"20160112151568","New Jersey",42,"Female","Foreign born, not US citizen","Never married","Non-Veteran","No","Employed","No","Private, for profit","No answer","Full time",38,"$100,000 to $149,999",1,0,"No","No difficulty",0,0,0,0,60,445,150,0,0,0,0,0,0,0,0,110,675,600,75,0,150,0,0,445
"20160505162407","Wisconsin",65,"Female","Native, Born in USA","Divored","Non-Veteran","No","Employed","No","Private, for profit","No answer","Part time",10,"$10,000 to $12,499",1,0,"No","No difficulty",0,0,0,0,0,360,105,0,0,0,0,0,360,0,0,105,510,480,30,0,105,0,0,360
"20160908160740","California",85,"Female","Native, Born in USA","Widowed","Veteran","No","Not in labor force","No answer","No answer","Retired","No answer",NA,"$40,000 to $49,999",1,0,"No","Has difficulty",12,0,0,0,0,339,135,0,0,0,0,0,0,0,0,0,954,844,110,0,135,0,0,339
"20160201161910","Texas",49,"Female","Native, Born in USA","Married","Non-Veteran","No","Unemployed, Looking","No answer","No answer","No answer","No answer",NA,"$150,000 and over",4,1,"Yes","No difficulty",32,0,150,0,90,60,30,0,0,0,30,0,0,0,208,90,600,540,60,0,30,0,0,60
"20160604162255","New Jersey",56,"Female","Native, Born in USA","Divored","Non-Veteran","No","Employed","Yes","Government, federal","No answer","Full time",63,"$50,000 to $59,999",1,0,"No","No difficulty",25,120,0,0,90,210,0,0,0,0,80,0,270,0,0,150,495,475,20,0,0,0,0,210
"20161110161725","Texas",20,"Male","Native, Born in USA","Never married","Non-Veteran","No","Not in labor force","No answer","No answer","No answer","No answer",NA,"$50,000 to $59,999",5,2,"Yes","No difficulty",91,0,0,20,0,310,50,0,0,0,15,0,0,0,0,28,560,540,20,0,45,0,0,310
"20160202161841","Alabama",74,"Female","Native, Born in USA","Widowed","Non-Veteran","No","Not in labor force","No answer","No answer","Retired","No answer",NA,"$15,000 to $19,999",1,0,"No","No difficulty",37,135,0,0,0,351,85,0,0,0,45,0,0,0,0,245,542,540,0,2,85,0,0,351
"20160211151633","Georgia",59,"Male","Native, Born in USA","Divored","Veteran","No","Not in labor force","No answer","No answer","No answer","No answer",NA,"$12,500 to $14,999",1,0,"No","Has difficulty",2,0,0,0,0,730,15,0,0,0,0,0,0,2,0,11,680,648,31,1,15,0,0,730
"20160302161396","Texas",29,"Female","Native, Born in USA","Separated","Non-Veteran","No","Employed","No","Private, for profit","No answer","Full time",40,"$20,000 to $24,999",2,1,"Yes","No difficulty",54,0,0,0,0,10,113,0,0,0,15,0,490,5,3,195,555,480,75,0,113,0,0,10
"20160302161022","California",80,"Female","Native, Born in USA","Widowed","Non-Veteran","No","Not in labor force","No answer","No answer","Retired","No answer",NA,"$25,000 to $29,999",1,0,"No","No difficulty",0,70,0,0,0,385,70,0,0,0,0,0,0,0,0,135,780,730,50,0,70,0,0,385
"20161111160683","Florida",79,"Female","Native, Born in USA","Widowed","Non-Veteran","No","Not in labor force","No answer","No answer","Retired","No answer",NA,"$40,000 to $49,999",1,0,"No","Has difficulty",4,0,0,0,0,577,169,0,0,0,0,0,0,0,0,5,670,625,45,0,148,0,0,577
"20161009161871","Wisconsin",58,"Male","Native, Born in USA","Married","Non-Veteran","No","Employed","No","Government, local","No answer","Full time",40,"$75,000 to $99,999",2,0,"No","No difficulty",29,0,0,0,0,278,70,0,0,0,0,0,458,0,0,95,510,420,90,0,70,0,0,278
"20160403161588","Georgia",42,"Female","Native, Born in USA","Married","Non-Veteran","No","Employed","No","Private, for profit","No answer","Full time",40,"$150,000 and over",4,2,"Yes","No difficulty",20,0,0,0,33,118,55,0,0,0,0,0,490,0,114,40,570,480,90,0,55,0,0,118
"20160908160768","North Carolina",27,"Female","Foreign born, not US citizen","Never married","Non-Veteran","No","Unemployed, Looking","No answer","No answer","No answer","No answer",NA,"Less than $5,000",3,2,"Yes","No difficulty",30,0,0,0,120,455,90,0,0,0,0,0,0,0,15,100,630,570,60,0,90,0,0,455
"20161110161240","Kentucky",60,"Female","Native, Born in USA","Widowed","Non-Veteran","No","Employed","No","Private, for profit","No answer","Full time",40,"$40,000 to $49,999",1,0,"No","No difficulty",135,0,0,0,0,100,75,0,0,0,130,0,0,105,0,165,730,625,105,0,75,0,0,100
"20161110161161","New Jersey",52,"Male","Native, Born in USA","Married","Non-Veteran","No","Employed","No","Private, for profit","No answer","Full time",50,"$150,000 and over",5,1,"Yes","No difficulty",30,0,0,0,60,255,60,0,0,0,15,0,0,0,0,390,570,540,30,0,60,0,0,255
"20160908162301","Pennsylvania",80,"Male","Native, Born in USA","Never married","Non-Veteran","No","Employed","No","Private, for profit","No answer","Full time",56,"Less than $5,000",1,0,"No","No difficulty",5,0,0,0,0,145,30,0,0,0,0,0,595,0,0,0,630,610,20,0,30,0,0,145
"20160504161410","Louisiana",69,"Female","Native, Born in USA","Divored","Non-Veteran","No","Not in labor force","No answer","No answer","Retired","No answer",NA,"$50,000 to $59,999",1,0,"No","No difficulty",50,0,0,0,60,115,45,0,0,0,45,0,0,115,0,410,600,480,120,0,45,0,0,115
"20160302162316","Virginia",39,"Female","Native, Born in USA","Divored","Non-Veteran","No","Employed","No","Private, for profit","No answer","Full time",36,"$25,000 to $29,999",3,2,"Yes","Has difficulty",23,0,0,0,0,130,75,0,0,0,0,0,558,0,47,157,450,420,30,0,75,0,0,130
"20160403160004","South Carolina",52,"Female","Native, Born in USA","Divored","Non-Veteran","No","Not in labor force","No answer","No answer","No answer","No answer",NA,"$5,000 to $7,499",2,1,"Yes","No difficulty",142,0,0,20,0,35,40,0,0,0,40,180,0,2,57,349,575,540,35,0,40,180,0,35
"20161010162266","Virginia",40,"Male","Foreign born, not US citizen","Married","Non-Veteran","No","Employed","No","Private, for profit","No answer","Full time",40,"$100,000 to $149,999",3,1,"Yes","No difficulty",105,0,0,30,30,330,110,0,0,0,0,0,225,0,80,0,470,420,50,0,110,0,0,330
"20160807160724","New York",47,"Male","Native, Born in USA","Married","Non-Veteran","No","Employed","No","Self-employed, incorporated","No answer","Full time",50,"$150,000 and over",5,3,"Yes","No difficulty",40,0,0,0,210,230,120,0,0,0,30,0,90,0,120,270,330,330,0,0,120,0,0,230
"20160908160777","Colorado",58,"Male","Native, Born in USA","Married","Non-Veteran","No","Employed","No","Government, state","No answer","Full time",40,"$100,000 to $149,999",3,1,"Yes","No difficulty",179,0,0,0,0,134,55,0,10,0,0,0,502,0,0,1,559,525,34,0,55,0,0,134
"20160201162313","California",41,"Male","Foreign born, not US citizen","Married","Non-Veteran","No","Employed","No","Private, for profit","No answer","Full time",40,"$150,000 and over",4,2,"Yes","No difficulty",205,0,0,0,0,60,40,0,0,0,10,0,485,0,85,110,445,415,30,0,40,0,0,60
"20160302160586","North Carolina",36,"Male","Native, Born in USA","Never married","Non-Veteran","No","Employed","No","Self-employed, incorporated","No answer","Full time",60,"$50,000 to $59,999",1,0,"No","No difficulty",285,0,0,0,330,95,80,0,0,0,15,0,90,0,0,35,510,510,0,0,80,0,0,95
"20160402162238","Georgia",45,"Male","Native, Born in USA","Married","Non-Veteran","No","Employed","No","Private, for profit","No answer","Full time",40,"$75,000 to $99,999",4,2,"Yes","No difficulty",235,0,0,90,0,210,90,0,0,0,150,0,0,0,30,140,495,465,30,0,90,0,0,210
"20160302160128","Ohio",58,"Female","Native, Born in USA","Divored","Non-Veteran","No","Employed","No","Private, for profit","No answer","Full time",37,"$7,500 to $9,999",1,0,"No","No difficulty",160,0,0,0,0,255,10,0,0,0,0,0,485,0,0,20,510,450,60,0,10,0,0,255
"20160202161445","Alabama",66,"Male","Native, Born in USA","Divored","Non-Veteran","No","Not in labor force","No answer","No answer","Retired","No answer",NA,"$10,000 to $12,499",1,0,"No","No difficulty",0,0,0,0,0,675,60,0,0,0,0,0,0,0,0,75,630,600,30,0,60,0,0,675
"20160202160702","North Carolina",48,"Female","Native, Born in USA","Never married","Non-Veteran","No","Employed","No","Government, state","No answer","Full time",40,"$35,000 to $39,999",1,0,"No","No difficulty",110,0,0,0,0,100,15,0,0,0,0,230,445,0,0,30,510,420,90,0,15,110,120,100
"20161211161310","Pennsylvania",64,"Male","Native, Born in USA","Married","Non-Veteran","No","Employed","No","Private, for profit","No answer","Full time",40,"$150,000 and over",2,0,"No","No difficulty",0,0,0,0,90,305,120,0,0,0,0,0,240,0,0,90,595,595,0,0,120,0,0,305
"20160111152248","Tennessee",17,"Female","Native, Born in USA","Never married","Non-Veteran","No","Employed","No","Private, for profit","No answer","Part time",10,"$35,000 to $39,999",3,1,"Yes","No difficulty",30,0,0,0,0,390,75,0,0,0,0,410,0,0,0,0,535,480,55,0,75,410,0,390
"20160301162470","West Virginia",44,"Male","Native, Born in USA","Married","Non-Veteran","No","Employed","No","Private, for profit","No answer","Full time",50,"$60,000 to $74,999",5,2,"Yes","No difficulty",30,0,0,0,240,300,60,0,0,0,0,0,330,0,0,15,465,465,0,0,60,0,0,300
"20160706160800","Kansas",54,"Female","Native, Born in USA","Married","Non-Veteran","No","Employed","No","Private, nonprofit","No answer","Full time",40,"$75,000 to $99,999",2,0,"No","No difficulty",205,0,0,0,225,120,30,0,0,0,5,0,0,0,0,150,705,645,60,0,30,0,0,120
"20160504161302","New York",62,"Male","Native, Born in USA","Married","Non-Veteran","No","Not in labor force","No answer","No answer","Retired","No answer",NA,"$60,000 to $74,999",3,0,"No","No difficulty",0,0,0,0,0,720,0,0,0,0,0,0,0,0,0,120,600,600,0,0,0,0,0,720
"20160503161431","New Jersey",52,"Male","Native, Born in USA","Married","Non-Veteran","No","Employed","No","Self-employed, incorporated","No answer","Full time",50,"$100,000 to $149,999",4,2,"Yes","No difficulty",10,0,0,0,15,90,60,0,0,0,0,0,580,0,0,0,685,685,0,0,60,0,0,90
"20161009161088","Pennsylvania",72,"Female","Native, Born in USA","Widowed","Non-Veteran","No","Employed","No","Self-employed, unincorporated","No answer","Part time",NA,"$25,000 to $29,999",1,0,"No","No difficulty",90,0,0,0,0,90,75,0,0,150,60,0,60,0,0,465,450,420,30,0,75,0,0,90
"20160604161954","California",45,"Female","Native, Born in USA","Married","Non-Veteran","No","Not in labor force","No answer","No answer","No answer","No answer",NA,"$75,000 to $99,999",4,2,"Yes","No difficulty",186,30,0,0,0,297,70,0,0,0,0,0,70,5,26,238,403,373,30,0,70,0,0,297
"20161110161048","Missori",74,"Female","Native, Born in USA","Widowed","Non-Veteran","No","Not in labor force","No answer","No answer","No answer","No answer",NA,"Less than $5,000",3,1,"Yes","Has difficulty",130,0,0,0,0,675,50,0,0,0,210,0,0,0,0,0,375,315,60,0,50,0,0,675
"20160503162249","Georgia",54,"Male","Native, Born in USA","Married","Non-Veteran","No","Not in labor force","No answer","No answer","Retired","No answer",NA,"$30,000 to $34,999",2,0,"No","Has difficulty",61,15,0,100,0,349,79,0,0,0,10,0,0,0,0,12,814,753,60,1,79,0,0,349
"20161212162426","North Carolina",28,"Male","Foreign born, not US citizen","Married","Non-Veteran","No","Employed","No","Private, for profit","No answer","Full time",48,"Less than $5,000",3,0,"No","No difficulty",72,0,0,0,0,20,135,0,0,0,95,0,543,40,0,83,452,402,50,0,135,0,0,20
"20160201161994","Louisiana",30,"Female","Native, Born in USA","Never married","Non-Veteran","No","Employed","No","Private, for profit","No answer","Full time",35,"$75,000 to $99,999",7,2,"Yes","Has difficulty",40,0,0,0,0,120,65,0,0,0,120,0,0,0,85,110,900,850,50,0,65,0,0,120
"20161008161268","Massachusetts",63,"Female","Native, Born in USA","Divored","Non-Veteran","No","Employed","No","Private, for profit","No answer","Part time",23,"$25,000 to $29,999",2,1,"Yes","No difficulty",160,0,0,0,50,395,60,0,0,0,0,0,0,30,0,175,450,450,0,0,60,0,0,395
"20160908161831","Wisconsin",85,"Female","Native, Born in USA","Married","Non-Veteran","No","Not in labor force","No answer","No answer","Retired","No answer",NA,"$60,000 to $74,999",2,0,"No","No difficulty",120,0,180,0,0,225,30,0,0,0,0,0,0,0,305,30,550,550,0,0,30,0,0,225
"20160807162498","Washington",37,"Female","Native, Born in USA","Never married","Non-Veteran","No","Employed","No","Private, for profit","No answer","Part time",NA,"$7,500 to $9,999",3,0,"No","No difficulty",40,0,0,0,0,0,45,0,0,0,0,0,0,670,0,180,505,460,45,0,45,0,0,0
"20160504161227","Ohio",59,"Male","Foreign born, not US citizen","Married","Non-Veteran","No","Employed","No","Government, state","No answer","Full time",50,"$12,500 to $14,999",1,0,"No","No difficulty",156,30,0,0,0,15,60,5,0,0,10,0,619,0,0,45,470,450,20,0,60,0,0,15
"20160808160557","Texas",26,"Female","Native, Born in USA","Divored","Non-Veteran","No","Employed","No","Private, for profit","No answer","Part time",30,"$25,000 to $29,999",3,2,"Yes","No difficulty",180,0,0,0,0,43,30,0,0,0,25,0,610,0,20,20,512,512,0,0,30,0,0,43
"20160504162434","Florida",48,"Male","Foreign born, not US citizen","Married","Non-Veteran","No","Employed","Yes","Self-employed, incorporated","No answer","Full time",NA,"$20,000 to $24,999",4,1,"Yes","No difficulty",277,0,0,0,0,0,40,0,0,0,60,0,430,72,0,95,466,421,45,0,40,0,0,0
"20160303162032","California",77,"Female","Native, Born in USA","Widowed","Non-Veteran","No","Employed","No","Private, for profit","No answer","Part time",NA,"$100,000 to $149,999",1,0,"No","Has difficulty",60,0,0,0,45,150,30,0,0,0,50,0,0,0,0,635,470,415,55,0,30,0,0,150
"20160404161334","California",66,"Female","Native, Born in USA","Divored","Non-Veteran","No","Not in labor force","No answer","No answer","No answer","No answer",NA,"$30,000 to $34,999",2,0,"No","No difficulty",5,0,0,0,0,240,150,0,0,0,50,360,0,0,0,60,575,530,45,0,150,360,0,240
"20160302161059","Colorado",39,"Female","Native, Born in USA","Married","Non-Veteran","No","Employed","No","Private, nonprofit","No answer","Full time",40,"$100,000 to $149,999",4,2,"Yes","No difficulty",180,0,0,0,0,570,0,0,0,0,0,0,0,0,0,120,570,570,0,0,0,0,0,570
"20160806162191","Kansas",59,"Female","Native, Born in USA","Never married","Non-Veteran","No","Not in labor force","No answer","No answer","No answer","No answer",NA,"$10,000 to $12,499",1,0,"No","No difficulty",0,0,0,0,60,390,75,0,0,0,0,0,0,0,0,335,580,540,40,0,75,0,0,390
"20160606162101","New York",28,"Female","Foreign born, not US citizen","Never married","Non-Veteran","No","Employed","No","Private, for profit","No answer","Part time",34,"$10,000 to $12,499",3,2,"Yes","No difficulty",85,0,0,0,0,100,30,0,0,0,5,0,520,0,40,40,575,540,35,0,30,0,0,100
"20160302162091","California",68,"Female","Native, Born in USA","Married","Non-Veteran","No","Not in labor force","No answer","No answer","Retired","No answer",NA,"$75,000 to $99,999",2,0,"No","No difficulty",0,0,0,0,90,270,30,0,0,0,0,0,0,0,0,510,540,480,60,0,30,0,0,270
"20160301161197","Illinois",22,"Female","Native, Born in USA","Never married","Non-Veteran","No","Not in labor force","No answer","No answer","No answer","No answer",NA,"$150,000 and over",4,1,"Yes","No difficulty",45,0,0,0,120,0,100,0,0,0,0,755,0,0,0,0,420,330,90,0,100,185,570,0
"20160212150511","Maryland",69,"Female","Native, Born in USA","Married","Non-Veteran","No","Not in labor force","No answer","No answer","Retired","No answer",NA,"$40,000 to $49,999",2,0,"No","Has difficulty",0,0,0,0,0,725,0,0,0,0,0,0,0,0,0,135,580,545,30,5,0,0,0,725
"20160503160552","Louisiana",34,"Male","Native, Born in USA","Married","Non-Veteran","No","Employed","No","Private, for profit","No answer","Full time",55,"$75,000 to $99,999",5,3,"Yes","No difficulty",61,0,0,120,0,210,60,0,0,0,0,0,0,0,90,270,629,524,105,0,60,0,0,210
"20160201161763","Nebraska",77,"Male","Native, Born in USA","Never married","Veteran","No","Employed","No","Government, local","No answer","Part time",20,"$20,000 to $24,999",1,0,"No","Has difficulty",41,0,0,0,0,319,180,0,0,0,120,0,30,0,0,240,510,480,30,0,180,0,0,319
"20160112150113","New York",59,"Female","Native, Born in USA","Widowed","Non-Veteran","No","Employed","No","Private, for profit","No answer","Full time",38,"$75,000 to $99,999",2,0,"No","No difficulty",309,0,60,0,30,180,75,0,0,0,0,0,471,0,0,60,255,255,0,0,75,0,0,180
"20160707162044","Florida",63,"Female","Native, Born in USA","Married","Non-Veteran","No","Not in labor force","No answer","No answer","Retired","No answer",NA,"$25,000 to $29,999",2,0,"No","No difficulty",50,0,0,60,0,570,60,0,0,0,70,0,0,0,0,80,550,430,120,0,60,0,0,570
"20160302160694","Florida",19,"Female","Native, Born in USA","Never married","Non-Veteran","No","Employed","No","Government, local","No answer","Part time",16,"$75,000 to $99,999",4,2,"Yes","No difficulty",62,0,0,0,0,455,30,0,0,0,143,0,165,0,0,45,540,480,60,0,30,0,0,455
"20161212160523","Michigan",67,"Male","Foreign born, not US citizen","Married","Non-Veteran","No","Not in labor force","No answer","No answer","Retired","No answer",NA,"$100,000 to $149,999",7,3,"Yes","No difficulty",20,0,0,60,0,660,120,0,0,0,0,0,0,0,60,150,370,290,70,10,120,0,0,660
"20161009161221","California",17,"Male","Native, Born in USA","Never married","Non-Veteran","No","Not in labor force","No answer","No answer","No answer","No answer",NA,"$100,000 to $149,999",5,1,"Yes","Has difficulty",10,0,0,0,295,400,5,0,0,0,0,0,0,0,0,10,720,720,0,0,5,0,0,400
"20160212151921","Virginia",47,"Male","Native, born abroad","Married","Non-Veteran","No","Employed","No","Private, for profit","No answer","Full time",NA,"$150,000 and over",6,2,"Yes","No difficulty",16,10,0,0,0,495,30,0,0,0,43,0,0,0,0,219,525,480,45,0,30,0,0,495
"20160101161086","California",26,"Female","Foreign born, not US citizen","Married","Non-Veteran","No","Not in labor force","No answer","No answer","No answer","No answer",NA,"$15,000 to $19,999",3,1,"Yes","No difficulty",65,0,0,0,0,225,180,0,0,0,0,0,0,0,210,175,585,525,60,0,180,0,0,225
"20160201162050","Kentucky",19,"Male","Native, Born in USA","Never married","Non-Veteran","No","Employed","No","Private, for profit","No answer","Full time",40,"$20,000 to $24,999",4,1,"Yes","No difficulty",265,0,0,0,330,90,60,0,0,0,0,0,0,0,0,0,695,695,0,0,60,0,0,90
"20160605161637","Pennsylvania",65,"Male","Native, Born in USA","Divored","Veteran","No","Employed","No","Private, nonprofit","No answer","Part time",24,"$35,000 to $39,999",1,0,"No","No difficulty",180,0,525,0,0,0,225,0,0,0,0,0,0,0,0,0,510,405,105,0,225,0,0,0
"20160808160972","North Carolina",80,"Female","Native, Born in USA","Widowed","Non-Veteran","No","Not in labor force","No answer","No answer","Retired","No answer",NA,"$20,000 to $24,999",1,0,"No","No difficulty",80,40,0,0,0,158,75,0,0,305,0,0,0,0,0,57,725,450,75,200,75,0,0,158
"20160807161119","Texas",71,"Male","Native, Born in USA","Divored","Non-Veteran","No","Employed","No","Self-employed, unincorporated","No answer","Full time",50,"$150,000 and over",1,0,"No","No difficulty",45,0,0,90,0,555,45,0,0,0,0,0,0,0,0,60,645,600,45,0,45,0,0,555
"20160112151135","Oklahoma",61,"Female","Native, Born in USA","Widowed","Veteran","No","Not in labor force","No answer","No answer","No answer","No answer",NA,"$20,000 to $24,999",1,0,"No","No difficulty",37,0,0,0,0,412,35,0,202,0,33,0,0,60,0,41,523,459,64,0,35,0,0,412
"20160403162241","New Jersey",77,"Female","Native, Born in USA","Widowed","Non-Veteran","No","Not in labor force","No answer","No answer","Retired","No answer",NA,"Less than $5,000",1,0,"No","No difficulty",150,0,0,0,0,645,35,0,0,0,0,0,0,0,0,58,552,536,16,0,35,0,0,645
"20160101161141","Alabama",68,"Male","Native, Born in USA","Married","Veteran","No","Not in labor force","No answer","No answer","No answer","No answer",NA,"$40,000 to $49,999",2,0,"No","Has difficulty",90,0,0,0,0,570,15,0,0,0,30,0,0,0,0,315,420,358,0,0,15,0,0,570
"20160112151502","Iowa",47,"Male","Native, Born in USA","Never married","Non-Veteran","No","Not in labor force","No answer","No answer","No answer","No answer",NA,"$12,500 to $14,999",1,0,"No","Has difficulty",2,0,0,0,0,862,59,0,0,0,0,0,0,1,0,5,511,509,0,2,59,0,0,862
"20160605162476","Florida",52,"Male","Native, Born in USA","Married","Non-Veteran","No","Employed","No","Government, local","No answer","Full time",60,"$75,000 to $99,999",2,0,"No","No difficulty",50,0,0,0,230,495,80,0,0,0,15,0,0,0,0,60,510,475,35,0,80,0,0,495
"20160201161493","New Jersey",78,"Male","Native, Born in USA","Divored","Veteran","No","Not in labor force","No answer","No answer","Retired","No answer",NA,"$20,000 to $24,999",1,0,"No","No difficulty",40,0,0,0,0,360,180,0,0,0,0,0,0,10,0,0,850,850,0,0,180,0,0,360
"20160605162377","North Carolina",40,"Male","Native, Born in USA","Never married","Non-Veteran","No","Employed","No","Private, for profit","No answer","Full time",45,"$25,000 to $29,999",5,3,"Yes","No difficulty",50,0,0,0,0,245,75,0,0,0,0,0,472,0,113,5,480,410,70,0,75,0,0,245
"20160302162248","Florida",69,"Female","Native, Born in USA","Married","Non-Veteran","No","Not in labor force","No answer","No answer","Retired","No answer",NA,"$50,000 to $59,999",2,0,"No","No difficulty",0,0,10,0,0,570,45,0,0,0,0,0,0,0,0,245,570,510,60,0,45,0,0,570
"20160807161400","Kentucky",37,"Female","Native, Born in USA","Married","Non-Veteran","No","Employed","No","Government, local","No answer","Full time",NA,"$100,000 to $149,999",4,2,"Yes","No difficulty",30,0,0,0,0,122,75,0,0,0,45,0,0,0,631,105,382,362,20,0,75,0,0,122
"20160908160592","Oklahoma",25,"Male","Native, Born in USA","Divored","Veteran","No","Employed","No","Private, for profit","No answer","Full time",40,"$20,000 to $24,999",4,0,"No","No difficulty",45,0,0,0,165,478,105,0,0,0,0,0,0,2,0,60,585,570,15,0,105,0,0,478
"20160604161014","California",69,"Female","Native, Born in USA","Married","Non-Veteran","No","Not in labor force","No answer","No answer","No answer","No answer",NA,"$10,000 to $12,499",1,0,"No","Has difficulty",0,10,0,0,0,799,25,0,0,0,0,0,0,0,0,35,571,570,0,1,25,0,0,799
"20160807161309","Missori",66,"Male","Native, Born in USA","Married","Non-Veteran","No","Not in labor force","No answer","No answer","Retired","No answer",NA,"$30,000 to $34,999",2,0,"No","No difficulty",40,0,0,0,390,350,40,0,0,0,0,0,0,0,0,0,620,600,20,0,40,0,0,350
"20160908161600","Kentucky",36,"Female","Native, Born in USA","Married","Non-Veteran","No","Not in labor force","No answer","No answer","No answer","No answer",NA,"$150,000 and over",3,2,"Yes","No difficulty",125,0,0,0,60,210,20,0,0,0,90,0,0,0,210,70,655,565,90,0,20,0,0,210
"20160706161330","Tennessee",36,"Male","Native, Born in USA","Married","Non-Veteran","No","Employed","No","Private, for profit","No answer","Part time",22,"$10,000 to $12,499",4,2,"Yes","No difficulty",20,0,0,0,290,225,135,0,0,0,0,0,0,0,115,0,595,580,15,0,135,0,0,225
"20160112151892","California",28,"Female","Foreign born, not US citizen","Never married","Non-Veteran","No","Employed","No","Private, nonprofit","No answer","Full time",40,"$100,000 to $149,999",2,1,"Yes","No difficulty",90,0,0,0,0,210,75,0,0,0,0,0,465,0,95,60,445,380,65,0,75,0,0,210
"20161008160787","Connecticut",61,"Male","Native, Born in USA","Married","Non-Veteran","No","Employed","No","Private, for profit","No answer","Full time",60,"$150,000 and over",2,0,"No","No difficulty",20,0,0,0,0,130,155,0,0,0,0,0,725,0,0,0,410,390,20,0,155,0,0,130
"20161211162089","New Jersey",41,"Female","Foreign born, US citizen","Never married","Non-Veteran","No","Employed","No","Private, for profit","No answer","Full time",40,"$60,000 to $74,999",1,0,"No","No difficulty",115,0,0,0,0,550,20,0,0,20,120,0,0,0,0,15,600,520,80,0,20,0,0,550
"20160302161144","Florida",58,"Male","Native, Born in USA","Divored","Non-Veteran","No","Not in labor force","No answer","No answer","Retired","No answer",NA,"$12,500 to $14,999",2,0,"No","Has difficulty",0,0,0,0,0,815,0,0,0,0,0,0,0,0,0,5,620,360,80,180,0,0,0,815
"20161211162260","Illinois",37,"Male","Native, Born in USA","Never married","Non-Veteran","No","Not in labor force","No answer","No answer","No answer","No answer",NA,"$75,000 to $99,999",3,0,"No","No difficulty",190,0,0,0,0,420,110,0,0,2,125,0,0,0,0,60,533,533,0,0,110,0,0,420
"20160605162482","Ohio",36,"Male","Native, Born in USA","Married","Non-Veteran","No","Employed","Yes","Self-employed, unincorporated","No answer","Full time",64,"$100,000 to $149,999",5,3,"Yes","No difficulty",90,0,0,0,75,95,30,0,0,0,0,0,600,0,70,90,390,390,0,0,30,0,0,95
"20160707160931","Kansas",40,"Female","Native, Born in USA","Married","Non-Veteran","No","Employed","No","Self-employed, incorporated","No answer","Part time",10,"$150,000 and over",4,2,"Yes","No difficulty",0,0,0,0,750,60,180,0,0,0,15,0,0,0,0,75,360,360,0,0,180,0,0,60
"20160112152266","New York",61,"Male","Native, Born in USA","Married","Non-Veteran","No","Employed","No","Private, for profit","No answer","Full time",36,"$25,000 to $29,999",2,0,"No","No difficulty",90,0,0,0,0,150,15,0,0,0,0,0,870,30,0,0,285,285,0,0,15,0,0,150
"20160908160591","Tennessee",46,"Male","Native, Born in USA","Divored","Non-Veteran","No","Employed","No","Government, federal","No answer","Full time",40,"$20,000 to $24,999",1,0,"No","No difficulty",40,0,0,0,0,120,0,0,0,0,0,0,460,0,0,0,820,800,20,0,0,0,0,120
"20160806161636","Utah",56,"Male","Native, Born in USA","Married","Non-Veteran","No","Employed","No","Private, nonprofit","No answer","Full time",40,"$75,000 to $99,999",5,2,"Yes","No difficulty",60,0,80,0,0,135,80,0,0,0,0,0,575,0,0,20,490,390,100,0,80,0,0,135
"20160706161146","California",48,"Male","Native, Born in USA","Divored","Veteran","No","Employed","No","Private, for profit","No answer","Full time",40,"$40,000 to $49,999",2,0,"No","No difficulty",28,0,0,0,0,627,155,0,0,0,30,0,0,0,0,0,600,540,60,0,155,0,0,627
"20160403160922","New York",30,"Female","Native, Born in USA","Never married","Non-Veteran","No","Employed","No","Self-employed, unincorporated","No answer","Part time",30,"$40,000 to $49,999",1,0,"No","No difficulty",88,0,0,0,0,210,30,0,0,0,0,0,512,0,0,60,540,510,30,0,30,0,0,210
"20160111150625","North Carolina",80,"Male","Native, Born in USA","Widowed","Veteran","No","Employed","No","Self-employed, incorporated","No answer","Full time",50,"$100,000 to $149,999",1,0,"No","No difficulty",65,0,145,0,0,465,25,0,0,20,0,0,0,0,0,0,660,627,30,0,25,0,0,465
"20160111151865","Georgia",64,"Female","Native, Born in USA","Divored","Non-Veteran","No","Employed","No","Private, for profit","No answer","Full time",55,"$40,000 to $49,999",1,0,"No","No difficulty",0,0,0,90,0,750,30,0,0,0,0,0,0,0,0,60,510,510,0,0,30,0,0,750
"20160403161766","Texas",73,"Female","Native, Born in USA","Married","Non-Veteran","No","Employed","No","Private, nonprofit","No answer","Part time",12,"$50,000 to $59,999",2,0,"No","No difficulty",80,0,0,55,0,130,100,0,0,0,80,0,90,0,0,170,715,560,155,0,100,0,0,130
"20161009162189","Utah",67,"Female","Native, Born in USA","Married","Non-Veteran","No","Not in labor force","No answer","No answer","Retired","No answer",NA,"$35,000 to $39,999",2,0,"No","No difficulty",40,0,0,0,0,150,10,0,0,0,180,0,0,0,0,460,600,600,0,0,10,0,0,150
"20160404160145","Texas",19,"Female","Foreign born, US citizen","Never married","Non-Veteran","No","Not in labor force","No answer","No answer","No answer","No answer",NA,"$25,000 to $29,999",6,3,"Yes","No difficulty",85,0,0,0,30,110,122,0,0,0,0,570,0,0,10,95,418,358,60,0,122,420,150,110
"20160403160834","North Carolina",29,"Female","Native, Born in USA","Married","Non-Veteran","No","Not in labor force","No answer","No answer","No answer","No answer",NA,"$60,000 to $74,999",6,4,"Yes","No difficulty",24,0,0,0,0,206,120,0,0,0,0,150,0,0,5,170,765,660,105,0,120,0,150,206
"20160403162212","Massachusetts",52,"Female","Native, Born in USA","Married","Non-Veteran","No","Employed","No","Private, nonprofit","No answer","Full time",45,"$40,000 to $49,999",2,0,"No","No difficulty",51,135,0,0,0,246,35,0,0,0,20,0,500,0,0,48,405,390,15,0,35,0,0,246
"20160202161603","Ohio",70,"Female","Native, Born in USA","Widowed","Non-Veteran","No","Not in labor force","No answer","No answer","Retired","No answer",NA,"$20,000 to $24,999",1,0,"No","No difficulty",0,75,0,0,0,345,60,0,0,0,0,0,0,0,0,235,624,608,0,16,60,0,0,345
"20160807160022","Pennsylvania",25,"Female","Native, Born in USA","Never married","Non-Veteran","No","Employed","No","Private, for profit","No answer","Full time",35,"$12,500 to $14,999",4,2,"Yes","No difficulty",159,1,0,0,0,0,15,50,0,50,25,0,527,0,80,0,533,463,70,0,15,0,0,0
"20160301160785","Tennessee",56,"Male","Native, Born in USA","Divored","Non-Veteran","No","Employed","No","Private, for profit","No answer","Full time",48,"$150,000 and over",2,0,"No","No difficulty",120,0,0,0,0,245,55,0,0,0,0,0,600,0,0,60,360,360,0,0,55,0,0,245
"20160806160614","Arkansas",33,"Female","Foreign born, US citizen","Married","Non-Veteran","No","Employed","No","Private, for profit","No answer","Part time",32,"$100,000 to $149,999",3,1,"Yes","No difficulty",67,0,0,0,0,118,60,0,0,0,0,0,576,0,9,0,610,550,60,0,60,0,0,118
"20160504160995","Florida",26,"Female","Native, Born in USA","Never married","Non-Veteran","No","Employed","No","Private, for profit","No answer","Full time",40,"$100,000 to $149,999",3,0,"No","No difficulty",120,0,0,0,0,0,285,0,0,0,165,0,510,0,0,0,360,315,45,0,285,0,0,0
"20160605161662","Colorado",29,"Male","Native, Born in USA","Married","Non-Veteran","No","Employed","No","Self-employed, incorporated","No answer","Full time",NA,"$150,000 and over",3,1,"Yes","No difficulty",50,0,0,0,0,354,45,0,0,0,90,0,0,0,270,151,480,450,30,0,45,0,0,354
"20160807162491","Colorado",77,"Male","Native, Born in USA","Widowed","Veteran","No","Not in labor force","No answer","No answer","Retired","No answer",NA,"$25,000 to $29,999",1,0,"No","No difficulty",33,0,0,0,0,457,90,0,5,0,60,0,0,0,0,360,435,375,60,0,90,0,0,457
"20161212161693","Florida",22,"Male","Native, Born in USA","Never married","Non-Veteran","No","Not in labor force","No answer","No answer","No answer","No answer",NA,"$15,000 to $19,999",2,0,"No","No difficulty",70,0,0,0,60,683,55,0,0,0,0,0,0,0,0,8,468,420,48,0,55,0,0,683
"20160908162476","Florida",67,"Female","Foreign born, not US citizen","Divored","Non-Veteran","No","Not in labor force","No answer","No answer","Retired","No answer",NA,"$15,000 to $19,999",1,0,"No","Has difficulty",30,15,0,0,70,430,30,0,0,0,15,0,0,0,0,295,555,450,105,0,30,0,0,430
"20160605161238","Ohio",62,"Female","Native, Born in USA","Divored","Non-Veteran","No","Employed","Yes","Government, state","No answer","Full time",45,"$35,000 to $39,999",1,0,"No","No difficulty",155,0,195,150,0,362,30,0,0,0,15,0,0,21,0,62,450,360,90,0,30,0,0,362
"20160403161119","California",39,"Female","Foreign born, US citizen","Married","Non-Veteran","No","Employed","Yes","Private, for profit","No answer","Part time",33,"$40,000 to $49,999",4,2,"Yes","No difficulty",72,30,0,0,0,31,20,0,0,0,20,0,480,0,90,120,577,537,40,0,20,0,0,31
"20160202162140","Michigan",31,"Female","Native, Born in USA","Divored","Non-Veteran","No","Employed","No","Private, for profit","No answer","Full time",40,"$20,000 to $24,999",2,1,"Yes","No difficulty",105,0,0,0,0,90,30,0,0,15,0,0,569,0,73,80,478,418,60,0,30,0,0,90
"20160112150573","Colorado",44,"Male","Native, Born in USA","Never married","Non-Veteran","No","Employed","No","Self-employed, unincorporated","No answer","Full time",40,"$60,000 to $74,999",1,0,"No","No difficulty",70,0,0,0,0,165,105,0,0,0,90,0,290,0,0,0,720,720,0,0,105,0,0,165
"20160112150653","Illinois",44,"Female","Foreign born, US citizen","Married","Non-Veteran","No","Employed","No","Government, federal","No answer","Full time",40,"$100,000 to $149,999",5,2,"Yes","No difficulty",110,2,0,15,0,173,48,0,0,0,0,0,450,0,69,23,530,450,80,0,48,0,0,173
"20160605161917","Washington",66,"Female","Native, Born in USA","Divored","Non-Veteran","No","Employed","No","Government, state","No answer","Part time",16,"$75,000 to $99,999",4,1,"Yes","No difficulty",52,0,0,0,0,366,25,0,0,0,65,0,270,0,0,137,525,510,15,0,25,0,0,366
"20160201162060","New York",54,"Female","Native, Born in USA","Separated","Non-Veteran","No","Employed","No","Private, nonprofit","No answer","Full time",36,"$25,000 to $29,999",4,1,"Yes","No difficulty",46,0,0,0,0,45,60,0,0,0,0,0,707,0,112,0,470,440,30,0,60,0,0,45
"20161109161655","Florida",17,"Female","Native, Born in USA","Never married","Non-Veteran","No","Not in labor force","No answer","No answer","No answer","No answer",NA,"$60,000 to $74,999",3,1,"Yes","No difficulty",0,0,0,0,0,471,10,0,0,0,0,90,0,5,0,26,658,643,15,0,10,0,90,471
"20160605162378","Ohio",36,"Male","Native, Born in USA","Married","Non-Veteran","No","Employed","No","Private, for profit","No answer","Part time",30,"$15,000 to $19,999",2,0,"No","No difficulty",55,0,0,0,0,275,70,0,0,0,0,0,310,0,0,5,725,660,65,0,70,0,0,275
"20160807160729","Georgia",38,"Female","Native, Born in USA","Married","Non-Veteran","No","Employed","No","Government, local","No answer","Part time",24,"$50,000 to $59,999",3,1,"Yes","No difficulty",72,0,0,0,60,175,105,0,0,0,210,0,60,0,65,35,658,628,30,0,105,0,0,175
"20160706161949","Michigan",47,"Female","Native, Born in USA","Married","Non-Veteran","No","Employed","No","Private, nonprofit","No answer","Full time",40,"$150,000 and over",3,1,"Yes","No difficulty",163,10,0,0,0,330,140,0,0,0,30,0,0,0,90,210,467,412,55,0,140,0,0,330
"20160201161835","Kentucky",26,"Female","Native, Born in USA","Never married","Non-Veteran","No","Employed","No","Private, for profit","No answer","Full time",40,"$75,000 to $99,999",3,1,"Yes","No difficulty",8,0,0,0,0,120,65,0,0,0,0,0,562,0,35,140,510,450,60,0,65,0,0,120
"20160112152339","Texas",55,"Male","Native, Born in USA","Never married","Non-Veteran","No","Not in labor force","No answer","No answer","No answer","No answer",NA,"$35,000 to $39,999",3,1,"Yes","Has difficulty",0,0,0,0,0,685,35,0,0,0,0,0,0,0,0,0,720,720,0,0,35,0,0,685
"20160605161766","California",60,"Male","Foreign born, US citizen","Married","Non-Veteran","No","Not in labor force","No answer","No answer","No answer","No answer",NA,"$25,000 to $29,999",2,0,"No","Has difficulty",25,0,0,60,0,569,25,0,0,40,0,0,0,0,0,60,661,660,1,0,25,0,0,569
"20160403160976","Texas",47,"Female","Native, Born in USA","Separated","Non-Veteran","No","Employed","No","Private, for profit","No answer","Full time",40,"$100,000 to $149,999",3,2,"Yes","No difficulty",157,0,0,0,180,0,23,0,0,0,117,0,0,0,5,120,793,723,70,0,23,0,0,0
"20160111152007","New York",68,"Male","Native, Born in USA","Divored","Veteran","No","Not in labor force","No answer","No answer","Retired","No answer",NA,"$50,000 to $59,999",1,0,"No","No difficulty",40,0,0,220,120,475,70,0,0,0,0,0,0,0,0,0,515,450,60,5,70,0,0,475
"20160101161762","Kansas",29,"Female","Native, Born in USA","Married","Non-Veteran","No","Employed","No","Private, for profit","No answer","Full time",40,"$35,000 to $39,999",4,2,"Yes","No difficulty",80,0,0,0,0,135,40,0,0,0,0,0,478,0,82,55,570,540,30,0,40,0,0,135
"20160606160075","Arkansas",32,"Male","Native, Born in USA","Never married","Non-Veteran","No","Employed","No","Private, for profit","No answer","Part time",23,"Less than $5,000",4,0,"No","No difficulty",30,0,0,0,0,320,0,0,0,0,0,0,0,120,0,0,970,900,70,0,0,0,0,320
"20160404161805","Connecticut",74,"Male","Foreign born, US citizen","Married","Non-Veteran","No","Not in labor force","No answer","No answer","No answer","No answer",NA,"$7,500 to $9,999",2,0,"No","No difficulty",35,0,0,0,180,225,34,0,0,0,120,0,0,0,0,90,756,726,30,0,34,0,0,225
"20160302162363","Virginia",67,"Female","Native, Born in USA","Married","Non-Veteran","No","Not in labor force","No answer","No answer","Retired","No answer",NA,"$35,000 to $39,999",3,0,"No","No difficulty",0,0,0,0,30,490,50,0,0,0,0,0,0,0,0,45,825,630,0,195,50,0,0,490
"20161110161526","Florida",24,"Male","Foreign born, not US citizen","Never married","Non-Veteran","No","Employed","No","Government, federal","No answer","Full time",40,"$15,000 to $19,999",1,0,"No","No difficulty",25,0,0,0,0,161,72,0,0,0,0,0,460,0,0,182,510,435,75,0,72,0,0,161
"20160403161206","Alabama",72,"Male","Native, Born in USA","Married","Veteran","No","Not in labor force","No answer","No answer","Retired","No answer",NA,"$50,000 to $59,999",2,0,"No","No difficulty",14,0,0,0,0,606,15,0,0,0,15,0,0,0,0,200,590,590,0,0,15,0,0,606
"20161211161635","Washington",59,"Female","Native, Born in USA","Married","Non-Veteran","No","Not in labor force","No answer","No answer","Retired","No answer",NA,"$75,000 to $99,999",2,0,"No","No difficulty",200,0,0,0,0,384,60,0,0,0,11,0,0,125,0,60,600,600,0,0,60,0,0,384
"20160505162105","California",70,"Female","Foreign born, US citizen","Married","Non-Veteran","No","Not in labor force","No answer","No answer","Retired","No answer",NA,"$35,000 to $39,999",3,0,"No","No difficulty",100,30,0,90,0,150,160,0,0,0,0,0,0,0,0,280,630,540,90,0,160,0,0,150
"20161210162472","California",60,"Male","Foreign born, US citizen","Married","Non-Veteran","No","Employed","No","Private, for profit","No answer","Full time",40,"$35,000 to $39,999",5,1,"Yes","No difficulty",60,0,0,0,0,120,30,0,0,0,0,0,455,0,0,100,615,515,100,0,30,0,0,120
"20160707160769","Texas",48,"Female","Native, Born in USA","Married","Veteran","No","Employed","Yes","Private, nonprofit","No answer","Full time",65,"$75,000 to $99,999",5,0,"No","No difficulty",8,0,0,0,0,215,0,0,0,0,0,0,614,0,0,20,583,568,15,0,0,0,0,215
"20160807160965","Alaska",66,"Female","Native, Born in USA","Married","Non-Veteran","No","Not in labor force","No answer","No answer","Retired","No answer",NA,"$60,000 to $74,999",2,0,"No","No difficulty",0,0,0,0,0,180,150,0,0,0,0,0,0,0,0,540,570,570,0,0,150,0,0,180
"20160111151471","Washington",15,"Female","Native, Born in USA","Never married","No answer","No","Not in labor force","No answer","No answer","No answer","No answer",NA,"$100,000 to $149,999",4,2,"Yes","No difficulty",30,140,0,0,0,120,15,0,0,0,0,0,0,0,0,0,1135,1010,125,0,15,0,0,120
"20160605161082","New York",49,"Female","Native, Born in USA","Married","Non-Veteran","No","Not in labor force","No answer","No answer","No answer","No answer",NA,"$60,000 to $74,999",5,0,"No","No difficulty",52,0,0,90,0,315,0,0,0,0,50,0,0,0,0,310,555,510,45,0,0,0,0,315
"20160807161224","Mississippi",78,"Female","Native, Born in USA","Divored","Non-Veteran","No","Not in labor force","No answer","No answer","Retired","No answer",NA,"$25,000 to $29,999",1,0,"No","No difficulty",0,20,0,0,0,868,25,0,0,0,0,0,0,0,0,27,500,480,20,0,25,0,0,868
"20160302161806","Indiana",27,"Female","Native, Born in USA","Never married","Non-Veteran","No","Employed","No","Private, for profit","No answer","Full time",40,"$60,000 to $74,999",4,1,"Yes","No difficulty",105,0,0,0,0,210,45,0,0,0,0,0,480,0,0,0,600,520,80,0,45,0,0,210
"20160908160896","Texas",69,"Male","Native, Born in USA","Married","Veteran","No","Not in labor force","No answer","No answer","Retired","No answer",NA,"$40,000 to $49,999",4,0,"No","No difficulty",135,0,0,0,0,390,30,0,0,0,30,0,0,0,0,195,660,600,60,0,30,0,0,390
"20160302160522","Michigan",51,"Female","Native, Born in USA","Married","Non-Veteran","No","Employed","No","Private, for profit","No answer","Full time",45,"$60,000 to $74,999",2,0,"No","No difficulty",35,0,0,0,0,395,50,0,0,0,90,0,300,0,0,0,570,570,0,0,50,0,0,395
"20160112151428","California",50,"Male","Native, Born in USA","Never married","Non-Veteran","No","Employed","No","Private, for profit","No answer","Full time",50,"$40,000 to $49,999",1,0,"No","No difficulty",60,0,0,130,0,18,70,0,0,0,0,420,15,0,0,107,620,520,100,0,70,0,420,18
"20161211160535","Georgia",50,"Male","Native, Born in USA","Married","Non-Veteran","No","Not in labor force","No answer","No answer","No answer","No answer",NA,"$150,000 and over",5,2,"Yes","No difficulty",25,0,0,0,0,375,60,0,0,0,60,0,0,0,0,350,570,540,30,0,60,0,0,375
"20161009161910","Florida",61,"Male","Foreign born, US citizen","Married","Non-Veteran","No","Employed","No","Government, local","No answer","Full time",40,"$60,000 to $74,999",2,0,"No","No difficulty",0,0,0,90,0,545,120,0,0,0,0,0,0,0,0,0,685,660,25,0,120,0,0,545
"20160403162220","Illinois",43,"Female","Foreign born, not US citizen","Married","Non-Veteran","No","Employed","No","Private, for profit","No answer","Full time",40,"$60,000 to $74,999",6,3,"Yes","No difficulty",110,0,0,0,0,240,35,0,0,0,0,0,0,0,90,405,560,560,0,0,35,0,0,240
"20161210161596","Alabama",52,"Female","Native, Born in USA","Never married","Non-Veteran","No","Employed","No","Private, for profit","No answer","Part time",NA,"$30,000 to $34,999",4,2,"Yes","No difficulty",280,0,0,135,0,270,20,0,0,0,0,0,0,0,0,235,500,390,110,0,20,0,0,270
"20160706161014","Nebraska",46,"Female","Native, Born in USA","Married","Non-Veteran","No","Employed","Yes","Self-employed, incorporated","No answer","Part time",16,"$40,000 to $49,999",4,2,"Yes","No difficulty",85,0,0,0,0,360,30,0,0,0,60,0,195,0,0,165,545,545,0,0,30,0,0,360
"20160201161250","New Jersey",42,"Male","Native, Born in Territory","Never married","Non-Veteran","No","Employed","No","Private, for profit","No answer","Full time",40,"$60,000 to $74,999",1,0,"No","No difficulty",45,0,0,0,60,370,20,0,0,0,30,0,0,30,0,345,540,540,0,0,20,0,0,370
"20160101161276","New York",67,"Female","Native, Born in USA","Divored","Non-Veteran","No","Not in labor force","No answer","No answer","Retired","No answer",NA,"$10,000 to $12,499",1,0,"No","No difficulty",0,60,0,0,0,430,45,0,0,0,0,0,0,0,0,350,555,515,40,0,45,0,0,430
"20160403160699","Maine",71,"Female","Native, Born in USA","Divored","Non-Veteran","No","Not in labor force","No answer","No answer","Retired","No answer",NA,"$10,000 to $12,499",1,0,"No","Has difficulty",100,50,0,0,0,380,45,0,0,0,65,0,0,0,0,140,660,630,30,0,45,0,0,380
"20161010160095","New York",45,"Male","Foreign born, US citizen","Married","Non-Veteran","No","Employed","No","Private, for profit","No answer","Full time",35,"$60,000 to $74,999",4,1,"Yes","No difficulty",170,0,0,0,0,150,90,0,0,0,0,0,430,0,0,150,450,430,20,0,90,0,0,150
"20160807160088","New York",80,"Female","Native, Born in USA","Widowed","Non-Veteran","No","Not in labor force","No answer","No answer","Retired","No answer",NA,"$15,000 to $19,999",1,0,"No","No difficulty",45,0,0,0,0,470,50,0,0,90,0,0,0,0,0,20,600,600,0,0,50,0,0,470
"20160808161235","Virginia",85,"Male","Native, Born in USA","Married","Non-Veteran","No","Not in labor force","No answer","No answer","Retired","No answer",NA,"$12,500 to $14,999",2,0,"No","Has difficulty",0,0,0,0,0,165,25,0,0,0,0,0,0,0,0,10,1240,720,0,520,25,0,0,165
"20160908161281","Oregon",74,"Female","Native, Born in USA","Divored","Non-Veteran","No","Not in labor force","No answer","No answer","No answer","No answer",NA,"Less than $5,000",1,0,"No","Has difficulty",0,0,0,0,0,870,60,0,0,0,0,0,0,0,0,60,450,390,60,0,60,0,0,870
"20160403161475","Texas",38,"Female","Native, Born in USA","Married","Non-Veteran","No","Not in labor force","No answer","No answer","No answer","No answer",NA,"$25,000 to $29,999",3,1,"Yes","No difficulty",0,0,0,0,0,135,10,0,0,0,0,0,0,0,465,410,420,355,45,20,10,0,0,135
"20160605161625","Florida",77,"Female","Native, Born in USA","Married","Non-Veteran","No","Not in labor force","No answer","No answer","Retired","No answer",NA,"$20,000 to $24,999",2,0,"No","No difficulty",0,0,0,0,0,450,75,0,0,0,0,0,0,0,60,345,510,480,30,0,75,0,0,450
"20161010160551","Maryland",34,"Male","Native, Born in USA","Married","Non-Veteran","No","Employed","No","Private, for profit","No answer","Full time",55,"$100,000 to $149,999",3,1,"Yes","No difficulty",402,0,0,0,0,183,115,0,0,0,10,0,20,0,145,100,465,450,15,0,115,0,0,183
"20161110161703","South Carolina",66,"Female","Native, Born in USA","Married","Non-Veteran","No","Not in labor force","No answer","No answer","Retired","No answer",NA,"$60,000 to $74,999",1,0,"No","No difficulty",150,0,0,0,0,355,105,0,0,0,205,0,0,0,0,170,455,420,35,0,105,0,0,355
"20161008162329","California",39,"Male","Native, Born in USA","Married","Non-Veteran","No","Employed","No","Private, for profit","No answer","Full time",40,"$100,000 to $149,999",4,2,"Yes","No difficulty",50,0,455,0,0,395,0,0,0,0,0,0,0,0,0,0,540,540,0,0,0,0,0,395
"20160504161924","Pennsylvania",64,"Female","Native, Born in USA","Married","Non-Veteran","No","Employed","No","Private, for profit","No answer","Full time",45,"$40,000 to $49,999",2,0,"No","No difficulty",100,0,0,0,0,215,30,0,0,0,30,0,519,15,0,70,461,440,20,1,30,0,0,215
"20160201161659","California",17,"Male","Foreign born, not US citizen","Never married","Non-Veteran","No","Employed","No","Private, for profit","No answer","Part time",4,"$15,000 to $19,999",5,3,"Yes","No difficulty",55,0,0,0,135,40,45,0,0,0,0,545,0,10,0,0,610,555,55,0,45,395,150,40
"20160605161086","Pennsylvania",19,"Male","Native, Born in USA","Never married","Non-Veteran","No","Employed","No","Private, for profit","No answer","Part time",30,"$7,500 to $9,999",2,0,"No","No difficulty",127,0,0,15,0,0,20,0,0,0,25,150,661,0,0,17,425,370,55,0,20,0,150,0
"20161010160968","Virginia",62,"Male","Native, Born in USA","Married","Non-Veteran","No","Employed","No","Private, for profit","No answer","Full time",NA,"$150,000 and over",2,0,"No","No difficulty",56,0,0,0,0,150,40,0,0,0,12,0,482,165,0,55,480,420,60,0,40,0,0,150
"20160605162084","Michigan",39,"Male","Native, Born in USA","Married","Non-Veteran","No","Employed","No","Private, for profit","No answer","Full time",40,"$35,000 to $39,999",4,2,"Yes","No difficulty",62,0,0,0,180,90,60,0,0,0,10,0,478,0,0,30,530,510,20,0,60,0,0,90
"20160806162212","Kentucky",42,"Female","Native, Born in USA","Married","Non-Veteran","No","Not in labor force","No answer","No answer","No answer","No answer",NA,"$150,000 and over",3,1,"Yes","No difficulty",170,0,125,0,60,60,30,0,0,0,30,0,0,0,75,315,575,515,60,0,30,0,0,60
"20160605162219","Michigan",78,"Female","Native, Born in USA","Married","Non-Veteran","No","Not in labor force","No answer","No answer","No answer","No answer",NA,"$50,000 to $59,999",2,0,"No","Has difficulty",60,0,0,0,0,720,90,0,0,0,0,0,0,0,0,0,570,480,90,0,90,0,0,720
"20160112150552","Texas",36,"Female","Native, Born in USA","Never married","Non-Veteran","No","Employed","Yes","Private, for profit","No answer","Full time",60,"$15,000 to $19,999",4,3,"Yes","No difficulty",107,0,0,0,0,190,10,0,0,0,10,0,548,0,127,6,442,417,25,0,10,0,0,190
"20160201160526","California",54,"Male","Native, Born in USA","Married","Non-Veteran","No","Employed","No","Private, for profit","No answer","Full time",50,"$150,000 and over",4,1,"Yes","No difficulty",115,0,0,0,40,65,80,0,0,0,0,0,513,0,32,70,525,450,75,0,80,0,0,65
"20160201162246","Indiana",17,"Male","Native, Born in USA","Never married","Non-Veteran","No","Not in labor force","No answer","No answer","No answer","No answer",NA,"$150,000 and over",4,2,"Yes","No difficulty",65,0,0,0,60,330,100,0,0,0,0,60,30,15,0,30,690,645,45,0,100,0,60,330
"20161110162028","New Hampshire",26,"Male","Native, Born in USA","Never married","Non-Veteran","No","Employed","No","Private, for profit","No answer","Full time",58,"$35,000 to $39,999",2,0,"No","No difficulty",30,0,0,0,0,123,30,0,0,0,0,0,750,0,0,45,462,420,42,0,30,0,0,123
"20160201161486","New Jersey",62,"Female","Native, Born in USA","Widowed","Non-Veteran","No","Employed","No","Private, for profit","No answer","Full time",50,"$150,000 and over",1,0,"No","No difficulty",71,0,0,0,0,204,75,0,0,0,50,85,90,0,0,100,605,480,125,0,75,85,0,204
"20160112152410","Michigan",33,"Female","Native, Born in USA","Married","Non-Veteran","No","Employed","No","Private, nonprofit","No answer","Full time",40,"$60,000 to $74,999",5,3,"Yes","No difficulty",195,0,0,0,0,15,30,0,0,0,0,0,433,0,211,126,420,390,30,0,30,0,0,15
"20160201160123","New Jersey",38,"Male","Native, Born in USA","Married","Non-Veteran","No","Employed","No","Government, local","No answer","Full time",40,"$75,000 to $99,999",4,2,"Yes","No difficulty",51,0,0,0,0,35,70,0,0,0,5,0,440,0,196,95,548,538,10,0,70,0,0,35
"20160706161121","Texas",67,"Female","Native, Born in USA","Married","Non-Veteran","No","Not in labor force","No answer","No answer","Retired","No answer",NA,"$25,000 to $29,999",2,0,"No","No difficulty",10,0,0,295,0,595,30,0,0,0,0,0,0,0,0,0,510,480,30,0,30,0,0,595
"20160807161741","California",50,"Female","Foreign born, not US citizen","Married","Non-Veteran","No","Unemployed, Looking","No answer","No answer","No answer","No answer",NA,"$30,000 to $34,999",2,0,"No","No difficulty",60,0,0,0,0,302,60,0,0,0,150,0,0,0,7,218,643,598,45,0,60,0,0,302
"20160808161232","Arizona",85,"Female","Native, Born in USA","Widowed","Non-Veteran","No","Not in labor force","No answer","No answer","Retired","No answer",NA,"$15,000 to $19,999",1,0,"No","Has difficulty",80,35,0,0,45,413,190,0,0,0,0,0,0,0,0,95,582,530,50,2,190,0,0,413
"20160606162506","Florida",35,"Male","Native, Born in USA","Married","Non-Veteran","No","Employed","No","Government, local","No answer","Full time",35,"$60,000 to $74,999",5,3,"Yes","No difficulty",50,0,0,0,0,180,60,0,0,0,24,0,606,0,60,0,450,450,0,0,60,0,0,180
"20160504161584","Ohio",40,"Female","Native, Born in USA","Never married","Non-Veteran","No","Employed","No","Private, for profit","No answer","Full time",60,"$100,000 to $149,999",4,2,"Yes","No difficulty",30,0,0,0,0,300,30,0,0,0,60,0,0,0,335,270,415,355,60,0,30,0,0,300
"20160112151119","Maryland",80,"Female","Native, Born in USA","Married","Non-Veteran","No","Not in labor force","No answer","No answer","Retired","No answer",NA,"$100,000 to $149,999",2,0,"No","Has difficulty",14,60,0,0,0,415,80,0,0,17,89,0,0,0,0,110,570,510,60,0,80,0,0,415
"20160112152262","Pennsylvania",31,"Female","Native, Born in USA","Married","Non-Veteran","No","Employed","No","Private, for profit","No answer","Full time",38,"$60,000 to $74,999",3,1,"Yes","No difficulty",0,60,0,0,0,210,110,0,0,0,0,0,0,0,110,530,420,420,0,0,110,0,0,210
"20160112152011","Florida",85,"Male","Native, Born in USA","Widowed","Non-Veteran","No","Not in labor force","No answer","No answer","Retired","No answer",NA,"$10,000 to $12,499",1,0,"No","Has difficulty",0,60,0,0,0,570,30,0,0,0,0,0,0,0,0,135,645,645,0,0,30,0,0,570
"20160201160712","Tennessee",60,"Male","Native, Born in USA","Widowed","Non-Veteran","No","Not in labor force","No answer","No answer","No answer","No answer",NA,"$10,000 to $12,499",2,0,"No","No difficulty",0,0,0,0,0,960,15,0,0,0,0,0,0,0,0,20,445,415,30,0,15,0,0,960
"20160404161915","Michigan",43,"Female","Native, Born in USA","Widowed","Non-Veteran","No","Employed","No","Private, for profit","No answer","Part time",25,"$40,000 to $49,999",3,2,"Yes","No difficulty",70,0,0,0,0,570,135,0,0,0,75,0,5,0,45,60,480,450,30,0,135,0,0,570
"20160907160023","New Jersey",53,"Male","Native, Born in USA","Divored","Veteran","No","Employed","No","Private, for profit","No answer","Full time",40,"$25,000 to $29,999",1,0,"No","No difficulty",10,0,0,0,0,260,150,0,0,0,75,0,0,0,0,100,845,720,125,0,150,0,0,260
"20160907161538","Minnesota",69,"Male","Native, Born in USA","Divored","Non-Veteran","No","Not in labor force","No answer","No answer","No answer","No answer",NA,"$35,000 to $39,999",2,0,"No","No difficulty",270,0,0,0,480,180,60,0,0,0,0,0,0,0,0,120,330,330,0,0,60,0,0,180
"20160504161807","Pennsylvania",80,"Male","Native, Born in USA","Widowed","Non-Veteran","No","Not in labor force","No answer","No answer","Retired","No answer",NA,"$60,000 to $74,999",2,0,"No","Has difficulty",69,0,0,0,60,581,30,0,0,0,4,0,0,0,0,4,692,659,30,3,30,0,0,581
"20161210162466","Texas",35,"Female","Native, Born in USA","Never married","Non-Veteran","No","Employed","No","Private, for profit","No answer","Full time",40,"$40,000 to $49,999",5,4,"Yes","No difficulty",148,40,0,0,0,92,25,0,0,0,69,0,493,0,18,40,515,465,50,0,25,0,0,92
"20160807161901","North Carolina",41,"Male","Native, Born in USA","Married","Non-Veteran","No","Employed","No","Private, for profit","No answer","Full time",45,"$100,000 to $149,999",3,1,"Yes","No difficulty",40,0,0,0,0,115,30,0,0,0,0,0,640,0,0,45,570,495,75,0,30,0,0,115
"20160302161712","Illinois",75,"Female","Native, Born in USA","Widowed","Non-Veteran","No","Not in labor force","No answer","No answer","Retired","No answer",NA,"$30,000 to $34,999",1,0,"No","No difficulty",70,0,0,235,0,155,30,0,0,0,0,0,0,0,0,140,770,680,90,0,30,0,0,155
"20160402162397","New York",31,"Female","Native, Born in USA","Married","Non-Veteran","No","Not in labor force","No answer","No answer","No answer","No answer",NA,"$75,000 to $99,999",3,1,"Yes","No difficulty",2,0,0,0,30,0,75,0,0,0,30,0,0,0,253,600,450,450,0,0,75,0,0,0
"20160808161004","Rhode Island",80,"Female","Native, Born in Territory","Divored","Non-Veteran","No","Not in labor force","No answer","No answer","No answer","No answer",NA,"$7,500 to $9,999",1,0,"No","Has difficulty",0,0,0,0,0,825,30,0,0,0,0,0,0,0,0,45,540,510,30,0,30,0,0,825
"20160707162437","Texas",43,"Female","Native, Born in USA","Divored","Non-Veteran","No","Employed","No","Private, for profit","No answer","Full time",43,"$75,000 to $99,999",1,0,"No","No difficulty",110,0,0,0,0,130,20,0,0,0,0,0,522,0,0,5,653,563,90,0,20,0,0,130
"20160101161158","Washington",80,"Male","Native, Born in USA","Widowed","Non-Veteran","No","Not in labor force","No answer","No answer","No answer","No answer",NA,"$20,000 to $24,999",1,0,"No","No difficulty",40,0,0,0,0,430,50,0,0,0,60,0,0,0,0,220,595,595,0,0,50,0,0,430
"20160605160657","California",20,"Male","Native, Born in USA","Never married","Non-Veteran","No","Employed","No","Private, for profit","No answer","Part time",28,"$60,000 to $74,999",5,1,"Yes","No difficulty",95,0,0,0,30,395,30,0,0,0,0,0,335,0,96,0,459,434,25,0,30,0,0,395
"20160706162044","Texas",35,"Female","Native, Born in USA","Married","Non-Veteran","No","Employed","No","Private, for profit","No answer","Part time",NA,"$100,000 to $149,999",4,2,"Yes","No difficulty",110,0,0,0,40,55,40,0,0,0,0,0,295,0,150,185,565,450,115,0,40,0,0,55
"20161009161867","Florida",58,"Female","Native, Born in USA","Widowed","Non-Veteran","No","Not in labor force","No answer","No answer","Retired","No answer",NA,"$20,000 to $24,999",1,0,"No","No difficulty",80,0,0,350,0,180,80,0,0,0,0,0,0,0,0,210,540,480,60,0,80,0,0,180
"20160202161010","North Carolina",48,"Female","Native, Born in USA","Married","Non-Veteran","No","Employed","Yes","Private, for profit","No answer","Full time",44,"$35,000 to $39,999",3,1,"Yes","No difficulty",60,0,0,15,0,210,35,0,0,0,0,0,495,0,0,105,520,460,60,0,35,0,0,210
"20160404161355","Pennsylvania",39,"Male","Native, Born in USA","Married","Veteran","No","Employed","No","Private, for profit","No answer","Full time",45,"$75,000 to $99,999",4,1,"Yes","No difficulty",90,0,0,0,420,415,20,0,0,0,5,0,0,0,0,150,340,210,130,0,20,0,0,415
"20161010160858","California",51,"Male","Native, Born in USA","Never married","Non-Veteran","No","Employed","No","Private, for profit","No answer","Full time",40,"$100,000 to $149,999",1,0,"No","No difficulty",135,0,0,0,0,0,570,0,0,0,0,0,0,0,0,30,705,625,80,0,570,0,0,0
"20160504162055","Texas",50,"Female","Native, Born in USA","Married","Non-Veteran","No","Employed","No","Private, for profit","No answer","Full time",45,"$60,000 to $74,999",2,0,"No","No difficulty",75,0,0,0,0,217,90,0,0,0,60,0,580,0,3,25,390,300,90,0,90,0,0,217
"20160302160040","Virginia",74,"Male","Native, Born in USA","Married","Non-Veteran","No","Employed","No","Private, for profit","No answer","Part time",25,"$150,000 and over",2,0,"No","No difficulty",50,0,0,0,15,460,35,0,0,0,15,0,320,0,0,0,545,525,20,0,35,0,0,460
"20160808162021","Indiana",80,"Male","Native, Born in USA","Married","Non-Veteran","No","Not in labor force","No answer","No answer","Retired","No answer",NA,"$60,000 to $74,999",2,0,"No","No difficulty",0,50,0,0,0,790,30,0,0,0,0,0,0,0,0,150,420,420,0,0,30,0,0,790
"20160504162503","Virginia",43,"Female","Native, Born in USA","Separated","Non-Veteran","No","Not in labor force","No answer","No answer","No answer","No answer",NA,"$10,000 to $12,499",4,2,"Yes","No difficulty",10,0,0,0,0,0,450,0,0,0,20,120,0,0,0,300,540,540,0,0,450,0,120,0
"20160808162432","Pennsylvania",63,"Male","Native, Born in USA","Never married","Non-Veteran","No","Employed","No","Government, local","No answer","Full time",35,"$20,000 to $24,999",2,0,"No","No difficulty",30,0,0,70,0,280,105,0,0,0,60,0,0,0,10,105,780,720,60,0,105,0,0,280
"20160909161228","Alaska",73,"Male","Native, Born in USA","Divored","Veteran","No","Employed","No","Self-employed, incorporated","No answer","Full time",45,"$75,000 to $99,999",1,0,"No","No difficulty",45,0,0,0,0,215,40,0,0,0,0,0,450,0,0,60,630,630,0,0,40,0,0,215
"20160908160056","New Jersey",80,"Male","Native, Born in USA","Never married","Non-Veteran","No","Not in labor force","No answer","No answer","No answer","No answer",NA,"$10,000 to $12,499",1,0,"No","Has difficulty",75,0,0,0,0,600,75,0,0,0,0,0,0,0,0,0,690,660,30,0,75,0,0,600
"20160201161236","Oklahoma",85,"Female","Native, Born in USA","Married","Non-Veteran","No","Not in labor force","No answer","No answer","Retired","No answer",NA,"$35,000 to $39,999",2,0,"No","Has difficulty",50,150,7,165,0,207,50,0,0,0,0,0,0,0,0,153,658,580,78,0,50,0,0,207
"20160605162543","Rhode Island",31,"Female","Native, Born in USA","Married","Non-Veteran","No","Employed","No","Private, nonprofit","No answer","Full time",60,"$40,000 to $49,999",2,0,"No","No difficulty",120,0,0,0,0,540,0,0,0,0,0,0,0,0,0,0,780,720,60,0,0,0,0,540
"20160705161298","Pennsylvania",29,"Female","Native, Born in USA","Never married","Non-Veteran","No","Employed","No","Private, nonprofit","No answer","Part time",25,"$12,500 to $14,999",2,1,"Yes","No difficulty",70,0,0,0,0,385,0,0,0,0,0,0,280,0,15,0,690,630,60,0,0,0,0,385
"20160403162469","Georgia",54,"Female","Native, Born in USA","Married","Non-Veteran","No","Not in labor force","No answer","No answer","No answer","No answer",NA,"Less than $5,000",2,0,"No","No difficulty",69,0,0,0,0,247,40,0,0,0,0,0,0,9,0,265,810,730,50,30,40,0,0,247
"20161110160821","Maine",76,"Male","Native, Born in USA","Divored","Non-Veteran","No","Not in labor force","No answer","No answer","Retired","No answer",NA,"$10,000 to $12,499",1,0,"No","Has difficulty",10,0,0,0,0,565,60,0,0,0,0,0,0,0,0,205,480,480,0,0,60,0,0,565
"20160201161406","Texas",32,"Male","Foreign born, not US citizen","Married","Non-Veteran","No","Employed","No","Private, for profit","No answer","Full time",40,"$15,000 to $19,999",1,0,"No","No difficulty",95,0,0,0,60,270,80,0,0,0,0,0,395,0,0,0,540,540,0,0,80,0,0,270
"20160112152105","California",45,"Female","Native, Born in USA","Married","Veteran","No","Employed","No","Private, for profit","No answer","Full time",50,"$150,000 and over",3,1,"Yes","No difficulty",170,0,60,0,0,90,40,0,0,0,10,0,496,0,84,25,465,415,50,0,40,0,0,90
"20160202161121","Idaho",17,"Male","Native, Born in USA","Never married","Non-Veteran","No","Employed","No","Private, for profit","No answer","Part time",12,"$40,000 to $49,999",4,1,"Yes","No difficulty",41,45,0,0,155,380,20,0,0,0,15,0,0,9,0,190,585,570,15,0,20,0,0,380
"20161210162328","Ohio",59,"Female","Native, Born in USA","Divored","Non-Veteran","No","Not in labor force","No answer","No answer","Retired","No answer",NA,"$35,000 to $39,999",1,0,"No","No difficulty",0,0,0,0,0,880,40,0,0,0,0,0,0,0,0,25,495,480,15,0,40,0,0,880
"20160101161508","New York",33,"Male","Native, Born in USA","Married","Non-Veteran","No","Employed","No","Government, federal","No answer","Full time",50,"$150,000 and over",3,1,"Yes","No difficulty",0,0,0,0,60,195,105,0,0,0,0,0,30,0,165,315,570,540,30,0,105,0,0,195
"20160504161841","Kansas",38,"Female","Native, born abroad","Separated","Non-Veteran","No","Employed","No","Private, for profit","No answer","Full time",40,"$12,500 to $14,999",2,1,"Yes","No difficulty",45,40,0,0,120,180,60,0,0,0,60,0,0,0,0,315,620,590,30,0,60,0,0,180
"20160908161273","North Carolina",85,"Female","Native, Born in USA","Widowed","Non-Veteran","No","Not in labor force","No answer","No answer","Retired","No answer",NA,"$30,000 to $34,999",5,1,"Yes","Has difficulty",0,0,0,0,0,180,105,0,0,0,0,0,0,0,60,510,585,495,90,0,105,0,0,180
"20160403161322","Texas",56,"Female","Native, Born in USA","Widowed","Non-Veteran","No","Employed","No","Private, for profit","No answer","Full time",45,"$100,000 to $149,999",1,0,"No","No difficulty",0,0,0,0,0,120,15,0,0,0,0,0,10,0,0,575,720,690,30,0,15,0,0,120
"20160604162089","Illinois",45,"Male","Native, Born in USA","Never married","Non-Veteran","No","Employed","No","Government, local","No answer","Full time",55,"$50,000 to $59,999",1,0,"No","No difficulty",30,0,0,0,0,60,0,0,0,0,0,0,915,0,0,10,425,395,30,0,0,0,0,60
"20160909162004","Maine",40,"Male","Native, Born in USA","Married","Non-Veteran","No","Employed","No","Private, for profit","No answer","Full time",43,"$20,000 to $24,999",7,5,"Yes","No difficulty",100,0,0,0,0,395,70,0,0,0,0,0,0,0,15,65,795,785,10,0,70,0,0,395
"20160112151782","Tennessee",57,"Female","Native, Born in USA","Divored","Non-Veteran","No","Not in labor force","No answer","No answer","No answer","No answer",NA,"$7,500 to $9,999",2,0,"No","No difficulty",60,0,0,0,0,195,30,0,0,0,0,0,0,10,0,190,955,860,95,0,30,0,0,195
"20160807160571","Oregon",39,"Female","Foreign born, US citizen","Never married","Non-Veteran","No","Employed","No","Private, for profit","No answer","Full time",36,"$100,000 to $149,999",1,0,"No","No difficulty",75,15,20,0,0,300,40,0,0,0,0,0,240,0,0,220,530,515,15,0,40,0,0,300
"20160908160599","Maryland",75,"Male","Foreign born, US citizen","Widowed","Non-Veteran","No","Employed","No","Private, for profit","No answer","Full time",NA,"$150,000 and over",1,0,"No","No difficulty",235,0,0,0,0,0,20,0,0,0,0,0,780,0,0,30,375,330,45,0,20,0,0,0
"20160312151435","Illinois",42,"Male","Native, Born in USA","Married","Non-Veteran","No","Employed","No","Private, for profit","No answer","Full time",55,"$150,000 and over",4,2,"Yes","No difficulty",92,0,0,0,0,180,100,0,0,0,0,0,644,0,0,15,409,369,40,0,100,0,0,180
"20161009162137","Washington",65,"Female","Native, Born in USA","Widowed","Non-Veteran","No","Not in labor force","No answer","No answer","Retired","No answer",NA,"$30,000 to $34,999",1,0,"No","No difficulty",120,0,0,0,0,505,15,0,0,0,180,0,0,0,0,140,480,480,0,0,15,0,0,505
"20161211161415","Washington",45,"Female","Native, Born in USA","Never married","Non-Veteran","No","Employed","No","Private, for profit","No answer","Full time",40,"$60,000 to $74,999",1,0,"No","No difficulty",0,60,0,0,0,450,75,0,0,0,60,0,10,0,0,120,665,650,15,0,75,0,0,450
"20161110161306","Florida",27,"Female","Native, Born in USA","Divored","Non-Veteran","No","Employed","No","Private, for profit","No answer","Full time",37,"$20,000 to $24,999",3,2,"Yes","No difficulty",130,0,190,0,0,40,30,0,0,0,0,0,300,0,105,30,615,525,90,0,30,0,0,40
"20160706161941","Minnesota",47,"Female","Native, Born in USA","Married","Non-Veteran","No","Not in labor force","No answer","No answer","No answer","No answer",NA,"$100,000 to $149,999",5,2,"Yes","No difficulty",130,30,115,0,0,205,135,0,0,0,75,0,0,0,0,255,495,450,45,0,135,0,0,205
"20160202160520","Oregon",60,"Male","Native, Born in USA","Married","Non-Veteran","No","Employed","No","Government, state","No answer","Full time",40,"$100,000 to $149,999",2,0,"No","No difficulty",210,0,0,53,45,315,50,0,0,0,155,0,0,0,2,75,535,505,30,0,50,0,0,315
"20160403160011","New York",33,"Male","Foreign born, not US citizen","Never married","Non-Veteran","No","Employed","No","Private, for profit","No answer","Full time",35,"$150,000 and over",4,1,"Yes","No difficulty",157,0,0,0,100,223,80,0,0,0,0,0,460,0,0,0,420,360,60,0,80,0,0,223
"20160201161823","New Mexico",62,"Female","Native, Born in USA","Married","Non-Veteran","No","Employed","No","Private, nonprofit","No answer","Full time",40,"$100,000 to $149,999",3,0,"No","No difficulty",78,0,0,0,0,20,45,0,0,0,30,0,867,0,0,35,365,340,25,0,45,0,0,20
"20160908162441","Texas",70,"Female","Native, Born in USA","Divored","Non-Veteran","No","Not in labor force","No answer","No answer","Retired","No answer",NA,"$5,000 to $7,499",5,2,"Yes","No difficulty",50,0,0,0,0,460,110,0,0,0,30,0,0,0,0,0,790,720,60,10,110,0,0,460
"20160504161097","Connecticut",32,"Female","Foreign born, not US citizen","Never married","Non-Veteran","No","Employed","No","Self-employed, unincorporated","No answer","Part time",16,"$25,000 to $29,999",2,1,"Yes","No difficulty",20,30,0,0,0,60,15,0,0,0,40,0,0,0,0,375,900,885,15,0,15,0,0,60
"20160404161704","California",42,"Female","Native, Born in USA","Married","Non-Veteran","No","Employed","No","Government, local","No answer","Part time",20,"$100,000 to $149,999",4,2,"Yes","No difficulty",305,0,0,0,60,270,0,0,0,0,25,0,0,1,237,227,315,280,35,0,0,0,0,270
"20160807161320","Ohio",72,"Male","Native, Born in USA","Married","Non-Veteran","No","Not in labor force","No answer","No answer","Retired","No answer",NA,"$50,000 to $59,999",2,0,"No","No difficulty",30,0,0,95,0,370,80,0,0,0,0,0,0,0,0,350,515,420,95,0,80,0,0,370
"20160201160980","West Virginia",66,"Female","Native, Born in USA","Married","Non-Veteran","No","Not in labor force","No answer","No answer","No answer","No answer",NA,"$7,500 to $9,999",1,0,"No","Has difficulty",0,45,0,0,0,305,80,0,0,0,0,0,0,0,0,940,70,0,60,10,80,0,0,305
"20160909160574","Texas",54,"Female","Foreign born, not US citizen","Widowed","Non-Veteran","No","Employed","No","Private, for profit","No answer","Part time",12,"Less than $5,000",1,0,"No","No difficulty",10,180,0,125,0,210,30,0,0,0,0,0,0,0,0,135,750,660,90,0,30,0,0,210
"20160604162073","Arkansas",65,"Male","Native, Born in USA","Married","Non-Veteran","No","Employed","No","Self-employed, unincorporated","No answer","Part time",NA,"$75,000 to $99,999",2,0,"No","No difficulty",50,0,0,0,60,300,60,0,0,0,0,0,220,0,0,160,590,520,70,0,60,0,0,300
"20161009161413","South Carolina",25,"Female","Native, Born in USA","Never married","Non-Veteran","No","Employed","Yes","Private, for profit","No answer","Full time",55,"$20,000 to $24,999",1,0,"No","No difficulty",132,0,0,0,0,210,45,0,0,0,35,0,517,0,0,0,501,461,40,0,45,0,0,210
"20160706162218","Arizona",36,"Female","Foreign born, not US citizen","Married","Non-Veteran","No","Not in labor force","No answer","No answer","No answer","No answer",NA,"$15,000 to $19,999",5,3,"Yes","No difficulty",86,0,0,0,0,0,30,0,0,0,15,0,0,0,379,330,600,590,10,0,30,0,0,0
"20160907160118","California",56,"Male","Native, Born in USA","Never married","Non-Veteran","No","Not in labor force","No answer","No answer","Retired","No answer",NA,"$60,000 to $74,999",1,0,"No","No difficulty",43,15,0,0,0,512,90,0,0,0,85,0,0,0,0,5,690,690,0,0,90,0,0,512
"20160808160647","New Hampshire",63,"Female","Native, Born in USA","Married","Non-Veteran","No","Employed","No","Government, local","No answer","Full time",50,"$75,000 to $99,999",2,0,"No","No difficulty",50,0,0,0,0,210,65,0,0,30,0,0,460,0,0,20,605,475,130,0,65,0,0,210
"20160807161376","Wyoming",30,"Female","Native, Born in USA","Married","Non-Veteran","No","Not in labor force","No answer","No answer","No answer","No answer",NA,"$75,000 to $99,999",3,1,"Yes","No difficulty",146,0,10,0,0,10,35,10,0,70,13,365,63,0,300,73,345,345,0,0,35,0,365,10
"20161211160772","Texas",49,"Male","Native, Born in USA","Married","Veteran","No","Unemployed, Looking","No answer","No answer","No answer","No answer",NA,"$20,000 to $24,999",7,4,"Yes","No difficulty",150,0,0,93,0,200,60,0,0,0,0,0,0,0,62,290,380,330,50,0,60,0,0,200
"20161009161787","Maryland",30,"Female","Native, Born in USA","Never married","Non-Veteran","No","Employed","No","Government, federal","No answer","Full time",50,"$100,000 to $149,999",1,0,"No","No difficulty",84,0,0,0,0,466,70,0,0,0,110,0,10,0,0,190,510,420,90,0,70,0,0,466
"20161211161960","New Jersey",42,"Female","Foreign born, not US citizen","Married","Non-Veteran","No","Not in labor force","No answer","No answer","No answer","No answer",NA,"$50,000 to $59,999",7,5,"Yes","No difficulty",0,0,0,0,0,60,30,0,0,0,0,0,0,0,270,345,585,575,10,0,30,0,0,60
"20161210161125","Michigan",38,"Male","Native, Born in USA","Married","Non-Veteran","No","Employed","No","Private, for profit","No answer","Full time",40,"$75,000 to $99,999",4,2,"Yes","No difficulty",40,0,0,0,30,115,60,0,0,0,0,0,510,5,75,120,485,455,30,0,60,0,0,115
"20161210161924","Illinois",49,"Male","Native, Born in USA","Married","Non-Veteran","No","Employed","No","Private, for profit","No answer","Full time",50,"$150,000 and over",3,1,"Yes","No difficulty",0,0,0,0,0,660,60,0,0,0,0,0,0,0,0,90,630,600,30,0,60,0,0,660
"20161110161036","Georgia",43,"Female","Foreign born, not US citizen","Married","Non-Veteran","No","Unemployed, Looking","No answer","No answer","No answer","No answer",NA,"$50,000 to $59,999",4,0,"No","No difficulty",120,0,0,0,30,120,40,0,0,0,130,0,0,0,7,380,613,568,45,0,40,0,0,120
"20160201161748","Minnesota",16,"Female","Native, Born in USA","Never married","No answer","No","Not in labor force","No answer","No answer","No answer","No answer",NA,"$60,000 to $74,999",5,3,"Yes","No difficulty",27,0,0,0,75,273,40,0,0,0,0,570,0,0,0,35,420,330,90,0,40,365,205,273
"20160404160612","Wisconsin",68,"Male","Native, Born in USA","Married","Non-Veteran","No","Employed","Yes","Self-employed, unincorporated","No answer","Part time",18,"$60,000 to $74,999",2,0,"No","No difficulty",0,10,0,0,0,345,110,0,0,0,15,0,30,0,0,488,422,377,45,0,110,0,0,345
"20160908161184","Florida",62,"Male","Native, Born in USA","Divored","Non-Veteran","No","Unemployed, Looking","No answer","No answer","No answer","No answer",NA,"$25,000 to $29,999",2,0,"No","Has difficulty",150,0,210,105,0,195,0,0,0,0,0,0,0,0,0,15,765,735,30,0,0,0,0,195
"20161110161518","Illinois",37,"Female","Foreign born, US citizen","Never married","Non-Veteran","No","Employed","No","Private, for profit","No answer","Part time",NA,"Less than $5,000",5,4,"Yes","No difficulty",50,0,10,230,0,99,15,0,0,0,10,0,0,0,111,395,520,500,20,0,15,0,0,99
"20161009161033","Pennsylvania",27,"Female","Native, Born in USA","Never married","Non-Veteran","No","Employed","No","Private, nonprofit","No answer","Full time",65,"$60,000 to $74,999",1,0,"No","No difficulty",120,0,0,0,0,90,240,0,0,0,330,0,60,0,0,0,600,510,90,0,240,0,0,90
"20160112150052","Oklahoma",73,"Female","Native, Born in USA","Widowed","Non-Veteran","No","Not in labor force","No answer","No answer","Retired","No answer",NA,"$10,000 to $12,499",1,0,"No","No difficulty",0,0,0,0,30,585,30,0,0,0,0,0,0,0,0,205,590,545,45,0,30,0,0,585
"20160807161429","Texas",72,"Male","Native, Born in USA","Married","Non-Veteran","No","Not in labor force","No answer","No answer","Retired","No answer",NA,"$35,000 to $39,999",2,0,"No","No difficulty",50,0,0,90,0,535,210,0,0,0,0,0,0,0,0,120,435,390,45,0,210,0,0,535
"20160404161428","Florida",78,"Male","Native, Born in USA","Married","Veteran","No","Not in labor force","No answer","No answer","Retired","No answer",NA,"$75,000 to $99,999",2,0,"No","Has difficulty",6,0,684,0,0,360,210,0,0,0,0,0,0,0,0,0,180,160,10,10,210,0,0,360
"20160201161349","Texas",40,"Female","Native, Born in USA","Divored","Non-Veteran","No","Not in labor force","No answer","No answer","No answer","No answer",NA,"$10,000 to $12,499",2,1,"Yes","Has difficulty",20,0,0,0,0,90,20,0,0,0,10,0,0,0,280,225,795,675,0,120,20,0,0,90
"20160706161075","New Jersey",76,"Female","Native, Born in USA","Married","Non-Veteran","No","Not in labor force","No answer","No answer","Retired","No answer",NA,"$35,000 to $39,999",2,0,"No","No difficulty",205,0,0,0,0,215,120,0,0,0,20,0,0,0,0,340,540,500,40,0,120,0,0,215
"20160112150592","Ohio",44,"Female","Native, Born in USA","Divored","Non-Veteran","No","Employed","No","Private, for profit","No answer","Full time",40,"$35,000 to $39,999",3,2,"Yes","No difficulty",105,30,0,0,0,410,30,0,0,0,70,0,0,45,60,30,660,610,50,0,30,0,0,410
"20160705161209","New York",43,"Female","Foreign born, US citizen","Widowed","Non-Veteran","No","Employed","No","Private, for profit","No answer","Full time",45,"$60,000 to $74,999",2,1,"Yes","No difficulty",0,0,0,0,60,285,45,0,0,0,0,0,0,0,0,555,450,375,75,0,45,0,0,285
"20161211162427","Tennessee",42,"Male","Native, Born in USA","Never married","Non-Veteran","No","Employed","No","Private, for profit","No answer","Full time",45,"$40,000 to $49,999",1,0,"No","No difficulty",20,0,0,0,0,660,60,0,0,0,0,0,0,0,0,190,510,480,30,0,60,0,0,660
"20160112150033","New York",62,"Female","Native, Born in USA","Separated","Non-Veteran","No","Employed","No","Government, local","No answer","Full time",35,"$100,000 to $149,999",2,0,"No","No difficulty",120,30,0,0,0,320,30,0,5,15,20,0,365,0,5,125,405,360,45,0,30,0,0,320
"20160201161585","Minnesota",34,"Female","Native, Born in USA","Never married","Non-Veteran","No","Employed","No","Private, for profit","No answer","Full time",55,"$40,000 to $49,999",1,0,"No","No difficulty",0,0,0,0,0,405,15,0,0,0,0,300,0,0,0,120,600,600,0,0,15,300,0,405
"20160201160568","Hawaii",19,"Male","Native, Born in USA","Never married","Non-Veteran","No","Employed","No","Private, for profit","No answer","Part time",20,"$150,000 and over",6,1,"Yes","No difficulty",298,0,0,0,0,130,5,0,0,0,47,0,0,0,0,0,840,720,120,0,5,0,0,130
"20161110162244","Tennessee",73,"Female","Native, Born in USA","Widowed","Non-Veteran","No","Employed","No","Self-employed, incorporated","No answer","Part time",5,"$100,000 to $149,999",1,0,"No","No difficulty",90,0,0,0,0,495,30,0,0,0,0,0,0,0,0,15,795,690,105,0,30,0,0,495
"20160504161102","Illinois",19,"Female","Native, Born in USA","Never married","Non-Veteran","No","Unemployed, Looking","No answer","No answer","No answer","No answer",NA,"$5,000 to $7,499",3,1,"Yes","No difficulty",76,0,0,0,210,518,60,0,0,0,0,0,0,6,0,5,565,510,55,0,60,0,0,518
"20160302161457","Pennsylvania",44,"Male","Foreign born, not US citizen","Married","Non-Veteran","No","Employed","No","Private, for profit","No answer","Full time",45,"$100,000 to $149,999",4,2,"Yes","No difficulty",60,0,0,0,0,250,75,0,0,0,12,0,548,0,0,30,465,420,45,0,75,0,0,250
"20160112151695","Ohio",58,"Female","Native, Born in USA","Married","Non-Veteran","No","Employed","No","Government, local","No answer","Full time",39,"$100,000 to $149,999",2,0,"No","No difficulty",35,0,0,0,0,683,60,0,0,0,0,0,20,12,0,95,535,455,80,0,60,0,0,683
"20160605161099","New York",33,"Female","Foreign born, not US citizen","Separated","Non-Veteran","No","Employed","No","Private, for profit","No answer","Full time",48,"$15,000 to $19,999",4,3,"Yes","No difficulty",107,0,0,0,75,120,10,0,0,35,0,0,0,0,0,275,685,655,30,0,10,0,0,120
"20161111160684","Texas",66,"Female","Native, Born in USA","Married","Non-Veteran","No","Not in labor force","No answer","No answer","No answer","No answer",NA,"$50,000 to $59,999",3,0,"No","No difficulty",0,0,0,0,0,480,10,0,0,0,0,0,0,0,180,20,750,745,0,5,10,0,0,480
"20161110161010","California",71,"Female","Native, Born in USA","Divored","Non-Veteran","No","Not in labor force","No answer","No answer","Retired","No answer",NA,"$7,500 to $9,999",2,0,"No","Has difficulty",0,0,0,0,0,330,105,0,0,0,0,0,0,0,0,220,695,525,170,0,105,0,0,330
"20161210161983","Virginia",52,"Male","Native, Born in USA","Separated","Non-Veteran","No","Employed","Yes","Government, local","No answer","Full time",64,"$60,000 to $74,999",3,2,"Yes","No difficulty",424,0,0,0,0,60,45,0,0,15,94,0,240,60,0,120,382,332,50,0,45,0,0,60
"20161211160981","New York",48,"Male","Native, Born in USA","Never married","Non-Veteran","No","Employed","No","Self-employed, unincorporated","No answer","Part time",15,"$15,000 to $19,999",2,0,"No","No difficulty",230,0,0,0,60,0,0,0,0,0,0,0,730,0,0,0,420,356,64,0,0,0,0,0
"20161110161658","Florida",67,"Male","Foreign born, not US citizen","Married","Non-Veteran","No","Not in labor force","No answer","No answer","Retired","No answer",NA,"$12,500 to $14,999",3,0,"No","No difficulty",0,0,0,0,0,510,40,0,0,0,0,0,0,0,0,270,620,520,90,10,40,0,0,510
"20160403162088","Illinois",51,"Female","Native, Born in USA","Married","Non-Veteran","No","Employed","No","Self-employed, incorporated","No answer","Full time",40,"$150,000 and over",3,0,"No","No difficulty",155,0,0,0,0,240,150,0,0,0,100,0,0,0,0,230,565,505,60,0,150,0,0,240
"20160201162493","Alabama",16,"Female","Native, Born in USA","Never married","No answer","No","Not in labor force","No answer","No answer","No answer","No answer",NA,"$60,000 to $74,999",5,2,"Yes","No difficulty",40,0,0,0,0,260,10,0,0,30,0,620,0,0,0,0,480,415,65,0,10,500,120,260
"20160908161463","California",68,"Female","Foreign born, US citizen","Married","Non-Veteran","No","Not in labor force","No answer","No answer","Retired","No answer",NA,"$75,000 to $99,999",2,0,"No","No difficulty",135,0,0,60,0,600,210,0,0,0,0,0,0,0,0,30,405,330,75,0,210,0,0,600
"20160504162531","Texas",39,"Male","Foreign born, not US citizen","Married","Non-Veteran","No","Employed","No","Self-employed, unincorporated","No answer","Full time",55,"$40,000 to $49,999",4,2,"Yes","No difficulty",10,0,0,10,0,270,60,0,0,0,0,0,585,0,0,60,445,430,15,0,60,0,0,270
"20160302160696","Louisiana",80,"Female","Foreign born, US citizen","Divored","Non-Veteran","No","Not in labor force","No answer","No answer","Retired","No answer",NA,"$15,000 to $19,999",1,0,"No","Has difficulty",50,3,0,0,0,707,80,0,0,0,15,0,0,30,0,0,555,525,30,0,80,0,0,707
"20160112151555","Florida",30,"Male","Foreign born, not US citizen","Married","Non-Veteran","No","Employed","No","Private, for profit","No answer","Full time",40,"$60,000 to $74,999",2,0,"No","No difficulty",285,0,0,0,0,355,30,0,0,70,40,0,0,0,0,120,540,465,75,0,30,0,0,355
"20160908160838","Minnesota",35,"Male","Native, Born in USA","Never married","Non-Veteran","No","Employed","No","Private, for profit","No answer","Full time",NA,"$60,000 to $74,999",4,2,"Yes","No difficulty",30,0,0,0,0,90,30,0,0,0,2,0,660,0,208,30,390,390,0,0,30,0,0,90
"20160111152046","Texas",28,"Male","Native, Born in USA","Never married","Non-Veteran","No","Not in labor force","No answer","No answer","No answer","No answer",NA,"$40,000 to $49,999",2,0,"No","Has difficulty",1245,0,0,0,0,0,0,0,0,0,15,0,0,0,0,0,180,180,0,0,0,0,0,0
"20160908161205","California",24,"Female","Native, Born in USA","Never married","Non-Veteran","No","Employed","No","Private, for profit","No answer","Full time",40,"$30,000 to $34,999",6,3,"Yes","No difficulty",150,0,0,0,0,100,65,0,0,0,0,0,450,0,45,30,600,540,60,0,65,0,0,100
"20160807160893","Illinois",39,"Female","Native, Born in USA","Married","Non-Veteran","No","Employed","No","Private, for profit","No answer","Full time",40,"$75,000 to $99,999",4,2,"Yes","No difficulty",215,0,0,0,0,285,55,0,0,0,0,0,0,0,310,10,565,540,25,0,55,0,0,285
"20160504161600","Maryland",41,"Male","Native, Born in USA","Married","Non-Veteran","No","Employed","No","Private, for profit","No answer","Full time",45,"$150,000 and over",4,2,"Yes","No difficulty",130,0,0,0,120,60,55,0,0,0,0,0,498,0,12,15,550,540,10,0,55,0,0,60
"20161211161684","Florida",77,"Female","Native, Born in USA","Divored","Non-Veteran","No","Not in labor force","No answer","No answer","Retired","No answer",NA,"$35,000 to $39,999",1,0,"No","No difficulty",0,45,0,0,0,475,40,0,0,0,0,0,0,0,0,187,693,629,30,34,40,0,0,475
"20161211161918","New Jersey",34,"Male","Native, Born in USA","Married","Non-Veteran","No","Employed","No","Private, for profit","No answer","Full time",40,"$40,000 to $49,999",4,2,"Yes","No difficulty",100,0,0,0,0,130,90,0,0,0,0,0,455,0,190,30,445,420,25,0,90,0,0,130
"20160403160092","New York",40,"Female","Native, Born in USA","Never married","Non-Veteran","No","Employed","No","Private, for profit","No answer","Full time",40,"$40,000 to $49,999",2,0,"No","No difficulty",30,0,0,0,0,75,20,0,0,0,0,0,665,0,0,0,650,560,90,0,20,0,0,75
"20160403160518","Virginia",42,"Female","Native, Born in USA","Never married","Non-Veteran","No","Employed","No","Government, local","No answer","Full time",40,"$150,000 and over",6,4,"Yes","No difficulty",235,0,0,0,0,60,1,0,0,0,0,0,555,0,0,0,589,589,0,0,1,0,0,60
"20160201161576","California",39,"Female","Foreign born, not US citizen","Married","Non-Veteran","No","Not in labor force","No answer","No answer","No answer","No answer",NA,"$50,000 to $59,999",5,3,"Yes","No difficulty",110,0,0,0,80,60,30,0,0,0,0,0,0,0,345,305,510,470,40,0,30,0,0,60
"20160504161396","Missori",44,"Female","Native, Born in USA","Married","Non-Veteran","No","Employed","No","Private, nonprofit","No answer","Full time",42,"$150,000 and over",4,2,"Yes","No difficulty",36,0,120,20,0,255,50,0,0,2,20,0,0,0,95,282,560,510,50,0,50,0,0,255
"20160606161657","Ohio",33,"Female","Native, Born in USA","Married","Non-Veteran","No","Employed","No","Government, state","No answer","Full time",40,"$100,000 to $149,999",2,0,"No","No difficulty",68,0,0,0,0,105,220,0,0,0,80,0,0,60,0,195,712,652,60,0,220,0,0,105
"20161110160944","Texas",42,"Female","Foreign born, US citizen","Married","Non-Veteran","No","Not in labor force","No answer","No answer","No answer","No answer",NA,"$60,000 to $74,999",4,1,"Yes","No difficulty",30,0,0,0,0,240,90,0,0,0,20,0,0,0,5,485,570,570,0,0,90,0,0,240
"20160503160938","Minnesota",85,"Female","Native, Born in USA","Widowed","Non-Veteran","No","Not in labor force","No answer","No answer","Retired","No answer",NA,"$10,000 to $12,499",1,0,"No","Has difficulty",0,0,120,0,0,315,40,0,0,0,0,0,0,0,0,205,760,760,0,0,40,0,0,315
"20161009161255","California",61,"Female","Foreign born, US citizen","Divored","Non-Veteran","No","Employed","No","Private, nonprofit","No answer","Full time",40,"$60,000 to $74,999",2,0,"No","No difficulty",30,38,0,0,0,98,74,0,0,0,20,0,454,0,0,128,545,515,30,0,74,0,0,98
"20160201160788","West Virginia",75,"Female","Native, Born in USA","Widowed","Non-Veteran","No","Not in labor force","No answer","No answer","Retired","No answer",NA,"$15,000 to $19,999",1,0,"No","Has difficulty",32,20,0,0,0,535,45,0,0,10,30,0,0,0,0,140,628,568,60,0,45,0,0,535
"20160212151953","Mississippi",63,"Female","Native, Born in USA","Married","Non-Veteran","No","Not in labor force","No answer","No answer","Retired","No answer",NA,"$50,000 to $59,999",2,0,"No","Has difficulty",0,0,0,0,0,855,15,0,0,0,30,0,0,0,0,120,420,420,0,0,15,0,0,855
"20160706160917","Iowa",29,"Female","Native, Born in USA","Married","Non-Veteran","No","Employed","No","Government, local","No answer","Full time",50,"$100,000 to $149,999",3,1,"Yes","No difficulty",0,0,0,0,60,145,75,0,0,0,0,0,0,0,155,225,630,600,30,0,75,0,0,145
"20160504162242","Pennsylvania",75,"Female","Native, Born in USA","Widowed","Non-Veteran","No","Not in labor force","No answer","No answer","Retired","No answer",NA,"$50,000 to $59,999",1,0,"No","No difficulty",115,0,60,0,0,220,120,0,0,0,180,0,60,0,0,165,480,450,30,0,120,0,0,220
"20161009160621","Michigan",32,"Female","Native, Born in USA","Never married","Non-Veteran","No","Not in labor force","No answer","No answer","No answer","No answer",NA,"$10,000 to $12,499",1,0,"No","No difficulty",50,0,0,0,240,265,60,0,0,0,0,0,0,0,0,100,725,680,45,0,60,0,0,265
"20161010160107","Virginia",15,"Male","Native, Born in USA","Never married","No answer","No","Not in labor force","No answer","No answer","No answer","No answer",NA,"$100,000 to $149,999",3,2,"Yes","No difficulty",105,0,0,0,0,197,70,0,0,0,30,435,0,1,0,1,601,561,40,0,70,400,35,197
"20160505161976","Georgia",59,"Female","Native, Born in USA","Married","Non-Veteran","No","Not in labor force","No answer","No answer","Retired","No answer",NA,"$30,000 to $34,999",2,0,"No","Has difficulty",0,0,0,0,45,630,70,0,0,0,0,0,0,0,0,210,485,420,65,0,70,0,0,630
"20161211161469","Missori",45,"Male","Native, Born in USA","Married","Non-Veteran","No","Employed","No","Private, for profit","No answer","Full time",54,"$150,000 and over",4,2,"Yes","No difficulty",95,0,0,0,0,0,25,0,10,0,20,0,645,0,0,260,375,360,15,0,25,0,0,0
"20160502160809","North Carolina",35,"Female","Native, Born in USA","Married","Non-Veteran","No","Not in labor force","No answer","No answer","No answer","No answer",NA,"$100,000 to $149,999",4,2,"Yes","No difficulty",121,0,0,0,120,60,45,0,0,120,60,0,0,0,211,65,539,519,20,0,45,0,0,60
"20160101160578","Michigan",68,"Male","Native, Born in USA","Married","Veteran","No","Not in labor force","No answer","No answer","Retired","No answer",NA,"$60,000 to $74,999",4,2,"Yes","Has difficulty",0,0,0,0,0,959,0,0,0,0,0,0,0,0,0,0,481,480,1,0,0,0,0,959
"20160808160971","Arizona",21,"Male","Foreign born, not US citizen","Never married","Non-Veteran","No","Employed","No","Private, for profit","No answer","Full time",55,"$15,000 to $19,999",7,4,"Yes","No difficulty",186,0,0,0,0,494,125,0,40,0,62,0,0,13,0,0,520,480,40,0,105,0,0,494
"20160908161030","California",45,"Male","Foreign born, US citizen","Married","Non-Veteran","No","Employed","No","Private, for profit","No answer","Full time",40,"$150,000 and over",4,2,"Yes","No difficulty",0,0,0,0,45,225,120,0,0,0,0,0,0,0,150,210,690,690,0,0,120,0,0,225
"20160202162085","California",55,"Male","Native, Born in USA","Never married","Non-Veteran","No","Employed","No","Government, local","No answer","Full time",40,"$75,000 to $99,999",1,0,"No","No difficulty",80,0,0,0,60,220,60,0,0,0,0,0,0,0,0,360,660,600,60,0,60,0,0,220
"20160202162155","New Jersey",47,"Female","Native, Born in Territory","Never married","Non-Veteran","No","Not in labor force","No answer","No answer","No answer","No answer",NA,"$15,000 to $19,999",2,0,"No","Has difficulty",0,0,0,0,0,805,20,0,0,0,0,0,0,0,0,75,540,540,0,0,20,0,0,805
"20160111151911","North Carolina",40,"Female","Foreign born, not US citizen","Married","Non-Veteran","No","Not in labor force","No answer","No answer","No answer","No answer",NA,"Less than $5,000",4,2,"Yes","No difficulty",20,60,0,15,0,100,80,0,0,0,138,0,0,0,153,394,480,420,60,0,80,0,0,100
"20160908162288","Virginia",48,"Female","Native, Born in USA","Never married","Non-Veteran","No","Employed","No","Government, federal","No answer","Full time",50,"$100,000 to $149,999",1,0,"No","No difficulty",130,0,5,0,145,320,55,0,0,0,70,0,0,0,0,70,645,585,60,0,55,0,0,320
"20160402161941","Colorado",37,"Female","Native, Born in USA","Married","Non-Veteran","No","Employed","No","Self-employed, unincorporated","No answer","Full time",40,"$50,000 to $59,999",3,1,"Yes","Has difficulty",142,15,0,0,0,220,40,0,0,158,10,0,210,0,40,65,540,510,30,0,40,0,0,220
"20161009160009","Alabama",55,"Female","Native, Born in USA","Never married","Non-Veteran","No","Not in labor force","No answer","No answer","No answer","No answer",NA,"$10,000 to $12,499",1,0,"No","Has difficulty",30,0,0,0,0,450,0,0,0,0,0,0,0,120,0,120,720,690,25,5,0,0,0,450
"20160504162517","Illinois",65,"Female","Native, Born in USA","Married","Non-Veteran","No","Not in labor force","No answer","No answer","No answer","No answer",NA,"$25,000 to $29,999",2,0,"No","No difficulty",70,0,0,0,0,455,130,0,0,0,240,0,0,0,10,15,520,450,70,0,130,0,0,455
"20160807161204","South Carolina",69,"Male","Native, Born in USA","Divored","Veteran","No","Not in labor force","No answer","No answer","Retired","No answer",NA,"$40,000 to $49,999",1,0,"No","No difficulty",20,0,0,0,0,930,30,0,0,0,0,0,0,0,0,0,460,460,0,0,30,0,0,930
"20160504161342","Connecticut",34,"Male","Native, Born in USA","Never married","Non-Veteran","No","Employed","No","Private, for profit","No answer","Full time",40,"$60,000 to $74,999",2,0,"No","No difficulty",56,0,0,0,122,330,122,0,0,0,0,0,285,0,0,0,525,450,75,0,122,0,0,330
"20161211160941","Texas",61,"Male","Native, Born in USA","Married","Non-Veteran","No","Employed","No","Self-employed, unincorporated","No answer","Full time",NA,"$60,000 to $74,999",5,1,"Yes","No difficulty",35,0,0,0,0,85,0,0,0,0,0,0,960,0,0,0,360,360,0,0,0,0,0,85
"20160605161821","Texas",85,"Female","Native, Born in Territory","Widowed","Non-Veteran","No","Not in labor force","No answer","No answer","Retired","No answer",NA,"$40,000 to $49,999",1,0,"No","No difficulty",40,60,0,0,0,505,125,0,0,0,70,0,0,0,0,130,510,465,45,0,125,0,0,505
"20160201161072","Illinois",46,"Female","Native, Born in USA","Divored","Non-Veteran","No","Employed","No","Government, federal","No answer","Full time",40,"$40,000 to $49,999",2,1,"Yes","No difficulty",75,0,0,0,0,249,30,0,0,0,60,0,511,0,0,50,465,390,75,0,30,0,0,249
"20161110161093","Texas",23,"Female","Native, Born in USA","Married","Non-Veteran","No","Employed","No","Government, state","No answer","Full time",40,"$60,000 to $74,999",2,0,"No","No difficulty",0,0,0,0,0,405,50,0,0,0,60,0,0,0,0,150,775,720,55,0,50,0,0,405
"20160111150822","Georgia",36,"Female","Native, Born in USA","Never married","Non-Veteran","No","Employed","No","Private, for profit","No answer","Full time",40,"$100,000 to $149,999",5,1,"Yes","No difficulty",90,0,0,0,0,154,80,0,0,0,0,0,520,0,26,8,562,502,60,0,80,0,0,154
"20160112151491","Florida",52,"Male","Foreign born, US citizen","Married","Non-Veteran","No","Employed","No","Private, for profit","No answer","Full time",40,"$50,000 to $59,999",2,0,"No","No difficulty",70,0,0,0,0,335,105,0,0,0,0,0,420,0,0,0,510,480,30,0,105,0,0,335
"20160908160705","Wisconsin",72,"Female","Native, Born in USA","Divored","Non-Veteran","No","Not in labor force","No answer","No answer","No answer","No answer",NA,"$7,500 to $9,999",1,0,"No","No difficulty",82,25,0,0,0,194,55,0,0,0,0,0,0,11,0,468,570,477,63,30,55,0,0,194
"20160302161298","Kentucky",52,"Male","Native, Born in USA","Divored","Non-Veteran","No","Employed","No","Self-employed, unincorporated","No answer","Full time",40,"$40,000 to $49,999",2,1,"Yes","No difficulty",102,35,0,0,0,273,50,0,0,0,6,0,384,0,90,30,470,430,40,0,50,0,0,273
"20160402162435","North Carolina",15,"Male","Native, Born in USA","Never married","No answer","No","Not in labor force","No answer","No answer","No answer","No answer",NA,"$35,000 to $39,999",5,3,"Yes","No difficulty",0,0,0,0,0,825,15,0,0,0,0,0,0,0,0,120,480,480,0,0,15,0,0,825
"20160201161393","Minnesota",26,"Female","Native, Born in USA","Married","Non-Veteran","No","Employed","No","Self-employed, unincorporated","No answer","Part time",10,"$35,000 to $39,999",5,3,"Yes","No difficulty",10,0,20,85,0,120,60,0,0,0,0,0,180,0,260,170,505,485,20,0,60,0,0,120
"20160404160664","Rhode Island",30,"Female","Native, Born in USA","Divored","Non-Veteran","No","Employed","Yes","Private, for profit","No answer","Full time",50,"$25,000 to $29,999",2,0,"No","No difficulty",105,0,0,0,0,120,60,0,0,0,0,0,925,0,0,0,230,170,60,0,60,0,0,120
"20160111151902","Maryland",64,"Male","Native, Born in USA","Divored","Non-Veteran","No","Employed","No","Private, for profit","No answer","Part time",3,"$12,500 to $14,999",1,0,"No","No difficulty",20,0,0,0,0,800,60,0,0,0,35,0,0,0,0,270,255,240,15,0,60,0,0,800
"20160112152395","Missori",67,"Male","Native, Born in USA","Widowed","Veteran","No","Employed","No","Private, for profit","No answer","Full time",NA,"$30,000 to $34,999",1,0,"No","Has difficulty",78,0,90,0,0,162,65,0,0,0,0,0,535,0,0,96,414,384,30,0,65,0,0,162
"20161110161362","Alabama",57,"Male","Native, Born in USA","Divored","Veteran","No","Not in labor force","No answer","No answer","No answer","No answer",NA,"$15,000 to $19,999",3,2,"Yes","No difficulty",64,0,0,0,0,90,180,0,0,0,0,0,0,0,20,255,831,814,0,17,180,0,0,90
"20160706160588","Virginia",41,"Female","Foreign born, US citizen","Married","Non-Veteran","No","Employed","No","Private, for profit","No answer","Full time",50,"$100,000 to $149,999",4,2,"Yes","No difficulty",215,0,0,0,0,300,30,0,0,0,90,0,0,0,195,135,475,425,50,0,30,0,0,300
"20160706160587","Virginia",19,"Male","Native, Born in USA","Never married","Non-Veteran","No","Not in labor force","No answer","No answer","No answer","No answer",NA,"$150,000 and over",5,1,"Yes","No difficulty",0,0,0,0,0,831,10,0,0,0,0,0,0,0,0,0,599,599,0,0,10,0,0,831
"20160403161106","Ohio",77,"Female","Native, Born in USA","Widowed","Non-Veteran","No","Not in labor force","No answer","No answer","Retired","No answer",NA,"$7,500 to $9,999",1,0,"No","Has difficulty",0,30,0,0,45,537,30,0,0,0,0,0,0,0,0,123,675,570,105,0,30,0,0,537
"20161009161384","Maryland",30,"Male","Foreign born, not US citizen","Never married","Non-Veteran","No","Employed","No","Private, for profit","No answer","Full time",56,"$100,000 to $149,999",6,2,"Yes","No difficulty",35,110,0,0,0,32,90,0,0,0,0,0,693,0,0,0,480,440,40,0,90,0,0,32
"20161109161418","Vermont",66,"Male","Native, Born in USA","Never married","Non-Veteran","No","Employed","No","Private, for profit","No answer","Full time",45,"$40,000 to $49,999",1,0,"No","No difficulty",89,0,0,0,0,78,80,0,0,0,30,0,480,0,0,143,540,420,120,0,80,0,0,78
"20160605160812","Florida",56,"Male","Native, Born in USA","Divored","Non-Veteran","No","Employed","No","Government, state","No answer","Full time",40,"$100,000 to $149,999",1,0,"No","No difficulty",80,50,0,0,75,230,45,0,0,0,0,0,450,0,0,70,440,360,80,0,45,0,0,230
"20160212151574","Colorado",29,"Female","Native, Born in USA","Never married","Non-Veteran","No","Employed","No","Private, for profit","No answer","Full time",NA,"$15,000 to $19,999",3,2,"Yes","No difficulty",125,0,0,0,0,80,30,0,0,0,150,0,0,15,195,195,650,590,60,0,30,0,0,80
"20161009161572","Connecticut",63,"Female","Native, Born in USA","Divored","Non-Veteran","No","Employed","No","Private, for profit","No answer","Part time",30,"$30,000 to $34,999",1,0,"No","No difficulty",62,0,0,0,0,388,25,0,0,0,0,0,388,37,0,48,492,470,22,0,25,0,0,388
"20160706161036","Florida",28,"Female","Native, Born in USA","Divored","Non-Veteran","No","Employed","No","Private, for profit","No answer","Full time",50,"$30,000 to $34,999",1,0,"No","No difficulty",74,0,0,0,0,0,50,0,0,0,15,0,586,0,0,195,520,475,45,0,50,0,0,0
"20160706162427","New York",37,"Male","Foreign born, not US citizen","Married","Non-Veteran","No","Employed","No","Private, for profit","No answer","Full time",50,"$25,000 to $29,999",6,3,"Yes","No difficulty",50,0,0,0,0,490,100,0,0,0,50,0,0,0,0,40,710,710,0,0,100,0,0,490
"20160112150727","Virginia",48,"Female","Native, Born in USA","Married","Non-Veteran","No","Employed","No","Private, nonprofit","No answer","Part time",30,"$100,000 to $149,999",5,3,"Yes","No difficulty",20,0,0,0,0,513,70,0,0,0,0,0,210,0,27,165,435,390,45,0,70,0,0,513
"20160706161165","Minnesota",34,"Male","Native, Born in USA","Married","Non-Veteran","No","Employed","No","Private, for profit","No answer","Full time",50,"$150,000 and over",4,2,"Yes","No difficulty",0,0,0,0,295,390,180,0,0,0,0,0,0,0,35,30,510,480,30,0,180,0,0,390
"20160403162334","Illinois",68,"Female","Native, Born in USA","Widowed","Non-Veteran","No","Not in labor force","No answer","No answer","No answer","No answer",NA,"$10,000 to $12,499",1,0,"No","Has difficulty",0,70,0,0,0,490,30,0,0,0,0,120,0,0,0,130,526,510,15,1,30,120,0,490
"20160112152012","North Carolina",50,"Male","Native, Born in USA","Married","Non-Veteran","No","Employed","No","Private, for profit","No answer","Full time",40,"$150,000 and over",2,0,"No","No difficulty",113,0,72,210,0,555,30,0,0,0,0,0,0,0,0,15,445,410,35,0,30,0,0,555
"20160604162272","New York",69,"Male","Foreign born, US citizen","Married","Non-Veteran","No","Not in labor force","No answer","No answer","Retired","No answer",NA,"$150,000 and over",2,0,"No","No difficulty",60,0,0,150,0,525,90,0,0,0,0,0,0,0,0,0,615,495,120,0,90,0,0,525
"20160112150932","Colorado",28,"Female","Foreign born, not US citizen","Married","Non-Veteran","No","Employed","No","Private, for profit","No answer","Part time",16,"$35,000 to $39,999",3,1,"Yes","Has difficulty",40,0,0,0,0,105,60,0,0,0,120,0,0,0,340,225,550,550,0,0,60,0,0,105
"20160202161088","Massachusetts",42,"Male","Native, Born in USA","Married","Non-Veteran","No","Employed","No","Private, for profit","No answer","Full time",45,"$100,000 to $149,999",5,3,"Yes","No difficulty",100,0,0,0,105,180,30,0,0,0,0,0,410,0,30,30,555,465,90,0,30,0,0,180
"20160302162322","Florida",78,"Female","Native, Born in USA","Widowed","Non-Veteran","No","Not in labor force","No answer","No answer","Retired","No answer",NA,"$40,000 to $49,999",1,0,"No","No difficulty",0,0,0,0,0,480,60,0,0,0,0,0,0,0,0,300,600,600,0,0,60,0,0,480
"20160908162014","Texas",60,"Male","Native, Born in USA","Separated","Non-Veteran","No","Employed","No","Self-employed, incorporated","No answer","Part time",30,"$60,000 to $74,999",1,0,"No","No difficulty",23,0,585,0,0,120,0,0,0,0,0,0,0,0,0,240,472,462,10,0,0,0,0,120
"20160112150014","Maine",42,"Male","Native, Born in USA","Divored","Non-Veteran","No","Employed","No","Private, for profit","No answer","Full time",NA,"$15,000 to $19,999",1,0,"No","No difficulty",240,15,0,0,0,315,75,0,0,0,0,0,0,105,0,165,525,485,40,0,75,0,0,315
"20160201161901","Pennsylvania",79,"Female","Native, Born in USA","Widowed","Non-Veteran","No","Employed","No","Self-employed, incorporated","No answer","Part time",3,"$60,000 to $74,999",1,0,"No","No difficulty",115,0,300,0,0,270,130,0,0,0,10,0,0,0,0,30,525,465,60,0,130,0,0,270
"20160111151103","Kentucky",40,"Female","Native, Born in USA","Married","Non-Veteran","No","Employed","No","Government, state","No answer","Full time",50,"$25,000 to $29,999",4,0,"No","No difficulty",84,0,0,0,0,90,75,0,0,0,55,0,525,0,0,55,556,476,80,0,75,0,0,90
"20161009160177","Florida",53,"Female","Native, Born in USA","Married","Non-Veteran","No","Employed","No","Private, for profit","No answer","Part time",32,"$50,000 to $59,999",3,1,"Yes","No difficulty",40,0,0,340,0,190,150,0,0,0,0,0,0,0,0,0,720,653,67,0,150,0,0,190
"20160403161233","Virginia",85,"Female","Foreign born, US citizen","Married","Non-Veteran","No","Not in labor force","No answer","No answer","Retired","No answer",NA,"$60,000 to $74,999",2,0,"No","No difficulty",30,120,0,120,0,185,65,0,0,0,0,0,0,0,0,179,741,630,110,1,65,0,0,185
"20160201161427","Michigan",56,"Female","Native, Born in USA","Widowed","Non-Veteran","No","Employed","No","Private, for profit","No answer","Full time",40,"$25,000 to $29,999",2,0,"No","No difficulty",105,30,150,0,0,210,75,0,0,0,65,0,30,205,0,130,380,305,75,0,75,0,0,210
"20160112152129","Tennessee",16,"Female","Native, Born in USA","Never married","No answer","No","Employed","No","Private, for profit","No answer","Part time",6,"$35,000 to $39,999",2,1,"Yes","No difficulty",45,60,0,0,0,190,55,0,0,0,20,0,288,0,0,30,752,640,112,0,55,0,0,190
"20160201160891","New Mexico",44,"Male","Native, Born in USA","Married","Non-Veteran","No","Employed","No","Government, federal","No answer","Full time",45,"$100,000 to $149,999",4,2,"Yes","No difficulty",90,0,0,0,0,454,85,0,0,0,80,0,0,0,176,65,490,440,50,0,85,0,0,454
"20160302161434","Iowa",52,"Male","Native, Born in USA","Never married","Non-Veteran","No","Employed","No","Private, for profit","No answer","Full time",NA,"$20,000 to $24,999",1,0,"No","No difficulty",40,0,0,0,0,155,20,0,0,0,0,0,565,0,0,135,525,450,75,0,20,0,0,155
"20161110161021","Texas",45,"Female","Native, Born in USA","Divored","Non-Veteran","No","Employed","No","Government, state","No answer","Full time",40,"$20,000 to $24,999",3,0,"No","No difficulty",57,0,0,0,0,288,90,0,0,10,23,0,485,0,0,32,455,420,35,0,90,0,0,288
"20161111160831","New Hampshire",85,"Female","Native, Born in USA","Widowed","Non-Veteran","No","Not in labor force","No answer","No answer","Retired","No answer",NA,"$50,000 to $59,999",2,0,"No","Has difficulty",30,0,170,0,0,600,42,0,0,0,65,0,0,0,0,55,400,375,25,0,42,0,0,600
"20161211161556","Alabama",60,"Female","Native, Born in USA","Divored","Non-Veteran","No","Not in labor force","No answer","No answer","Retired","No answer",NA,"$60,000 to $74,999",6,2,"Yes","Has difficulty",0,0,0,0,0,390,30,0,0,0,60,0,0,0,0,360,600,600,0,0,30,0,0,390
"20160707162181","New York",64,"Male","Native, Born in USA","Married","Non-Veteran","No","Employed","No","Government, local","No answer","Full time",55,"$100,000 to $149,999",2,0,"No","No difficulty",558,0,0,0,70,55,72,0,0,0,35,0,30,0,0,239,381,361,20,0,72,0,0,55
"20160201161731","California",25,"Female","Foreign born, not US citizen","Never married","Non-Veteran","No","Employed","No","Private, for profit","No answer","Full time",40,"$40,000 to $49,999",3,0,"No","No difficulty",130,0,0,0,60,145,40,0,0,0,453,0,0,2,0,0,610,600,10,0,40,0,0,145
"20161008160112","Florida",49,"Male","Native, Born in USA","Never married","Non-Veteran","No","Employed","No","Self-employed, incorporated","No answer","Part time",30,"$40,000 to $49,999",2,0,"No","No difficulty",85,0,0,0,0,610,60,0,0,0,15,0,15,0,30,175,450,420,30,0,60,0,0,610
"20161009161590","Virginia",85,"Male","Native, Born in USA","Widowed","Veteran","No","Employed","No","Self-employed, unincorporated","No answer","Part time",5,"$100,000 to $149,999",1,0,"No","Has difficulty",60,0,0,0,65,433,145,0,0,0,10,0,0,10,0,10,570,530,25,15,145,0,0,433
"20161010162227","Hawaii",35,"Male","Native, Born in USA","Married","Non-Veteran","No","Employed","Yes","Private, for profit","No answer","Full time",72,"$75,000 to $99,999",4,1,"Yes","No difficulty",20,0,0,0,0,120,0,0,0,0,0,0,635,0,0,0,665,630,35,0,0,0,0,120
"20160907162171","Vermont",67,"Male","Native, Born in USA","Divored","Veteran","No","Not in labor force","No answer","No answer","No answer","No answer",NA,"$20,000 to $24,999",1,0,"No","Has difficulty",0,0,0,0,0,910,50,0,0,0,0,0,0,0,0,0,480,480,0,0,50,0,0,910
"20160605161362","New Jersey",58,"Male","Native, Born in USA","Married","Veteran","No","Employed","No","Private, for profit","No answer","Full time",40,"$75,000 to $99,999",2,0,"No","No difficulty",74,0,0,0,0,311,50,0,0,0,0,0,585,0,0,0,420,390,30,0,50,0,0,311
"20160111151153","Texas",40,"Male","Foreign born, US citizen","Married","Non-Veteran","No","Employed","No","Private, for profit","No answer","Full time",40,"$60,000 to $74,999",6,3,"Yes","No difficulty",20,0,0,0,0,60,0,0,0,0,0,0,0,0,530,280,550,550,0,0,0,0,0,60
"20160112152335","Indiana",80,"Female","Native, Born in USA","Widowed","Non-Veteran","No","Not in labor force","No answer","No answer","Retired","No answer",NA,"$50,000 to $59,999",1,0,"No","No difficulty",35,35,0,0,0,528,105,0,0,5,20,0,0,0,0,117,480,420,60,0,105,0,0,528
"20160603162390","Massachusetts",35,"Male","Foreign born, not US citizen","Married","Non-Veteran","No","Employed","Yes","Private, for profit","No answer","Full time",50,"$35,000 to $39,999",3,1,"Yes","No difficulty",105,0,0,185,0,275,50,0,0,0,25,0,0,0,20,130,650,620,30,0,50,0,0,275
"20160101161816","New York",60,"Female","Native, Born in USA","Married","Non-Veteran","No","Not in labor force","No answer","No answer","No answer","No answer",NA,"$60,000 to $74,999",3,0,"No","Has difficulty",165,0,215,0,120,305,30,0,0,0,0,0,0,0,0,20,585,540,45,0,30,0,0,305
"20161211160014","Minnesota",37,"Female","Native, Born in USA","Married","Non-Veteran","No","Unemployed, Looking","No answer","No answer","No answer","No answer",NA,"$60,000 to $74,999",6,4,"Yes","No difficulty",0,0,0,0,0,570,180,0,0,0,0,0,0,0,0,180,510,510,0,0,180,0,0,570
"20161009162277","California",38,"Female","Foreign born, not US citizen","Married","Non-Veteran","No","Not in labor force","No answer","No answer","No answer","No answer",NA,"$30,000 to $34,999",5,2,"Yes","No difficulty",40,0,0,0,0,500,100,0,0,0,20,0,0,0,20,180,580,580,0,0,100,0,0,500
"20161110162215","New York",64,"Male","Native, Born in USA","Never married","Non-Veteran","No","Employed","No","Private, nonprofit","No answer","Part time",5,"$7,500 to $9,999",1,0,"No","Has difficulty",18,0,0,0,0,667,60,0,0,0,0,0,60,0,0,0,530,510,20,0,60,0,0,667
"20160201161155","Maryland",73,"Female","Native, Born in USA","Widowed","Non-Veteran","No","Not in labor force","No answer","No answer","Retired","No answer",NA,"$25,000 to $29,999",1,0,"No","No difficulty",30,0,45,0,0,375,105,0,0,75,0,0,0,0,0,240,570,510,60,0,105,0,0,375
"20161211162012","Arizona",53,"Male","Native, Born in USA","Married","Non-Veteran","No","Employed","No","Private, for profit","No answer","Full time",NA,"$100,000 to $149,999",2,0,"No","No difficulty",165,0,0,0,0,420,60,0,0,0,130,0,0,0,0,0,665,630,35,0,60,0,0,420
"20160908162163","Vermont",63,"Male","Native, Born in USA","Divored","Non-Veteran","No","Employed","No","Private, for profit","No answer","Full time",40,"$60,000 to $74,999",1,0,"No","No difficulty",40,0,0,0,0,300,15,0,0,0,0,0,490,0,0,70,525,495,30,0,15,0,0,300
"20160807162129","Delaware",17,"Male","Native, Born in USA","Never married","Non-Veteran","No","Not in labor force","No answer","No answer","No answer","No answer",NA,"$50,000 to $59,999",3,1,"Yes","No difficulty",100,0,0,0,120,355,35,0,0,0,10,0,0,0,0,0,820,820,0,0,35,0,0,355
"20160706161293","New Mexico",25,"Male","Native, Born in USA","Married","Non-Veteran","No","Unemployed, Looking","No answer","No answer","No answer","No answer",NA,"$50,000 to $59,999",4,2,"Yes","No difficulty",169,0,0,0,30,408,130,0,0,0,293,0,0,0,7,0,403,388,15,0,130,0,0,408
"20160707161377","Michigan",32,"Female","Foreign born, not US citizen","Married","Non-Veteran","No","Employed","No","Government, state","No answer","Full time",60,"$150,000 and over",3,1,"Yes","No difficulty",40,30,0,0,130,180,80,0,0,0,60,0,0,0,220,80,620,570,50,0,80,0,0,180
"20161111160859","California",65,"Male","Native, Born in USA","Separated","Non-Veteran","No","Not in labor force","No answer","No answer","Retired","No answer",NA,"$10,000 to $12,499",1,0,"No","No difficulty",30,15,0,0,10,575,65,0,0,0,35,0,0,0,0,155,540,540,0,0,65,0,0,575
"20160112152323","Ohio",70,"Male","Native, Born in USA","Married","Non-Veteran","No","Not in labor force","No answer","No answer","No answer","No answer",NA,"$50,000 to $59,999",2,0,"No","Has difficulty",0,0,0,0,0,930,15,0,0,0,0,0,0,0,0,15,480,480,0,0,15,0,0,930
"20161210161780","Louisiana",21,"Male","Native, Born in USA","Divored","Non-Veteran","No","Unemployed, Looking","No answer","No answer","No answer","No answer",NA,"$100,000 to $149,999",4,1,"Yes","No difficulty",4,0,0,0,0,1016,20,0,0,0,0,0,0,0,0,70,330,330,0,0,20,0,0,1016
"20160806162309","Indiana",59,"Male","Native, Born in USA","Married","Non-Veteran","No","Employed","No","Private, for profit","No answer","Full time",45,"$75,000 to $99,999",4,1,"Yes","No difficulty",480,0,0,15,0,118,179,0,0,0,20,0,120,0,88,165,255,195,60,0,179,0,0,118
"20160908161289","Illinois",42,"Female","Native, Born in USA","Married","Non-Veteran","No","Employed","No","Private, for profit","No answer","Full time",40,"$150,000 and over",4,2,"Yes","No difficulty",90,0,0,30,45,470,120,0,0,0,130,0,0,0,0,40,515,480,35,0,120,0,0,470
"20161009162257","Pennsylvania",63,"Female","Native, Born in USA","Widowed","Non-Veteran","No","Not in labor force","No answer","No answer","Retired","No answer",NA,"$15,000 to $19,999",1,0,"No","No difficulty",0,0,0,0,0,450,60,0,0,0,0,0,0,0,0,300,630,630,0,0,60,0,0,450
"20160605162065","Georgia",20,"Male","Native, Born in USA","Never married","Non-Veteran","No","Employed","No","Private, nonprofit","No answer","Part time",5,"$60,000 to $74,999",4,0,"No","Has difficulty",0,0,0,0,0,640,20,0,0,0,0,0,0,0,0,0,780,780,0,0,20,0,0,640
"20160401161936","Minnesota",63,"Female","Native, Born in USA","Divored","Non-Veteran","No","Employed","No","Private, for profit","No answer","Part time",25,"$30,000 to $34,999",3,1,"Yes","No difficulty",2,0,0,30,0,173,30,0,0,0,0,0,0,0,95,630,480,450,30,0,30,0,0,173
"20161008161261","Florida",37,"Male","Native, Born in USA","Married","Non-Veteran","No","Employed","No","Private, for profit","No answer","Part time",20,"$100,000 to $149,999",5,2,"Yes","No difficulty",50,0,0,0,30,120,55,0,0,0,22,0,240,0,0,10,913,913,0,0,55,0,0,120
"20160403161051","Washington",26,"Male","Native, Born in USA","Never married","Non-Veteran","No","Employed","No","Private, for profit","No answer","Part time",24,"$60,000 to $74,999",3,0,"No","No difficulty",75,0,0,0,120,30,210,0,0,0,0,0,0,0,0,345,660,630,30,0,210,0,0,30
"20160504160131","Texas",50,"Male","Native, Born in USA","Never married","Non-Veteran","No","Unemployed, Looking","No answer","No answer","No answer","No answer",NA,"$40,000 to $49,999",1,0,"No","No difficulty",20,0,0,0,0,311,90,0,0,0,55,0,240,0,0,360,360,300,60,0,90,0,0,311
"20160908160907","Texas",62,"Male","Foreign born, not US citizen","Married","Non-Veteran","No","Employed","No","Private, for profit","No answer","Part time",32,"$75,000 to $99,999",2,0,"No","No difficulty",18,0,0,0,0,30,10,0,0,0,0,0,700,0,0,0,682,642,40,0,10,0,0,30
"20160707161777","Texas",38,"Female","Foreign born, not US citizen","Divored","Non-Veteran","No","Unemployed, Looking","No answer","No answer","No answer","No answer",NA,"$10,000 to $12,499",3,2,"Yes","Has difficulty",361,0,0,0,0,148,75,0,0,0,97,0,15,27,86,4,627,592,35,0,75,0,0,148
"20161009162211","New Hampshire",46,"Male","Native, Born in USA","Married","Non-Veteran","No","Employed","No","Private, for profit","No answer","Full time",50,"$150,000 and over",3,1,"Yes","No difficulty",60,0,0,0,0,135,75,0,0,0,0,0,690,0,0,90,390,390,0,0,75,0,0,135
"20160302161724","Arizona",36,"Female","Native, Born in USA","Married","Non-Veteran","No","Not in labor force","No answer","No answer","No answer","No answer",NA,"$35,000 to $39,999",10,8,"Yes","No difficulty",32,0,0,5,0,40,60,0,0,0,90,0,0,1,642,405,165,165,0,0,60,0,0,40
"20160403162345","New Jersey",72,"Male","Native, Born in USA","Married","Veteran","No","Not in labor force","No answer","No answer","Retired","No answer",NA,"$150,000 and over",3,0,"No","No difficulty",12,0,0,0,0,573,30,0,0,0,0,0,0,0,0,150,600,600,0,0,30,0,0,573
"20160504161771","Colorado",42,"Male","Native, Born in USA","Married","Veteran","No","Employed","No","Government, federal","No answer","Full time",40,"$100,000 to $149,999",4,2,"Yes","No difficulty",0,0,0,0,30,150,210,0,0,0,0,0,0,0,105,495,450,450,0,0,210,0,0,150
"20160706160804","Georgia",21,"Male","Native, Born in USA","Never married","Non-Veteran","No","Unemployed, Looking","No answer","No answer","No answer","No answer",NA,"$50,000 to $59,999",3,0,"No","No difficulty",75,0,0,0,0,417,170,0,0,0,60,90,0,0,0,0,628,598,30,0,170,0,90,417
"20160808161909","Iowa",39,"Male","Native, Born in USA","Married","Non-Veteran","No","Employed","No","Self-employed, unincorporated","No answer","Full time",NA,"$12,500 to $14,999",9,7,"Yes","No difficulty",50,0,0,0,0,15,135,0,0,0,0,0,60,0,0,735,415,415,0,0,135,0,0,15
"20160605161932","Texas",61,"Female","Foreign born, not US citizen","Married","Non-Veteran","No","Not in labor force","No answer","No answer","No answer","No answer",NA,"$50,000 to $59,999",3,0,"No","No difficulty",14,0,0,60,0,120,90,0,0,0,75,0,0,0,15,565,501,411,90,0,90,0,0,120
"20160504161011","California",41,"Female","Native, Born in USA","Married","Non-Veteran","No","Employed","No","Private, nonprofit","No answer","Full time",40,"$100,000 to $149,999",3,1,"Yes","No difficulty",40,0,0,0,90,60,60,0,0,0,0,0,540,0,10,75,565,540,25,0,60,0,0,60
"20160605162419","Illinois",21,"Female","Native, Born in USA","Never married","Non-Veteran","No","Unemployed, Looking","No answer","No answer","No answer","No answer",NA,"$75,000 to $99,999",3,0,"No","No difficulty",70,0,0,0,0,555,75,0,0,0,15,0,0,0,0,60,665,645,20,0,75,0,0,555
"20160806162040","New Mexico",66,"Male","Native, Born in USA","Never married","Non-Veteran","No","Not in labor force","No answer","No answer","Retired","No answer",NA,"$35,000 to $39,999",1,0,"No","No difficulty",70,0,0,80,0,530,70,0,0,0,30,0,0,0,0,50,610,570,40,0,70,0,0,530
"20160403160874","Missori",62,"Female","Native, Born in USA","Never married","Non-Veteran","No","Employed","No","Government, state","No answer","Full time",50,"$60,000 to $74,999",1,0,"No","No difficulty",102,35,10,15,0,385,45,0,0,0,20,0,380,0,0,65,383,343,40,0,45,0,0,385
"20160504162247","Florida",49,"Male","Native, Born in USA","Divored","Non-Veteran","No","Employed","No","Private, for profit","No answer","Full time",60,"$150,000 and over",3,0,"No","No difficulty",75,0,0,0,60,75,15,0,0,0,15,0,690,0,0,30,480,390,90,0,15,0,0,75
"20161211161078","Georgia",66,"Female","Native, Born in USA","Married","Non-Veteran","No","Not in labor force","No answer","No answer","Retired","No answer",NA,"$12,500 to $14,999",2,0,"No","No difficulty",25,0,0,150,0,470,20,0,0,0,0,0,0,0,0,100,675,565,80,30,20,0,0,470
"20160201161402","Hawaii",50,"Female","Native, Born in USA","Married","Non-Veteran","No","Employed","No","Private, for profit","No answer","Full time",40,"$60,000 to $74,999",5,1,"Yes","No difficulty",45,0,0,0,0,255,75,0,0,0,0,0,480,0,5,50,530,510,20,0,75,0,0,255
"20160806161257","Ohio",49,"Male","Native, Born in USA","Married","Non-Veteran","No","Not in labor force","No answer","No answer","No answer","No answer",NA,"$60,000 to $74,999",3,1,"Yes","No difficulty",30,0,0,0,90,330,60,0,0,0,0,0,0,0,0,510,420,420,0,0,60,0,0,330
"20161110161622","California",62,"Male","Native, Born in USA","Separated","Non-Veteran","No","Employed","No","Self-employed, unincorporated","No answer","Full time",40,"$35,000 to $39,999",1,0,"No","No difficulty",124,15,0,0,120,281,70,0,0,0,140,0,90,75,0,0,525,510,15,0,70,0,0,281
"20160404161822","Rhode Island",51,"Male","Native, Born in USA","Married","Veteran","No","Not in labor force","No answer","No answer","No answer","No answer",NA,"$75,000 to $99,999",4,1,"Yes","No difficulty",183,0,0,80,0,287,130,0,0,0,5,0,0,20,40,195,500,480,20,0,130,0,0,287
"20161210162409","New York",26,"Male","Native, Born in USA","Never married","Non-Veteran","No","Unemployed, Looking","No answer","No answer","No answer","No answer",NA,"$100,000 to $149,999",1,0,"No","No difficulty",49,0,0,0,0,60,90,0,0,0,70,0,60,0,0,121,720,655,65,0,90,0,0,60
"20160112151487","California",58,"Male","Foreign born, US citizen","Never married","Non-Veteran","No","Employed","No","Private, for profit","No answer","Full time",40,"$35,000 to $39,999",1,0,"No","No difficulty",165,0,0,0,0,395,0,0,0,0,180,0,0,0,0,70,630,630,0,0,0,0,0,395
"20160504162060","South Carolina",71,"Female","Native, Born in USA","Married","Non-Veteran","No","Not in labor force","No answer","No answer","Retired","No answer",NA,"$10,000 to $12,499",2,0,"No","No difficulty",95,0,0,223,0,375,15,0,0,0,20,0,0,2,0,200,510,450,60,0,15,0,0,375
"20160504161656","Oklahoma",68,"Female","Native, Born in USA","Married","Non-Veteran","No","Employed","No","Private, for profit","No answer","Full time",40,"$100,000 to $149,999",2,0,"No","No difficulty",40,0,0,0,0,240,80,0,0,0,0,0,500,0,0,45,535,475,60,0,80,0,0,240
"20160403161910","North Carolina",45,"Female","Native, Born in USA","Never married","Non-Veteran","No","Employed","No","Private, nonprofit","No answer","Full time",40,"$75,000 to $99,999",1,0,"No","No difficulty",80,0,0,0,0,146,40,0,0,0,60,60,485,1,0,28,540,495,45,0,40,0,60,146
"20160302162058","Alabama",48,"Female","Native, Born in USA","Married","Non-Veteran","No","Not in labor force","No answer","No answer","No answer","No answer",NA,"$20,000 to $24,999",2,0,"No","Has difficulty",0,0,0,0,0,250,30,0,0,0,0,0,0,0,0,10,1150,870,0,280,30,0,0,250
"20160111151898","Wisconsin",49,"Male","Native, Born in USA","Married","Non-Veteran","No","Employed","No","Private, for profit","No answer","Full time",72,"$60,000 to $74,999",4,2,"Yes","No difficulty",90,0,0,0,0,82,35,0,0,0,0,0,755,23,0,10,445,420,25,0,35,0,0,82
"20160706160722","Maine",80,"Female","Native, Born in USA","Widowed","Non-Veteran","No","Not in labor force","No answer","No answer","Retired","No answer",NA,"$12,500 to $14,999",1,0,"No","No difficulty",40,0,0,0,0,535,45,0,0,0,0,0,0,0,0,280,540,480,60,0,45,0,0,535
"20160605162375","California",73,"Male","Native, Born in USA","Married","Non-Veteran","No","Not in labor force","No answer","No answer","Retired","No answer",NA,"$150,000 and over",2,0,"No","No difficulty",30,0,0,0,0,375,135,0,0,0,150,0,0,0,0,240,510,480,30,0,135,0,0,375
"20160503161214","Illinois",33,"Male","Native, Born in USA","Married","Non-Veteran","No","Employed","No","Self-employed, incorporated","No answer","Full time",50,"$150,000 and over",3,1,"Yes","No difficulty",20,0,0,0,0,60,30,0,0,0,0,0,680,0,0,60,590,590,0,0,30,0,0,60
"20160201160994","Michigan",65,"Female","Native, born abroad","Widowed","Non-Veteran","No","Not in labor force","No answer","No answer","Retired","No answer",NA,"$15,000 to $19,999",1,0,"No","Has difficulty",0,0,0,0,0,640,75,0,0,0,0,0,0,0,0,120,605,405,165,35,75,0,0,640
"20160808161274","North Carolina",40,"Male","Native, Born in USA","Married","Non-Veteran","No","Employed","No","Private, for profit","No answer","Full time",40,"$60,000 to $74,999",3,1,"Yes","No difficulty",105,0,0,0,0,240,30,0,0,0,10,0,375,0,20,235,425,385,40,0,30,0,0,240
"20160707162315","Florida",41,"Male","Native, Born in USA","Married","Non-Veteran","No","Employed","Yes","Government, state","No answer","Full time",70,"$50,000 to $59,999",4,2,"Yes","No difficulty",115,0,0,70,0,340,70,0,0,0,100,0,0,0,110,0,635,605,30,0,70,0,0,340
"20160908161610","Washington",35,"Male","Native, Born in USA","Married","Non-Veteran","No","Employed","No","Private, for profit","No answer","Full time",44,"$75,000 to $99,999",3,1,"Yes","No difficulty",120,0,0,0,0,405,30,0,0,0,0,0,0,0,0,295,590,590,0,0,30,0,0,405
"20160604160925","New Jersey",21,"Male","Native, Born in USA","Never married","Non-Veteran","No","Not in labor force","No answer","No answer","No answer","No answer",NA,"$12,500 to $14,999",5,2,"Yes","No difficulty",0,0,0,0,25,565,60,0,0,0,0,0,0,0,100,120,570,500,70,0,60,0,0,565
"20160706161745","Texas",64,"Female","Native, Born in USA","Divored","Non-Veteran","No","Employed","No","Private, for profit","No answer","Full time",46,"$60,000 to $74,999",2,0,"No","No difficulty",25,0,0,0,0,640,45,0,0,0,0,0,0,0,0,30,700,690,10,0,45,0,0,640
"20160605160529","Pennsylvania",85,"Female","Native, Born in USA","Widowed","Non-Veteran","No","Not in labor force","No answer","No answer","Retired","No answer",NA,"$20,000 to $24,999",1,0,"No","Has difficulty",35,0,0,60,0,450,80,0,0,40,0,0,0,175,0,0,600,570,30,0,80,0,0,450
"20160212151980","California",22,"Male","Native, Born in USA","Never married","Non-Veteran","No","Employed","No","Private, for profit","No answer","Full time",40,"$75,000 to $99,999",4,0,"No","No difficulty",95,0,0,0,120,130,30,0,0,0,0,0,525,0,0,0,540,420,120,0,30,0,0,130
"20161211161676","New York",80,"Female","Native, Born in USA","Married","Non-Veteran","No","Employed","No","Private, nonprofit","No answer","Part time",10,"$150,000 and over",2,0,"No","Has difficulty",151,25,0,0,0,180,60,0,0,117,20,0,125,0,0,5,757,564,144,49,60,0,0,180
"20160504161124","Minnesota",31,"Female","Native, Born in USA","Married","Non-Veteran","No","Employed","No","Private, for profit","No answer","Full time",40,"$150,000 and over",2,0,"No","No difficulty",110,0,0,0,0,545,50,0,0,0,15,0,0,0,0,180,540,480,60,0,50,0,0,545
"20160706162066","Maine",33,"Female","Native, Born in USA","Married","Non-Veteran","No","Employed","No","Government, state","No answer","Full time",40,"$75,000 to $99,999",3,1,"Yes","No difficulty",55,0,0,0,0,235,30,0,0,0,5,0,0,10,275,110,720,705,0,0,30,0,0,235
"20160706162120","California",23,"Female","Native, Born in USA","Never married","Non-Veteran","No","Not in labor force","No answer","No answer","No answer","No answer",NA,"$100,000 to $149,999",3,1,"Yes","No difficulty",10,0,0,0,210,68,75,0,0,0,45,0,0,0,143,287,602,600,2,0,75,0,0,68
"20160504162129","Kentucky",39,"Male","Native, Born in USA","Married","Non-Veteran","No","Employed","No","Private, for profit","No answer","Full time",50,"$100,000 to $149,999",4,1,"Yes","No difficulty",70,0,0,0,0,285,20,0,0,0,0,0,0,0,15,540,510,510,0,0,20,0,0,285
"20160112151287","Texas",26,"Male","Foreign born, not US citizen","Married","Non-Veteran","No","Employed","No","Private, for profit","No answer","Full time",40,"$15,000 to $19,999",4,2,"Yes","No difficulty",200,0,0,0,0,205,60,0,0,0,0,0,445,20,0,0,510,420,90,0,60,0,0,205
"20161010160972","Florida",23,"Male","Native, Born in USA","Never married","Non-Veteran","No","Employed","No","Private, for profit","No answer","Full time",42,"$5,000 to $7,499",2,0,"No","No difficulty",135,0,0,0,0,110,25,0,0,0,0,90,585,10,0,15,470,450,20,0,25,0,90,110
"20160201161282","Texas",45,"Male","Native, Born in USA","Married","Non-Veteran","No","Employed","No","Government, state","No answer","Full time",40,"$150,000 and over",4,2,"Yes","No difficulty",85,0,0,0,50,165,45,0,0,0,0,0,420,0,45,30,540,510,30,0,45,0,0,165
"20161009160532","Pennsylvania",66,"Female","Foreign born, US citizen","Married","Non-Veteran","No","Employed","No","Private, for profit","No answer","Full time",40,"$35,000 to $39,999",5,1,"Yes","No difficulty",75,0,0,15,0,90,70,0,0,0,0,0,435,0,0,220,535,465,70,0,70,0,0,90
"20160504161435","Pennsylvania",16,"Female","Native, Born in USA","Never married","No answer","No","Unemployed, Looking","No answer","No answer","No answer","No answer",NA,"$25,000 to $29,999",2,1,"Yes","No difficulty",70,0,0,0,60,445,15,0,0,0,0,10,0,30,0,0,810,720,90,0,15,0,10,445
"20160605161154","Louisiana",48,"Male","Native, Born in USA","Married","Non-Veteran","No","Employed","Yes","Private, for profit","No answer","Full time",56,"$150,000 and over",5,1,"Yes","No difficulty",140,0,0,0,0,485,105,0,0,0,0,0,0,0,10,120,580,540,40,0,105,0,0,485
"20160807162037","Texas",69,"Male","Native, Born in USA","Widowed","Veteran","No","Not in labor force","No answer","No answer","Retired","No answer",NA,"$30,000 to $34,999",1,0,"No","No difficulty",0,0,0,0,0,280,45,0,360,0,0,0,0,0,0,225,530,450,80,0,45,0,0,280
"20160302161660","South Carolina",69,"Female","Native, Born in USA","Married","Non-Veteran","No","Not in labor force","No answer","No answer","Retired","No answer",NA,"$30,000 to $34,999",2,0,"No","No difficulty",50,30,0,90,0,120,72,0,0,30,60,0,0,0,0,215,773,668,100,5,72,0,0,120
"20161009161769","New Jersey",50,"Male","Native, Born in USA","Never married","Non-Veteran","No","Employed","No","Private, for profit","No answer","Full time",40,"$60,000 to $74,999",1,0,"No","No difficulty",100,185,0,0,0,90,100,0,0,0,20,0,590,0,0,120,235,180,55,0,100,0,0,90
"20160605162463","Massachusetts",62,"Female","Native, Born in USA","Married","Non-Veteran","No","Employed","No","Private, for profit","No answer","Part time",30,"$150,000 and over",3,0,"No","No difficulty",47,0,0,0,0,503,60,0,0,90,210,0,0,5,0,195,330,330,0,0,60,0,0,503
"20160807161344","Virginia",30,"Male","Foreign born, not US citizen","Married","Non-Veteran","No","Employed","No","Private, for profit","No answer","Full time",40,"$100,000 to $149,999",2,0,"No","No difficulty",55,0,0,0,45,175,120,0,0,0,0,0,475,0,0,0,450,450,0,0,120,0,0,175
"20160101161511","District of Columbia",27,"Male","Native, Born in USA","Never married","Non-Veteran","No","Unemployed, Looking","No answer","No answer","No answer","No answer",NA,"$30,000 to $34,999",1,0,"No","No difficulty",0,20,0,0,90,545,10,0,0,0,0,190,0,0,0,10,570,565,5,0,10,100,90,545
"20161110162321","Virginia",55,"Male","Native, Born in USA","Married","Non-Veteran","No","Employed","No","Private, for profit","No answer","Full time",NA,"$50,000 to $59,999",3,1,"Yes","No difficulty",55,0,0,0,0,290,45,0,0,0,135,0,0,0,0,60,855,690,165,0,45,0,0,290
"20160301162182","Utah",36,"Female","Native, Born in USA","Never married","Non-Veteran","No","Employed","No","Government, local","No answer","Full time",65,"$50,000 to $59,999",1,0,"No","No difficulty",116,0,0,0,120,40,64,0,0,0,0,0,650,0,0,5,445,375,70,0,64,0,0,40
"20160403162385","Mississippi",62,"Female","Native, Born in USA","Divored","Non-Veteran","No","Employed","No","Private, for profit","No answer","Full time",40,"$20,000 to $24,999",1,0,"No","No difficulty",85,0,0,0,0,125,45,0,0,0,0,0,453,0,0,60,672,489,183,0,45,0,0,125
"20160402160587","North Carolina",24,"Female","Native, Born in USA","Never married","Non-Veteran","No","Employed","No","Private, nonprofit","No answer","Full time",40,"$15,000 to $19,999",1,0,"No","No difficulty",50,0,0,0,0,95,15,0,0,0,30,0,0,360,0,105,785,785,0,0,15,0,0,95
"20161110161801","Texas",69,"Male","Native, Born in USA","Married","Veteran","No","Not in labor force","No answer","No answer","Retired","No answer",NA,"Less than $5,000",2,0,"No","No difficulty",83,0,0,0,0,185,80,0,0,0,20,0,0,0,0,552,510,480,30,0,80,0,0,185
"20160705161540","California",48,"Female","Foreign born, US citizen","Married","Non-Veteran","No","Employed","No","Private, for profit","No answer","Full time",40,"$100,000 to $149,999",4,0,"No","No difficulty",33,0,0,0,0,110,105,0,0,0,20,0,477,0,0,315,380,295,85,0,105,0,0,110
"20160504161020","Florida",66,"Male","Native, Born in USA","Separated","Non-Veteran","No","Employed","No","Private, for profit","No answer","Part time",NA,"$20,000 to $24,999",1,0,"No","Has difficulty",43,0,0,0,0,205,30,0,0,1,2,0,0,0,0,109,1050,1015,5,30,30,0,0,205
"20160503161958","Michigan",36,"Female","Native, Born in USA","Never married","Non-Veteran","No","Employed","No","Private, for profit","No answer","Part time",30,"$20,000 to $24,999",4,3,"Yes","No difficulty",20,0,0,0,0,0,10,0,0,0,0,0,900,0,0,60,450,450,0,0,10,0,0,0
"20160706160127","Florida",32,"Male","Foreign born, US citizen","Married","Non-Veteran","No","Unemployed, Looking","No answer","No answer","No answer","No answer",NA,"$50,000 to $59,999",4,2,"Yes","No difficulty",85,0,0,0,0,517,0,0,0,0,0,0,0,0,296,20,522,522,0,0,0,0,0,517
"20160605160715","Oklahoma",33,"Male","Native, Born in USA","Married","Non-Veteran","No","Employed","No","Private, for profit","No answer","Full time",72,"$60,000 to $74,999",3,1,"Yes","No difficulty",65,0,0,0,0,130,70,0,0,0,0,0,450,0,95,10,620,590,30,0,70,0,0,130
"20160605160592","Massachusetts",17,"Female","Foreign born, not US citizen","Never married","Non-Veteran","No","Not in labor force","No answer","No answer","No answer","No answer",NA,"$35,000 to $39,999",5,1,"Yes","No difficulty",7,0,0,0,0,173,30,0,0,0,0,0,45,15,0,285,885,825,60,0,30,0,0,173
"20160706160055","Georgia",61,"Female","Native, Born in USA","Never married","Non-Veteran","No","Employed","No","Private, for profit","No answer","Part time",10,"$25,000 to $29,999",1,0,"No","No difficulty",120,180,0,0,0,110,0,0,0,0,0,0,370,0,0,180,480,420,60,0,0,0,0,110
"20160504162451","Nevada",59,"Female","Foreign born, US citizen","Divored","Non-Veteran","No","Not in labor force","No answer","No answer","Retired","No answer",NA,"$30,000 to $34,999",1,0,"No","No difficulty",120,0,15,0,90,280,30,0,0,0,5,0,0,10,0,420,470,375,95,0,30,0,0,280
"20160403162254","Texas",76,"Female","Native, Born in USA","Widowed","Non-Veteran","No","Not in labor force","No answer","No answer","Retired","No answer",NA,"$30,000 to $34,999",1,0,"No","No difficulty",65,0,0,0,0,90,150,0,0,0,0,0,0,0,0,450,685,600,85,0,150,0,0,90
"20160908161698","South Carolina",24,"Female","Native, Born in USA","Never married","Non-Veteran","No","Not in labor force","No answer","No answer","No answer","No answer",NA,"$15,000 to $19,999",3,1,"Yes","No difficulty",80,0,0,0,0,280,5,0,0,0,115,0,0,0,185,40,735,645,90,0,5,0,0,280
"20160604162002","Texas",74,"Male","Native, Born in USA","Married","Non-Veteran","No","Employed","Yes","Private, for profit","No answer","Full time",60,"$60,000 to $74,999",2,0,"No","No difficulty",78,0,0,0,0,30,60,0,0,0,0,0,837,0,0,0,435,415,20,0,60,0,0,30
"20161211160551","Virginia",74,"Male","Native, Born in USA","Married","Non-Veteran","No","Not in labor force","No answer","No answer","Retired","No answer",NA,"$100,000 to $149,999",2,0,"No","No difficulty",50,0,65,0,75,450,160,0,0,0,40,0,0,0,0,120,480,450,30,0,160,0,0,450
"20160101161907","Texas",57,"Female","Native, Born in USA","Separated","Non-Veteran","No","Not in labor force","No answer","No answer","No answer","No answer",NA,"Less than $5,000",1,0,"No","Has difficulty",60,0,0,0,0,355,30,0,0,0,60,0,0,0,0,5,930,930,0,0,30,0,0,355
"20160605160987","Michigan",68,"Male","Native, Born in USA","Married","Non-Veteran","No","Not in labor force","No answer","No answer","No answer","No answer",NA,"$40,000 to $49,999",3,0,"No","Has difficulty",135,0,0,0,0,775,30,0,0,0,30,0,0,3,0,185,282,267,15,0,30,0,0,775
"20160807162385","Washington",32,"Female","Native, Born in USA","Never married","Non-Veteran","No","Employed","No","Private, for profit","No answer","Full time",40,"$100,000 to $149,999",1,0,"No","No difficulty",90,0,0,0,0,200,185,0,0,0,0,0,425,0,0,30,510,450,60,0,185,0,0,200
"20160201161264","Minnesota",33,"Female","Native, Born in USA","Never married","Non-Veteran","No","Employed","No","Private, for profit","No answer","Full time",50,"$100,000 to $149,999",2,0,"No","No difficulty",35,0,0,0,15,75,145,0,0,0,15,0,510,0,0,30,615,510,105,0,145,0,0,75
"20160403161934","Pennsylvania",32,"Female","Native, Born in USA","Married","Non-Veteran","No","Not in labor force","No answer","No answer","No answer","No answer",NA,"$40,000 to $49,999",4,2,"Yes","No difficulty",80,0,0,0,60,70,50,0,0,0,75,0,0,0,230,290,585,540,45,0,50,0,0,70
"20160806162355","New York",41,"Female","Foreign born, US citizen","Married","Non-Veteran","No","Employed","No","Private, for profit","No answer","Part time",25,"$25,000 to $29,999",4,0,"No","Has difficulty",39,0,0,0,0,312,15,0,0,0,35,0,0,0,0,382,657,612,45,0,15,0,0,312
"20160201161843","Minnesota",70,"Female","Native, Born in USA","Widowed","Non-Veteran","No","Not in labor force","No answer","No answer","Retired","No answer",NA,"$12,500 to $14,999",1,0,"No","No difficulty",20,0,0,60,0,240,65,0,0,0,0,0,0,0,0,105,950,800,150,0,65,0,0,240
"20160706161946","Illinois",68,"Female","Native, Born in USA","Widowed","Non-Veteran","No","Employed","No","Private, for profit","No answer","Part time",NA,"$15,000 to $19,999",1,0,"No","No difficulty",221,0,0,100,0,112,130,0,0,0,5,0,432,0,0,0,440,435,5,0,130,0,0,112
"20160605161328","West Virginia",64,"Male","Native, Born in USA","Divored","Non-Veteran","No","Not in labor force","No answer","No answer","Retired","No answer",NA,"$30,000 to $34,999",1,0,"No","No difficulty",60,0,0,0,0,675,15,0,0,0,0,0,0,0,0,0,690,650,40,0,15,0,0,675
"20160112152476","California",68,"Male","Native, Born in USA","Never married","Non-Veteran","No","Not in labor force","No answer","No answer","Retired","No answer",NA,"$40,000 to $49,999",1,0,"No","Has difficulty",60,0,0,0,0,685,150,0,0,0,5,0,0,0,0,0,540,540,0,0,150,0,0,685
"20160706162038","New York",36,"Male","Native, Born in USA","Married","Non-Veteran","No","Employed","No","Private, for profit","No answer","Full time",45,"$100,000 to $149,999",4,2,"Yes","No difficulty",47,0,0,0,0,92,85,0,0,0,0,0,565,0,110,60,481,450,31,0,85,0,0,92
"20161111160116","Missori",38,"Male","Native, Born in USA","Married","Non-Veteran","No","Employed","Yes","Government, local","No answer","Full time",50,"$50,000 to $59,999",5,3,"Yes","No difficulty",74,0,0,0,0,108,42,0,0,0,0,0,610,0,0,81,525,465,60,0,42,0,0,108
"20161009161522","Illinois",25,"Female","Native, Born in USA","Never married","Non-Veteran","No","Employed","No","Private, for profit","No answer","Full time",60,"$60,000 to $74,999",1,0,"No","No difficulty",85,0,0,0,180,115,150,0,0,0,120,0,0,0,0,90,700,580,120,0,150,0,0,115
"20161010161767","Florida",23,"Female","Native, Born in USA","Never married","Non-Veteran","No","Employed","No","Private, for profit","No answer","Full time",38,"Less than $5,000",3,0,"No","No difficulty",30,6,0,0,0,250,0,0,0,0,0,0,932,0,0,22,200,200,0,0,0,0,0,250
"20160505160538","New York",61,"Female","Native, Born in USA","Never married","Veteran","No","Employed","No","Private, for profit","No answer","Full time",37,"$50,000 to $59,999",3,1,"Yes","Has difficulty",56,0,0,0,0,80,140,0,0,0,60,0,550,0,0,0,554,544,10,0,140,0,0,80
"20160301160728","Texas",22,"Female","Native, Born in USA","Never married","Non-Veteran","No","Employed","Yes","Private, for profit","No answer","Full time",53,"$150,000 and over",4,1,"Yes","No difficulty",155,0,0,0,0,155,60,0,0,0,10,0,620,0,0,0,440,300,140,0,60,0,0,155
"20160201161599","Texas",73,"Female","Native, Born in USA","Divored","Non-Veteran","No","Employed","No","Private, nonprofit","No answer","Part time",3,"$75,000 to $99,999",1,0,"No","No difficulty",120,90,120,0,0,315,30,0,15,0,0,0,90,0,0,47,523,493,30,0,30,0,0,315
"20160505162310","Illinois",63,"Male","Foreign born, US citizen","Married","Non-Veteran","No","Employed","No","Self-employed, incorporated","No answer","Full time",40,"$100,000 to $149,999",2,0,"No","No difficulty",120,0,0,150,0,540,30,0,0,0,0,0,15,0,0,15,570,455,115,0,30,0,0,540
"20161110161037","Nebraska",37,"Male","Native, Born in USA","Divored","Non-Veteran","No","Employed","No","Private, for profit","No answer","Full time",45,"$100,000 to $149,999",3,1,"Yes","No difficulty",90,0,0,0,30,180,30,0,0,0,0,0,564,0,31,30,485,455,30,0,30,0,0,180
"20160202162126","Florida",74,"Male","Foreign born, US citizen","Married","Non-Veteran","No","Not in labor force","No answer","No answer","No answer","No answer",NA,"$100,000 to $149,999",5,1,"Yes","No difficulty",0,0,0,0,0,258,30,0,0,0,0,0,0,0,0,0,1152,500,47,605,30,0,0,258
"20161110162012","Florida",80,"Male","Foreign born, US citizen","Married","Non-Veteran","No","Not in labor force","No answer","No answer","Retired","No answer",NA,"$20,000 to $24,999",2,0,"No","No difficulty",40,0,0,0,120,245,60,0,0,0,60,0,0,0,45,270,600,600,0,0,60,0,0,245
"20161211161666","Georgia",60,"Female","Native, Born in USA","Married","Non-Veteran","No","Employed","No","Private, for profit","No answer","Full time",NA,"$5,000 to $7,499",1,0,"No","No difficulty",0,0,0,0,280,300,30,0,0,0,0,0,0,0,0,150,680,660,20,0,30,0,0,300
"20160402161764","Louisiana",48,"Female","Native, Born in USA","Married","Non-Veteran","No","Employed","No","Private, for profit","No answer","Full time",40,"$30,000 to $34,999",2,0,"No","No difficulty",20,0,0,0,0,345,0,0,0,0,30,0,0,0,0,355,690,630,60,0,0,0,0,345
"20160112152516","Oregon",43,"Female","Native, born abroad","Separated","Non-Veteran","No","Employed","No","Self-employed, unincorporated","No answer","Full time",40,"$75,000 to $99,999",2,1,"Yes","No difficulty",162,0,0,0,0,417,5,0,0,0,0,0,124,0,40,68,624,599,25,0,5,0,0,417
"20160908160912","Ohio",76,"Male","Native, Born in USA","Widowed","Veteran","No","Not in labor force","No answer","No answer","Retired","No answer",NA,"$25,000 to $29,999",1,0,"No","No difficulty",80,20,0,0,75,710,30,45,0,30,0,0,0,0,0,0,450,420,30,0,30,0,0,710
"20160504161288","Maryland",77,"Male","Native, Born in USA","Widowed","Non-Veteran","No","Not in labor force","No answer","No answer","Retired","No answer",NA,"$15,000 to $19,999",1,0,"No","No difficulty",75,0,0,0,0,540,15,0,0,140,20,0,0,0,0,0,650,630,20,0,15,0,0,540
"20160403162397","Tennessee",30,"Female","Native, Born in USA","Never married","Non-Veteran","No","Not in labor force","No answer","No answer","No answer","No answer",NA,"Less than $5,000",7,5,"Yes","No difficulty",230,0,0,0,0,60,65,0,0,0,60,0,0,1,704,0,320,320,0,0,65,0,0,60
"20161009162275","Michigan",52,"Female","Native, Born in USA","Married","Non-Veteran","No","Employed","No","Private, nonprofit","No answer","Part time",30,"$150,000 and over",3,1,"Yes","No difficulty",200,0,0,0,60,265,95,0,0,0,50,0,0,30,0,260,480,480,0,0,95,0,0,265
"20160706161586","Indiana",69,"Female","Native, Born in USA","Widowed","Non-Veteran","No","Not in labor force","No answer","No answer","Retired","No answer",NA,"$20,000 to $24,999",1,0,"No","No difficulty",148,0,0,0,0,523,20,0,0,0,0,0,0,9,0,28,712,553,159,0,20,0,0,523
"20160101161372","California",51,"Female","Native, Born in USA","Married","Non-Veteran","No","Unemployed, Looking","No answer","No answer","No answer","No answer",NA,"$5,000 to $7,499",1,0,"No","No difficulty",20,0,0,0,0,240,30,0,0,0,60,0,300,0,0,130,660,600,60,0,30,0,0,240
"20160202160993","Maine",41,"Male","Native, Born in USA","Married","Non-Veteran","No","Employed","No","Private, for profit","No answer","Full time",40,"$75,000 to $99,999",4,2,"Yes","No difficulty",150,0,0,0,0,165,90,0,0,0,0,0,465,0,60,0,510,480,30,0,90,0,0,165
"20160807162546","Texas",26,"Female","Native, Born in USA","Never married","Non-Veteran","No","Unemployed, Looking","No answer","No answer","No answer","No answer",NA,"$5,000 to $7,499",1,0,"No","No difficulty",16,0,0,0,60,269,165,0,0,0,120,0,0,0,0,120,630,600,30,0,165,0,0,269
"20160806160763","Texas",17,"Female","Native, Born in USA","Never married","Non-Veteran","No","Not in labor force","No answer","No answer","No answer","No answer",NA,"$25,000 to $29,999",5,2,"Yes","No difficulty",80,0,0,0,120,120,120,0,0,0,180,0,0,0,5,0,815,695,120,0,120,0,0,120
"20160403162375","Florida",16,"Female","Native, Born in USA","Never married","No answer","No","Employed","No","Private, for profit","No answer","Part time",20,"$75,000 to $99,999",5,3,"Yes","No difficulty",63,0,0,0,0,420,10,0,0,0,10,255,0,2,0,60,620,585,35,0,10,255,0,420
"20160112152183","Tennessee",50,"Male","Native, Born in USA","Married","Non-Veteran","No","Employed","Yes","Self-employed, unincorporated","No answer","Full time",51,"$100,000 to $149,999",3,1,"Yes","No difficulty",150,0,0,0,0,60,0,0,0,0,0,0,735,0,0,0,495,455,40,0,0,0,0,60
"20160111151139","California",28,"Female","Native, Born in USA","Married","Non-Veteran","No","Employed","No","Private, for profit","No answer","Full time",40,"$35,000 to $39,999",9,4,"Yes","No difficulty",35,0,0,20,30,150,85,0,0,0,30,0,450,0,60,30,550,430,120,0,85,0,0,150
"20160605162322","New York",33,"Female","Native, Born in USA","Never married","Non-Veteran","No","Employed","No","Private, for profit","No answer","Part time",25,"$7,500 to $9,999",3,2,"Yes","No difficulty",180,0,0,0,0,180,105,0,0,0,120,0,0,0,145,30,680,620,60,0,105,0,0,180
"20160908161575","Ohio",61,"Female","Native, Born in USA","Never married","Non-Veteran","No","Employed","No","Private, for profit","No answer","Full time",40,"$30,000 to $34,999",1,0,"No","No difficulty",70,0,0,165,60,185,45,0,0,0,45,0,0,0,0,120,750,720,30,0,45,0,0,185
"20160908161387","Louisiana",61,"Male","Native, Born in USA","Never married","Veteran","No","Not in labor force","No answer","No answer","No answer","No answer",NA,"Less than $5,000",1,0,"No","Has difficulty",0,0,0,0,0,390,45,0,0,0,0,0,0,0,0,0,1005,1005,0,0,45,0,0,390
"20160202161735","Virginia",44,"Female","Native, Born in USA","Never married","Non-Veteran","No","Employed","No","Government, local","No answer","Full time",45,"$75,000 to $99,999",1,0,"No","No difficulty",6,90,0,0,0,465,35,0,0,0,0,0,0,0,0,40,804,774,30,0,35,0,0,465
"20160706161809","California",46,"Male","Native, Born in USA","Married","Non-Veteran","No","Employed","No","Government, local","No answer","Full time",60,"$100,000 to $149,999",6,4,"Yes","No difficulty",50,0,0,0,0,170,75,0,0,0,0,0,325,0,45,170,565,525,40,0,75,0,0,170
"20161110161672","Massachusetts",75,"Female","Native, Born in USA","Divored","Non-Veteran","No","Employed","No","Private, for profit","No answer","Part time",5,"$40,000 to $49,999",1,0,"No","No difficulty",95,0,0,0,0,400,200,0,0,0,80,0,45,0,0,80,510,495,15,0,200,0,0,400
"20160909160639","California",60,"Female","Foreign born, US citizen","Widowed","Non-Veteran","No","Employed","No","Government, state","No answer","Full time",40,"$50,000 to $59,999",1,0,"No","No difficulty",35,0,0,0,60,247,30,0,0,0,0,0,450,0,0,20,580,475,105,0,30,0,0,247
"20161009160084","Tennessee",32,"Female","Native, Born in USA","Never married","Non-Veteran","No","Employed","Yes","Private, for profit","No answer","Full time",70,"$30,000 to $34,999",3,0,"No","No difficulty",22,0,0,0,0,0,15,0,0,0,0,0,759,0,0,100,544,454,90,0,15,0,0,0
"20160404160051","California",27,"Female","Native, Born in USA","Never married","Non-Veteran","No","Employed","No","Government, state","No answer","Full time",40,"$75,000 to $99,999",2,0,"No","No difficulty",85,0,0,0,0,180,30,0,0,0,0,0,510,0,0,85,550,475,75,0,30,0,0,180
"20160111151993","Illinois",61,"Female","Native, born abroad","Married","Non-Veteran","No","Unemployed, Looking","No answer","No answer","No answer","No answer",NA,"$75,000 to $99,999",3,1,"Yes","No difficulty",42,0,0,0,0,150,70,0,0,0,105,0,0,0,306,197,570,510,60,0,70,0,0,150
"20160403160899","North Carolina",31,"Male","Foreign born, not US citizen","Never married","Non-Veteran","No","Employed","No","Private, for profit","No answer","Full time",40,"$40,000 to $49,999",2,0,"No","No difficulty",225,0,0,0,0,300,45,0,0,0,210,0,0,0,0,65,595,535,60,0,45,0,0,300
"20161009160004","Tennessee",42,"Female","Native, Born in USA","Divored","Non-Veteran","No","Not in labor force","No answer","No answer","No answer","No answer",NA,"$100,000 to $149,999",4,3,"Yes","No difficulty",160,20,120,0,0,0,65,0,0,10,25,0,0,0,220,215,605,525,80,0,65,0,0,0
"20161010162452","South Carolina",40,"Female","Native, Born in USA","Married","Non-Veteran","No","Employed","No","Private, for profit","No answer","Full time",50,"$100,000 to $149,999",3,1,"Yes","No difficulty",565,0,0,90,0,0,140,0,0,0,45,0,0,0,20,20,560,540,20,0,140,0,0,0
"20161010162362","Hawaii",66,"Male","Native, Born in USA","Never married","Veteran","No","Employed","No","Private, for profit","No answer","Part time",17,"$15,000 to $19,999",1,0,"No","No difficulty",45,0,0,0,0,0,120,0,0,0,0,0,1060,0,0,0,215,185,30,0,120,0,0,0
"20160808161101","Illinois",68,"Male","Native, Born in USA","Divored","Non-Veteran","No","Employed","No","Private, for profit","No answer","Part time",23,"$40,000 to $49,999",1,0,"No","No difficulty",75,0,0,0,45,175,170,0,60,0,30,0,325,0,0,60,500,450,50,0,170,0,0,175
"20160301161742","Colorado",47,"Female","Foreign born, not US citizen","Divored","Non-Veteran","No","Employed","No","Private, for profit","No answer","Part time",NA,"$35,000 to $39,999",4,1,"Yes","No difficulty",327,0,0,0,0,96,0,0,0,0,5,0,360,0,7,165,480,420,60,0,0,0,0,96
"20160605161046","Kansas",66,"Female","Native, Born in USA","Divored","Non-Veteran","No","Employed","No","Private, nonprofit","No answer","Full time",40,"$25,000 to $29,999",3,2,"Yes","No difficulty",71,0,0,0,0,132,60,0,0,57,60,0,395,0,5,60,600,570,30,0,60,0,0,132
"20160504161496","Pennsylvania",65,"Female","Native, Born in USA","Never married","Non-Veteran","No","Employed","No","Private, for profit","No answer","Part time",30,"$100,000 to $149,999",1,0,"No","No difficulty",74,0,0,0,0,120,67,0,0,0,522,0,0,0,0,108,549,549,0,0,67,0,0,120
"20161009162394","South Carolina",59,"Male","Native, Born in USA","Widowed","Non-Veteran","No","Employed","No","Private, for profit","No answer","Full time",40,"$75,000 to $99,999",1,0,"No","No difficulty",45,0,0,0,0,485,120,0,0,0,0,0,0,2,0,95,600,600,0,0,120,0,0,485
"20160202161245","Florida",28,"Female","Native, Born in USA","Never married","Non-Veteran","No","Employed","No","Private, for profit","No answer","Part time",32,"$50,000 to $59,999",2,1,"Yes","No difficulty",105,0,0,0,75,180,60,0,0,0,15,0,0,0,60,135,765,690,75,0,60,0,0,180
"20160908162276","Kentucky",63,"Female","Native, Born in USA","Married","Non-Veteran","No","Employed","No","Government, state","No answer","Full time",40,"$100,000 to $149,999",2,0,"No","No difficulty",90,195,0,130,0,250,25,0,0,120,0,0,30,0,0,50,550,450,100,0,25,0,0,250
"20160605161144","Colorado",69,"Male","Native, Born in USA","Married","Non-Veteran","No","Employed","No","Self-employed, unincorporated","No answer","Part time",14,"$50,000 to $59,999",2,0,"No","Has difficulty",45,0,80,120,0,550,75,0,0,0,0,0,0,0,0,0,555,540,15,0,75,0,0,550
"20160908161033","South Dakota",25,"Female","Native, Born in USA","Married","Non-Veteran","No","Employed","No","Self-employed, unincorporated","No answer","Full time",50,"$50,000 to $59,999",2,0,"No","No difficulty",310,0,0,60,0,420,0,0,0,0,60,0,90,0,0,30,470,390,80,0,0,0,0,420
"20160403161943","Texas",23,"Female","Native, Born in USA","Never married","Non-Veteran","No","Employed","No","Private, for profit","No answer","Full time",40,"$25,000 to $29,999",2,0,"No","No difficulty",80,0,0,0,0,245,30,0,0,0,0,0,450,0,0,0,515,345,170,0,30,0,0,245
"20160908161183","Ohio",65,"Female","Native, Born in USA","Divored","Non-Veteran","No","Not in labor force","No answer","No answer","No answer","No answer",NA,"$12,500 to $14,999",1,0,"No","Has difficulty",0,0,0,0,0,800,35,0,0,0,0,0,0,0,0,80,525,480,45,0,35,0,0,800
"20160504160092","New York",80,"Female","Foreign born, US citizen","Never married","Non-Veteran","No","Not in labor force","No answer","No answer","Retired","No answer",NA,"$20,000 to $24,999",1,0,"No","No difficulty",0,30,0,0,0,300,120,0,0,0,0,0,0,0,0,360,630,570,60,0,120,0,0,300
"20160112152103","Alabama",58,"Female","Native, Born in USA","Married","Non-Veteran","No","Employed","No","Private, for profit","No answer","Full time",40,"$60,000 to $74,999",2,0,"No","No difficulty",80,0,5,170,0,385,95,0,0,0,0,0,0,30,0,0,675,590,85,0,95,0,0,385
"20161009161544","Illinois",57,"Male","Native, Born in USA","Divored","Veteran","No","Employed","No","Self-employed, unincorporated","No answer","Part time",NA,"$100,000 to $149,999",1,0,"No","No difficulty",120,0,0,0,0,300,135,0,0,0,0,0,180,0,0,135,570,540,30,0,135,0,0,300
"20160112150838","Florida",65,"Female","Native, Born in USA","Divored","Non-Veteran","No","Not in labor force","No answer","No answer","Retired","No answer",NA,"$15,000 to $19,999",3,0,"No","No difficulty",0,0,0,0,0,617,30,0,0,0,0,0,0,0,1,212,580,540,10,30,30,0,0,617
"20160101160632","Minnesota",26,"Male","Native, Born in USA","Never married","Non-Veteran","No","Employed","Yes","Private, for profit","No answer","Full time",NA,"$75,000 to $99,999",1,0,"No","No difficulty",120,0,0,75,0,425,0,0,0,0,0,0,60,0,0,210,535,535,0,0,0,0,0,425
"20160705160659","Wisconsin",56,"Male","Native, Born in USA","Married","Non-Veteran","No","Employed","No","Private, for profit","No answer","Full time",40,"$100,000 to $149,999",3,0,"No","No difficulty",8,0,0,0,0,542,90,0,0,0,0,0,0,0,0,200,600,600,0,0,90,0,0,542
"20160202160991","Florida",60,"Male","Native, Born in USA","Married","Non-Veteran","No","Not in labor force","No answer","No answer","Retired","No answer",NA,"$75,000 to $99,999",3,1,"Yes","No difficulty",45,0,0,0,0,560,160,0,0,0,90,0,0,0,0,0,570,570,0,0,160,0,0,560
"20160401161610","Alaska",55,"Female","Native, Born in USA","Married","Non-Veteran","No","Employed","No","Private, nonprofit","No answer","Part time",20,"$100,000 to $149,999",3,1,"Yes","No difficulty",60,0,0,0,60,420,180,0,0,0,0,180,0,0,0,0,540,540,0,0,180,0,180,420
"20161211160596","Ohio",85,"Female","Native, Born in USA","Widowed","Non-Veteran","No","Not in labor force","No answer","No answer","Retired","No answer",NA,"$12,500 to $14,999",1,0,"No","Has difficulty",0,0,0,15,10,696,70,0,0,0,0,0,0,0,0,19,600,575,25,0,70,0,0,696
"20160706162406","Pennsylvania",71,"Female","Native, Born in USA","Married","Non-Veteran","No","Not in labor force","No answer","No answer","Retired","No answer",NA,"$75,000 to $99,999",2,0,"No","No difficulty",130,0,0,0,120,545,30,0,0,0,120,0,0,0,0,30,465,450,15,0,30,0,0,545
"20160504162489","Michigan",79,"Female","Native, Born in USA","Married","Non-Veteran","No","Not in labor force","No answer","No answer","Retired","No answer",NA,"$40,000 to $49,999",2,0,"No","No difficulty",25,0,0,90,0,390,70,0,0,35,5,0,0,0,0,255,495,480,15,0,70,0,0,390
"20161110161690","Maryland",42,"Female","Foreign born, US citizen","Married","Non-Veteran","No","Employed","No","Private, for profit","No answer","Full time",40,"$150,000 and over",3,1,"Yes","No difficulty",0,60,0,0,0,650,65,0,0,0,0,0,0,0,45,75,440,440,0,0,65,0,0,650
"20160403161508","Minnesota",41,"Female","Native, Born in USA","Divored","Non-Veteran","No","Employed","Yes","Private, for profit","No answer","Full time",50,"$40,000 to $49,999",1,0,"No","No difficulty",130,0,0,0,0,30,50,0,0,0,0,0,915,0,0,30,285,215,70,0,50,0,0,30
"20160706160089","Florida",67,"Female","Foreign born, US citizen","Married","Non-Veteran","No","Unemployed, Looking","No answer","No answer","Retired","No answer",NA,"$25,000 to $29,999",2,0,"No","No difficulty",0,0,0,0,0,0,30,0,0,0,0,0,0,0,0,120,1290,510,0,780,30,0,0,0
"20160604160736","Washington",51,"Female","Native, Born in USA","Married","Non-Veteran","No","Not in labor force","No answer","No answer","Retired","No answer",NA,"$150,000 and over",2,0,"No","No difficulty",0,0,0,0,0,60,150,0,0,0,0,0,0,0,0,450,780,780,0,0,150,0,0,60
"20160101161850","New York",33,"Female","Native, Born in USA","Married","Non-Veteran","No","Employed","No","Private, for profit","No answer","Full time",45,"$150,000 and over",3,1,"Yes","No difficulty",0,0,0,0,0,75,15,0,0,0,0,0,395,0,310,60,540,480,60,0,15,0,0,75
"20160505161037","Texas",55,"Male","Native, Born in USA","Divored","Veteran","No","Not in labor force","No answer","No answer","Retired","No answer",NA,"$12,500 to $14,999",1,0,"No","No difficulty",0,0,0,0,60,450,98,0,0,0,0,0,0,0,0,240,592,540,50,2,98,0,0,450
"20161109160808","California",30,"Male","Native, Born in USA","Married","Non-Veteran","No","Employed","Yes","Private, for profit","No answer","Full time",58,"$150,000 and over",2,0,"No","No difficulty",55,0,0,0,0,60,155,0,0,0,0,0,615,0,0,15,540,505,35,0,155,0,0,60
"20161210160025","New Mexico",63,"Female","Native, Born in USA","Divored","Non-Veteran","No","Employed","No","Government, state","No answer","Part time",NA,"$35,000 to $39,999",1,0,"No","No difficulty",115,135,0,0,0,500,75,0,0,0,5,0,0,45,0,120,445,420,25,0,75,0,0,500
"20160202161560","Texas",38,"Female","Native, Born in USA","Divored","Non-Veteran","No","Employed","No","Private, for profit","No answer","Full time",40,"$35,000 to $39,999",7,5,"Yes","No difficulty",45,0,0,0,0,55,60,0,0,0,30,0,455,0,180,135,480,405,75,0,60,0,0,55
"20160201161941","Iowa",27,"Male","Native, Born in USA","Never married","Non-Veteran","No","Employed","No","Government, state","No answer","Full time",40,"$25,000 to $29,999",1,0,"No","No difficulty",70,0,0,0,0,190,130,0,0,0,0,0,510,0,0,60,480,375,105,0,130,0,0,190
"20160112151391","Alabama",74,"Male","Native, Born in USA","Divored","Non-Veteran","No","Not in labor force","No answer","No answer","Retired","No answer",NA,"$15,000 to $19,999",3,1,"Yes","Has difficulty",0,0,0,0,0,855,10,0,0,0,0,0,0,0,0,35,540,540,0,0,10,0,0,855
"20160807161941","Indiana",36,"Male","Native, Born in USA","Married","Non-Veteran","No","Employed","No","Private, for profit","No answer","Full time",60,"$30,000 to $34,999",6,4,"Yes","No difficulty",97,0,0,0,0,40,80,0,0,0,0,0,645,0,68,10,500,465,35,0,80,0,0,40
"20160112151492","New York",80,"Male","Native, Born in USA","Widowed","Veteran","No","Not in labor force","No answer","No answer","Retired","No answer",NA,"$75,000 to $99,999",1,0,"No","No difficulty",317,0,90,0,0,340,145,0,0,0,5,0,0,4,0,0,539,474,65,0,145,0,0,340
"20160807161909","Washington",38,"Female","Native, Born in USA","Divored","Non-Veteran","No","Employed","No","Private, for profit","No answer","Full time",40,"$35,000 to $39,999",3,2,"Yes","No difficulty",130,0,0,0,300,140,25,0,0,0,0,0,0,0,0,135,710,620,90,0,25,0,0,140
"20160807161655","Kansas",41,"Male","Native, Born in USA","Divored","Non-Veteran","No","Not in labor force","No answer","No answer","No answer","No answer",NA,"$12,500 to $14,999",1,0,"No","Has difficulty",120,0,0,0,0,570,30,0,0,0,0,0,0,0,0,30,690,690,0,0,30,0,0,570
"20160112152479","Wisconsin",23,"Male","Native, Born in USA","Never married","Non-Veteran","No","Employed","Yes","Private, for profit","No answer","Full time",NA,"$35,000 to $39,999",2,0,"No","No difficulty",30,0,0,0,0,120,135,0,0,0,0,0,450,0,0,120,585,555,30,0,135,0,0,120
"20160112152427","Illinois",51,"Female","Native, Born in USA","Divored","Non-Veteran","No","Unemployed, Looking","No answer","No answer","No answer","No answer",NA,"$60,000 to $74,999",2,0,"No","No difficulty",140,0,590,0,0,0,15,0,0,100,30,0,0,0,15,70,480,420,60,0,15,0,0,0
"20160706160547","Georgia",80,"Female","Native, Born in USA","Married","Non-Veteran","No","Not in labor force","No answer","No answer","Retired","No answer",NA,"$75,000 to $99,999",2,0,"No","No difficulty",90,0,0,0,0,385,115,0,0,90,0,0,0,0,0,80,680,585,30,65,115,0,0,385
"20161212161997","Michigan",33,"Male","Native, Born in USA","Married","Non-Veteran","No","Employed","No","Private, for profit","No answer","Full time",40,"$40,000 to $49,999",6,4,"Yes","No difficulty",30,0,0,0,0,315,15,0,0,0,0,0,510,0,30,60,480,435,45,0,15,0,0,315
"20161110160097","California",43,"Male","Native, Born in USA","Never married","Non-Veteran","No","Employed","No","Self-employed, incorporated","No answer","Full time",35,"$100,000 to $149,999",1,0,"No","No difficulty",20,1,0,0,0,60,60,0,0,0,45,0,590,0,0,2,662,592,70,0,60,0,0,60
"20160705161123","Arizona",48,"Male","Foreign born, not US citizen","Divored","Non-Veteran","No","Employed","No","Private, for profit","No answer","Part time",32,"$25,000 to $29,999",4,0,"No","No difficulty",90,0,240,0,0,240,60,0,0,0,60,0,0,0,0,120,630,540,90,0,60,0,0,240
"20160706162239","Vermont",36,"Female","Native, Born in USA","Married","Non-Veteran","No","Employed","No","Private, nonprofit","No answer","Full time",40,"$75,000 to $99,999",4,2,"Yes","No difficulty",69,0,0,0,30,90,20,0,0,5,20,0,506,0,50,90,560,540,20,0,20,0,0,90
"20160908160716","Colorado",31,"Male","Native, Born in USA","Married","Veteran","No","Employed","Yes","Private, for profit","No answer","Full time",74,"$50,000 to $59,999",5,3,"Yes","No difficulty",100,0,0,0,0,353,70,0,0,0,7,0,405,0,12,0,483,483,0,0,70,0,0,353
"20160201162385","Ohio",62,"Female","Native, Born in USA","Widowed","Non-Veteran","No","Not in labor force","No answer","No answer","Retired","No answer",NA,"$40,000 to $49,999",1,0,"No","Has difficulty",30,0,0,0,0,115,110,0,0,285,0,0,0,0,0,526,374,324,50,0,110,0,0,115
"20161211161244","Nevada",38,"Female","Foreign born, not US citizen","Married","Non-Veteran","No","Employed","No","Private, for profit","No answer","Full time",35,"$50,000 to $59,999",7,5,"Yes","No difficulty",80,0,0,0,0,180,105,0,0,0,15,0,430,0,0,25,575,545,30,0,105,0,0,180
"20160504161637","Alabama",50,"Female","Native, Born in USA","Divored","Non-Veteran","No","Employed","No","Private, for profit","No answer","Full time",40,"$100,000 to $149,999",2,0,"No","No difficulty",240,0,0,0,0,50,50,0,0,0,0,0,510,0,0,5,585,495,90,0,50,0,0,50
"20160101161675","Florida",36,"Female","Native, Born in USA","Never married","Non-Veteran","No","Employed","Yes","Government, local","No answer","Full time",46,"$50,000 to $59,999",1,0,"No","No difficulty",125,0,0,0,0,736,4,0,0,0,10,0,0,0,0,0,565,495,70,0,4,0,0,736
"20160403161480","Minnesota",55,"Female","Native, Born in USA","Never married","Non-Veteran","No","Employed","No","Private, for profit","No answer","Full time",40,"$25,000 to $29,999",1,0,"No","No difficulty",0,0,0,0,0,360,125,0,0,0,0,0,0,0,0,445,510,480,30,0,125,0,0,360
"20160302161511","Indiana",55,"Female","Native, Born in USA","Divored","Non-Veteran","No","Employed","No","Private, for profit","No answer","Full time",40,"$50,000 to $59,999",1,0,"No","No difficulty",55,5,0,10,0,160,60,0,0,0,60,0,529,2,0,59,500,460,40,0,60,0,0,160
"20161009162235","California",67,"Female","Native, Born in USA","Divored","Non-Veteran","No","Employed","No","Self-employed, unincorporated","No answer","Part time",10,"$25,000 to $29,999",1,0,"No","No difficulty",60,60,150,0,120,180,90,0,0,0,60,0,30,0,0,210,480,480,0,0,90,0,0,180
"20160202160878","New York",43,"Male","Native, Born in USA","Married","Non-Veteran","No","Employed","No","Private, nonprofit","No answer","Full time",45,"$150,000 and over",3,1,"Yes","No difficulty",165,0,0,170,45,172,85,0,0,0,5,0,90,10,106,42,550,505,45,0,85,0,0,172
"20161109161999","Indiana",80,"Female","Native, Born in USA","Widowed","Non-Veteran","No","Not in labor force","No answer","No answer","Retired","No answer",NA,"$15,000 to $19,999",1,0,"No","No difficulty",0,40,0,0,0,1330,20,0,0,0,0,0,0,0,0,0,50,0,30,20,20,0,0,1330
"20161009162053","Florida",35,"Female","Foreign born, not US citizen","Never married","Non-Veteran","No","Unemployed, Looking","No answer","No answer","No answer","No answer",NA,"$75,000 to $99,999",4,0,"No","No difficulty",120,0,0,0,60,420,120,0,0,0,0,0,0,0,0,0,720,660,60,0,120,0,0,420
"20161211161773","Indiana",58,"Female","Native, Born in USA","Married","Veteran","No","Employed","No","Private, for profit","No answer","Part time",20,"$100,000 to $149,999",2,0,"No","No difficulty",30,0,0,0,30,430,30,0,0,0,0,0,70,0,0,115,695,625,70,0,30,0,0,430
"20160303162074","California",30,"Male","Native, Born in USA","Married","Non-Veteran","No","Employed","Yes","Private, for profit","No answer","Full time",50,"$100,000 to $149,999",4,2,"Yes","No difficulty",135,0,0,0,0,270,240,0,0,0,0,0,0,10,60,0,725,725,0,0,240,0,0,270
"20160807160621","Iowa",69,"Female","Native, Born in USA","Divored","Non-Veteran","No","Employed","No","Private, for profit","No answer","Part time",20,"$20,000 to $24,999",1,0,"No","No difficulty",10,0,0,0,0,464,40,0,0,0,20,0,310,0,0,38,558,510,47,1,40,0,0,464
"20160605161332","California",36,"Female","Foreign born, US citizen","Married","Non-Veteran","No","Employed","No","Self-employed, incorporated","No answer","Full time",40,"$150,000 and over",6,2,"Yes","No difficulty",90,0,0,0,45,30,120,0,0,0,0,0,475,0,6,60,614,554,60,0,120,0,0,30
"20160302160669","Florida",26,"Female","Native, Born in USA","Never married","Non-Veteran","No","Employed","No","Private, for profit","No answer","Full time",40,"$20,000 to $24,999",6,5,"Yes","No difficulty",90,0,0,0,0,0,20,0,0,0,0,0,415,120,300,60,435,435,0,0,20,0,0,0
"20160808161798","New Jersey",27,"Female","Native, Born in USA","Never married","Non-Veteran","No","Employed","No","Private, for profit","No answer","Full time",40,"$40,000 to $49,999",3,1,"Yes","No difficulty",35,0,0,0,0,260,173,0,0,0,15,0,0,0,185,172,600,540,60,0,173,0,0,260
"20160403160681","California",42,"Female","Native, Born in USA","Divored","Non-Veteran","No","Employed","No","Private, for profit","No answer","Full time",40,"$75,000 to $99,999",3,1,"Yes","No difficulty",165,0,10,0,0,128,0,0,0,60,40,0,240,2,135,180,480,480,0,0,0,0,0,128
"20160504160564","California",74,"Female","Native, born abroad","Married","Non-Veteran","No","Not in labor force","No answer","No answer","Retired","No answer",NA,"$75,000 to $99,999",2,0,"No","No difficulty",90,0,0,0,60,585,90,0,0,0,60,0,0,0,0,45,510,450,60,0,90,0,0,585
"20160302160621","Florida",57,"Female","Native, Born in USA","Married","Non-Veteran","No","Not in labor force","No answer","No answer","Retired","No answer",NA,"$150,000 and over",2,0,"No","No difficulty",0,0,0,0,0,150,60,0,0,0,0,0,0,0,0,790,440,395,45,0,60,0,0,150
"20160806161963","Louisiana",27,"Male","Native, Born in USA","Married","Non-Veteran","No","Employed","No","Private, for profit","No answer","Full time",40,"$150,000 and over",2,0,"No","No difficulty",130,0,0,0,0,95,15,0,0,0,20,0,725,0,0,10,385,355,30,0,15,0,0,95
"20160908162442","Maryland",77,"Female","Native, Born in USA","Widowed","Non-Veteran","No","Not in labor force","No answer","No answer","Retired","No answer",NA,"$75,000 to $99,999",1,0,"No","No difficulty",36,30,0,60,0,509,40,0,0,0,65,0,0,0,0,100,600,525,75,0,40,0,0,509
"20160112151251","Oregon",17,"Female","Native, Born in USA","Never married","Non-Veteran","No","Employed","No","Private, for profit","No answer","Part time",25,"$40,000 to $49,999",3,1,"Yes","No difficulty",60,0,0,0,0,180,45,0,0,0,0,0,400,15,0,0,740,680,60,0,25,0,0,180
"20160112150750","Delaware",28,"Male","Native, Born in USA","Married","Non-Veteran","No","Employed","No","Private, for profit","No answer","Full time",50,"$100,000 to $149,999",2,0,"No","No difficulty",55,0,0,0,0,75,60,0,0,0,0,0,620,0,0,120,510,480,30,0,60,0,0,75
"20160202161540","New Jersey",71,"Female","Native, Born in USA","Divored","Non-Veteran","No","Not in labor force","No answer","No answer","No answer","No answer",NA,"$75,000 to $99,999",2,0,"No","No difficulty",0,0,0,0,0,540,30,0,0,0,0,0,0,0,0,0,870,860,10,0,30,0,0,540
"20160504160777","Iowa",85,"Female","Native, Born in USA","Widowed","Non-Veteran","No","Not in labor force","No answer","No answer","Retired","No answer",NA,"$60,000 to $74,999",1,0,"No","No difficulty",0,0,0,0,30,660,135,0,0,0,0,0,0,0,0,30,585,555,30,0,135,0,0,660
"20160403161213","Kentucky",29,"Female","Native, Born in USA","Married","Non-Veteran","No","Employed","No","Private, for profit","No answer","Part time",28,"$60,000 to $74,999",4,2,"Yes","No difficulty",90,0,0,0,0,200,60,0,0,0,45,0,360,0,90,0,595,595,0,0,60,0,0,200
"20160201161139","North Carolina",66,"Female","Native, Born in USA","Widowed","Non-Veteran","No","Not in labor force","No answer","No answer","Retired","No answer",NA,"$40,000 to $49,999",1,0,"No","No difficulty",103,0,266,116,0,250,45,0,0,0,60,0,0,15,0,35,550,474,75,1,45,0,0,250
"20161110160679","Colorado",66,"Male","Native, Born in USA","Married","Veteran","No","Not in labor force","No answer","No answer","Retired","No answer",NA,"$100,000 to $149,999",2,0,"No","No difficulty",68,0,60,0,0,167,120,0,0,0,85,0,0,0,0,450,490,490,0,0,120,0,0,167
"20160605161422","New York",47,"Male","Native, Born in USA","Married","Non-Veteran","No","Employed","No","Government, local","No answer","Full time",48,"$75,000 to $99,999",4,2,"Yes","No difficulty",96,0,0,0,35,167,80,0,0,0,0,0,420,0,65,25,552,480,72,0,80,0,0,167
"20160908160689","Alaska",46,"Male","Native, Born in USA","Married","Non-Veteran","No","Employed","No","Government, federal","No answer","Full time",40,"$100,000 to $149,999",4,2,"Yes","No difficulty",10,0,0,0,60,325,90,0,0,0,140,0,0,0,90,125,600,600,0,0,90,0,0,325
"20160302161173","New Jersey",80,"Female","Native, Born in USA","Married","Non-Veteran","No","Employed","No","Government, local","No answer","Full time",37,"$100,000 to $149,999",5,2,"Yes","No difficulty",150,0,0,0,0,150,10,0,0,0,135,0,0,0,5,350,640,593,47,0,10,0,0,150
"20160603160018","Texas",48,"Female","Foreign born, US citizen","Married","Non-Veteran","No","Employed","No","Government, local","No answer","Full time",40,"$12,500 to $14,999",4,1,"Yes","No difficulty",170,0,0,0,60,20,85,0,0,0,85,0,0,0,45,355,620,530,90,0,85,0,0,20
"20160807161485","New York",28,"Male","Native, Born in USA","Never married","Non-Veteran","No","Employed","No","Private, for profit","No answer","Full time",40,"$100,000 to $149,999",1,0,"No","No difficulty",100,0,0,0,0,395,410,0,0,0,0,0,0,0,0,15,520,485,35,0,410,0,0,395
"20160706161859","Michigan",47,"Male","Native, Born in USA","Never married","Non-Veteran","No","Employed","No","Government, federal","No answer","Full time",40,"$60,000 to $74,999",1,0,"No","No difficulty",150,0,0,0,60,165,50,0,0,0,0,0,475,0,0,80,460,380,80,0,50,0,0,165
"20160202161645","South Dakota",57,"Female","Native, Born in USA","Married","Veteran","No","Employed","No","Government, federal","No answer","Full time",45,"$40,000 to $49,999",2,0,"No","No difficulty",54,0,0,0,0,281,50,0,0,0,0,0,515,5,0,40,495,445,50,0,50,0,0,281
"20160403160979","Florida",29,"Male","Native, Born in USA","Married","Non-Veteran","No","Employed","No","Private, for profit","No answer","Full time",40,"$30,000 to $34,999",2,0,"No","No difficulty",50,0,0,0,0,60,60,0,0,0,0,0,600,0,0,30,640,535,105,0,60,0,0,60
"20161211160739","Washington",43,"Female","Native, Born in USA","Married","Non-Veteran","No","Employed","Yes","Government, state","No answer","Full time",NA,"$150,000 and over",4,2,"Yes","No difficulty",105,0,0,0,60,285,110,0,0,0,45,0,45,2,85,150,448,373,75,0,110,0,0,285
"20160604162178","Wisconsin",28,"Female","Native, Born in USA","Married","Non-Veteran","No","Not in labor force","No answer","No answer","No answer","No answer",NA,"$50,000 to $59,999",4,2,"Yes","No difficulty",0,0,0,0,0,118,0,0,0,0,0,0,0,0,684,10,628,627,0,1,0,0,0,118
"20160706162392","Connecticut",23,"Male","Native, Born in USA","Never married","Non-Veteran","No","Unemployed, Looking","No answer","No answer","No answer","No answer",NA,"$150,000 and over",4,0,"No","No difficulty",0,0,0,0,0,180,150,0,0,0,0,0,480,0,0,0,630,630,0,0,150,0,0,180
"20161210161630","Pennsylvania",55,"Male","Native, Born in USA","Married","Non-Veteran","No","Employed","No","Private, for profit","No answer","Full time",50,"$100,000 to $149,999",2,0,"No","No difficulty",25,0,0,0,0,243,105,0,0,0,2,0,600,0,0,0,465,448,17,0,105,0,0,243
"20161010161223","Texas",18,"Female","Native, Born in USA","Never married","Non-Veteran","No","Not in labor force","No answer","No answer","No answer","No answer",NA,"$20,000 to $24,999",2,0,"No","No difficulty",130,0,0,0,0,470,120,0,0,0,180,0,0,0,0,0,540,510,30,0,120,0,0,470
"20160807161496","Michigan",67,"Female","Native, Born in USA","Married","Non-Veteran","No","Not in labor force","No answer","No answer","No answer","No answer",NA,"$15,000 to $19,999",2,0,"No","Has difficulty",30,0,0,0,0,450,75,0,0,105,0,0,0,0,0,0,780,750,30,0,75,0,0,450
"20160212151936","Florida",47,"Male","Foreign born, not US citizen","Married","Non-Veteran","No","Employed","No","Self-employed, unincorporated","No answer","Full time",40,"$50,000 to $59,999",3,1,"Yes","No difficulty",117,0,0,80,120,208,60,0,0,0,30,0,0,75,5,60,685,585,100,0,60,0,0,208
"20160111151783","New Jersey",30,"Male","Native, Born in USA","Never married","Non-Veteran","No","Employed","No","Private, for profit","No answer","Full time",40,"$60,000 to $74,999",1,0,"No","No difficulty",70,0,0,0,0,125,125,0,0,0,60,0,540,10,0,90,420,360,60,0,125,0,0,125
"20160202162395","Virginia",48,"Male","Native, Born in USA","Never married","Non-Veteran","No","Not in labor force","No answer","No answer","No answer","No answer",NA,"Less than $5,000",1,0,"No","No difficulty",0,0,0,0,0,610,45,0,0,0,0,0,0,0,0,130,527,493,34,0,45,0,0,610
"20160908162497","North Carolina",45,"Male","Native, Born in USA","Married","Non-Veteran","No","Employed","No","Private, for profit","No answer","Full time",40,"$35,000 to $39,999",4,2,"Yes","No difficulty",22,0,0,0,0,78,100,0,0,0,0,0,0,60,0,580,600,568,32,0,100,0,0,78
"20160706162193","Florida",36,"Female","Foreign born, not US citizen","Never married","Non-Veteran","No","Employed","No","Private, for profit","No answer","Full time",40,"$15,000 to $19,999",2,0,"No","Has difficulty",55,0,0,0,0,0,10,0,0,0,0,0,760,0,0,10,605,530,75,0,10,0,0,0
"20160112152058","Nebraska",18,"Male","Native, Born in USA","Never married","Non-Veteran","No","Employed","No","Private, for profit","No answer","Part time",22,"$150,000 and over",5,2,"Yes","No difficulty",64,0,0,0,0,483,30,0,0,0,0,0,290,0,0,3,570,540,30,0,30,0,0,483
"20160706161443","Florida",53,"Female","Native, Born in USA","Divored","Non-Veteran","No","Not in labor force","No answer","No answer","No answer","No answer",NA,"$40,000 to $49,999",2,0,"No","No difficulty",70,0,0,0,0,140,0,0,0,0,60,0,0,315,15,280,560,500,60,0,0,0,0,140
"20161008162406","Pennsylvania",26,"Male","Native, Born in USA","Never married","Non-Veteran","No","Employed","No","Private, nonprofit","No answer","Full time",40,"$40,000 to $49,999",2,0,"No","No difficulty",85,0,0,0,300,240,120,0,0,0,15,0,0,0,0,90,590,590,0,0,120,0,0,240
"20160101161873","Hawaii",76,"Female","Foreign born, US citizen","Widowed","Non-Veteran","No","Not in labor force","No answer","No answer","Retired","No answer",NA,"$35,000 to $39,999",1,0,"No","No difficulty",85,0,0,120,45,195,105,0,0,0,30,0,0,0,0,265,595,505,75,0,105,0,0,195
"20160403160879","Pennsylvania",38,"Female","Native, Born in USA","Married","Non-Veteran","No","Employed","No","Private, for profit","No answer","Full time",40,"$35,000 to $39,999",4,2,"Yes","No difficulty",101,0,0,0,0,294,60,0,0,0,75,0,120,0,130,120,540,480,60,0,60,0,0,294
"20160706162423","North Carolina",43,"Male","Native, Born in USA","Never married","Non-Veteran","No","Not in labor force","No answer","No answer","No answer","No answer",NA,"$7,500 to $9,999",2,0,"No","No difficulty",30,30,0,0,30,660,35,0,0,0,15,0,0,0,0,120,520,520,0,0,35,0,0,660
"20161111161371","Minnesota",69,"Female","Native, Born in USA","Never married","Non-Veteran","No","Not in labor force","No answer","No answer","Retired","No answer",NA,"$30,000 to $34,999",1,0,"No","No difficulty",55,0,0,0,0,520,10,0,0,0,70,0,0,0,0,50,610,585,25,0,10,0,0,520
"20160112151580","Georgia",77,"Female","Native, Born in USA","Never married","Non-Veteran","No","Not in labor force","No answer","No answer","Retired","No answer",NA,"$7,500 to $9,999",1,0,"No","Has difficulty",0,0,0,0,0,420,50,0,0,0,0,0,0,0,0,30,940,867,73,0,50,0,0,420
"20160908162042","Texas",41,"Female","Foreign born, not US citizen","Married","Non-Veteran","No","Employed","No","Private, for profit","No answer","Full time",47,"$75,000 to $99,999",3,1,"Yes","No difficulty",85,0,0,0,0,160,60,0,0,0,0,0,555,16,51,35,478,438,40,0,60,0,0,160
"20160605160833","Washington",22,"Male","Foreign born, not US citizen","Never married","Non-Veteran","No","Employed","No","Government, state","No answer","Part time",19,"$60,000 to $74,999",4,0,"No","No difficulty",537,80,0,0,0,35,10,0,0,0,15,0,0,30,0,60,673,660,13,0,10,0,0,35
"20160301162249","Kentucky",52,"Female","Native, Born in USA","Married","Non-Veteran","No","Employed","No","Government, local","No answer","Full time",60,"$50,000 to $59,999",4,2,"Yes","No difficulty",85,0,0,30,0,80,35,0,0,0,10,0,525,0,10,105,560,515,45,0,35,0,0,80
"20160605161182","Pennsylvania",80,"Male","Native, Born in USA","Married","Veteran","No","Employed","No","Private, for profit","No answer","Full time",40,"$60,000 to $74,999",2,0,"No","No difficulty",100,0,0,0,0,335,50,0,0,0,0,0,350,0,0,40,540,480,60,0,50,0,0,335
"20160403162154","Tennessee",63,"Female","Native, Born in USA","Divored","Non-Veteran","No","Employed","No","Private, nonprofit","No answer","Full time",50,"$60,000 to $74,999",1,0,"No","No difficulty",78,10,0,0,30,240,75,0,1,0,75,0,0,0,0,305,557,525,32,0,75,0,0,240
"20161110161820","Minnesota",26,"Female","Native, Born in USA","Married","Non-Veteran","No","Employed","No","Private, for profit","No answer","Part time",24,"$60,000 to $74,999",3,1,"Yes","No difficulty",75,0,0,0,0,180,30,0,0,0,90,0,0,0,145,195,625,625,0,0,30,0,0,180
"20161009161036","Massachusetts",29,"Female","Native, Born in USA","Never married","Non-Veteran","No","Employed","No","Private, for profit","No answer","Full time",40,"$60,000 to $74,999",2,0,"No","No difficulty",160,0,30,0,0,135,75,0,0,0,0,0,470,0,0,120,450,375,75,0,75,0,0,135
"20161109161304","Florida",42,"Female","Native, Born in USA","Never married","Non-Veteran","No","Not in labor force","No answer","No answer","No answer","No answer",NA,"$40,000 to $49,999",3,1,"Yes","No difficulty",0,0,0,0,0,420,90,0,0,0,0,0,0,0,0,150,660,660,0,0,90,0,0,420
"20160201160059","New York",43,"Female","Foreign born, US citizen","Never married","Non-Veteran","No","Not in labor force","No answer","No answer","No answer","No answer",NA,"$30,000 to $34,999",2,1,"Yes","No difficulty",176,0,0,60,0,162,25,0,0,0,65,0,0,17,130,303,502,445,57,0,25,0,0,162
"20160403161942","Ohio",68,"Female","Native, Born in USA","Married","Non-Veteran","No","Not in labor force","No answer","No answer","No answer","No answer",NA,"$35,000 to $39,999",2,0,"No","No difficulty",20,0,0,0,0,190,88,0,0,0,0,0,0,0,41,327,714,714,0,0,88,0,0,190
"20160302162240","Maryland",74,"Female","Native, Born in USA","Widowed","Non-Veteran","No","Not in labor force","No answer","No answer","Retired","No answer",NA,"$5,000 to $7,499",1,0,"No","Has difficulty",0,45,0,0,0,540,90,0,0,0,0,0,0,0,0,50,670,600,60,10,90,0,0,540
"20160201162398","South Dakota",59,"Female","Native, Born in USA","Married","Non-Veteran","No","Employed","No","Government, federal","No answer","Full time",40,"$50,000 to $59,999",2,0,"No","No difficulty",215,0,0,0,0,280,90,0,0,0,150,0,0,0,0,115,590,570,20,0,90,0,0,280
"20161010160799","Illinois",66,"Male","Native, Born in USA","Married","Non-Veteran","No","Not in labor force","No answer","No answer","Retired","No answer",NA,"$75,000 to $99,999",2,0,"No","Has difficulty",305,0,0,0,0,310,105,0,0,0,20,0,0,0,0,145,555,533,22,0,105,0,0,310
"20160807161687","Mississippi",39,"Female","Native, Born in USA","Never married","Non-Veteran","No","Employed","No","Private, for profit","No answer","Full time",40,"$20,000 to $24,999",3,2,"Yes","No difficulty",34,0,0,70,0,426,30,0,0,0,60,0,0,0,0,145,675,590,85,0,30,0,0,426
"20160403161885","Tennessee",42,"Female","Native, Born in USA","Divored","Non-Veteran","No","Not in labor force","No answer","No answer","No answer","No answer",NA,"$7,500 to $9,999",1,0,"No","Has difficulty",0,0,0,0,0,703,5,0,0,0,0,0,0,0,0,7,725,708,10,7,5,0,0,703
"20160505160709","Kentucky",68,"Female","Native, Born in USA","Divored","Non-Veteran","No","Not in labor force","No answer","No answer","Retired","No answer",NA,"$75,000 to $99,999",4,2,"Yes","No difficulty",40,20,0,0,0,335,25,0,0,0,25,0,0,0,290,110,595,535,60,0,25,0,0,335
"20160504161899","Texas",45,"Male","Native, Born in USA","Married","Non-Veteran","No","Employed","No","Private, for profit","No answer","Full time",50,"$150,000 and over",5,3,"Yes","No difficulty",105,0,0,0,0,187,60,0,0,0,0,0,670,0,28,0,390,390,0,0,60,0,0,187
"20160807161017","North Dakota",44,"Female","Native, Born in USA","Married","Non-Veteran","No","Employed","Yes","Private, for profit","No answer","Full time",54,"$50,000 to $59,999",3,1,"Yes","No difficulty",125,0,0,0,0,80,75,0,0,0,45,0,610,0,55,75,375,330,45,0,75,0,0,80
"20160504162499","North Carolina",80,"Female","Native, Born in USA","Widowed","Non-Veteran","No","Not in labor force","No answer","No answer","Retired","No answer",NA,"$15,000 to $19,999",2,0,"No","Has difficulty",20,0,0,125,0,500,45,0,0,0,0,0,0,0,0,90,630,570,60,0,45,0,0,500
"20161110161893","Florida",79,"Female","Foreign born, not US citizen","Widowed","Non-Veteran","No","Not in labor force","No answer","No answer","Retired","No answer",NA,"$40,000 to $49,999",1,0,"No","No difficulty",60,0,0,0,0,450,120,0,0,0,0,0,0,0,0,15,691,660,31,0,120,0,0,450
"20160201161404","North Carolina",59,"Female","Native, Born in USA","Divored","Non-Veteran","No","Unemployed, Looking","No answer","No answer","No answer","No answer",NA,"Less than $5,000",2,1,"Yes","No difficulty",50,0,0,0,0,550,30,0,30,0,0,0,0,0,0,120,660,660,0,0,30,0,0,550
"20160806160623","California",44,"Male","Native, Born in USA","Married","Non-Veteran","No","Employed","No","Government, local","No answer","Full time",50,"$60,000 to $74,999",3,1,"Yes","No difficulty",40,60,0,15,0,230,50,0,0,0,0,0,550,0,0,0,495,465,30,0,50,0,0,230
"20160705161135","Arizona",15,"Male","Native, Born in USA","Never married","No answer","No","Not in labor force","No answer","No answer","No answer","No answer",NA,"$40,000 to $49,999",5,3,"Yes","Has difficulty",70,0,0,0,120,0,60,0,0,0,30,0,60,0,60,210,770,730,40,0,60,0,0,0
"20161109161599","Colorado",46,"Female","Native, Born in USA","Married","Non-Veteran","No","Employed","No","Self-employed, unincorporated","No answer","Part time",30,"$25,000 to $29,999",4,1,"Yes","No difficulty",0,0,0,0,60,120,0,0,0,0,0,420,360,0,0,60,420,405,15,0,0,0,420,120
"20160504161290","California",80,"Male","Native, Born in USA","Divored","Non-Veteran","No","Not in labor force","No answer","No answer","Retired","No answer",NA,"$60,000 to $74,999",1,0,"No","No difficulty",22,0,0,0,0,258,40,0,0,0,45,0,0,80,0,420,575,480,95,0,40,0,0,258
"20160201161084","Florida",74,"Female","Native, Born in USA","Divored","Non-Veteran","No","Employed","No","Self-employed, unincorporated","No answer","Part time",3,"$15,000 to $19,999",1,0,"No","No difficulty",20,0,0,145,0,105,35,0,0,0,0,0,0,130,0,340,665,575,90,0,35,0,0,105
"20160504160624","California",60,"Male","Foreign born, not US citizen","Divored","Non-Veteran","No","Employed","Yes","Self-employed, unincorporated","No answer","Full time",80,"$100,000 to $149,999",1,0,"No","No difficulty",55,0,0,0,0,150,60,0,0,0,0,0,725,0,0,0,450,390,60,0,60,0,0,150
"20160404161891","South Carolina",75,"Female","Native, Born in USA","Widowed","Non-Veteran","No","Not in labor force","No answer","No answer","No answer","No answer",NA,"$5,000 to $7,499",1,0,"No","No difficulty",37,0,0,238,0,190,10,0,0,0,0,0,0,0,0,30,791,720,70,1,10,0,0,190
"20160707161357","Arkansas",33,"Male","Native, Born in USA","Never married","Non-Veteran","No","Employed","No","Private, for profit","No answer","Full time",60,"$150,000 and over",2,0,"No","No difficulty",60,0,0,0,0,190,75,0,15,0,60,0,170,0,0,60,630,600,30,0,75,0,0,190
"20160909161504","South Dakota",38,"Male","Native, Born in USA","Married","Non-Veteran","No","Employed","No","Private, for profit","No answer","Full time",99,"$75,000 to $99,999",4,2,"Yes","No difficulty",40,0,0,0,0,0,35,0,0,0,0,0,960,0,0,0,405,365,40,0,35,0,0,0
"20160112150173","Arkansas",30,"Male","Native, Born in USA","Divored","Non-Veteran","No","Unemployed, Laid off","No answer","No answer","No answer","No answer",NA,"$50,000 to $59,999",4,0,"No","No difficulty",235,0,0,0,0,185,240,0,0,0,30,0,0,2,0,165,583,538,45,0,240,0,0,185
"20161110162361","Massachusetts",75,"Female","Native, Born in USA","Married","Non-Veteran","No","Not in labor force","No answer","No answer","Retired","No answer",NA,"$75,000 to $99,999",2,0,"No","No difficulty",150,10,0,65,0,295,100,0,0,0,0,0,0,67,0,35,718,688,30,0,100,0,0,295
"20160605161984","Minnesota",57,"Male","Native, Born in USA","Married","Non-Veteran","No","Employed","Yes","Private, for profit","No answer","Full time",50,"$20,000 to $24,999",2,0,"No","Has difficulty",40,45,0,0,0,0,55,0,0,0,40,0,255,0,0,390,615,605,10,0,55,0,0,0
"20161110161870","Texas",85,"Female","Native, Born in USA","Widowed","Non-Veteran","No","Not in labor force","No answer","No answer","No answer","No answer",NA,"$40,000 to $49,999",3,0,"No","Has difficulty",95,0,0,0,0,275,120,0,0,10,120,0,0,0,15,85,720,690,30,0,120,0,0,275
"20161110160626","California",16,"Female","Native, Born in USA","Never married","No answer","No","Not in labor force","No answer","No answer","No answer","No answer",NA,"$100,000 to $149,999",9,4,"Yes","No difficulty",40,0,0,315,0,60,150,0,0,0,0,0,0,0,0,0,875,755,120,0,150,0,0,60
"20160212150866","New Mexico",66,"Male","Native, Born in USA","Married","Veteran","No","Not in labor force","No answer","No answer","No answer","No answer",NA,"$40,000 to $49,999",2,0,"No","No difficulty",100,5,300,15,0,150,15,0,0,0,35,0,0,0,7,172,641,601,40,0,15,0,0,150
"20160605160960","Kentucky",76,"Male","Native, Born in USA","Widowed","Non-Veteran","No","Employed","No","Self-employed, unincorporated","No answer","Full time",40,"$30,000 to $34,999",1,0,"No","No difficulty",30,0,0,0,0,255,120,0,0,0,0,0,465,0,0,60,510,420,90,0,120,0,0,255
"20160302160883","California",61,"Female","Foreign born, US citizen","Divored","Non-Veteran","No","Not in labor force","No answer","No answer","Retired","No answer",NA,"$40,000 to $49,999",2,0,"No","No difficulty",165,65,0,0,0,615,40,0,0,0,0,0,0,10,0,15,530,480,50,0,40,0,0,615
"20161110161338","Illinois",46,"Male","Native, Born in USA","Married","Non-Veteran","No","Employed","No","Private, for profit","No answer","Full time",40,"$150,000 and over",4,2,"Yes","No difficulty",0,0,0,0,0,130,40,0,0,0,0,0,319,0,30,321,600,600,0,0,40,0,0,130
"20160807161178","North Carolina",46,"Male","Native, Born in USA","Married","Non-Veteran","No","Employed","No","Private, for profit","No answer","Full time",50,"$50,000 to $59,999",4,2,"Yes","No difficulty",72,0,0,0,0,120,110,0,0,0,10,0,60,0,250,260,558,558,0,0,110,0,0,120
"20161009161128","Illinois",64,"Female","Native, Born in USA","Divored","Non-Veteran","No","Employed","No","Private, for profit","No answer","Full time",40,"$35,000 to $39,999",1,0,"No","No difficulty",40,0,0,0,0,295,50,0,0,0,0,0,490,0,0,105,460,395,65,0,50,0,0,295
"20160606161426","Illinois",85,"Female","Native, Born in USA","Divored","Non-Veteran","No","Employed","No","Private, for profit","No answer","Part time",30,"$30,000 to $34,999",1,0,"No","No difficulty",85,0,0,0,0,0,45,0,0,0,15,0,420,315,0,30,530,500,30,0,45,0,0,0
"20160907161432","Wisconsin",37,"Female","Native, Born in USA","Divored","Non-Veteran","No","Employed","No","Self-employed, unincorporated","No answer","Full time",50,"$40,000 to $49,999",5,3,"Yes","No difficulty",5,0,0,0,0,485,120,0,0,0,0,0,0,0,90,100,630,630,0,0,120,0,0,485
"20160112150884","Louisiana",52,"Male","Native, Born in USA","Divored","Non-Veteran","No","Employed","No","Self-employed, unincorporated","No answer","Full time",55,"$30,000 to $34,999",1,0,"No","No difficulty",0,0,0,0,0,670,0,0,0,0,0,0,0,0,0,170,600,600,0,0,0,0,0,670
"20160504161605","Virginia",52,"Female","Native, Born in USA","Never married","Non-Veteran","No","Employed","No","Government, federal","No answer","Full time",45,"$150,000 and over",1,0,"No","No difficulty",60,0,0,0,0,100,70,0,0,0,0,60,605,0,0,45,500,420,80,0,70,60,0,100
"20160403160531","Indiana",45,"Male","Native, Born in USA","Divored","Non-Veteran","No","Employed","No","Private, for profit","No answer","Full time",50,"$75,000 to $99,999",1,0,"No","No difficulty",16,0,0,0,0,187,40,0,0,0,0,0,580,0,0,40,577,512,65,0,40,0,0,187
"20160201161065","Alaska",26,"Female","Native, Born in USA","Married","Non-Veteran","No","Not in labor force","No answer","No answer","No answer","No answer",NA,"$50,000 to $59,999",3,1,"Yes","No difficulty",0,0,0,0,0,270,50,0,0,0,0,0,0,0,396,69,655,625,30,0,50,0,0,270
"20160605161223","Wisconsin",35,"Male","Native, Born in USA","Married","Non-Veteran","No","Employed","No","Private, for profit","No answer","Full time",60,"$100,000 to $149,999",5,3,"Yes","No difficulty",130,0,0,0,185,220,20,0,0,0,0,0,120,0,120,65,580,530,50,0,20,0,0,220
"20160807161823","Massachusetts",70,"Female","Native, Born in USA","Never married","Non-Veteran","No","Not in labor force","No answer","No answer","Retired","No answer",NA,"$25,000 to $29,999",2,0,"No","No difficulty",130,0,60,0,0,475,105,0,0,0,60,0,0,0,0,70,540,540,0,0,105,0,0,475
"20160705162217","Washington",59,"Female","Native, Born in USA","Married","Non-Veteran","No","Unemployed, Laid off","No answer","No answer","No answer","No answer",NA,"$150,000 and over",2,0,"No","No difficulty",50,0,0,0,360,180,150,0,0,0,0,0,0,0,0,120,580,445,135,0,150,0,0,180
"20160112151121","Kentucky",37,"Female","Native, Born in USA","Married","Non-Veteran","No","Employed","No","Private, for profit","No answer","Full time",40,"$100,000 to $149,999",4,2,"Yes","No difficulty",65,0,0,0,0,140,25,0,0,0,5,0,520,0,180,25,480,420,60,0,25,0,0,140
"20160908162307","Kansas",53,"Male","Native, Born in USA","Married","Non-Veteran","No","Employed","No","Self-employed, unincorporated","No answer","Full time",60,"$30,000 to $34,999",4,2,"Yes","No difficulty",0,0,0,0,0,135,80,0,0,0,0,0,0,0,0,535,570,570,0,0,80,0,0,135
"20160908162076","Texas",30,"Male","Native, Born in USA","Never married","Non-Veteran","No","Employed","No","Private, for profit","No answer","Full time",38,"$60,000 to $74,999",2,0,"No","No difficulty",40,0,0,0,0,150,30,0,0,0,0,0,440,0,0,0,780,780,0,0,30,0,0,150
"20160505161166","California",17,"Male","Foreign born, not US citizen","Never married","Non-Veteran","No","Not in labor force","No answer","No answer","No answer","No answer",NA,"$5,000 to $7,499",4,2,"Yes","No difficulty",30,0,0,120,0,300,30,0,0,0,0,120,0,0,0,0,840,840,0,0,30,0,120,300
"20160604161001","Florida",16,"Male","Native, Born in USA","Never married","No answer","No","Unemployed, Looking","No answer","No answer","No answer","No answer",NA,"$40,000 to $49,999",3,1,"Yes","No difficulty",33,0,0,0,300,299,5,0,0,0,90,0,0,5,3,0,705,690,15,0,5,0,0,299
"20160605160525","Alabama",37,"Female","Native, Born in USA","Married","Non-Veteran","No","Employed","No","Private, for profit","No answer","Full time",40,"$40,000 to $49,999",4,1,"Yes","No difficulty",75,0,0,0,0,30,90,0,0,0,0,291,406,0,25,0,523,494,29,0,90,291,0,30
"20160111151400","Washington",29,"Female","Native, Born in USA","Never married","Non-Veteran","No","Not in labor force","No answer","No answer","No answer","No answer",NA,"$50,000 to $59,999",3,1,"Yes","No difficulty",138,0,0,0,0,705,0,0,0,0,35,0,0,2,0,50,510,300,120,90,0,0,0,705
"20160807161330","Oregon",17,"Female","Native, Born in USA","Never married","Non-Veteran","No","Not in labor force","No answer","No answer","No answer","No answer",NA,"$50,000 to $59,999",5,2,"Yes","No difficulty",0,0,0,0,0,503,30,0,0,0,0,0,0,0,0,62,840,840,0,0,30,0,0,503
"20160908160600","North Carolina",47,"Male","Native, Born in USA","Married","Veteran","No","Employed","No","Government, federal","No answer","Full time",40,"$75,000 to $99,999",4,2,"Yes","No difficulty",155,0,0,0,60,455,105,0,0,0,85,0,0,0,55,60,465,465,0,0,105,0,0,455
"20160807161117","Georgia",59,"Male","Native, Born in USA","Divored","Non-Veteran","No","Employed","No","Self-employed, unincorporated","No answer","Full time",65,"$100,000 to $149,999",1,0,"No","No difficulty",120,0,0,0,0,0,60,0,0,0,0,0,1080,0,0,0,180,120,60,0,60,0,0,0
"20160503161762","Arkansas",61,"Female","Native, Born in USA","Divored","Non-Veteran","No","Employed","No","Private, for profit","No answer","Full time",50,"$50,000 to $59,999",1,0,"No","No difficulty",40,0,0,0,0,230,70,0,0,0,0,0,450,0,0,5,645,600,45,0,70,0,0,230
"20161009160983","California",85,"Female","Native, Born in USA","Widowed","Non-Veteran","No","Not in labor force","No answer","No answer","Retired","No answer",NA,"$15,000 to $19,999",1,0,"No","Has difficulty",90,0,0,0,30,360,30,0,0,0,90,0,0,0,0,60,780,660,120,0,30,0,0,360
"20160706161185","Kentucky",61,"Male","Native, Born in USA","Married","Non-Veteran","No","Not in labor force","No answer","No answer","Retired","No answer",NA,"$60,000 to $74,999",2,0,"No","No difficulty",0,0,0,0,0,810,60,0,0,0,0,0,0,0,0,0,570,540,30,0,60,0,0,810
"20160302161787","Florida",67,"Female","Native, Born in USA","Widowed","Non-Veteran","No","Not in labor force","No answer","No answer","Retired","No answer",NA,"$50,000 to $59,999",1,0,"No","No difficulty",60,1,0,0,0,254,60,0,0,60,120,0,0,0,0,0,885,885,0,0,60,0,0,254
"20160705162242","California",37,"Male","Foreign born, not US citizen","Married","Non-Veteran","No","Employed","No","Government, local","No answer","Full time",40,"Less than $5,000",5,3,"Yes","No difficulty",0,0,0,0,0,30,0,0,0,0,0,0,0,0,740,100,570,570,0,0,0,0,0,30
"20160605161447","Arkansas",77,"Female","Foreign born, US citizen","Widowed","Non-Veteran","No","Not in labor force","No answer","No answer","Retired","No answer",NA,"$15,000 to $19,999",1,0,"No","No difficulty",0,0,0,0,0,390,15,0,0,0,0,0,0,0,0,465,570,510,60,0,15,0,0,390
"20160504162105","Pennsylvania",59,"Female","Native, Born in USA","Divored","Non-Veteran","No","Employed","No","Private, for profit","No answer","Full time",40,"$40,000 to $49,999",1,0,"No","No difficulty",120,0,0,90,0,85,130,0,0,0,0,0,710,60,0,0,245,180,65,0,130,0,0,85
"20161111161380","Florida",71,"Male","Native, Born in USA","Divored","Veteran","No","Not in labor force","No answer","No answer","No answer","No answer",NA,"$50,000 to $59,999",2,0,"No","No difficulty",40,0,0,0,0,360,70,0,0,0,60,0,0,0,0,290,580,580,0,0,70,0,0,360
"20160302161690","Oklahoma",18,"Female","Native, Born in USA","Never married","Non-Veteran","No","Employed","No","Private, for profit","No answer","Part time",21,"$75,000 to $99,999",3,0,"No","No difficulty",30,0,0,0,0,125,85,0,0,0,0,30,465,0,0,60,645,600,45,0,85,0,30,125
"20160908160151","Oklahoma",51,"Male","Native, Born in USA","Divored","Veteran","No","Not in labor force","No answer","No answer","No answer","No answer",NA,"Less than $5,000",1,0,"No","No difficulty",10,10,30,33,0,553,20,0,0,0,0,0,0,0,0,180,604,553,30,21,20,0,0,553
"20160201161929","New York",70,"Female","Native, Born in USA","Never married","Non-Veteran","No","Not in labor force","No answer","No answer","Retired","No answer",NA,"$20,000 to $24,999",1,0,"No","Has difficulty",40,0,0,0,0,360,0,0,0,50,0,0,0,0,0,0,900,690,0,210,0,0,0,360
"20160302160730","Kansas",26,"Female","Native, Born in USA","Never married","Non-Veteran","No","Employed","No","Private, for profit","No answer","Full time",40,"$30,000 to $34,999",1,0,"No","No difficulty",45,0,0,60,112,90,70,0,0,0,0,0,483,0,0,45,535,470,65,0,70,0,0,90
"20160504161059","North Carolina",38,"Female","Native, Born in USA","Married","Non-Veteran","No","Employed","No","Private, for profit","No answer","Full time",38,"$60,000 to $74,999",2,0,"No","No difficulty",64,0,0,0,0,343,68,0,0,0,0,0,478,0,0,27,460,415,45,0,68,0,0,343
"20161211161974","Minnesota",64,"Male","Native, Born in USA","Never married","Veteran","No","Employed","No","Government, federal","No answer","Full time",40,"$50,000 to $59,999",1,0,"No","Has difficulty",85,0,0,0,0,195,110,0,0,0,0,0,460,0,0,60,530,470,60,0,110,0,0,195
"20160504160767","Georgia",51,"Male","Native, Born in USA","Never married","Non-Veteran","No","Employed","No","Private, for profit","No answer","Full time",40,"$35,000 to $39,999",1,0,"No","No difficulty",110,0,0,0,0,330,30,0,0,0,75,0,0,0,0,0,895,820,75,0,30,0,0,330
"20161009161456","Michigan",22,"Male","Native, Born in USA","Never married","Non-Veteran","No","Employed","No","Private, for profit","No answer","Full time",48,"$25,000 to $29,999",2,0,"No","No difficulty",50,0,0,0,0,5,45,0,0,0,310,0,545,0,0,15,470,445,25,0,45,0,0,5
"20160604160778","Florida",36,"Female","Foreign born, not US citizen","Never married","Non-Veteran","No","Employed","Yes","Private, for profit","No answer","Full time",81,"$30,000 to $34,999",4,0,"No","No difficulty",45,0,0,0,0,195,60,0,0,0,240,0,0,0,0,120,780,780,0,0,60,0,0,195
"20160302160656","Texas",35,"Male","Native, Born in USA","Divored","Veteran","No","Employed","No","Private, for profit","No answer","Full time",40,"$100,000 to $149,999",2,0,"No","No difficulty",90,0,0,0,0,195,40,0,0,0,0,0,554,0,0,81,480,435,45,0,40,0,0,195
"20161110160694","Michigan",64,"Male","Native, Born in USA","Divored","Non-Veteran","No","Not in labor force","No answer","No answer","Retired","No answer",NA,"$30,000 to $34,999",1,0,"No","No difficulty",32,0,0,0,0,671,62,0,15,0,0,0,0,0,0,90,570,570,0,0,62,0,0,671
"20160403162246","Alaska",50,"Male","Native, Born in USA","Divored","Non-Veteran","No","Employed","No","Government, federal","No answer","Full time",72,"$75,000 to $99,999",1,0,"No","No difficulty",28,0,0,0,0,455,90,0,0,0,0,0,310,0,0,20,537,537,0,0,90,0,0,455
"20160302161116","Oregon",57,"Female","Native, Born in USA","Married","Non-Veteran","No","Employed","No","Private, nonprofit","No answer","Full time",35,"$25,000 to $29,999",2,0,"No","No difficulty",30,0,0,0,0,340,60,0,0,0,90,0,0,0,0,260,660,660,0,0,60,0,0,340
"20160201161654","Pennsylvania",45,"Female","Native, Born in USA","Married","Non-Veteran","No","Employed","No","Private, for profit","No answer","Full time",40,"$100,000 to $149,999",2,0,"No","No difficulty",0,0,0,0,0,90,40,0,0,0,0,0,0,0,0,30,1180,1160,0,20,40,0,0,90
"20160605160721","California",25,"Male","Native, Born in USA","Never married","Non-Veteran","No","Employed","No","Private, for profit","No answer","Full time",40,"$40,000 to $49,999",3,0,"No","No difficulty",175,0,0,0,90,10,100,0,0,0,30,0,0,0,0,90,945,885,60,0,100,0,0,10
"20160706162302","Indiana",37,"Female","Native, Born in USA","Married","Non-Veteran","No","Employed","No","Private, for profit","No answer","Full time",46,"$50,000 to $59,999",5,3,"Yes","No difficulty",180,0,0,0,0,417,45,0,0,0,10,0,0,0,5,293,490,480,10,0,45,0,0,417
"20161211161530","Montana",36,"Male","Native, Born in USA","Never married","Non-Veteran","No","Employed","No","Self-employed, unincorporated","No answer","Part time",32,"$100,000 to $149,999",3,0,"No","No difficulty",100,0,0,0,40,540,68,0,0,0,0,0,180,4,0,0,508,508,0,0,68,0,0,540
"20160101162200","Washington",47,"Male","Native, Born in USA","Never married","Non-Veteran","No","Employed","No","Private, for profit","No answer","Full time",40,"$100,000 to $149,999",2,0,"No","No difficulty",720,0,0,0,0,30,75,0,0,0,90,0,0,0,0,0,525,495,30,0,75,0,0,30
"20160605161681","Iowa",30,"Male","Native, Born in USA","Married","Veteran","No","Employed","No","Self-employed, incorporated","No answer","Full time",60,"$60,000 to $74,999",3,1,"Yes","No difficulty",207,0,0,60,40,360,50,0,0,0,0,0,120,0,0,0,603,593,10,0,50,0,0,360
"20160807162089","Illinois",34,"Female","Native, Born in USA","Married","Non-Veteran","No","Employed","No","Private, for profit","No answer","Part time",18,"$75,000 to $99,999",3,1,"Yes","No difficulty",248,0,0,0,0,110,0,0,0,10,0,0,524,0,135,0,413,368,45,0,0,0,0,110
"20160605161763","Florida",52,"Female","Foreign born, US citizen","Married","Non-Veteran","No","Employed","No","Private, for profit","No answer","Full time",40,"$75,000 to $99,999",2,0,"No","No difficulty",120,30,0,75,0,30,75,0,0,0,0,0,555,0,0,15,540,480,60,0,75,0,0,30
"20160201162293","Delaware",34,"Female","Native, Born in USA","Married","Non-Veteran","No","Employed","No","Private, for profit","No answer","Full time",40,"$75,000 to $99,999",3,1,"Yes","No difficulty",65,0,0,0,0,60,120,0,0,0,0,0,410,0,125,0,660,550,110,0,120,0,0,60
"20160605160544","Indiana",63,"Female","Native, Born in USA","Married","Non-Veteran","No","Not in labor force","No answer","No answer","Retired","No answer",NA,"$25,000 to $29,999",2,0,"No","No difficulty",60,0,0,0,0,60,60,0,0,0,340,0,0,0,0,480,440,420,20,0,60,0,0,60
"20160302160102","Illinois",29,"Female","Native, Born in USA","Married","Non-Veteran","No","Unemployed, Looking","No answer","No answer","No answer","No answer",NA,"Less than $5,000",4,2,"Yes","No difficulty",10,0,170,175,0,205,10,0,0,0,0,0,0,0,100,0,770,710,60,0,10,0,0,205
"20161211161345","Texas",34,"Male","Native, Born in USA","Divored","Veteran","No","Employed","No","Private, for profit","No answer","Full time",48,"$100,000 to $149,999",3,1,"Yes","No difficulty",70,0,0,85,0,405,140,0,0,0,35,0,0,0,115,20,570,555,15,0,140,0,0,405
"20161212161655","North Carolina",52,"Female","Native, Born in USA","Married","Non-Veteran","No","Employed","No","Self-employed, incorporated","No answer","Part time",5,"$150,000 and over",5,2,"Yes","No difficulty",52,0,0,0,0,373,75,0,0,0,55,0,0,0,45,420,420,375,45,0,75,0,0,373
"20161211161391","Ohio",85,"Male","Foreign born, US citizen","Married","Non-Veteran","No","Not in labor force","No answer","No answer","Retired","No answer",NA,"$30,000 to $34,999",2,0,"No","No difficulty",0,0,0,0,0,420,120,0,0,0,0,0,0,0,60,120,600,540,60,0,120,0,0,420
"20160707161862","California",61,"Male","Native, Born in USA","Divored","Non-Veteran","No","Employed","No","Private, for profit","No answer","Part time",12,"$35,000 to $39,999",4,1,"Yes","No difficulty",0,0,0,0,0,540,40,0,0,0,0,0,0,0,0,200,660,600,60,0,40,0,0,540
"20160807162082","California",28,"Female","Native, Born in USA","Never married","Non-Veteran","No","Employed","No","Government, local","No answer","Full time",48,"$50,000 to $59,999",1,0,"No","No difficulty",70,0,0,0,0,120,30,0,0,0,0,0,480,0,0,90,650,590,60,0,30,0,0,120
"20160504161725","Florida",39,"Female","Native, Born in Territory","Married","Non-Veteran","No","Employed","No","Private, for profit","No answer","Full time",40,"$40,000 to $49,999",4,0,"No","No difficulty",120,0,0,0,0,443,0,0,0,0,0,0,465,0,6,0,406,346,60,0,0,0,0,443
"20160807160693","Florida",79,"Female","Native, Born in USA","Widowed","Non-Veteran","No","Not in labor force","No answer","No answer","Retired","No answer",NA,"$12,500 to $14,999",1,0,"No","Has difficulty",0,0,0,0,0,700,0,0,0,0,0,0,0,0,0,60,680,640,40,0,0,0,0,700
"20160604161103","Wisconsin",27,"Female","Native, Born in USA","Never married","Non-Veteran","No","Employed","No","Private, for profit","No answer","Full time",40,"$75,000 to $99,999",5,2,"Yes","No difficulty",30,0,0,0,0,435,60,0,0,0,35,0,0,0,345,60,475,435,40,0,60,0,0,435
"20160112151872","Washington",54,"Female","Native, Born in USA","Married","Non-Veteran","No","Employed","No","Private, nonprofit","No answer","Full time",40,"$150,000 and over",2,0,"No","No difficulty",85,0,0,0,0,90,50,0,0,0,0,0,540,0,0,135,540,450,90,0,50,0,0,90
"20160403162185","New York",30,"Male","Native, Born in USA","Never married","Non-Veteran","No","Employed","Yes","Self-employed, unincorporated","No answer","Full time",80,"$7,500 to $9,999",2,0,"No","No difficulty",10,0,40,0,0,30,75,0,0,0,0,0,835,0,0,0,450,450,0,0,75,0,0,30
"20160504162181","Indiana",57,"Female","Native, Born in USA","Married","Non-Veteran","No","Not in labor force","No answer","No answer","Retired","No answer",NA,"$150,000 and over",2,0,"No","No difficulty",10,0,90,0,60,315,80,0,60,0,0,0,0,0,0,300,480,450,30,0,80,0,0,315
"20160201160142","Mississippi",36,"Male","Native, Born in USA","Married","Non-Veteran","No","Employed","No","Private, for profit","No answer","Part time",8,"$15,000 to $19,999",5,3,"Yes","No difficulty",71,0,0,0,0,435,150,0,0,0,61,0,0,0,5,0,718,703,15,0,150,0,0,435
"20160112152333","Indiana",15,"Female","Native, Born in USA","Never married","No answer","No","Not in labor force","No answer","No answer","No answer","No answer",NA,"$100,000 to $149,999",5,3,"Yes","No difficulty",82,3,0,0,205,335,90,0,0,0,25,165,0,0,62,20,453,433,20,0,90,0,165,335
"20161010161646","Florida",63,"Male","Native, Born in USA","Married","Veteran","No","Employed","No","Self-employed, unincorporated","No answer","Part time",NA,"$75,000 to $99,999",2,0,"No","No difficulty",0,0,0,0,0,500,30,0,0,0,0,0,0,0,0,280,630,480,30,120,30,0,0,500
"20161109160675","Ohio",26,"Female","Native, Born in USA","Never married","Non-Veteran","No","Employed","No","Private, for profit","No answer","Full time",40,"$50,000 to $59,999",4,2,"Yes","No difficulty",10,0,0,0,0,390,30,0,0,0,30,0,0,0,60,320,600,600,0,0,30,0,0,390
"20160202161326","Oklahoma",61,"Female","Native, Born in USA","Married","Non-Veteran","No","Not in labor force","No answer","No answer","No answer","No answer",NA,"$30,000 to $34,999",2,0,"No","No difficulty",0,75,100,0,0,260,200,0,0,0,0,0,0,0,0,230,575,510,65,0,200,0,0,260
"20160807160959","Illinois",41,"Female","Native, Born in USA","Divored","Non-Veteran","No","Employed","No","Private, for profit","No answer","Part time",25,"Less than $5,000",3,0,"No","Has difficulty",30,0,0,135,0,585,0,0,0,0,0,0,0,0,0,0,690,690,0,0,0,0,0,585
"20160504161339","Michigan",36,"Female","Foreign born, not US citizen","Married","Non-Veteran","No","Not in labor force","No answer","No answer","No answer","No answer",NA,"$75,000 to $99,999",4,2,"Yes","No difficulty",45,0,0,0,0,295,60,0,0,0,0,0,0,0,270,50,720,600,120,0,60,0,0,295
"20160301162368","North Dakota",60,"Female","Native, Born in USA","Never married","Non-Veteran","No","Not in labor force","No answer","No answer","Retired","No answer",NA,"$20,000 to $24,999",1,0,"No","No difficulty",0,0,0,0,0,600,30,0,0,0,0,0,0,0,0,90,720,690,30,0,30,0,0,600
"20160402161142","California",53,"Male","Foreign born, US citizen","Married","Non-Veteran","No","Employed","No","Private, for profit","No answer","Part time",5,"$75,000 to $99,999",2,0,"No","No difficulty",13,0,0,0,0,360,120,0,0,0,35,0,120,0,0,205,587,587,0,0,120,0,0,360
"20160111150651","Illinois",31,"Male","Native, Born in USA","Never married","Non-Veteran","No","Employed","No","Private, for profit","No answer","Full time",48,"$15,000 to $19,999",2,0,"No","No difficulty",61,0,0,0,0,249,30,0,0,0,0,0,570,0,0,0,530,405,120,5,30,0,0,249
"20160112150070","Ohio",50,"Male","Native, Born in USA","Married","Non-Veteran","No","Employed","Yes","Government, local","No answer","Full time",62,"$40,000 to $49,999",3,0,"No","No difficulty",82,20,0,0,335,387,10,0,0,0,35,0,60,1,0,20,490,480,10,0,10,0,0,387
"20160603161110","Virginia",54,"Male","Native, Born in USA","Married","Veteran","No","Employed","No","Government, local","No answer","Full time",40,"$75,000 to $99,999",5,1,"Yes","No difficulty",6,0,0,0,0,412,50,0,0,0,0,0,15,0,0,590,367,367,0,0,50,0,0,412
"20161010162406","North Carolina",29,"Female","Native, Born in USA","Married","Non-Veteran","No","Employed","No","Private, for profit","No answer","Full time",40,"$75,000 to $99,999",5,3,"Yes","No difficulty",125,0,0,0,0,40,90,0,0,0,0,0,480,0,135,30,540,540,0,0,90,0,0,40
"20160112151683","Massachusetts",56,"Female","Native, Born in USA","Separated","Non-Veteran","No","Employed","Yes","Government, local","No answer","Full time",64,"$60,000 to $74,999",1,0,"No","No difficulty",15,0,0,0,0,20,30,0,0,0,0,0,940,0,0,20,415,390,25,0,30,0,0,20
"20160302161342","Florida",66,"Male","Foreign born, US citizen","Married","Non-Veteran","No","Employed","No","Private, for profit","No answer","Full time",45,"$100,000 to $149,999",2,0,"No","No difficulty",115,0,0,0,0,75,40,0,0,0,0,0,795,0,0,15,400,320,80,0,40,0,0,75
"20160807162314","Minnesota",48,"Female","Native, Born in USA","Married","Non-Veteran","No","Employed","No","Private, for profit","No answer","Full time",40,"$100,000 to $149,999",4,2,"Yes","No difficulty",8,0,0,0,0,302,50,0,0,0,20,0,10,0,0,480,570,510,60,0,50,0,0,302
"20161110160774","Georgia",69,"Female","Native, Born in USA","Widowed","Non-Veteran","No","Not in labor force","No answer","No answer","Retired","No answer",NA,"$15,000 to $19,999",1,0,"No","No difficulty",0,65,0,0,0,825,30,0,0,0,0,0,0,0,0,70,450,420,30,0,30,0,0,825
"20161009162313","Tennessee",57,"Female","Native, Born in USA","Married","Non-Veteran","No","Employed","No","Government, state","No answer","Full time",40,"$40,000 to $49,999",2,0,"No","No difficulty",160,60,0,0,0,150,60,0,0,0,220,0,0,0,0,155,635,615,20,0,60,0,0,150
"20160302161717","Louisiana",73,"Female","Native, Born in USA","Married","Non-Veteran","No","Employed","No","Self-employed, unincorporated","No answer","Part time",25,"$40,000 to $49,999",2,0,"No","No difficulty",75,0,0,120,0,435,105,0,0,0,0,0,0,0,0,90,615,525,90,0,105,0,0,435
"20160504160635","Kentucky",57,"Female","Native, Born in USA","Married","Non-Veteran","No","Not in labor force","No answer","No answer","Retired","No answer",NA,"Less than $5,000",2,0,"No","No difficulty",0,0,0,0,0,355,75,0,0,0,0,0,0,0,105,350,555,510,45,0,75,0,0,355
"20160302160576","Texas",19,"Male","Native, Born in USA","Never married","Non-Veteran","No","Employed","No","Private, for profit","No answer","Full time",48,"$20,000 to $24,999",4,2,"Yes","No difficulty",251,0,0,30,0,30,120,0,0,0,244,0,0,0,0,30,734,694,40,0,120,0,0,30
"20160112152189","Texas",73,"Male","Native, Born in USA","Married","Non-Veteran","No","Employed","No","Self-employed, unincorporated","No answer","Part time",NA,"$35,000 to $39,999",2,0,"No","No difficulty",80,0,0,0,0,474,45,0,0,0,30,0,25,10,0,206,570,570,0,0,45,0,0,474
"20160504160840","Texas",31,"Female","Native, Born in USA","Married","Non-Veteran","No","Employed","No","Government, state","No answer","Full time",40,"$40,000 to $49,999",4,2,"Yes","No difficulty",75,0,0,0,0,0,30,0,0,0,0,0,495,0,145,80,615,555,60,0,30,0,0,0
"20161110161651","South Carolina",26,"Male","Native, Born in USA","Married","Non-Veteran","No","Employed","No","Private, for profit","No answer","Full time",45,"$100,000 to $149,999",3,1,"Yes","No difficulty",40,0,0,0,0,140,40,0,0,0,0,0,525,0,105,80,510,480,30,0,40,0,0,140
"20160605162338","California",56,"Male","Foreign born, US citizen","Married","Non-Veteran","No","Employed","No","Self-employed, unincorporated","No answer","Full time",55,"$40,000 to $49,999",4,0,"No","No difficulty",210,0,0,0,0,270,30,0,0,0,0,0,0,30,0,270,630,570,60,0,30,0,0,270
"20161008160996","Massachusetts",66,"Female","Native, Born in USA","Divored","Non-Veteran","No","Not in labor force","No answer","No answer","Retired","No answer",NA,"$15,000 to $19,999",1,0,"No","No difficulty",45,0,0,0,0,425,55,0,0,0,75,0,0,0,0,100,640,600,40,0,55,0,0,425
"20160201161111","California",29,"Female","Native, Born in USA","Married","Non-Veteran","No","Employed","No","Private, for profit","No answer","Full time",50,"$75,000 to $99,999",2,0,"No","No difficulty",74,0,0,0,0,0,30,0,0,0,2,0,644,0,0,30,660,630,30,0,30,0,0,0
"20160212151303","California",64,"Female","Native, Born in USA","Never married","Non-Veteran","No","Employed","No","Government, federal","No answer","Part time",24,"$60,000 to $74,999",2,0,"No","No difficulty",30,0,0,0,60,305,105,0,0,0,25,0,210,0,55,240,410,390,20,0,105,0,0,305
"20160605160621","Maryland",41,"Male","Native, Born in USA","Divored","Non-Veteran","No","Employed","No","Private, nonprofit","No answer","Full time",40,"$30,000 to $34,999",1,0,"No","No difficulty",40,0,0,0,60,230,120,0,0,0,60,0,0,0,0,210,720,720,0,0,120,0,0,230
"20160201161755","California",34,"Female","Native, Born in USA","Never married","Non-Veteran","No","Employed","No","Government, state","No answer","Full time",35,"$50,000 to $59,999",2,0,"No","No difficulty",130,30,0,0,0,0,60,0,0,0,20,0,570,0,0,70,560,470,90,0,60,0,0,0
"20160201160145","Tennessee",62,"Female","Native, Born in USA","Never married","Non-Veteran","No","Not in labor force","No answer","No answer","Retired","No answer",NA,"$35,000 to $39,999",1,0,"No","Has difficulty",60,0,0,0,0,405,45,0,0,0,15,0,0,17,0,0,898,898,0,0,45,0,0,405
"20160302160926","Illinois",20,"Male","Native, Born in USA","Never married","Non-Veteran","No","Not in labor force","No answer","No answer","No answer","No answer",NA,"$60,000 to $74,999",2,0,"No","No difficulty",0,0,0,0,0,270,10,0,0,0,0,0,0,0,0,0,1160,1100,0,60,10,0,0,270
"20160212151319","California",34,"Female","Native, Born in USA","Married","Non-Veteran","No","Employed","No","Private, for profit","No answer","Full time",40,"$40,000 to $49,999",6,3,"Yes","No difficulty",10,0,0,0,445,150,80,0,0,0,0,150,0,0,0,0,605,605,0,0,80,0,150,150
"20160605161814","Tennessee",51,"Female","Foreign born, US citizen","Married","Non-Veteran","No","Employed","No","Private, for profit","No answer","Full time",70,"$150,000 and over",4,0,"No","No difficulty",50,0,0,0,0,475,180,0,0,0,70,0,0,0,0,0,665,603,60,2,165,0,0,475
"20160403160794","California",22,"Female","Native, Born in USA","Married","Non-Veteran","No","Not in labor force","No answer","No answer","No answer","No answer",NA,"$20,000 to $24,999",2,0,"No","No difficulty",0,0,0,0,0,175,140,0,0,0,0,0,0,0,0,645,480,480,0,0,140,0,0,175
"20160908160622","Florida",33,"Female","Native, Born in USA","Married","Non-Veteran","No","Employed","No","Private, for profit","No answer","Full time",40,"$30,000 to $34,999",4,2,"Yes","No difficulty",45,0,0,0,0,155,60,0,0,0,0,0,525,0,325,30,300,250,50,0,60,0,0,155
"20160201161440","Illinois",25,"Male","Native, Born in USA","Married","Non-Veteran","No","Employed","Yes","Private, for profit","No answer","Full time",50,"$40,000 to $49,999",2,0,"No","No difficulty",140,0,90,180,0,310,30,0,0,0,65,0,0,0,0,75,550,505,45,0,30,0,0,310
"20160808161948","Minnesota",53,"Female","Native, Born in USA","Never married","Non-Veteran","No","Not in labor force","No answer","No answer","No answer","No answer",NA,"$15,000 to $19,999",1,0,"No","Has difficulty",65,0,0,0,0,465,50,0,0,0,75,0,0,0,0,125,660,540,0,120,50,0,0,465
"20161009160885","Colorado",25,"Male","Foreign born, not US citizen","Never married","Non-Veteran","No","Employed","No","Private, for profit","No answer","Full time",40,"$30,000 to $34,999",2,0,"No","No difficulty",0,0,0,0,0,810,60,0,0,0,0,0,0,0,0,120,450,450,0,0,60,0,0,810
"20161009162166","Missori",15,"Female","Native, Born in USA","Never married","No answer","No","Not in labor force","No answer","No answer","No answer","No answer",NA,"Less than $5,000",3,1,"Yes","No difficulty",70,0,0,0,60,245,65,0,0,60,120,0,0,3,0,67,735,705,30,0,65,0,0,245
"20160908161455","Texas",22,"Male","Native, Born in USA","Never married","Non-Veteran","No","Employed","No","Private, for profit","No answer","Full time",38,"$20,000 to $24,999",1,0,"No","No difficulty",80,0,0,0,0,505,55,0,0,0,0,0,455,0,0,0,345,300,45,0,55,0,0,505
"20160805162324","District of Columbia",28,"Female","Foreign born, not US citizen","Never married","Non-Veteran","No","Employed","No","Private, nonprofit","No answer","Full time",40,"$40,000 to $49,999",3,0,"No","No difficulty",60,0,0,0,15,100,20,0,0,0,0,0,570,0,0,70,605,525,65,15,20,0,0,100
"20161009162342","California",69,"Female","Foreign born, US citizen","Married","Non-Veteran","No","Not in labor force","No answer","No answer","Retired","No answer",NA,"$150,000 and over",2,0,"No","No difficulty",155,0,0,0,0,320,30,0,0,0,0,0,0,355,0,75,505,460,45,0,30,0,0,320
"20160112152195","New Jersey",37,"Female","Foreign born, US citizen","Married","Non-Veteran","No","Employed","No","Private, for profit","No answer","Part time",NA,"$75,000 to $99,999",4,2,"Yes","No difficulty",190,0,240,0,0,60,165,0,0,0,0,0,0,0,45,140,540,540,0,0,165,0,0,60
"20161009160933","California",47,"Male","Native, Born in USA","Married","Non-Veteran","No","Employed","No","Private, nonprofit","No answer","Part time",25,"$60,000 to $74,999",6,1,"Yes","No difficulty",368,0,0,0,0,0,15,0,0,0,2,150,310,15,35,65,480,460,20,0,15,0,150,0
"20160303161203","Alabama",85,"Female","Native, Born in USA","Widowed","Non-Veteran","No","Not in labor force","No answer","No answer","Retired","No answer",NA,"$25,000 to $29,999",1,0,"No","Has difficulty",20,0,0,30,0,410,70,0,0,0,110,0,0,0,0,200,600,570,30,0,70,0,0,410
"20161110161442","Utah",62,"Female","Native, Born in USA","Married","Non-Veteran","No","Not in labor force","No answer","No answer","Retired","No answer",NA,"$60,000 to $74,999",2,0,"No","No difficulty",30,0,0,180,0,75,120,0,0,0,0,0,0,180,0,105,750,585,165,0,120,0,0,75
"20160201162441","Illinois",55,"Female","Native, Born in USA","Married","Non-Veteran","No","Employed","No","Government, state","No answer","Full time",40,"$100,000 to $149,999",2,0,"No","No difficulty",18,0,0,0,0,102,0,0,0,0,3,0,752,0,0,15,550,495,55,0,0,0,0,102
"20161211162375","California",55,"Female","Native, Born in USA","Married","Non-Veteran","No","Employed","Yes","Private, for profit","No answer","Full time",44,"$75,000 to $99,999",3,0,"No","No difficulty",77,5,0,0,0,120,25,0,0,0,100,0,473,0,0,45,585,545,40,0,25,0,0,120
"20161211160853","Texas",68,"Female","Native, Born in USA","Widowed","Non-Veteran","No","Employed","No","Private, for profit","No answer","Part time",4,"$20,000 to $24,999",1,0,"No","No difficulty",41,5,0,0,0,600,50,0,20,0,60,0,0,0,0,154,510,450,60,0,50,0,0,600
"20160112150823","Colorado",45,"Female","Native, Born in USA","Divored","Non-Veteran","No","Not in labor force","No answer","No answer","No answer","No answer",NA,"$5,000 to $7,499",1,0,"No","Has difficulty",30,0,0,0,0,345,30,0,0,0,0,0,0,0,0,120,915,780,120,15,30,0,0,345
"20160112152210","New York",85,"Female","Native, Born in USA","Widowed","Non-Veteran","No","Not in labor force","No answer","No answer","Retired","No answer",NA,"$50,000 to $59,999",1,0,"No","No difficulty",0,0,0,0,0,770,75,0,0,0,0,0,0,0,0,65,530,525,0,5,75,0,0,770
"20160706160649","South Carolina",53,"Female","Native, Born in USA","Divored","Non-Veteran","No","Not in labor force","No answer","No answer","No answer","No answer",NA,"$60,000 to $74,999",1,0,"No","No difficulty",210,15,0,0,65,80,75,0,0,0,0,0,0,165,0,385,445,390,55,0,75,0,0,80
"20161110160586","Georgia",37,"Male","Native, Born in USA","Divored","Non-Veteran","No","Employed","No","Private, for profit","No answer","Full time",40,"$150,000 and over",1,0,"No","No difficulty",270,0,0,0,0,150,30,0,0,0,0,0,600,0,0,0,390,390,0,0,30,0,0,150
"20160504160107","North Carolina",37,"Female","Native, Born in USA","Married","Non-Veteran","No","Employed","No","Private, for profit","No answer","Full time",40,"$30,000 to $34,999",4,3,"Yes","No difficulty",50,10,0,0,0,270,45,0,0,0,0,0,0,0,260,15,790,725,65,0,45,0,0,270
"20161009162202","Texas",79,"Female","Native, Born in USA","Widowed","Non-Veteran","No","Employed","No","Self-employed, unincorporated","No answer","Part time",0,"$15,000 to $19,999",2,0,"No","No difficulty",45,0,0,45,45,165,20,0,0,0,60,0,0,0,0,280,780,750,30,0,20,0,0,165
"20160707161818","Pennsylvania",52,"Female","Native, Born in USA","Married","Non-Veteran","No","Employed","No","Private, for profit","No answer","Full time",45,"$50,000 to $59,999",2,0,"No","No difficulty",40,30,0,0,0,410,25,0,0,0,120,0,0,0,20,140,655,575,60,0,25,0,0,410
"20160504162031","Colorado",53,"Female","Native, Born in USA","Never married","Non-Veteran","No","Employed","Yes","Government, local","No answer","Part time",30,"$40,000 to $49,999",1,0,"No","No difficulty",85,0,0,0,0,285,30,0,0,0,15,0,504,0,0,16,505,480,25,0,30,0,0,285
"20160201161986","California",75,"Male","Native, Born in USA","Married","Non-Veteran","No","Not in labor force","No answer","No answer","Retired","No answer",NA,"$75,000 to $99,999",2,0,"No","No difficulty",195,0,0,0,135,171,88,0,0,0,0,0,0,161,0,408,282,247,35,0,88,0,0,171
"20161009161361","Kansas",54,"Male","Native, Born in USA","Never married","Non-Veteran","No","Employed","No","Private, for profit","No answer","Full time",60,"$100,000 to $149,999",4,2,"Yes","No difficulty",65,0,0,0,0,75,65,0,0,0,0,0,575,0,170,15,475,475,0,0,65,0,0,75
"20160807162230","California",77,"Male","Foreign born, US citizen","Married","Non-Veteran","No","Not in labor force","No answer","No answer","Retired","No answer",NA,"$75,000 to $99,999",2,0,"No","No difficulty",625,0,0,20,0,30,110,0,0,0,20,0,0,120,0,15,500,478,20,2,110,0,0,30
"20160808161517","Idaho",50,"Male","Foreign born, US citizen","Separated","Non-Veteran","No","Employed","No","Private, nonprofit","No answer","Full time",40,"$30,000 to $34,999",1,0,"No","No difficulty",80,0,0,0,0,140,57,0,0,0,10,0,500,0,0,225,428,428,0,0,57,0,0,140
"20161211161498","New York",38,"Male","Native, Born in USA","Never married","Non-Veteran","No","Employed","No","Private, for profit","No answer","Full time",65,"$150,000 and over",1,0,"No","No difficulty",61,0,0,0,30,450,50,0,0,0,0,0,300,0,0,0,549,549,0,0,50,0,0,450
"20160201161379","Idaho",28,"Male","Native, Born in USA","Married","Non-Veteran","No","Employed","Yes","Private, for profit","No answer","Full time",55,"$60,000 to $74,999",4,2,"Yes","No difficulty",170,0,0,0,30,275,90,0,0,0,5,0,80,0,27,125,638,598,40,0,90,0,0,275
"20160301161732","Illinois",57,"Male","Native, Born in USA","Married","Non-Veteran","No","Employed","No","Government, state","No answer","Full time",55,"$100,000 to $149,999",2,0,"No","No difficulty",25,30,0,0,0,240,30,0,0,0,120,0,120,0,0,240,635,635,0,0,30,0,0,240
"20160303160878","Hawaii",47,"Female","Native, Born in USA","Married","Non-Veteran","No","Not in labor force","No answer","No answer","No answer","No answer",NA,"$75,000 to $99,999",3,1,"Yes","No difficulty",235,90,0,0,0,249,65,0,0,0,15,0,0,0,96,255,435,420,15,0,65,0,0,249
"20160706161501","Illinois",48,"Female","Native, Born in USA","Married","Non-Veteran","No","Employed","No","Self-employed, unincorporated","No answer","Part time",10,"$75,000 to $99,999",3,1,"Yes","No difficulty",30,100,0,0,15,215,125,0,0,0,13,0,100,0,30,300,502,372,130,0,125,0,0,215
"20160403161492","Maryland",42,"Female","Native, Born in USA","Married","Non-Veteran","No","Employed","No","Government, state","No answer","Full time",40,"$75,000 to $99,999",2,0,"No","No difficulty",134,0,0,0,0,150,30,0,0,0,10,0,529,0,0,160,427,307,120,0,30,0,0,150
"20161009161289","Texas",30,"Female","Native, Born in USA","Divored","Non-Veteran","No","Not in labor force","No answer","No answer","No answer","No answer",NA,"$75,000 to $99,999",5,2,"Yes","No difficulty",20,0,0,0,0,30,60,0,0,0,60,0,0,0,410,110,750,685,65,0,60,0,0,30
"20161211162094","Texas",80,"Female","Native, Born in USA","Widowed","Non-Veteran","No","Not in labor force","No answer","No answer","Retired","No answer",NA,"$15,000 to $19,999",1,0,"No","No difficulty",60,0,0,30,0,0,60,0,0,0,60,0,0,0,0,705,525,465,60,0,60,0,0,0
"20160605162312","Colorado",40,"Female","Native, Born in USA","Married","Non-Veteran","No","Not in labor force","No answer","No answer","No answer","No answer",NA,"$100,000 to $149,999",6,4,"Yes","No difficulty",60,0,0,0,0,149,75,0,0,0,0,0,0,0,256,480,420,420,0,0,75,0,0,149
"20161211162044","Kansas",31,"Male","Native, Born in USA","Never married","Non-Veteran","No","Employed","Yes","Private, for profit","No answer","Full time",95,"$30,000 to $34,999",1,0,"No","No difficulty",23,0,0,0,0,238,75,0,0,0,5,0,569,0,0,0,530,480,30,20,75,0,0,238
"20160403160577","Kansas",58,"Female","Native, Born in USA","Married","Non-Veteran","No","Not in labor force","No answer","No answer","No answer","No answer",NA,"$10,000 to $12,499",4,2,"Yes","Has difficulty",0,0,0,0,0,60,30,0,0,0,0,0,0,0,0,0,1350,1014,3,333,30,0,0,60
"20160403162240","Montana",59,"Male","Native, Born in USA","Divored","Non-Veteran","No","Not in labor force","No answer","No answer","No answer","No answer",NA,"$50,000 to $59,999",1,0,"No","No difficulty",60,0,0,90,60,308,65,0,0,0,5,0,0,0,0,166,686,649,35,2,65,0,0,308
"20160504161666","Illinois",46,"Female","Native, Born in USA","Married","Non-Veteran","No","Unemployed, Looking","No answer","No answer","No answer","No answer",NA,"$30,000 to $34,999",3,0,"No","No difficulty",40,0,0,260,0,35,20,0,0,0,0,0,0,0,0,505,565,540,25,0,20,0,0,35
"20160604161275","Illinois",80,"Female","Native, Born in USA","Widowed","Non-Veteran","No","Not in labor force","No answer","No answer","Retired","No answer",NA,"$25,000 to $29,999",1,0,"No","No difficulty",14,0,0,60,0,361,60,0,0,0,0,0,0,0,0,460,485,435,50,0,60,0,0,361
"20161111162378","Wisconsin",69,"Female","Native, Born in USA","Divored","Non-Veteran","No","Employed","No","Private, for profit","No answer","Part time",32,"$15,000 to $19,999",2,1,"Yes","No difficulty",48,0,0,0,0,295,10,0,0,0,0,0,332,0,60,50,645,620,25,0,10,0,0,295
"20160302162223","Pennsylvania",63,"Male","Native, Born in USA","Never married","Veteran","No","Employed","No","Government, federal","No answer","Full time",40,"$35,000 to $39,999",1,0,"No","No difficulty",660,0,0,0,30,105,75,0,0,0,0,0,0,0,0,120,450,420,30,0,75,0,0,105
"20160202161683","Georgia",56,"Female","Native, Born in USA","Married","Veteran","No","Employed","No","Private, for profit","No answer","Full time",40,"$100,000 to $149,999",2,0,"No","Has difficulty",86,0,0,0,0,355,35,0,0,0,0,0,474,0,0,92,398,360,38,0,30,0,0,355
"20160807162079","California",46,"Female","Foreign born, not US citizen","Married","Non-Veteran","No","Employed","No","Private, for profit","No answer","Full time",40,"$12,500 to $14,999",3,2,"Yes","No difficulty",72,0,0,10,0,0,95,0,0,0,0,0,345,0,126,145,647,585,62,0,95,0,0,0
"20160504161249","Florida",36,"Female","Native, Born in USA","Married","Non-Veteran","No","Employed","No","Government, state","No answer","Full time",40,"$100,000 to $149,999",2,0,"No","No difficulty",172,0,0,0,90,0,0,0,0,0,40,0,410,0,0,80,648,578,70,0,0,0,0,0
"20161110160743","Minnesota",63,"Female","Native, Born in USA","Married","Non-Veteran","No","Not in labor force","No answer","No answer","Retired","No answer",NA,"$50,000 to $59,999",1,0,"No","No difficulty",178,11,0,0,10,270,40,0,0,125,52,0,0,0,0,130,624,570,54,0,40,0,0,270
"20160302162028","California",54,"Female","Foreign born, US citizen","Married","Non-Veteran","No","Not in labor force","No answer","No answer","No answer","No answer",NA,"$20,000 to $24,999",4,0,"No","No difficulty",105,0,0,120,0,305,100,0,0,0,0,0,0,0,0,110,700,670,30,0,100,0,0,305
"20160112151876","Maryland",53,"Male","Native, Born in USA","Married","Non-Veteran","No","Employed","No","Private, for profit","No answer","Full time",37,"$40,000 to $49,999",5,3,"Yes","No difficulty",45,135,0,0,0,150,30,0,0,0,0,0,510,0,20,90,460,420,40,0,30,0,0,150
"20160706161742","New York",80,"Female","Native, Born in USA","Widowed","Non-Veteran","No","Not in labor force","No answer","No answer","Retired","No answer",NA,"$12,500 to $14,999",1,0,"No","No difficulty",0,0,0,0,0,780,90,0,0,0,0,0,0,0,0,18,552,540,0,12,90,0,0,780
"20160706161349","Texas",69,"Male","Native, Born in USA","Married","Non-Veteran","No","Not in labor force","No answer","No answer","Retired","No answer",NA,"$60,000 to $74,999",2,0,"No","No difficulty",0,0,0,0,0,779,40,0,0,0,0,0,0,0,0,46,575,525,45,5,40,0,0,779
"20160604161204","Indiana",34,"Male","Foreign born, not US citizen","Married","Non-Veteran","No","Employed","No","Private, nonprofit","No answer","Full time",48,"$40,000 to $49,999",4,2,"Yes","No difficulty",180,5,0,30,0,200,20,0,0,0,10,0,480,0,0,0,515,470,45,0,20,0,0,200
"20160402161333","Maine",32,"Female","Native, Born in USA","Married","Non-Veteran","No","Employed","No","Self-employed, unincorporated","No answer","Full time",36,"$75,000 to $99,999",4,2,"Yes","No difficulty",139,0,0,0,0,185,70,0,0,0,33,0,450,0,57,25,481,420,61,0,70,0,0,185
"20160909161644","Oregon",80,"Female","Native, Born in USA","Married","Non-Veteran","No","Not in labor force","No answer","No answer","Retired","No answer",NA,"$35,000 to $39,999",2,0,"No","No difficulty",20,0,0,0,0,255,120,0,0,0,0,0,0,0,0,450,595,575,20,0,120,0,0,255
"20160303160008","Louisiana",50,"Female","Native, Born in USA","Never married","Non-Veteran","No","Unemployed, Looking","No answer","No answer","No answer","No answer",NA,"$10,000 to $12,499",1,0,"No","No difficulty",65,30,0,20,0,435,70,0,0,0,0,0,0,10,0,90,630,630,0,0,70,0,0,435
"20160808161134","New Jersey",39,"Male","Foreign born, not US citizen","Married","Non-Veteran","No","Employed","No","Government, local","No answer","Part time",30,"$20,000 to $24,999",4,1,"Yes","No difficulty",40,0,0,0,60,0,60,0,0,0,0,340,0,0,0,220,720,720,0,0,60,0,340,0
"20161009160567","Pennsylvania",27,"Male","Native, Born in USA","Never married","Non-Veteran","No","Employed","No","Private, for profit","No answer","Part time",26,"$30,000 to $34,999",1,0,"No","No difficulty",100,0,0,0,0,110,15,0,0,0,10,0,475,0,0,60,670,565,105,0,15,0,0,110
"20161110160877","Wyoming",21,"Male","Native, Born in USA","Never married","Non-Veteran","No","Employed","No","Private, for profit","No answer","Part time",20,"$75,000 to $99,999",6,2,"Yes","No difficulty",135,0,0,330,0,270,75,0,0,0,0,120,0,0,0,10,500,480,20,0,75,0,120,270
"20160201161199","Florida",49,"Female","Native, Born in USA","Never married","Non-Veteran","No","Not in labor force","No answer","No answer","No answer","No answer",NA,"$7,500 to $9,999",2,1,"Yes","Has difficulty",20,0,0,0,0,195,90,0,0,0,120,0,0,0,0,320,670,535,105,30,90,0,0,195
"20160112152186","Colorado",47,"Male","Native, Born in USA","Married","Non-Veteran","No","Employed","No","Private, for profit","No answer","Full time",50,"$100,000 to $149,999",2,0,"No","No difficulty",40,0,0,0,0,370,95,0,0,0,5,0,240,0,0,150,540,540,0,0,95,0,0,370
"20160112151861","Hawaii",47,"Female","Native, Born in USA","Never married","Non-Veteran","No","Not in labor force","No answer","No answer","No answer","No answer",NA,"$40,000 to $49,999",2,0,"No","No difficulty",71,0,0,0,0,329,25,0,0,0,129,0,0,16,0,255,615,595,20,0,25,0,0,329
"20161211160881","Iowa",17,"Male","Native, Born in USA","Never married","No answer","No","Unemployed, Looking","No answer","No answer","No answer","No answer",NA,"$25,000 to $29,999",4,1,"Yes","Has difficulty",45,0,0,0,0,159,188,0,0,0,10,443,0,3,0,45,547,517,30,0,173,383,60,159
"20161209161123","California",62,"Male","Foreign born, US citizen","Married","Non-Veteran","No","Employed","No","Private, for profit","No answer","Full time",40,"$75,000 to $99,999",6,2,"Yes","No difficulty",55,0,0,0,15,60,95,0,0,0,5,0,630,0,0,0,580,540,40,0,95,0,0,60
"20160807160002","Illinois",20,"Female","Native, Born in USA","Never married","Non-Veteran","No","Employed","No","Self-employed, unincorporated","No answer","Part time",30,"$7,500 to $9,999",2,1,"Yes","No difficulty",205,0,0,0,0,210,10,0,0,0,0,0,0,0,15,215,735,600,135,0,10,0,0,210
"20160301160815","Michigan",40,"Male","Native, Born in USA","Never married","Non-Veteran","No","Employed","No","Private, for profit","No answer","Full time",40,"$25,000 to $29,999",3,0,"No","No difficulty",125,0,0,0,0,179,75,0,0,0,0,0,585,0,0,0,476,360,116,0,75,0,0,179
"20160706161179","Ohio",23,"Male","Native, Born in USA","Never married","Non-Veteran","No","Employed","No","Private, for profit","No answer","Full time",36,"Less than $5,000",2,0,"No","No difficulty",35,0,0,0,10,300,35,0,0,0,0,120,430,0,0,0,510,450,60,0,35,120,0,300
"20161009161841","Texas",21,"Male","Native, Born in USA","Never married","Non-Veteran","No","Not in labor force","No answer","No answer","No answer","No answer",NA,"$150,000 and over",4,1,"Yes","No difficulty",125,0,0,0,0,45,150,0,0,0,0,375,0,0,0,10,735,715,20,0,150,375,0,45
"20160909161037","Georgia",53,"Male","Native, Born in USA","Divored","Non-Veteran","No","Not in labor force","No answer","No answer","No answer","No answer",NA,"Less than $5,000",1,0,"No","Has difficulty",0,0,0,0,0,405,45,0,0,0,0,0,0,0,0,180,810,780,30,0,45,0,0,405
"20161110162448","Oregon",61,"Female","Native, Born in USA","Divored","Non-Veteran","No","Not in labor force","No answer","No answer","No answer","No answer",NA,"$10,000 to $12,499",1,0,"No","No difficulty",30,0,0,0,0,275,15,0,0,0,40,0,0,0,0,265,815,725,90,0,15,0,0,275
"20161110160711","Massachusetts",73,"Female","Native, Born in USA","Divored","Non-Veteran","No","Not in labor force","No answer","No answer","Retired","No answer",NA,"$25,000 to $29,999",1,0,"No","No difficulty",120,15,0,0,0,583,35,0,0,0,0,0,0,0,0,166,521,490,30,1,35,0,0,583
"20161009161570","Indiana",30,"Male","Foreign born, not US citizen","Never married","Non-Veteran","No","Employed","No","Private, for profit","No answer","Full time",40,"$20,000 to $24,999",5,3,"Yes","No difficulty",140,0,0,0,0,60,90,0,0,0,0,0,505,0,85,0,560,515,45,0,90,0,0,60
"20160404161518","Massachusetts",53,"Female","Native, Born in USA","Married","Non-Veteran","No","Employed","No","Private, nonprofit","No answer","Full time",35,"$150,000 and over",2,0,"No","No difficulty",85,0,0,0,100,303,30,0,0,12,0,0,420,0,0,15,475,445,30,0,30,0,0,303
"20160707161580","Virginia",85,"Female","Native, Born in USA","Widowed","Non-Veteran","No","Not in labor force","No answer","No answer","Retired","No answer",NA,"$40,000 to $49,999",1,0,"No","Has difficulty",0,0,0,0,0,660,25,0,0,0,0,0,0,0,0,20,735,720,15,0,25,0,0,660
"20160807162175","Indiana",48,"Female","Native, born abroad","Married","Non-Veteran","No","Employed","No","Government, state","No answer","Full time",50,"$75,000 to $99,999",2,0,"No","No difficulty",94,5,0,60,60,200,160,0,0,0,0,30,60,0,0,145,626,540,86,0,160,0,30,200
"20160202161572","Michigan",50,"Female","Native, Born in USA","Married","Non-Veteran","No","Employed","No","Government, state","No answer","Full time",45,"$75,000 to $99,999",2,0,"No","No difficulty",110,0,0,0,0,485,83,0,0,0,72,0,30,0,0,240,420,420,0,0,83,0,0,485
"20161211161360","Louisiana",30,"Female","Native, Born in USA","Married","Non-Veteran","No","Employed","No","Private, for profit","No answer","Full time",40,"$75,000 to $99,999",2,0,"No","No difficulty",146,0,0,0,0,379,140,15,0,0,60,0,0,0,10,0,690,495,195,0,140,0,0,379
"20160403161780","Colorado",54,"Female","Foreign born, US citizen","Never married","Non-Veteran","No","Employed","No","Private, nonprofit","No answer","Full time",35,"Less than $5,000",1,0,"No","No difficulty",0,0,0,0,0,335,50,0,0,0,0,0,0,0,0,0,1055,1055,0,0,50,0,0,335
"20160807162113","California",63,"Female","Native, Born in USA","Divored","Non-Veteran","No","Unemployed, Laid off","No answer","No answer","No answer","No answer",NA,"$75,000 to $99,999",1,0,"No","No difficulty",180,10,0,0,0,0,0,0,0,0,30,0,0,0,0,720,500,440,60,0,0,0,0,0
"20160605162545","Georgia",44,"Male","Native, Born in USA","Married","Non-Veteran","No","Employed","No","Private, for profit","No answer","Full time",50,"$100,000 to $149,999",6,3,"Yes","No difficulty",30,0,0,0,0,315,135,0,0,0,0,0,0,0,0,390,570,550,20,0,135,0,0,315
"20160503161975","California",57,"Female","Foreign born, US citizen","Married","Non-Veteran","No","Employed","No","Private, nonprofit","No answer","Full time",40,"$7,500 to $9,999",3,0,"No","No difficulty",55,22,0,0,0,180,70,0,0,0,12,0,623,0,0,8,470,380,90,0,70,0,0,180
"20161009161308","Texas",45,"Male","Native, Born in USA","Married","Non-Veteran","No","Employed","No","Private, for profit","No answer","Full time",40,"$50,000 to $59,999",2,0,"No","No difficulty",50,0,0,0,0,255,10,0,0,0,15,0,460,0,0,120,510,450,60,0,10,0,0,255
"20160504160746","New York",79,"Male","Native, Born in USA","Married","Veteran","No","Not in labor force","No answer","No answer","Retired","No answer",NA,"$150,000 and over",1,0,"No","No difficulty",120,0,0,0,0,525,10,0,0,0,25,0,0,15,0,90,655,630,20,5,10,0,0,525
"20160403160605","North Carolina",75,"Female","Native, Born in USA","Widowed","Non-Veteran","No","Not in labor force","No answer","No answer","Retired","No answer",NA,"$20,000 to $24,999",1,0,"No","No difficulty",98,50,0,0,0,124,75,0,0,8,25,0,0,0,0,520,540,420,120,0,75,0,0,124
"20160807161799","Virginia",59,"Female","Native, Born in USA","Married","Non-Veteran","No","Employed","No","Government, state","No answer","Full time",40,"$40,000 to $49,999",2,0,"No","No difficulty",55,0,0,10,0,0,60,0,0,0,0,0,515,0,0,345,440,395,45,0,60,0,0,0
"20161210161236","Arizona",78,"Male","Native, Born in USA","Divored","Veteran","No","Not in labor force","No answer","No answer","Retired","No answer",NA,"$20,000 to $24,999",2,0,"No","No difficulty",0,0,0,0,0,860,10,0,0,0,0,0,0,0,0,0,570,570,0,0,10,0,0,860
"20161109161523","Arizona",26,"Female","Foreign born, not US citizen","Married","Non-Veteran","No","Employed","No","Private, for profit","No answer","Full time",40,"$60,000 to $74,999",2,0,"No","No difficulty",35,0,0,0,0,565,60,0,0,0,0,0,0,0,0,0,780,780,0,0,60,0,0,565
"20160112150921","Illinois",51,"Male","Foreign born, US citizen","Married","Non-Veteran","No","Employed","No","Private, for profit","No answer","Full time",40,"$50,000 to $59,999",5,1,"Yes","No difficulty",115,0,0,0,0,630,150,0,0,0,0,0,60,0,0,0,485,465,20,0,150,0,0,630
"20160605160773","Utah",31,"Male","Native, Born in USA","Married","Non-Veteran","No","Employed","No","Private, for profit","No answer","Full time",45,"$100,000 to $149,999",2,0,"No","No difficulty",65,0,0,0,60,97,22,0,0,0,8,0,633,0,0,10,545,480,65,0,22,0,0,97
"20161009161651","Missori",63,"Female","Native, Born in USA","Married","Non-Veteran","No","Not in labor force","No answer","No answer","Retired","No answer",NA,"$60,000 to $74,999",2,0,"No","No difficulty",24,0,0,0,0,601,215,0,0,0,30,0,0,0,0,270,300,285,15,0,215,0,0,601
"20160201161987","California",52,"Female","Native, Born in USA","Divored","Non-Veteran","No","Employed","No","Government, local","No answer","Full time",40,"$100,000 to $149,999",3,0,"No","No difficulty",65,0,0,0,0,440,35,0,0,0,0,0,0,125,0,115,660,660,0,0,35,0,0,440
"20160807162029","Wisconsin",32,"Male","Native, Born in USA","Married","Non-Veteran","No","Employed","Yes","Private, for profit","No answer","Full time",55,"$75,000 to $99,999",4,2,"Yes","No difficulty",60,0,0,0,0,413,30,0,0,0,0,0,0,0,395,45,497,495,2,0,30,0,0,413
"20160806161329","North Carolina",45,"Female","Native, Born in USA","Divored","Non-Veteran","No","Employed","No","Private, for profit","No answer","Part time",NA,"$30,000 to $34,999",2,1,"Yes","No difficulty",68,0,0,0,0,283,25,0,0,0,5,0,530,0,0,49,480,450,30,0,25,0,0,283
"20160201162375","Kansas",18,"Female","Native, Born in USA","Never married","Non-Veteran","No","Employed","No","Government, state","No answer","Part time",30,"$40,000 to $49,999",5,2,"Yes","No difficulty",61,0,0,0,60,113,60,0,0,20,0,428,115,0,0,10,573,510,62,1,60,428,0,113
"20161211160867","Michigan",53,"Male","Native, Born in USA","Married","Non-Veteran","No","Employed","No","Private, for profit","No answer","Full time",40,"$60,000 to $74,999",6,2,"Yes","No difficulty",170,25,0,0,0,210,120,0,0,0,10,0,0,0,15,255,635,605,30,0,120,0,0,210
"20160112151335","Arizona",54,"Female","Native, Born in USA","Married","Non-Veteran","No","Employed","No","Private, for profit","No answer","Part time",25,"$150,000 and over",5,1,"Yes","No difficulty",55,0,0,0,0,30,45,0,0,0,85,0,104,0,201,230,570,540,30,0,45,0,0,30
"20160604161120","Texas",46,"Female","Foreign born, not US citizen","Divored","Non-Veteran","No","Not in labor force","No answer","No answer","No answer","No answer",NA,"$25,000 to $29,999",7,3,"Yes","No difficulty",80,0,0,30,0,180,220,0,0,0,0,0,0,0,100,190,640,600,40,0,220,0,0,180
"20160908160890","Massachusetts",77,"Female","Native, Born in USA","Divored","Non-Veteran","No","Employed","No","Private, nonprofit","No answer","Part time",32,"$15,000 to $19,999",1,0,"No","No difficulty",82,0,0,0,60,314,25,0,0,0,0,0,378,0,0,113,468,420,45,3,25,0,0,314
"20160302160915","Illinois",32,"Male","Native, Born in USA","Never married","Non-Veteran","No","Employed","No","Private, for profit","No answer","Full time",40,"$100,000 to $149,999",1,0,"No","No difficulty",25,0,0,0,60,355,120,0,0,0,10,0,0,0,0,250,620,600,20,0,120,0,0,355
"20160302161433","Mississippi",54,"Female","Native, Born in USA","Never married","Non-Veteran","No","Employed","No","Private, for profit","No answer","Full time",40,"$40,000 to $49,999",2,1,"Yes","No difficulty",60,0,0,0,0,120,120,0,0,0,0,0,515,0,65,85,475,450,25,0,120,0,0,120
"20161211160827","Oklahoma",46,"Female","Native, Born in USA","Married","Non-Veteran","No","Employed","Yes","Private, for profit","No answer","Full time",45,"$100,000 to $149,999",4,2,"Yes","No difficulty",40,0,0,2,0,205,30,0,0,0,0,0,0,30,8,680,445,413,32,0,30,0,0,205
"20160112152520","District of Columbia",61,"Female","Native, Born in USA","Married","Non-Veteran","No","Employed","No","Private, nonprofit","No answer","Full time",50,"$150,000 and over",1,0,"No","No difficulty",85,45,0,110,0,200,20,0,0,0,45,240,45,0,0,115,535,475,60,0,20,0,240,200
"20160403162037","Louisiana",79,"Female","Native, Born in USA","Married","Non-Veteran","No","Not in labor force","No answer","No answer","Retired","No answer",NA,"$30,000 to $34,999",2,0,"No","No difficulty",60,0,0,0,0,435,85,0,0,0,0,0,0,0,0,215,645,600,45,0,85,0,0,435
"20160908160770","Virginia",20,"Male","Native, Born in USA","Never married","Non-Veteran","No","Employed","No","Private, for profit","No answer","Full time",40,"$100,000 to $149,999",3,0,"No","No difficulty",112,0,0,0,0,251,15,0,0,0,20,0,622,0,0,10,410,395,15,0,15,0,0,251
"20161009162304","Illinois",43,"Female","Native, Born in USA","Divored","Non-Veteran","No","Employed","No","Private, for profit","No answer","Full time",40,"$100,000 to $149,999",4,3,"Yes","No difficulty",305,0,0,0,0,165,75,0,0,0,0,0,0,0,300,60,535,535,0,0,75,0,0,165
"20161210161333","Washington",56,"Male","Native, Born in USA","Married","Non-Veteran","No","Employed","No","Self-employed, unincorporated","No answer","Full time",50,"$30,000 to $34,999",4,2,"Yes","No difficulty",40,0,0,0,75,150,35,0,0,0,0,0,655,0,60,0,425,390,35,0,35,0,0,150
"20161109160890","Missori",17,"Male","Native, Born in USA","Never married","No answer","No","Unemployed, Looking","No answer","No answer","No answer","No answer",NA,"$75,000 to $99,999",3,1,"Yes","No difficulty",75,0,0,0,60,551,60,0,0,0,0,0,0,0,0,0,694,679,15,0,60,0,0,551
"20161009161534","Oregon",54,"Male","Native, Born in USA","Separated","Veteran","No","Employed","No","Private, for profit","No answer","Full time",40,"$60,000 to $74,999",1,0,"No","No difficulty",80,35,0,0,0,175,45,0,0,0,30,0,435,30,0,106,375,330,45,0,45,0,0,175
"20160605162446","California",49,"Male","Foreign born, US citizen","Never married","Non-Veteran","No","Employed","No","Self-employed, unincorporated","No answer","Part time",8,"$7,500 to $9,999",1,0,"No","No difficulty",215,0,0,0,0,205,15,0,0,0,0,0,250,0,0,35,720,690,30,0,15,0,0,205
"20160504162309","Pennsylvania",23,"Male","Native, Born in USA","Never married","Non-Veteran","No","Employed","No","Private, for profit","No answer","Full time",45,"$40,000 to $49,999",2,0,"No","No difficulty",30,0,0,0,0,260,60,0,0,0,60,0,0,0,0,535,495,495,0,0,60,0,0,260
"20161009160909","New York",31,"Male","Native, Born in USA","Never married","Non-Veteran","No","Employed","No","Private, for profit","No answer","Full time",40,"$100,000 to $149,999",2,0,"No","No difficulty",115,0,0,0,0,150,75,0,0,0,0,0,510,6,5,20,559,529,30,0,70,0,0,150
"20161009162421","Ohio",34,"Female","Native, Born in USA","Never married","Non-Veteran","No","Employed","No","Private, for profit","No answer","Full time",40,"$12,500 to $14,999",4,1,"Yes","No difficulty",42,0,0,0,0,130,20,0,0,0,20,0,318,0,20,305,585,585,0,0,20,0,0,130
"20160909161669","Texas",15,"Male","Native, Born in USA","Never married","No answer","No","Not in labor force","No answer","No answer","No answer","No answer",NA,"$100,000 to $149,999",4,1,"Yes","No difficulty",10,0,0,0,0,70,30,0,0,0,45,425,0,0,0,85,775,715,60,0,30,0,425,70
"20160112150953","Pennsylvania",72,"Female","Native, Born in USA","Divored","Non-Veteran","No","Not in labor force","No answer","No answer","Retired","No answer",NA,"$12,500 to $14,999",2,0,"No","No difficulty",30,0,0,0,0,691,30,0,0,0,25,0,0,0,0,4,660,600,60,0,30,0,0,691
"20160302160902","Connecticut",53,"Male","Native, Born in USA","Never married","Non-Veteran","No","Employed","No","Government, state","No answer","Full time",35,"$75,000 to $99,999",1,0,"No","No difficulty",0,0,0,0,0,120,120,0,0,0,0,0,0,0,0,510,690,630,60,0,120,0,0,120
"20161010162425","Alabama",29,"Male","Native, Born in USA","Never married","Veteran","No","Employed","No","Private, for profit","No answer","Full time",40,"$60,000 to $74,999",1,0,"No","No difficulty",50,0,0,0,0,295,20,0,0,0,30,0,460,0,0,125,460,420,40,0,20,0,0,295
"20160706161473","Michigan",57,"Female","Native, Born in USA","Never married","Non-Veteran","No","Employed","No","Private, for profit","No answer","Full time",40,"$15,000 to $19,999",1,0,"No","No difficulty",115,0,0,0,45,380,75,0,0,0,70,0,0,0,0,240,515,480,35,0,75,0,0,380
"20160504162127","Minnesota",28,"Male","Native, Born in USA","Married","Non-Veteran","No","Employed","No","Private, for profit","No answer","Full time",50,"$100,000 to $149,999",2,0,"No","No difficulty",20,0,0,0,45,90,40,0,0,0,0,0,515,0,0,100,630,585,45,0,40,0,0,90
"20160302161484","California",71,"Female","Foreign born, US citizen","Married","Non-Veteran","No","Not in labor force","No answer","No answer","Retired","No answer",NA,"$15,000 to $19,999",2,0,"No","No difficulty",54,161,150,115,0,275,125,0,0,0,0,0,0,0,0,110,450,390,60,0,95,0,0,275
"20160112150107","Pennsylvania",44,"Female","Native, Born in USA","Married","Non-Veteran","No","Employed","No","Private, for profit","No answer","Full time",38,"$60,000 to $74,999",3,1,"Yes","No difficulty",45,0,60,0,0,184,30,0,0,0,0,0,465,0,11,105,540,510,30,0,30,0,0,184
"20161110160853","Michigan",53,"Male","Native, Born in USA","Never married","Non-Veteran","No","Employed","Yes","Private, for profit","No answer","Full time",85,"$100,000 to $149,999",3,0,"No","No difficulty",20,0,0,0,0,212,105,0,0,0,0,0,470,0,0,120,513,423,90,0,105,0,0,212
"20161211162112","Utah",25,"Male","Native, Born in USA","Married","Non-Veteran","No","Employed","No","Government, federal","No answer","Full time",40,"$40,000 to $49,999",5,3,"Yes","No difficulty",57,0,0,0,100,17,15,0,0,0,0,269,452,0,0,25,455,420,35,0,15,134,135,17
"20160111152441","Massachusetts",66,"Male","Native, Born in USA","Divored","Non-Veteran","No","Not in labor force","No answer","No answer","No answer","No answer",NA,"$40,000 to $49,999",2,0,"No","No difficulty",50,0,0,0,0,515,0,0,0,0,0,0,0,275,0,30,570,540,30,0,0,0,0,515
"20160112150975","Nebraska",27,"Female","Foreign born, not US citizen","Never married","Non-Veteran","No","Employed","No","Private, for profit","No answer","Full time",38,"$50,000 to $59,999",4,2,"Yes","No difficulty",85,0,0,120,0,70,20,0,0,0,0,0,440,0,0,90,615,600,15,0,20,0,0,70
"20160907162116","Arizona",23,"Male","Native, Born in USA","Never married","Non-Veteran","No","Employed","No","Private, for profit","No answer","Part time",25,"$40,000 to $49,999",3,0,"No","No difficulty",47,0,0,0,348,60,10,0,0,0,0,325,0,0,0,0,650,650,0,0,10,0,325,60
"20161110161163","Pennsylvania",85,"Male","Native, Born in USA","Married","Veteran","No","Not in labor force","No answer","No answer","Retired","No answer",NA,"$30,000 to $34,999",2,0,"No","Has difficulty",0,0,0,0,0,750,30,0,0,0,0,0,0,0,0,0,660,660,0,0,30,0,0,750
"20161211161962","Kansas",39,"Male","Native, Born in USA","Widowed","Non-Veteran","No","Employed","No","Private, for profit","No answer","Full time",65,"$40,000 to $49,999",6,4,"Yes","No difficulty",60,0,0,0,0,482,45,0,0,0,20,0,0,0,5,193,635,605,30,0,45,0,0,482
"20160706161347","Massachusetts",73,"Female","Native, Born in USA","Married","Non-Veteran","No","Not in labor force","No answer","No answer","Retired","No answer",NA,"$150,000 and over",3,0,"No","No difficulty",155,0,0,0,150,95,85,0,0,0,60,0,0,66,0,279,550,490,60,0,85,0,0,95
"20160201162328","Ohio",37,"Male","Native, Born in USA","Married","Non-Veteran","No","Employed","No","Private, nonprofit","No answer","Full time",65,"$100,000 to $149,999",3,1,"Yes","No difficulty",60,0,0,0,0,0,45,0,0,0,0,0,810,0,30,0,495,450,45,0,45,0,0,0
"20160212151632","Virginia",71,"Female","Native, Born in USA","Married","Veteran","No","Not in labor force","No answer","No answer","Retired","No answer",NA,"$35,000 to $39,999",2,0,"No","No difficulty",0,0,0,0,0,300,135,0,0,0,0,0,0,0,0,245,740,740,0,0,135,0,0,300
"20161009161358","Indiana",21,"Male","Native, Born in USA","Never married","Non-Veteran","No","Employed","No","Private, for profit","No answer","Full time",50,"$50,000 to $59,999",2,0,"No","No difficulty",0,0,0,0,0,510,90,0,0,0,0,0,0,0,0,0,840,840,0,0,90,0,0,510
"20161211162110","Ohio",22,"Female","Native, Born in USA","Married","Non-Veteran","No","Employed","No","Self-employed, unincorporated","No answer","Part time",3,"$35,000 to $39,999",3,1,"Yes","No difficulty",0,0,0,0,0,0,50,0,0,0,0,0,165,0,260,350,605,580,25,0,50,0,0,0
"20160302161406","Hawaii",40,"Male","Native, Born in USA","Never married","Non-Veteran","No","Employed","No","Private, for profit","No answer","Full time",50,"$100,000 to $149,999",1,0,"No","No difficulty",60,0,0,0,90,90,90,0,0,0,0,0,600,0,0,0,510,420,90,0,90,0,0,90
"20160806160803","South Carolina",53,"Female","Native, Born in USA","Divored","Veteran","No","Not in labor force","No answer","No answer","No answer","No answer",NA,"Less than $5,000",2,1,"Yes","No difficulty",60,0,0,0,0,450,15,0,0,0,0,0,0,0,2,330,583,583,0,0,15,0,0,450
"20160202162093","New Jersey",85,"Female","Native, Born in USA","Widowed","Non-Veteran","No","Not in labor force","No answer","No answer","Retired","No answer",NA,"$30,000 to $34,999",1,0,"No","Has difficulty",50,50,0,20,0,150,135,0,0,0,0,0,0,5,0,117,913,883,30,0,135,0,0,150
"20160403160743","Texas",45,"Female","Native, Born in USA","Married","Non-Veteran","No","Employed","No","Private, for profit","No answer","Part time",12,"$150,000 and over",5,3,"Yes","No difficulty",90,0,0,0,0,260,70,0,0,60,80,0,0,0,90,145,645,585,60,0,70,0,0,260
"20160807161101","Pennsylvania",34,"Female","Native, Born in USA","Never married","Non-Veteran","No","Employed","No","Private, for profit","No answer","Full time",45,"$75,000 to $99,999",1,0,"No","No difficulty",335,15,0,0,0,375,60,0,0,0,35,0,90,0,0,15,515,515,0,0,60,0,0,375
"20160202162323","Colorado",37,"Male","Foreign born, not US citizen","Married","Non-Veteran","No","Unemployed, Looking","No answer","No answer","No answer","No answer",NA,"$35,000 to $39,999",5,3,"Yes","No difficulty",150,0,0,0,0,660,60,0,0,0,0,0,30,0,60,0,480,470,10,0,60,0,0,660
"20160112152448","New York",85,"Male","Native, Born in USA","Married","Veteran","No","Not in labor force","No answer","No answer","Retired","No answer",NA,"$40,000 to $49,999",3,0,"No","No difficulty",25,0,0,0,0,415,120,0,0,0,120,0,0,0,0,160,600,600,0,0,120,0,0,415
"20160706161853","California",42,"Male","Foreign born, US citizen","Married","Non-Veteran","No","Employed","No","Private, for profit","No answer","Full time",45,"$50,000 to $59,999",3,1,"Yes","No difficulty",35,0,0,0,65,365,125,0,0,0,0,0,0,0,0,80,770,755,15,0,125,0,0,365
"20160504162452","Tennessee",44,"Male","Native, Born in USA","Married","Non-Veteran","No","Employed","No","Private, for profit","No answer","Full time",45,"$100,000 to $149,999",5,3,"Yes","No difficulty",80,0,0,90,75,355,60,0,0,0,30,0,0,0,0,80,670,615,55,0,60,0,0,355
"20160705161302","California",18,"Male","Native, Born in USA","Never married","Non-Veteran","No","Not in labor force","No answer","No answer","No answer","No answer",NA,"$15,000 to $19,999",3,1,"Yes","No difficulty",30,0,0,0,180,330,30,0,0,0,0,0,0,0,0,0,870,830,40,0,30,0,0,330
"20161211161567","Ohio",47,"Female","Native, Born in USA","Married","Non-Veteran","No","Not in labor force","No answer","No answer","No answer","No answer",NA,"$150,000 and over",4,2,"Yes","No difficulty",60,0,30,80,0,45,95,0,0,0,0,0,0,0,390,190,550,485,65,0,95,0,0,45
"20160302162029","Ohio",28,"Female","Native, Born in USA","Never married","Non-Veteran","No","Employed","Yes","Private, for profit","No answer","Full time",84,"$35,000 to $39,999",1,0,"No","No difficulty",85,0,0,0,0,0,30,0,0,0,0,400,60,0,0,225,520,460,60,0,30,370,30,0
"20160301161773","Florida",49,"Male","Foreign born, not US citizen","Married","Non-Veteran","No","Employed","No","Private, for profit","No answer","Full time",40,"$25,000 to $29,999",4,1,"Yes","No difficulty",62,0,0,0,0,443,45,0,0,0,50,0,0,0,0,150,690,690,0,0,45,0,0,443
"20161009160940","Ohio",70,"Male","Native, Born in USA","Divored","Non-Veteran","No","Not in labor force","No answer","No answer","Retired","No answer",NA,"$15,000 to $19,999",1,0,"No","No difficulty",110,61,0,0,0,564,130,0,0,0,0,0,0,0,0,165,275,245,30,0,130,0,0,564
"20160112150090","Illinois",16,"Male","Native, Born in USA","Never married","No answer","No","Not in labor force","No answer","No answer","No answer","No answer",NA,"$75,000 to $99,999",5,3,"Yes","No difficulty",140,0,0,0,0,288,20,0,0,0,420,0,0,0,2,0,570,540,30,0,20,0,0,288
"20160403161188","New Hampshire",50,"Female","Native, Born in USA","Divored","Non-Veteran","No","Employed","No","Private, for profit","No answer","Full time",38,"$40,000 to $49,999",2,0,"No","No difficulty",80,0,0,0,0,235,20,0,0,0,45,0,0,0,0,310,750,750,0,0,20,0,0,235
"20161009162206","California",66,"Female","Foreign born, not US citizen","Separated","Non-Veteran","No","Not in labor force","No answer","No answer","No answer","No answer",NA,"$5,000 to $7,499",1,0,"No","No difficulty",40,10,0,30,0,283,45,0,0,0,0,0,0,154,0,285,593,540,23,30,45,0,0,283
"20160201161578","Colorado",78,"Female","Native, Born in USA","Widowed","Non-Veteran","No","Not in labor force","No answer","No answer","Retired","No answer",NA,"$25,000 to $29,999",1,0,"No","Has difficulty",120,35,0,0,0,135,70,0,0,0,0,0,0,135,0,195,710,580,120,10,70,0,0,135
"20161110162214","New Jersey",46,"Female","Native, Born in USA","Never married","Non-Veteran","No","Employed","No","Government, local","No answer","Full time",35,"$60,000 to $74,999",1,0,"No","No difficulty",4,40,0,0,30,350,35,0,0,0,60,0,266,0,0,55,600,600,0,0,35,0,0,350
"20161009160932","North Carolina",67,"Female","Native, Born in USA","Divored","Non-Veteran","No","Not in labor force","No answer","No answer","No answer","No answer",NA,"$12,500 to $14,999",1,0,"No","Has difficulty",20,0,0,0,0,791,2,0,0,0,0,0,0,0,0,57,570,570,0,0,2,0,0,791
"20160303162493","Georgia",66,"Female","Native, Born in USA","Divored","Non-Veteran","No","Not in labor force","No answer","No answer","Retired","No answer",NA,"$40,000 to $49,999",2,0,"No","No difficulty",0,0,90,0,0,695,35,0,0,0,0,60,0,0,0,50,510,450,0,60,35,0,60,695
"20160707161774","New Mexico",26,"Female","Native, Born in USA","Married","Non-Veteran","No","Not in labor force","No answer","No answer","No answer","No answer",NA,"$75,000 to $99,999",4,2,"Yes","No difficulty",35,0,0,0,0,225,55,0,0,0,70,0,0,0,255,260,510,480,30,0,55,0,0,225
"20160201161309","South Carolina",61,"Male","Native, Born in USA","Married","Non-Veteran","No","Not in labor force","No answer","No answer","No answer","No answer",NA,"$25,000 to $29,999",2,0,"No","No difficulty",0,0,0,0,0,470,55,0,0,0,0,0,0,0,0,75,840,780,60,0,55,0,0,470
"20160908160684","Mississippi",37,"Female","Native, Born in USA","Never married","Non-Veteran","No","Not in labor force","No answer","No answer","No answer","No answer",NA,"$10,000 to $12,499",2,0,"No","No difficulty",20,0,0,0,5,244,90,0,0,0,5,0,0,0,94,270,712,690,20,2,90,0,0,244
"20161009161633","Minnesota",75,"Female","Native, Born in USA","Never married","Non-Veteran","No","Not in labor force","No answer","No answer","Retired","No answer",NA,"$50,000 to $59,999",1,0,"No","No difficulty",105,45,0,0,210,295,50,0,180,0,30,0,0,0,0,15,510,420,90,0,50,0,0,295
"20160402162326","Minnesota",51,"Female","Native, Born in USA","Married","Non-Veteran","No","Employed","No","Private, nonprofit","No answer","Full time",40,"$150,000 and over",4,2,"Yes","No difficulty",0,0,0,30,30,180,60,0,0,0,0,0,0,0,0,390,750,660,90,0,60,0,0,180
"20161211160144","Connecticut",29,"Female","Native, Born in USA","Never married","Non-Veteran","No","Unemployed, Looking","No answer","No answer","No answer","No answer",NA,"$7,500 to $9,999",1,0,"No","No difficulty",80,0,0,0,0,285,75,0,0,0,150,0,0,0,0,60,790,700,90,0,75,0,0,285
"20160403161344","Michigan",42,"Male","Native, Born in USA","Married","Non-Veteran","No","Employed","Yes","Self-employed, incorporated","No answer","Full time",69,"$150,000 and over",4,2,"Yes","No difficulty",360,0,0,0,0,150,60,0,0,0,15,0,90,0,60,210,495,495,0,0,60,0,0,150
"20160605162512","Connecticut",39,"Female","Foreign born, not US citizen","Never married","Non-Veteran","No","Employed","No","Private, for profit","No answer","Full time",42,"$20,000 to $24,999",3,2,"Yes","No difficulty",50,0,0,180,0,355,50,0,0,0,0,0,0,0,20,25,760,720,40,0,50,0,0,355
"20161009161642","Tennessee",68,"Male","Native, Born in USA","Divored","Veteran","No","Not in labor force","No answer","No answer","No answer","No answer",NA,"Less than $5,000",1,0,"No","No difficulty",0,0,0,0,210,420,120,0,0,0,0,0,0,0,0,180,300,300,0,0,120,0,0,420
"20161009162408","Texas",70,"Male","Native, Born in USA","Married","Non-Veteran","No","Employed","No","Self-employed, incorporated","No answer","Full time",50,"$150,000 and over",2,0,"No","Has difficulty",193,0,0,0,20,467,15,0,0,0,60,0,0,60,0,145,480,450,30,0,15,0,0,467
"20160404162361","Colorado",49,"Male","Native, Born in USA","Divored","Non-Veteran","No","Employed","No","Private, for profit","No answer","Full time",40,"$50,000 to $59,999",3,1,"Yes","No difficulty",0,0,0,0,0,240,50,0,0,0,0,0,0,0,0,730,420,420,0,0,50,0,0,240
"20161009162132","Washington",30,"Male","Native, Born in USA","Never married","Non-Veteran","No","Employed","No","Private, for profit","No answer","Full time",40,"$30,000 to $34,999",1,0,"No","No difficulty",95,0,0,0,0,225,100,0,0,0,40,0,485,0,0,10,485,450,35,0,100,0,0,225
"20160605161456","Maryland",25,"Male","Native, Born in USA","Divored","Non-Veteran","No","Employed","No","Government, federal","No answer","Full time",40,"$150,000 and over",1,0,"No","No difficulty",150,0,0,0,0,300,270,0,0,0,0,0,0,0,0,90,630,600,30,0,270,0,0,300
"20161009161250","Wisconsin",68,"Female","Native, Born in USA","Married","Non-Veteran","No","Not in labor force","No answer","No answer","Retired","No answer",NA,"$60,000 to $74,999",2,0,"No","No difficulty",85,0,0,215,45,120,40,0,0,0,60,0,0,0,0,355,520,450,68,2,40,0,0,120
"20160908161076","Oklahoma",41,"Female","Native, Born in USA","Married","Non-Veteran","No","Employed","No","Government, local","No answer","Full time",55,"$100,000 to $149,999",4,1,"Yes","No difficulty",18,0,0,0,0,0,40,0,0,0,0,0,645,0,47,180,510,440,70,0,40,0,0,0
"20160707162117","Oklahoma",78,"Female","Native, Born in USA","Widowed","Non-Veteran","No","Not in labor force","No answer","No answer","Retired","No answer",NA,"$150,000 and over",1,0,"No","No difficulty",20,5,0,195,0,490,40,0,0,0,0,0,0,0,0,105,585,520,60,5,40,0,0,490
"20160112151169","New Jersey",32,"Female","Native, Born in USA","Married","Non-Veteran","No","Employed","No","Private, for profit","No answer","Full time",38,"$75,000 to $99,999",3,1,"Yes","No difficulty",85,0,0,0,0,20,136,0,0,0,220,0,0,0,25,259,695,655,40,0,136,0,0,20
"20160302161832","New York",38,"Female","Native, Born in USA","Never married","Non-Veteran","No","Unemployed, Looking","No answer","No answer","No answer","No answer",NA,"$30,000 to $34,999",1,0,"No","No difficulty",40,0,0,0,0,485,180,0,0,0,0,0,0,0,0,10,725,682,43,0,180,0,0,485
"20160201161958","Idaho",48,"Male","Native, Born in USA","Divored","Non-Veteran","No","Employed","No","Private, for profit","No answer","Full time",42,"$60,000 to $74,999",2,0,"No","No difficulty",180,0,0,0,0,280,70,0,0,0,220,0,0,0,0,0,690,615,75,0,70,0,0,280
"20161210162051","Arkansas",23,"Male","Native, Born in USA","Never married","Non-Veteran","No","Employed","Yes","Government, local","No answer","Full time",76,"$40,000 to $49,999",1,0,"No","No difficulty",50,0,0,0,0,735,35,0,0,0,0,260,0,0,0,0,360,360,0,0,35,260,0,735
"20160908162423","Texas",60,"Female","Foreign born, US citizen","Widowed","Non-Veteran","No","Not in labor force","No answer","No answer","Retired","No answer",NA,"$30,000 to $34,999",1,0,"No","No difficulty",20,20,0,0,60,300,125,0,0,0,0,120,0,0,0,210,585,585,0,0,125,0,0,300
"20160201161098","Virginia",30,"Male","Native, Born in USA","Married","Non-Veteran","No","Employed","Yes","Government, local","No answer","Full time",58,"$75,000 to $99,999",5,3,"Yes","No difficulty",10,0,0,0,0,90,30,0,0,15,0,0,475,0,100,255,465,450,15,0,30,0,0,90
"20161110162043","Arizona",24,"Male","Native, Born in USA","Never married","Non-Veteran","No","Employed","No","Private, for profit","No answer","Part time",5,"$5,000 to $7,499",4,1,"Yes","No difficulty",34,0,0,0,173,443,20,0,0,0,0,0,180,0,0,0,590,590,0,0,20,0,0,443
"20160112152246","Kentucky",44,"Female","Native, Born in USA","Divored","Non-Veteran","No","Employed","Yes","Government, state","No answer","Full time",48,"$30,000 to $34,999",1,0,"No","No difficulty",180,0,0,0,0,515,0,0,0,0,0,0,0,60,0,0,685,570,115,0,0,0,0,515
"20161211160700","Wisconsin",29,"Female","Native, Born in USA","Never married","Non-Veteran","No","Not in labor force","No answer","No answer","No answer","No answer",NA,"$25,000 to $29,999",4,0,"No","Has difficulty",60,0,0,0,0,587,85,0,0,0,0,0,10,0,0,49,649,534,115,0,55,0,0,587
"20160403162340","Illinois",39,"Female","Native, Born in USA","Married","Non-Veteran","No","Employed","No","Private, for profit","No answer","Full time",40,"$150,000 and over",5,3,"Yes","No difficulty",60,0,0,0,0,50,20,0,0,0,0,0,520,0,195,85,510,450,60,0,20,0,0,50
"20160807161419","North Carolina",60,"Male","Native, Born in USA","Married","Non-Veteran","No","Employed","No","Private, for profit","No answer","Full time",60,"$100,000 to $149,999",3,0,"No","No difficulty",445,0,0,0,0,330,75,0,0,0,30,0,30,0,0,105,425,390,35,0,75,0,0,330
"20160706160723","Florida",37,"Male","Native, Born in USA","Married","Non-Veteran","No","Employed","No","Private, for profit","No answer","Full time",40,"$50,000 to $59,999",4,2,"Yes","No difficulty",45,0,30,105,0,515,185,0,0,0,0,0,0,0,35,60,465,420,45,0,185,0,0,515
"20160112150100","Michigan",67,"Male","Native, Born in USA","Widowed","Non-Veteran","No","Not in labor force","No answer","No answer","Retired","No answer",NA,"$20,000 to $24,999",1,0,"No","No difficulty",0,0,0,0,20,743,27,0,0,0,0,0,0,0,0,20,630,630,0,0,27,0,0,743
"20160404162248","Maine",66,"Male","Native, Born in USA","Divored","Non-Veteran","No","Employed","No","Self-employed, incorporated","No answer","Part time",NA,"$100,000 to $149,999",1,0,"No","No difficulty",65,0,0,0,165,220,30,0,0,0,0,0,0,0,0,480,480,480,0,0,30,0,0,220
"20160303161394","Ohio",68,"Female","Native, Born in USA","Married","Non-Veteran","No","Not in labor force","No answer","No answer","Retired","No answer",NA,"$30,000 to $34,999",2,0,"No","No difficulty",34,0,0,0,0,482,40,10,10,10,25,0,0,109,0,60,660,660,0,0,40,0,0,482
"20160504160938","New Jersey",41,"Male","Foreign born, US citizen","Married","Non-Veteran","No","Employed","No","Private, for profit","No answer","Full time",45,"$100,000 to $149,999",2,0,"No","No difficulty",0,0,0,0,0,0,20,0,0,0,0,830,0,0,0,30,560,530,30,0,20,0,830,0
"20160705162021","Texas",51,"Male","Foreign born, US citizen","Married","Non-Veteran","No","Employed","Yes","Government, state","No answer","Full time",60,"$75,000 to $99,999",9,5,"Yes","No difficulty",244,0,0,0,0,247,47,0,0,0,21,0,433,0,15,63,370,330,40,0,47,0,0,247
"20161110161088","Illinois",56,"Male","Foreign born, US citizen","Never married","Non-Veteran","No","Not in labor force","No answer","No answer","No answer","No answer",NA,"$100,000 to $149,999",2,0,"No","Has difficulty",45,20,10,0,0,360,110,0,0,150,0,0,0,0,2,55,688,568,60,60,110,0,0,360
"20160908160760","South Carolina",69,"Male","Native, Born in USA","Widowed","Veteran","No","Not in labor force","No answer","No answer","Retired","No answer",NA,"$50,000 to $59,999",1,0,"No","No difficulty",70,0,0,60,0,784,75,0,0,0,0,0,0,0,0,181,270,240,30,0,75,0,0,784
"20160112152089","Florida",71,"Female","Native, Born in USA","Divored","Non-Veteran","No","Not in labor force","No answer","No answer","No answer","No answer",NA,"$12,500 to $14,999",1,0,"No","Has difficulty",0,60,0,0,0,495,90,0,0,0,0,0,0,60,0,0,665,660,5,0,90,0,0,495
"20160201162533","California",68,"Female","Native, Born in USA","Widowed","Non-Veteran","No","Not in labor force","No answer","No answer","Retired","No answer",NA,"$12,500 to $14,999",1,0,"No","No difficulty",200,120,40,54,0,285,120,0,0,0,15,0,0,7,0,104,495,390,105,0,120,0,0,285
"20160504160768","Wisconsin",50,"Female","Native, Born in USA","Married","Veteran","No","Employed","No","Government, state","No answer","Part time",NA,"$50,000 to $59,999",2,0,"No","No difficulty",150,0,0,0,0,555,20,0,0,10,0,0,0,0,0,330,375,330,45,0,20,0,0,555
"20160112151393","Ohio",76,"Female","Native, Born in USA","Widowed","Non-Veteran","No","Not in labor force","No answer","No answer","Retired","No answer",NA,"$15,000 to $19,999",1,0,"No","No difficulty",180,0,0,0,0,570,80,0,0,0,0,0,0,10,0,0,600,540,60,0,80,0,0,570
"20161111161944","District of Columbia",58,"Female","Native, Born in USA","Never married","Non-Veteran","No","Employed","No","Private, for profit","No answer","Full time",40,"$75,000 to $99,999",5,3,"Yes","No difficulty",95,0,0,0,0,220,0,0,0,0,5,0,605,0,0,15,500,420,80,0,0,0,0,220
"20160402162144","California",18,"Female","Native, Born in USA","Never married","Non-Veteran","No","Not in labor force","No answer","No answer","No answer","No answer",NA,"$75,000 to $99,999",2,0,"No","No difficulty",90,0,0,0,120,120,55,0,0,0,0,420,0,0,0,0,635,555,80,0,55,300,120,120
"20160504161671","Ohio",58,"Male","Native, Born in USA","Divored","Non-Veteran","No","Employed","No","Private, for profit","No answer","Full time",48,"$40,000 to $49,999",1,0,"No","No difficulty",67,0,0,0,0,105,50,0,0,0,20,0,598,0,0,105,495,440,55,0,50,0,0,105
"20160807161564","California",72,"Female","Native, Born in USA","Married","Non-Veteran","No","Not in labor force","No answer","No answer","No answer","No answer",NA,"$75,000 to $99,999",2,0,"No","No difficulty",30,0,0,0,0,525,60,0,0,0,15,0,0,0,0,285,525,460,60,5,60,0,0,525
"20160101161418","New York",55,"Male","Native, Born in USA","Married","Non-Veteran","No","Employed","Yes","Private, for profit","No answer","Full time",75,"$150,000 and over",5,2,"Yes","No difficulty",40,0,0,0,110,310,20,0,0,0,0,0,30,0,110,270,550,535,15,0,20,0,0,310
"20160706160636","Utah",26,"Female","Native, Born in USA","Married","Non-Veteran","No","Not in labor force","No answer","No answer","No answer","No answer",NA,"$30,000 to $34,999",4,2,"Yes","No difficulty",30,0,150,120,0,300,40,0,0,0,0,0,0,0,235,60,495,465,30,0,40,0,0,300
"20160908160120","New York",42,"Female","Foreign born, US citizen","Never married","Non-Veteran","No","Employed","No","Private, for profit","No answer","Full time",40,"$60,000 to $74,999",7,3,"Yes","No difficulty",154,0,0,0,0,69,18,0,0,0,0,0,417,0,1,223,558,483,75,0,18,0,0,69
"20160404162395","North Dakota",37,"Male","Native, Born in USA","Never married","Non-Veteran","No","Employed","No","Private, for profit","No answer","Full time",NA,"$20,000 to $24,999",1,0,"No","Has difficulty",3,0,0,0,0,660,10,0,0,0,0,0,240,0,0,10,517,480,37,0,10,0,0,660
"20161009161948","West Virginia",56,"Female","Native, Born in USA","Married","Non-Veteran","No","Employed","No","Private, for profit","No answer","Full time",40,"$50,000 to $59,999",2,0,"No","No difficulty",174,0,0,0,0,10,160,0,0,0,170,0,0,1,0,270,655,625,30,0,140,0,0,10
"20160402161798","Illinois",34,"Male","Native, Born in USA","Married","Non-Veteran","No","Employed","No","Private, for profit","No answer","Full time",40,"$50,000 to $59,999",2,0,"No","No difficulty",40,0,0,0,0,660,35,0,0,0,65,0,0,0,0,30,600,600,0,0,35,0,0,660
"20160212152072","Florida",22,"Female","Foreign born, not US citizen","Never married","Non-Veteran","No","Not in labor force","No answer","No answer","No answer","No answer",NA,"Less than $5,000",2,0,"No","No difficulty",0,0,0,0,15,30,50,0,0,0,0,600,0,0,0,45,700,670,30,0,50,0,600,30
"20160504161070","Texas",30,"Female","Foreign born, not US citizen","Married","Non-Veteran","No","Not in labor force","No answer","No answer","No answer","No answer",NA,"$30,000 to $34,999",3,1,"Yes","No difficulty",28,15,187,0,90,120,65,0,0,0,0,0,0,12,110,185,628,548,80,0,65,0,0,120
"20160112150554","New Jersey",76,"Female","Native, Born in USA","Widowed","Non-Veteran","No","Not in labor force","No answer","No answer","Retired","No answer",NA,"$40,000 to $49,999",1,0,"No","No difficulty",0,50,0,0,0,195,55,0,0,0,0,0,0,0,0,400,660,660,0,0,55,0,0,195
"20160504161539","Texas",56,"Female","Native, Born in USA","Married","Non-Veteran","No","Employed","Yes","Private, for profit","No answer","Full time",71,"$50,000 to $59,999",1,0,"No","No difficulty",30,0,0,0,0,470,80,0,0,0,0,0,0,20,0,150,690,690,0,0,80,0,0,470
"20160403162259","Pennsylvania",44,"Female","Native, Born in USA","Never married","Non-Veteran","No","Not in labor force","No answer","No answer","No answer","No answer",NA,"$15,000 to $19,999",1,0,"No","Has difficulty",0,0,0,0,0,855,15,0,0,0,0,0,0,0,0,0,570,570,0,0,15,0,0,855
"20160808160945","Utah",37,"Female","Native, Born in USA","Married","Non-Veteran","No","Employed","No","Government, state","No answer","Full time",40,"$75,000 to $99,999",4,1,"Yes","No difficulty",91,0,0,0,30,435,30,0,0,0,60,0,0,0,23,255,516,486,30,0,30,0,0,435
"20161110160558","Alabama",16,"Male","Native, Born in USA","Never married","No answer","No","Unemployed, Looking","No answer","No answer","No answer","No answer",NA,"$75,000 to $99,999",4,2,"Yes","No difficulty",100,20,0,0,0,460,75,0,0,0,32,0,0,0,0,30,723,703,20,0,75,0,0,460
"20160303162452","Ohio",51,"Male","Native, Born in USA","Married","Non-Veteran","No","Employed","No","Self-employed, unincorporated","No answer","Full time",40,"$40,000 to $49,999",5,1,"Yes","Has difficulty",155,0,0,0,0,208,60,0,0,0,10,0,490,7,60,60,390,360,30,0,60,0,0,208
"20160504161710","Pennsylvania",15,"Male","Native, Born in USA","Never married","No answer","No","Not in labor force","No answer","No answer","No answer","No answer",NA,"$60,000 to $74,999",4,2,"Yes","No difficulty",105,0,0,0,270,246,0,0,0,0,15,414,0,0,0,0,390,350,40,0,0,414,0,246
"20160101162274","Arizona",24,"Male","Native, Born in USA","Never married","Veteran","No","Not in labor force","No answer","No answer","No answer","No answer",NA,"$5,000 to $7,499",2,0,"No","No difficulty",74,0,0,0,0,400,60,0,0,0,30,506,0,0,0,40,330,300,30,0,60,148,358,400
"20160908160505","Minnesota",49,"Male","Foreign born, US citizen","Married","Non-Veteran","No","Not in labor force","No answer","No answer","No answer","No answer",NA,"$75,000 to $99,999",7,3,"Yes","Has difficulty",95,0,0,0,0,70,90,0,0,0,0,0,0,540,30,0,615,585,30,0,90,0,0,70
"20161110160683","Arkansas",32,"Female","Native, Born in USA","Married","Non-Veteran","No","Not in labor force","No answer","No answer","No answer","No answer",NA,"$35,000 to $39,999",7,5,"Yes","No difficulty",55,10,0,0,0,175,30,0,0,0,70,0,0,0,142,238,610,600,10,0,30,0,0,175
"20160302162258","Texas",58,"Male","Native, Born in USA","Married","Veteran","No","Employed","No","Government, federal","No answer","Full time",40,"$75,000 to $99,999",4,1,"Yes","No difficulty",110,0,0,0,0,455,70,0,0,0,90,0,0,0,10,60,645,600,45,0,70,0,0,455
"20161009160510","Georgia",65,"Male","Native, Born in USA","Separated","Non-Veteran","No","Not in labor force","No answer","No answer","No answer","No answer",NA,"$20,000 to $24,999",3,0,"No","No difficulty",0,120,0,0,0,572,10,0,0,0,0,0,0,0,0,120,618,578,40,0,10,0,0,572
"20161211161621","Nevada",67,"Male","Foreign born, not US citizen","Widowed","Non-Veteran","No","Unemployed, Looking","No answer","No answer","No answer","No answer",NA,"Less than $5,000",1,0,"No","Has difficulty",5,0,0,0,0,595,60,0,0,0,0,0,0,0,0,300,480,480,0,0,60,0,0,595
"20161009161884","Texas",54,"Female","Native, Born in USA","Divored","Non-Veteran","No","Unemployed, Laid off","No answer","No answer","No answer","No answer",NA,"$10,000 to $12,499",1,0,"No","Has difficulty",30,0,60,0,0,435,60,0,0,60,0,0,0,0,0,35,760,760,0,0,60,0,0,435
"20160605161356","Virginia",15,"Male","Native, Born in USA","Never married","No answer","No","Not in labor force","No answer","No answer","No answer","No answer",NA,"$60,000 to $74,999",3,2,"Yes","No difficulty",76,0,0,0,0,100,104,0,0,0,0,634,0,0,0,0,526,495,31,0,90,394,240,100
"20160403161767","Mississippi",85,"Female","Native, Born in USA","Widowed","Non-Veteran","No","Not in labor force","No answer","No answer","Retired","No answer",NA,"$15,000 to $19,999",1,0,"No","Has difficulty",0,0,0,0,0,394,45,0,0,0,0,0,0,0,0,0,1001,1000,0,1,45,0,0,394
"20160706161396","Connecticut",72,"Male","Native, Born in USA","Divored","Non-Veteran","No","Not in labor force","No answer","No answer","Retired","No answer",NA,"$25,000 to $29,999",1,0,"No","Has difficulty",120,0,0,0,0,645,45,0,0,0,30,0,0,0,0,25,530,505,25,0,45,0,0,645
"20160403161531","Indiana",44,"Female","Native, Born in USA","Married","Non-Veteran","No","Employed","No","Private, for profit","No answer","Full time",55,"$150,000 and over",5,1,"Yes","No difficulty",110,15,0,0,30,110,154,0,0,0,140,0,0,0,26,285,570,480,90,0,154,0,0,110
"20160303161824","California",15,"Male","Foreign born, not US citizen","Never married","No answer","No","Not in labor force","No answer","No answer","No answer","No answer",NA,"$150,000 and over",4,2,"Yes","No difficulty",13,0,0,0,0,179,65,0,0,0,0,653,0,0,0,0,530,510,20,0,65,428,225,179
"20160807160823","New Jersey",67,"Female","Native, Born in USA","Divored","Non-Veteran","No","Employed","No","Private, for profit","No answer","Part time",30,"$75,000 to $99,999",2,0,"No","No difficulty",20,0,0,0,0,255,75,0,0,0,0,0,390,0,0,65,635,510,125,0,75,0,0,255
"20160908162226","Maryland",21,"Male","Native, Born in USA","Never married","Non-Veteran","No","Employed","No","Private, for profit","No answer","Full time",40,"$100,000 to $149,999",4,0,"No","No difficulty",22,0,0,0,0,748,10,0,0,0,0,0,0,0,0,0,660,660,0,0,10,0,0,748
"20161110161418","Massachusetts",64,"Male","Native, Born in USA","Never married","Non-Veteran","No","Employed","No","Government, state","No answer","Full time",38,"$75,000 to $99,999",1,0,"No","No difficulty",110,0,0,0,0,310,68,0,12,0,0,0,430,10,0,55,445,420,25,0,68,0,0,310
"20161212161538","California",57,"Female","Native, Born in USA","Married","Non-Veteran","No","Not in labor force","No answer","No answer","No answer","No answer",NA,"$20,000 to $24,999",2,0,"No","Has difficulty",40,0,0,0,0,380,30,0,0,5,150,0,0,0,5,190,640,600,40,0,30,0,0,380
"20161009160679","North Carolina",16,"Female","Native, Born in USA","Never married","No answer","No","Unemployed, Looking","No answer","No answer","No answer","No answer",NA,"$20,000 to $24,999",3,2,"Yes","No difficulty",43,0,0,0,0,232,70,0,0,0,0,375,0,0,0,15,600,550,50,0,70,375,0,232
"20160909161341","Illinois",39,"Male","Native, Born in USA","Never married","Non-Veteran","No","Employed","No","Private, for profit","No answer","Full time",45,"$100,000 to $149,999",2,0,"No","No difficulty",70,0,0,0,60,235,30,0,0,0,0,0,505,0,0,0,540,480,60,0,30,0,0,235
"20161009160774","Florida",53,"Male","Native, Born in USA","Married","Non-Veteran","No","Employed","No","Private, for profit","No answer","Full time",45,"$60,000 to $74,999",2,0,"No","No difficulty",10,0,0,0,0,645,30,0,0,0,0,0,0,0,0,240,515,475,40,0,30,0,0,645
"20160202160939","Washington",18,"Female","Native, Born in USA","Never married","Non-Veteran","No","Employed","No","Self-employed, unincorporated","No answer","Part time",5,"$150,000 and over",5,2,"Yes","No difficulty",267,0,0,0,0,190,110,0,0,0,0,0,0,143,0,50,555,510,45,0,110,0,0,190
"20160908161989","Arizona",34,"Female","Native, Born in USA","Married","Non-Veteran","No","Employed","No","Private, for profit","No answer","Full time",45,"Less than $5,000",2,0,"No","No difficulty",65,0,0,0,0,120,10,0,50,0,10,60,565,0,0,0,500,420,80,0,10,0,60,120
"20160503162223","Oregon",66,"Female","Native, Born in USA","Divored","Non-Veteran","No","Not in labor force","No answer","No answer","Retired","No answer",NA,"$30,000 to $34,999",1,0,"No","No difficulty",60,0,0,0,45,180,15,0,0,0,0,0,450,0,0,210,480,470,10,0,15,0,0,180
"20160908162454","Pennsylvania",56,"Female","Native, Born in USA","Married","Non-Veteran","No","Not in labor force","No answer","No answer","No answer","No answer",NA,"$75,000 to $99,999",6,1,"Yes","No difficulty",69,0,0,0,102,105,45,0,0,40,30,0,0,0,165,244,640,550,90,0,45,0,0,105
"20160301161624","Pennsylvania",32,"Female","Native, Born in USA","Married","Non-Veteran","No","Employed","No","Private, for profit","No answer","Part time",20,"$60,000 to $74,999",3,1,"Yes","No difficulty",10,0,0,0,0,250,75,0,0,0,175,0,0,0,115,15,800,780,20,0,75,0,0,250
"20160706160781","Maryland",35,"Female","Native, Born in USA","Married","Non-Veteran","No","Employed","No","Private, for profit","No answer","Full time",40,"$150,000 and over",4,2,"Yes","No difficulty",90,0,0,0,0,90,15,0,0,0,0,0,830,0,50,45,320,300,20,0,15,0,0,90
"20160202161031","Pennsylvania",85,"Male","Native, Born in USA","Married","Veteran","No","Not in labor force","No answer","No answer","Retired","No answer",NA,"$20,000 to $24,999",1,0,"No","Has difficulty",50,30,0,170,30,430,25,0,0,0,30,0,0,5,0,40,575,560,15,0,25,0,0,430
"20160908162181","Kentucky",80,"Female","Native, Born in USA","Never married","Non-Veteran","No","Not in labor force","No answer","No answer","Retired","No answer",NA,"$7,500 to $9,999",1,0,"No","Has difficulty",40,0,0,0,0,395,40,0,0,20,0,0,0,0,0,15,930,900,30,0,40,0,0,395
"20160302162344","South Carolina",73,"Female","Native, Born in USA","Widowed","Non-Veteran","No","Employed","No","Private, for profit","No answer","Part time",6,"$20,000 to $24,999",1,0,"No","No difficulty",0,0,60,0,0,420,25,0,0,0,0,0,0,0,0,410,525,480,45,0,25,0,0,420
"20160504162193","South Carolina",65,"Female","Native, Born in USA","Married","Non-Veteran","No","Not in labor force","No answer","No answer","Retired","No answer",NA,"$35,000 to $39,999",2,0,"No","No difficulty",40,0,0,80,0,390,60,0,0,0,0,0,0,0,0,90,780,720,60,0,60,0,0,390
"20160503162137","Alabama",26,"Female","Native, Born in USA","Married","Non-Veteran","No","Employed","No","Private, for profit","No answer","Full time",50,"$30,000 to $34,999",4,2,"Yes","No difficulty",60,0,0,0,0,0,30,0,0,0,0,0,525,0,270,150,405,405,0,0,30,0,0,0
"20160605160786","Connecticut",74,"Male","Foreign born, US citizen","Never married","Non-Veteran","No","Not in labor force","No answer","No answer","Retired","No answer",NA,"$25,000 to $29,999",1,0,"No","No difficulty",0,0,0,0,0,767,68,0,0,0,0,0,0,0,0,30,575,540,30,5,68,0,0,767
"20160302161578","Minnesota",45,"Male","Foreign born, US citizen","Never married","Non-Veteran","No","Employed","No","Private, nonprofit","No answer","Full time",45,"$150,000 and over",1,0,"No","No difficulty",20,30,0,0,60,360,120,0,0,0,60,0,0,0,0,120,670,670,0,0,120,0,0,360
"20160504162527","California",33,"Male","Native, Born in USA","Divored","Non-Veteran","No","Employed","No","Government, federal","No answer","Full time",40,"$150,000 and over",2,0,"No","No difficulty",25,0,0,0,120,235,45,0,0,0,0,120,455,0,0,35,405,375,30,0,45,0,120,235
"20161211161682","Mississippi",20,"Female","Native, Born in USA","Never married","Non-Veteran","No","Employed","No","Private, for profit","No answer","Full time",40,"$10,000 to $12,499",3,0,"No","No difficulty",226,0,0,0,0,120,10,0,0,0,58,0,0,0,0,110,916,856,60,0,10,0,0,120
"20160605162351","Georgia",36,"Female","Native, Born in USA","Divored","Non-Veteran","No","Employed","No","Private, for profit","No answer","Part time",20,"$100,000 to $149,999",4,3,"Yes","No difficulty",240,0,0,0,0,280,10,0,0,50,35,0,135,0,45,79,545,480,65,0,10,0,0,280
"20160908160658","Massachusetts",25,"Male","Native, Born in USA","Never married","Non-Veteran","No","Employed","No","Government, federal","No answer","Full time",45,"$75,000 to $99,999",1,0,"No","No difficulty",85,0,0,0,120,390,60,0,0,0,30,0,0,0,0,120,635,605,30,0,60,0,0,390
"20160302162171","Georgia",68,"Female","Native, Born in USA","Married","Non-Veteran","No","Employed","No","Private, nonprofit","No answer","Full time",55,"$40,000 to $49,999",2,0,"No","No difficulty",37,0,0,0,0,0,80,0,0,0,0,0,1053,0,0,0,270,270,0,0,80,0,0,0
"20160807161737","Arizona",60,"Female","Native, Born in USA","Divored","Non-Veteran","No","Not in labor force","No answer","No answer","Retired","No answer",NA,"$50,000 to $59,999",1,0,"No","No difficulty",130,0,0,0,60,150,60,0,0,0,20,0,0,330,0,150,540,450,90,0,60,0,0,150
"20161009162409","Kansas",61,"Male","Native, Born in USA","Married","Veteran","No","Employed","No","Government, local","No answer","Full time",40,"$75,000 to $99,999",2,0,"No","No difficulty",39,0,0,0,0,479,60,0,0,2,40,0,195,0,0,275,320,315,5,0,60,0,0,479
"20161009160068","Nebraska",25,"Male","Native, Born in USA","Never married","Non-Veteran","No","Employed","No","Private, for profit","No answer","Full time",50,"$7,500 to $9,999",1,0,"No","No difficulty",0,0,0,0,0,600,150,0,0,0,0,0,0,0,0,0,690,690,0,0,150,0,0,600
"20160505160624","Georgia",85,"Female","Native, Born in USA","Widowed","Non-Veteran","No","Not in labor force","No answer","No answer","Retired","No answer",NA,"$60,000 to $74,999",2,0,"No","Has difficulty",105,0,0,0,30,330,90,0,0,45,0,0,0,0,0,15,690,690,0,0,90,0,0,330
"20161009160020","Texas",44,"Female","Foreign born, not US citizen","Married","Non-Veteran","No","Not in labor force","No answer","No answer","No answer","No answer",NA,"$30,000 to $34,999",4,2,"Yes","No difficulty",39,0,0,0,0,1,60,0,0,0,30,0,0,0,200,430,680,590,90,0,60,0,0,1
"20161111161505","Hawaii",85,"Female","Native, Born in USA","Widowed","Non-Veteran","No","Not in labor force","No answer","No answer","Retired","No answer",NA,"$60,000 to $74,999",1,0,"No","No difficulty",60,0,0,0,0,240,120,0,0,0,0,0,0,0,0,240,630,630,0,0,120,0,0,240
"20161009160018","Tennessee",66,"Female","Native, Born in USA","Divored","Non-Veteran","No","Not in labor force","No answer","No answer","Retired","No answer",NA,"$25,000 to $29,999",2,0,"No","No difficulty",120,0,0,120,0,483,45,0,0,0,0,0,0,0,5,21,646,540,105,1,45,0,0,483
"20160201162037","Illinois",56,"Male","Native, Born in USA","Married","Non-Veteran","No","Employed","No","Government, federal","No answer","Full time",40,"$35,000 to $39,999",2,0,"No","No difficulty",27,0,0,90,0,180,65,0,0,0,0,0,480,0,0,30,558,478,50,30,65,0,0,180
"20160605161756","New York",52,"Male","Foreign born, not US citizen","Married","Non-Veteran","No","Employed","No","Private, for profit","No answer","Full time",40,"$50,000 to $59,999",2,0,"No","No difficulty",180,0,0,0,0,115,40,0,0,0,0,0,500,0,0,95,510,390,120,0,40,0,0,115
"20160808162453","Alabama",47,"Male","Native, Born in USA","Divored","Non-Veteran","No","Employed","No","Private, for profit","No answer","Full time",40,"$50,000 to $59,999",1,0,"No","No difficulty",170,0,0,0,0,146,40,0,0,2,67,0,415,0,0,165,435,395,40,0,40,0,0,146
"20160403160654","Utah",66,"Male","Native, Born in USA","Married","Veteran","No","Employed","No","Self-employed, unincorporated","No answer","Part time",25,"$40,000 to $49,999",2,0,"No","No difficulty",61,0,0,0,0,328,120,0,0,0,130,0,0,0,70,181,550,530,20,0,120,0,0,328
"20160302162087","California",49,"Male","Native, Born in USA","Never married","Non-Veteran","No","Not in labor force","No answer","No answer","No answer","No answer",NA,"$150,000 and over",2,0,"No","No difficulty",0,0,0,0,90,300,35,0,0,0,0,0,0,0,0,445,570,570,0,0,35,0,0,300
"20160404162447","Virginia",35,"Male","Native, Born in USA","Married","Non-Veteran","No","Employed","No","Government, federal","No answer","Full time",40,"$100,000 to $149,999",4,2,"Yes","No difficulty",122,0,0,0,0,546,120,0,0,0,45,0,0,0,67,30,510,510,0,0,120,0,0,546
"20160906161251","Maryland",64,"Female","Native, Born in USA","Married","Non-Veteran","No","Not in labor force","No answer","No answer","No answer","No answer",NA,"$100,000 to $149,999",2,0,"No","No difficulty",50,0,0,0,120,575,55,0,0,0,100,0,0,0,0,75,465,465,0,0,55,0,0,575
"20160807160501","Mississippi",25,"Female","Native, Born in USA","Never married","Non-Veteran","No","Employed","No","Private, for profit","No answer","Part time",30,"$35,000 to $39,999",4,0,"No","No difficulty",90,240,0,0,0,180,20,0,0,10,27,0,335,0,0,0,393,363,30,0,20,0,0,180
"20160604161917","California",68,"Male","Native, Born in USA","Widowed","Non-Veteran","No","Not in labor force","No answer","No answer","Retired","No answer",NA,"$7,500 to $9,999",1,0,"No","No difficulty",0,0,0,0,0,150,30,0,0,0,0,0,0,0,0,0,1260,1220,40,0,30,0,0,150
"20160705161805","Connecticut",59,"Female","Native, Born in Territory","Divored","Non-Veteran","No","Not in labor force","No answer","No answer","No answer","No answer",NA,"$15,000 to $19,999",1,0,"No","Has difficulty",30,0,0,0,0,120,10,0,0,0,0,0,0,365,0,200,715,635,80,0,10,0,0,120
"20161110161170","California",29,"Female","Native, Born in USA","Never married","Non-Veteran","No","Employed","No","Government, local","No answer","Full time",60,"$10,000 to $12,499",2,1,"Yes","No difficulty",0,0,0,0,0,45,60,0,0,0,0,0,0,0,25,720,590,530,60,0,60,0,0,45
"20161211162283","Pennsylvania",59,"Female","Native, Born in USA","Married","Non-Veteran","No","Employed","Yes","Self-employed, unincorporated","No answer","Part time",25,"$150,000 and over",2,0,"No","No difficulty",319,0,20,0,123,283,45,0,0,5,95,0,0,0,0,55,495,375,120,0,45,0,0,283
"20160201161611","Ohio",53,"Female","Native, Born in USA","Widowed","Non-Veteran","No","Employed","No","Government, federal","No answer","Full time",45,"$50,000 to $59,999",1,0,"No","No difficulty",0,90,0,0,0,546,15,0,0,0,5,0,0,0,0,0,784,755,25,4,15,0,0,546
"20160403161850","Maine",52,"Female","Native, Born in USA","Married","Non-Veteran","No","Employed","No","Private, nonprofit","No answer","Part time",32,"$75,000 to $99,999",4,0,"No","No difficulty",109,0,0,0,35,351,40,0,0,0,0,0,0,0,0,205,680,660,20,0,40,0,0,351
"20161211160606","Pennsylvania",28,"Male","Native, Born in USA","Never married","Non-Veteran","No","Employed","No","Private, for profit","No answer","Full time",40,"$35,000 to $39,999",1,0,"No","No difficulty",36,0,0,0,0,180,45,0,0,0,0,0,490,0,0,9,680,660,15,5,45,0,0,180
"20161010162430","Georgia",63,"Female","Native, Born in USA","Married","Non-Veteran","No","Employed","No","Government, local","No answer","Part time",NA,"$75,000 to $99,999",2,0,"No","No difficulty",0,0,0,0,0,125,30,0,0,0,0,0,0,0,0,710,575,570,5,0,30,0,0,125
"20161109160815","New York",61,"Female","Native, Born in USA","Married","Non-Veteran","No","Employed","No","Government, local","No answer","Full time",50,"$150,000 and over",2,0,"No","No difficulty",75,0,0,0,60,0,20,0,0,0,10,0,610,90,0,105,440,360,80,0,20,0,0,0
"20160112150081","Rhode Island",85,"Female","Native, Born in USA","Widowed","Non-Veteran","No","Not in labor force","No answer","No answer","Retired","No answer",NA,"$35,000 to $39,999",1,0,"No","No difficulty",0,0,0,0,0,720,105,0,0,0,0,0,0,0,0,135,480,450,30,0,105,0,0,720
"20160302160968","Florida",53,"Male","Native, Born in USA","Married","Non-Veteran","No","Not in labor force","No answer","No answer","Retired","No answer",NA,"$40,000 to $49,999",2,0,"No","No difficulty",53,0,0,0,0,330,60,0,0,0,460,0,0,0,0,60,477,447,30,0,60,0,0,330
"20160605161370","Massachusetts",66,"Male","Native, Born in USA","Married","Non-Veteran","No","Not in labor force","No answer","No answer","Retired","No answer",NA,"$60,000 to $74,999",2,0,"No","No difficulty",51,0,30,0,60,327,35,0,0,0,40,0,0,0,0,287,610,565,45,0,35,0,0,327
"20161010160675","North Dakota",27,"Female","Native, Born in USA","Never married","Non-Veteran","No","Employed","Yes","Private, nonprofit","No answer","Full time",50,"$60,000 to $74,999",2,0,"No","No difficulty",18,0,0,0,0,248,118,0,0,0,0,0,566,0,0,10,480,450,30,0,118,0,0,248
"20160112150546","Connecticut",30,"Female","Foreign born, not US citizen","Married","Non-Veteran","No","Not in labor force","No answer","No answer","No answer","No answer",NA,"$60,000 to $74,999",3,1,"Yes","No difficulty",182,0,0,0,0,165,235,20,0,30,60,0,0,0,0,3,745,705,40,0,235,0,0,165
"20160706162150","California",32,"Male","Foreign born, US citizen","Married","Non-Veteran","No","Employed","No","Private, for profit","No answer","Full time",40,"$50,000 to $59,999",3,1,"Yes","No difficulty",135,0,0,0,0,240,60,0,0,0,35,0,0,0,95,180,695,585,110,0,60,0,0,240
"20160807161647","Florida",52,"Male","Foreign born, US citizen","Married","Non-Veteran","No","Employed","No","Government, state","No answer","Full time",37,"$100,000 to $149,999",2,0,"No","No difficulty",45,0,0,0,0,180,120,0,0,0,240,0,0,0,0,330,525,525,0,0,120,0,0,180
"20160112151078","North Carolina",65,"Female","Native, Born in USA","Never married","Non-Veteran","No","Not in labor force","No answer","No answer","Retired","No answer",NA,"$50,000 to $59,999",1,0,"No","No difficulty",68,0,0,0,0,331,60,0,0,85,70,0,0,0,0,206,620,560,25,0,60,0,0,331
"20160707161025","Virginia",43,"Male","Native, Born in USA","Married","Non-Veteran","No","Employed","No","Private, for profit","No answer","Full time",45,"$150,000 and over",4,2,"Yes","No difficulty",70,0,0,0,0,120,30,0,0,0,0,0,507,0,75,130,508,498,10,0,30,0,0,120
"20160504161609","Wisconsin",49,"Male","Native, Born in USA","Never married","Non-Veteran","No","Unemployed, Looking","No answer","No answer","No answer","No answer",NA,"$20,000 to $24,999",4,3,"Yes","No difficulty",132,0,0,180,25,382,45,0,0,0,20,0,0,0,216,150,200,150,50,0,45,0,0,382
"20160402161525","Georgia",29,"Male","Native, Born in USA","Never married","Non-Veteran","No","Employed","No","Private, for profit","No answer","Full time",40,"$75,000 to $99,999",2,0,"No","No difficulty",60,0,0,0,0,120,30,0,0,0,0,0,630,0,0,120,480,420,60,0,30,0,0,120
"20160706161785","Alabama",80,"Female","Native, Born in USA","Widowed","Non-Veteran","No","Not in labor force","No answer","No answer","Retired","No answer",NA,"$60,000 to $74,999",1,0,"No","No difficulty",40,0,0,90,0,330,60,0,0,0,60,0,0,0,0,120,740,710,30,0,60,0,0,330
"20160504161599","California",79,"Male","Native, Born in USA","Married","Veteran","No","Not in labor force","No answer","No answer","Retired","No answer",NA,"$150,000 and over",4,2,"Yes","No difficulty",193,0,0,0,0,212,75,0,0,20,90,0,0,10,190,230,420,390,30,0,75,0,0,212
"20161009162363","Kentucky",49,"Male","Native, Born in USA","Married","Non-Veteran","No","Employed","No","Self-employed, unincorporated","No answer","Full time",60,"$50,000 to $59,999",2,0,"No","No difficulty",30,0,0,0,0,130,35,0,0,0,0,0,630,0,0,75,540,480,60,0,35,0,0,130
"20160605162130","Tennessee",60,"Female","Native, Born in USA","Married","Non-Veteran","No","Employed","No","Private, for profit","No answer","Part time",16,"$20,000 to $24,999",2,0,"No","No difficulty",65,20,0,90,0,590,39,0,0,0,0,0,0,0,0,68,568,553,15,0,39,0,0,590
"20160807160743","Kansas",43,"Male","Native, Born in USA","Never married","Non-Veteran","No","Employed","No","Private, for profit","No answer","Full time",60,"$60,000 to $74,999",2,0,"No","No difficulty",135,0,0,0,0,135,90,0,0,0,0,0,0,0,0,480,600,600,0,0,90,0,0,135
"20160504161282","South Carolina",78,"Female","Native, Born in USA","Widowed","Non-Veteran","No","Not in labor force","No answer","No answer","Retired","No answer",NA,"$7,500 to $9,999",1,0,"No","No difficulty",150,0,0,285,0,405,30,0,0,0,0,0,0,0,0,0,570,480,90,0,30,0,0,405
"20160909162149","Arizona",65,"Male","Native, Born in USA","Separated","Non-Veteran","No","Not in labor force","No answer","No answer","Retired","No answer",NA,"$25,000 to $29,999",1,0,"No","Has difficulty",33,0,0,0,0,492,15,0,0,0,15,0,0,255,0,110,520,520,0,0,15,0,0,492
"20160301161547","Illinois",18,"Female","Native, Born in USA","Never married","Non-Veteran","No","Not in labor force","No answer","No answer","No answer","No answer",NA,"$35,000 to $39,999",3,0,"No","No difficulty",0,120,0,0,0,485,75,0,0,0,0,0,0,0,0,10,750,720,30,0,75,0,0,485
"20161111161142","California",44,"Female","Foreign born, US citizen","Divored","Non-Veteran","No","Employed","No","Private, for profit","No answer","Part time",30,"$60,000 to $74,999",2,0,"No","Has difficulty",0,0,0,0,0,557,35,0,0,0,0,0,0,0,0,8,840,838,0,2,35,0,0,557
"20160201161581","Florida",55,"Male","Foreign born, not US citizen","Married","Non-Veteran","No","Employed","No","Private, for profit","No answer","Full time",45,"$25,000 to $29,999",3,0,"No","No difficulty",140,0,0,0,0,30,60,0,0,0,30,0,565,0,0,30,435,375,60,0,60,0,0,30
"20160111152044","Idaho",78,"Male","Native, Born in USA","Married","Non-Veteran","No","Not in labor force","No answer","No answer","Retired","No answer",NA,"$12,500 to $14,999",2,0,"No","Has difficulty",20,0,0,0,0,250,120,0,0,0,30,0,0,480,0,30,510,480,30,0,120,0,0,250
"20160908161805","Oregon",36,"Male","Native, Born in USA","Married","Non-Veteran","No","Employed","No","Private, nonprofit","No answer","Full time",36,"$75,000 to $99,999",7,5,"Yes","No difficulty",70,0,0,80,0,0,15,0,0,0,0,0,790,0,0,20,465,450,15,0,15,0,0,0
"20160110151953","Tennessee",75,"Male","Native, Born in USA","Married","Non-Veteran","No","Not in labor force","No answer","No answer","Retired","No answer",NA,"$10,000 to $12,499",2,0,"No","Has difficulty",20,0,0,0,0,500,165,0,0,0,120,0,0,0,30,75,530,510,0,20,165,0,0,500
"20160605161159","Kansas",37,"Female","Native, Born in USA","Married","Non-Veteran","No","Not in labor force","No answer","No answer","No answer","No answer",NA,"$40,000 to $49,999",3,1,"Yes","Has difficulty",0,78,0,0,0,500,20,0,0,0,0,0,0,0,0,0,842,720,15,107,20,0,0,500
"20160403160669","California",45,"Male","Foreign born, not US citizen","Never married","Non-Veteran","No","Employed","No","Self-employed, unincorporated","No answer","Full time",NA,"$7,500 to $9,999",2,1,"Yes","No difficulty",112,135,0,0,0,155,50,0,0,0,0,0,345,0,0,30,613,435,178,0,50,0,0,155
"20160302161384","Illinois",38,"Female","Native, Born in USA","Married","Non-Veteran","No","Employed","No","Private, for profit","No answer","Part time",20,"$150,000 and over",4,2,"Yes","No difficulty",50,0,0,0,0,60,150,0,0,120,60,0,60,0,190,120,630,570,60,0,150,0,0,60
"20160201161859","Alabama",46,"Male","Native, Born in USA","Married","Non-Veteran","No","Employed","No","Private, for profit","No answer","Full time",40,"$60,000 to $74,999",2,0,"No","No difficulty",35,0,0,90,60,445,60,0,0,90,0,0,0,0,0,0,660,600,60,0,60,0,0,445
"20160403161155","North Carolina",52,"Female","Native, Born in USA","Divored","Non-Veteran","No","Employed","No","Private, for profit","No answer","Full time",40,"$50,000 to $59,999",1,0,"No","No difficulty",92,30,0,0,120,210,20,0,0,0,90,180,0,0,0,174,479,419,60,0,20,0,180,210
"20160101162445","North Carolina",50,"Female","Native, Born in USA","Never married","Non-Veteran","No","Employed","No","Private, nonprofit","No answer","Full time",45,"$50,000 to $59,999",3,2,"Yes","No difficulty",75,0,0,0,120,180,90,0,0,0,45,0,10,6,30,35,759,749,10,0,90,0,0,180
"20160605161411","Arizona",24,"Female","Native, Born in USA","Married","Non-Veteran","No","Employed","No","Private, for profit","No answer","Full time",40,"$40,000 to $49,999",2,1,"Yes","No difficulty",75,0,0,90,0,83,145,0,0,0,27,0,0,0,36,227,630,600,30,0,145,0,0,83
"20160707160675","Florida",33,"Female","Native, Born in USA","Never married","Non-Veteran","No","Employed","No","Private, for profit","No answer","Full time",40,"$50,000 to $59,999",3,1,"Yes","No difficulty",90,0,0,0,0,0,195,0,0,0,32,0,0,15,40,0,768,673,95,0,195,0,0,0
"20160201161761","Colorado",51,"Female","Foreign born, US citizen","Married","Non-Veteran","No","Employed","No","Self-employed, incorporated","No answer","Part time",20,"$40,000 to $49,999",6,4,"Yes","No difficulty",30,28,0,0,0,280,10,0,0,30,5,0,265,0,35,75,682,572,100,10,10,0,0,280
"20160202160995","Georgia",47,"Female","Foreign born, not US citizen","Never married","Non-Veteran","No","Employed","No","Private, for profit","No answer","Full time",40,"$15,000 to $19,999",3,2,"Yes","No difficulty",0,0,0,0,0,185,30,0,0,0,0,0,0,0,250,225,750,750,0,0,30,0,0,185
"20161212162065","New York",40,"Female","Native, Born in USA","Separated","Non-Veteran","No","Employed","No","Private, for profit","No answer","Full time",40,"$100,000 to $149,999",2,1,"Yes","No difficulty",77,0,0,0,0,98,60,0,0,0,15,0,335,0,100,35,720,650,70,0,30,0,0,98
"20160112151483","Ohio",17,"Female","Native, Born in USA","Never married","Non-Veteran","No","Employed","No","Private, for profit","No answer","Part time",10,"$100,000 to $149,999",7,3,"Yes","No difficulty",235,0,0,0,0,120,60,0,0,0,40,0,0,120,45,250,570,525,45,0,60,0,0,120
"20161110160620","California",69,"Female","Native, Born in USA","Widowed","Non-Veteran","No","Not in labor force","No answer","No answer","Retired","No answer",NA,"$30,000 to $34,999",1,0,"No","No difficulty",80,0,0,210,0,135,120,0,0,0,30,0,0,0,0,280,585,480,70,35,120,0,0,135
"20160303162085","Pennsylvania",25,"Male","Native, Born in USA","Never married","Non-Veteran","No","Employed","No","Private, for profit","No answer","Full time",45,"$75,000 to $99,999",1,0,"No","No difficulty",357,0,0,0,0,150,180,0,0,0,16,0,0,5,0,10,692,647,45,0,180,0,0,150
"20160706162288","New Hampshire",55,"Male","Native, Born in USA","Married","Non-Veteran","No","Employed","No","Private, for profit","No answer","Full time",45,"$100,000 to $149,999",4,2,"Yes","No difficulty",30,0,0,0,0,300,140,0,0,0,10,0,0,0,0,302,658,658,0,0,140,0,0,300
"20160404161035","Illinois",63,"Female","Native, Born in USA","Divored","Non-Veteran","No","Unemployed, Looking","No answer","No answer","No answer","No answer",NA,"$10,000 to $12,499",1,0,"No","Has difficulty",65,0,0,0,0,277,85,0,20,0,5,0,371,0,0,5,612,548,60,4,85,0,0,277
"20161009161713","Massachusetts",20,"Male","Native, Born in USA","Never married","Non-Veteran","No","Employed","No","Private, for profit","No answer","Full time",NA,"$30,000 to $34,999",1,0,"No","No difficulty",90,0,0,0,90,30,5,0,0,0,0,0,465,0,0,0,760,720,40,0,5,0,0,30
"20160403160887","Georgia",69,"Female","Native, Born in USA","Divored","Non-Veteran","No","Employed","No","Private, for profit","No answer","Part time",16,"$15,000 to $19,999",1,0,"No","No difficulty",99,0,0,0,0,265,80,0,0,0,35,0,341,0,0,60,560,495,65,0,80,0,0,265
"20160403161351","Virginia",15,"Female","Native, Born in USA","Never married","No answer","No","Not in labor force","No answer","No answer","No answer","No answer",NA,"$50,000 to $59,999",3,2,"Yes","No difficulty",70,120,0,0,60,185,55,0,0,0,60,195,0,0,0,0,695,630,65,0,55,0,195,185
"20161211162046","New York",45,"Female","Native, Born in USA","Married","Non-Veteran","No","Employed","No","Private, for profit","No answer","Full time",40,"$100,000 to $149,999",5,2,"Yes","No difficulty",195,0,0,0,0,100,160,0,0,0,415,0,0,20,10,0,540,540,0,0,160,0,0,100
"20161211160862","Missori",28,"Male","Native, Born in USA","Never married","Non-Veteran","No","Employed","No","Private, for profit","No answer","Part time",1,"$75,000 to $99,999",2,0,"No","No difficulty",44,0,0,0,0,506,0,0,0,0,0,490,0,0,0,30,370,325,45,0,0,180,310,506
"20160301162100","Alabama",25,"Male","Native, Born in USA","Never married","Non-Veteran","No","Employed","Yes","Private, for profit","No answer","Full time",66,"$20,000 to $24,999",2,0,"No","No difficulty",70,0,0,0,0,0,0,0,0,0,0,0,1050,0,0,0,320,270,50,0,0,0,0,0
"20161009160105","Pennsylvania",47,"Female","Native, Born in USA","Married","Non-Veteran","No","Employed","Yes","Private, for profit","No answer","Full time",NA,"$100,000 to $149,999",4,2,"Yes","No difficulty",0,0,0,0,0,210,70,0,0,0,0,0,0,0,15,695,420,420,0,0,70,0,0,210
"20160201161973","Indiana",53,"Male","Native, Born in USA","Married","Veteran","No","Employed","No","Private, for profit","No answer","Full time",60,"$60,000 to $74,999",6,2,"Yes","No difficulty",100,0,5,0,0,60,75,0,0,0,5,0,635,0,80,25,455,435,20,0,75,0,0,60
"20160303162442","New Jersey",18,"Female","Foreign born, US citizen","Never married","Non-Veteran","No","Not in labor force","No answer","No answer","No answer","No answer",NA,"$150,000 and over",3,0,"No","No difficulty",26,0,0,0,45,165,60,0,0,0,0,606,0,0,5,0,533,443,90,0,60,306,300,165
"20160201162334","Indiana",48,"Female","Foreign born, US citizen","Divored","Non-Veteran","No","Employed","No","Government, local","No answer","Full time",60,"$60,000 to $74,999",1,0,"No","No difficulty",99,30,0,20,30,336,40,0,15,0,75,0,0,0,0,135,600,570,30,0,40,0,0,336
"20160807162215","Texas",79,"Female","Native, Born in USA","Married","Non-Veteran","No","Not in labor force","No answer","No answer","Retired","No answer",NA,"$40,000 to $49,999",2,0,"No","No difficulty",77,0,0,0,0,638,200,0,0,0,0,0,0,5,0,10,510,510,0,0,200,0,0,638
"20160503162387","Utah",62,"Female","Native, Born in USA","Married","Non-Veteran","No","Employed","No","Private, for profit","No answer","Full time",40,"$75,000 to $99,999",2,0,"No","No difficulty",80,0,0,0,0,135,70,0,0,0,0,0,470,0,0,173,512,452,60,0,70,0,0,135
"20160112151329","Utah",18,"Female","Native, Born in USA","Never married","Non-Veteran","No","Employed","Yes","Private, for profit","No answer","Part time",19,"$75,000 to $99,999",3,0,"No","No difficulty",175,0,0,0,0,295,50,0,0,10,3,362,20,10,0,30,485,420,65,0,50,50,312,295
"20160302161996","Minnesota",44,"Female","Native, Born in USA","Married","Non-Veteran","No","Employed","No","Government, state","No answer","Full time",50,"$40,000 to $49,999",4,1,"Yes","No difficulty",10,0,0,0,0,135,65,0,0,0,0,0,620,0,0,70,540,450,90,0,65,0,0,135
"20160112150969","Texas",68,"Female","Native, Born in USA","Divored","Non-Veteran","No","Not in labor force","No answer","No answer","Retired","No answer",NA,"$20,000 to $24,999",3,1,"Yes","No difficulty",131,0,0,0,0,440,45,0,0,0,90,0,0,0,0,195,539,539,0,0,45,0,0,440
"20161008160589","New York",44,"Female","Native, Born in USA","Never married","Non-Veteran","No","Employed","No","Private, for profit","No answer","Part time",30,"$20,000 to $24,999",1,0,"No","No difficulty",2,0,0,0,0,129,5,0,0,0,0,0,569,0,0,30,705,600,105,0,5,0,0,129
"20160505161196","Florida",68,"Female","Native, Born in USA","Never married","Non-Veteran","No","Not in labor force","No answer","No answer","No answer","No answer",NA,"$12,500 to $14,999",1,0,"No","Has difficulty",0,0,0,30,0,585,60,0,0,0,0,0,0,0,0,30,735,600,120,15,60,0,0,585
"20160605162372","Texas",44,"Female","Native, Born in USA","Divored","Non-Veteran","No","Employed","No","Private, for profit","No answer","Full time",40,"$25,000 to $29,999",1,0,"No","No difficulty",33,0,0,0,0,130,75,0,0,0,18,0,478,0,0,106,600,510,88,2,75,0,0,130
"20160302160757","New York",69,"Female","Native, Born in USA","Widowed","Non-Veteran","No","Employed","No","Private, nonprofit","No answer","Full time",40,"$40,000 to $49,999",1,0,"No","No difficulty",40,0,0,0,0,275,145,0,0,0,0,0,420,0,0,15,545,515,30,0,145,0,0,275
"20160302161460","Georgia",75,"Male","Native, Born in USA","Married","Non-Veteran","No","Not in labor force","No answer","No answer","Retired","No answer",NA,"$12,500 to $14,999",2,0,"No","No difficulty",0,0,0,0,0,180,20,0,0,0,0,0,0,0,0,500,580,580,0,0,20,0,0,180
"20160605162431","North Carolina",26,"Female","Native, Born in USA","Never married","Non-Veteran","No","Employed","No","Private, for profit","No answer","Full time",40,"$35,000 to $39,999",2,1,"Yes","No difficulty",0,0,0,0,0,180,60,0,0,0,0,0,120,0,90,405,585,555,30,0,60,0,0,180
"20160504161966","Washington",60,"Male","Foreign born, US citizen","Married","Non-Veteran","No","Not in labor force","No answer","No answer","No answer","No answer",NA,"$12,500 to $14,999",4,2,"Yes","Has difficulty",215,0,0,120,0,80,180,0,0,0,15,0,0,0,70,95,665,560,105,0,180,0,0,80
"20161110161123","California",73,"Male","Native, Born in USA","Divored","Non-Veteran","No","Not in labor force","No answer","No answer","Retired","No answer",NA,"$60,000 to $74,999",1,0,"No","No difficulty",130,0,0,0,0,430,180,0,0,0,0,0,0,0,0,220,480,480,0,0,180,0,0,430
"20160706160037","Texas",64,"Male","Native, Born in Territory","Divored","Non-Veteran","No","Employed","Yes","Government, state","No answer","Full time",56,"$40,000 to $49,999",1,0,"No","No difficulty",70,0,0,0,0,0,45,0,0,0,0,0,515,0,0,30,735,680,55,0,45,0,0,0
"20160112151184","Texas",45,"Male","Native, Born in USA","Divored","Veteran","No","Employed","No","Government, local","No answer","Full time",45,"$50,000 to $59,999",1,0,"No","No difficulty",30,0,0,0,0,240,30,0,0,0,0,0,495,0,0,0,645,535,110,0,30,0,0,240
"20160908161796","California",38,"Female","Native, Born in USA","Married","Non-Veteran","No","Employed","No","Private, for profit","No answer","Full time",40,"$100,000 to $149,999",4,2,"Yes","No difficulty",135,0,15,0,30,75,75,0,0,0,0,0,495,0,60,60,495,420,75,0,75,0,0,75
"20160112151164","New York",34,"Male","Native, Born in USA","Married","Non-Veteran","No","Employed","No","Private, for profit","No answer","Full time",40,"$150,000 and over",3,1,"Yes","No difficulty",200,0,0,60,0,270,80,0,0,0,0,0,0,0,190,150,490,450,40,0,80,0,0,270
"20160807160622","Colorado",74,"Female","Foreign born, US citizen","Divored","Non-Veteran","No","Not in labor force","No answer","No answer","Retired","No answer",NA,"$40,000 to $49,999",1,0,"No","No difficulty",150,0,0,0,0,325,10,0,0,5,255,0,0,0,0,31,664,660,0,4,10,0,0,325
"20160403162054","Tennessee",52,"Male","Native, Born in USA","Married","Non-Veteran","No","Employed","No","Private, for profit","No answer","Full time",60,"$100,000 to $149,999",3,0,"No","No difficulty",70,0,0,0,30,135,155,0,0,0,0,0,635,0,0,5,410,390,20,0,155,0,0,135
"20160504162216","California",72,"Male","Foreign born, US citizen","Married","Non-Veteran","No","Not in labor force","No answer","No answer","Retired","No answer",NA,"$50,000 to $59,999",2,0,"No","No difficulty",0,0,180,0,0,175,105,0,0,0,0,0,0,0,0,420,560,540,20,0,105,0,0,175
"20160705161875","New York",30,"Male","Foreign born, not US citizen","Married","Non-Veteran","No","Employed","No","Private, for profit","No answer","Full time",60,"$60,000 to $74,999",2,0,"No","No difficulty",55,5,0,0,0,65,65,0,0,0,0,0,628,0,0,337,285,270,15,0,65,0,0,65
"20160504160556","Oregon",80,"Female","Native, Born in USA","Widowed","Non-Veteran","No","Employed","No","Self-employed, unincorporated","No answer","Part time",3,"$12,500 to $14,999",1,0,"No","No difficulty",52,126,0,0,70,153,75,0,0,0,0,0,0,0,0,355,587,540,45,2,75,0,0,153
"20160706162029","Oregon",43,"Female","Native, Born in USA","Married","Non-Veteran","No","Not in labor force","No answer","No answer","No answer","No answer",NA,"$150,000 and over",4,2,"Yes","No difficulty",20,0,0,0,60,60,120,0,3,0,0,0,0,0,0,457,720,680,40,0,120,0,0,60
"20161008160143","Tennessee",52,"Female","Native, Born in USA","Divored","Non-Veteran","No","Employed","No","Private, for profit","No answer","Full time",40,"$75,000 to $99,999",1,0,"No","No difficulty",130,0,0,0,0,65,40,0,0,60,0,0,600,0,0,35,510,465,45,0,40,0,0,65
"20160112150987","Georgia",67,"Male","Native, Born in USA","Divored","Veteran","No","Not in labor force","No answer","No answer","Retired","No answer",NA,"$5,000 to $7,499",1,0,"No","No difficulty",207,0,0,0,0,405,102,0,0,0,0,0,0,0,0,26,700,670,30,0,102,0,0,405
"20160908161345","Michigan",40,"Female","Native, Born in USA","Married","Non-Veteran","No","Not in labor force","No answer","No answer","No answer","No answer",NA,"$50,000 to $59,999",4,2,"Yes","No difficulty",68,2,0,1,0,341,52,0,0,0,38,0,0,0,270,179,489,487,2,0,52,0,0,341
"20160504162280","Utah",16,"Male","Native, Born in USA","Never married","No answer","No","Not in labor force","No answer","No answer","No answer","No answer",NA,"$75,000 to $99,999",4,1,"Yes","No difficulty",0,0,0,0,0,565,40,0,0,0,0,0,0,0,0,250,585,585,0,0,40,0,0,565
"20160201160513","Nevada",39,"Male","Native, Born in USA","Divored","Non-Veteran","No","Employed","No","Private, for profit","No answer","Full time",40,"$50,000 to $59,999",3,2,"Yes","No difficulty",165,0,0,0,0,145,15,0,0,0,0,0,531,0,44,20,520,510,10,0,15,0,0,145
"20160908160569","Georgia",17,"Female","Native, Born in USA","Never married","No answer","No","Not in labor force","No answer","No answer","No answer","No answer",NA,"$100,000 to $149,999",4,2,"Yes","No difficulty",182,0,0,55,15,302,160,0,0,0,10,30,0,6,15,30,635,560,75,0,160,0,30,302
"20161110161382","South Dakota",50,"Male","Native, Born in USA","Married","Non-Veteran","No","Employed","No","Government, state","No answer","Full time",80,"$75,000 to $99,999",3,1,"Yes","No difficulty",110,0,0,0,0,0,120,0,0,0,30,0,760,0,0,0,420,390,30,0,120,0,0,0
"20160201162076","California",85,"Female","Foreign born, US citizen","Widowed","Non-Veteran","No","Not in labor force","No answer","No answer","Retired","No answer",NA,"$10,000 to $12,499",1,0,"No","No difficulty",0,0,0,0,0,450,120,0,0,0,0,0,0,0,0,0,870,840,30,0,120,0,0,450
"20160302162412","Maryland",85,"Female","Native, Born in USA","Widowed","Non-Veteran","No","Not in labor force","No answer","No answer","Retired","No answer",NA,"$25,000 to $29,999",1,0,"No","No difficulty",30,0,0,0,0,630,90,0,0,0,0,0,0,0,0,0,690,660,30,0,90,0,0,630
"20160403160729","Washington",60,"Male","Foreign born, US citizen","Married","Non-Veteran","No","Not in labor force","No answer","No answer","Retired","No answer",NA,"$75,000 to $99,999",2,0,"No","No difficulty",70,0,0,0,135,510,90,0,0,0,5,0,0,0,0,10,620,620,0,0,90,0,0,510
"20160201162024","Virginia",77,"Female","Native, Born in USA","Divored","Non-Veteran","No","Not in labor force","No answer","No answer","Retired","No answer",NA,"$12,500 to $14,999",1,0,"No","No difficulty",0,120,0,0,0,410,105,0,0,0,0,0,0,0,0,155,650,600,45,5,105,0,0,410
"20161009162347","Michigan",39,"Male","Native, Born in USA","Married","Veteran","No","Employed","No","Private, for profit","No answer","Full time",37,"$75,000 to $99,999",4,2,"Yes","No difficulty",32,0,0,0,0,0,0,0,0,0,0,0,90,60,529,96,633,603,30,0,0,0,0,0
"20161211161030","Utah",61,"Female","Native, Born in USA","Separated","Non-Veteran","No","Employed","No","Private, for profit","No answer","Full time",40,"$60,000 to $74,999",2,0,"No","No difficulty",22,0,0,0,10,185,45,0,0,0,15,0,468,0,0,0,695,615,80,0,45,0,0,185
"20160404162201","Washington",72,"Female","Native, Born in USA","Married","Veteran","No","Employed","No","Private, for profit","No answer","Part time",28,"$60,000 to $74,999",2,0,"No","Has difficulty",35,0,0,0,0,550,60,0,0,0,60,0,0,0,0,135,600,600,0,0,60,0,0,550
"20161111161976","Iowa",39,"Male","Native, Born in USA","Married","Non-Veteran","No","Employed","No","Self-employed, unincorporated","No answer","Full time",60,"$100,000 to $149,999",5,3,"Yes","No difficulty",0,0,0,0,0,90,30,0,0,0,0,0,945,0,60,75,180,180,0,0,30,0,0,90
"20160908161899","California",38,"Female","Native, Born in USA","Married","Non-Veteran","No","Employed","No","Private, for profit","No answer","Full time",50,"$150,000 and over",4,2,"Yes","No difficulty",135,0,0,0,0,30,20,0,0,0,40,0,685,0,110,35,385,315,70,0,20,0,0,30
"20160301161140","Wisconsin",80,"Female","Native, Born in USA","Widowed","Non-Veteran","No","Not in labor force","No answer","No answer","Retired","No answer",NA,"$7,500 to $9,999",1,0,"No","No difficulty",0,0,0,0,10,510,120,0,0,0,0,0,0,0,0,0,660,660,0,0,120,0,0,510
"20160806160559","Louisiana",50,"Female","Native, Born in USA","Married","Non-Veteran","No","Employed","No","Government, local","No answer","Part time",20,"$50,000 to $59,999",2,0,"No","No difficulty",19,0,0,0,0,464,35,0,0,0,0,0,260,2,20,15,625,600,25,0,35,0,0,464
"20161211161925","Florida",55,"Female","Native, Born in USA","Married","Non-Veteran","No","Employed","No","Government, local","No answer","Full time",40,"$75,000 to $99,999",4,1,"Yes","No difficulty",60,0,0,60,0,155,90,0,0,0,0,0,540,0,0,70,465,390,75,0,90,0,0,155
"20160201160626","Illinois",17,"Female","Native, Born in USA","Never married","Non-Veteran","No","Employed","No","Government, local","No answer","Part time",3,"$75,000 to $99,999",4,1,"Yes","No difficulty",40,0,0,0,0,30,75,0,0,0,0,704,0,5,0,0,586,540,46,0,75,410,69,30
"20160706161760","New York",80,"Male","Native, Born in USA","Widowed","Non-Veteran","No","Not in labor force","No answer","No answer","Retired","No answer",NA,"$30,000 to $34,999",1,0,"No","No difficulty",0,5,0,0,0,440,0,0,0,0,0,0,0,0,0,65,810,810,0,0,0,0,0,440
"20160112152515","Texas",33,"Male","Native, Born in USA","Married","Non-Veteran","No","Employed","No","Private, for profit","No answer","Full time",40,"$100,000 to $149,999",2,0,"No","No difficulty",0,0,0,0,0,540,120,0,0,0,0,0,180,0,0,0,600,600,0,0,120,0,0,540
"20160112151412","North Carolina",41,"Male","Native, Born in USA","Married","Veteran","No","Employed","No","Self-employed, incorporated","No answer","Full time",60,"$100,000 to $149,999",6,3,"Yes","No difficulty",335,0,0,0,265,30,195,0,0,0,10,0,0,0,0,0,605,575,30,0,195,0,0,30
"20160505160923","South Dakota",58,"Female","Native, Born in USA","Married","Veteran","No","Not in labor force","No answer","No answer","No answer","No answer",NA,"$60,000 to $74,999",3,0,"No","Has difficulty",210,0,0,30,0,420,70,0,0,0,0,0,0,0,15,85,610,600,10,0,70,0,0,420
"20160101160135","Georgia",34,"Female","Native, Born in USA","Separated","Non-Veteran","No","Not in labor force","No answer","No answer","No answer","No answer",NA,"$12,500 to $14,999",4,3,"Yes","No difficulty",30,0,0,0,0,220,40,0,0,0,0,0,0,0,180,305,665,645,20,0,40,0,0,220
"20160302162015","Kentucky",30,"Male","Native, Born in USA","Married","Non-Veteran","No","Employed","No","Government, local","No answer","Full time",53,"$60,000 to $74,999",2,0,"No","No difficulty",10,0,0,0,0,270,75,0,0,0,0,0,0,0,0,515,570,570,0,0,75,0,0,270
"20160908161608","Mississippi",56,"Male","Native, Born in USA","Married","Non-Veteran","No","Employed","No","Self-employed, unincorporated","No answer","Full time",70,"$150,000 and over",4,1,"Yes","No difficulty",4,30,0,30,0,170,30,0,0,0,0,0,117,0,0,9,1050,990,60,0,30,0,0,170
"20160907162353","New York",35,"Female","Native, Born in USA","Married","Non-Veteran","No","Employed","No","Government, federal","No answer","Full time",40,"$150,000 and over",4,2,"Yes","No difficulty",67,60,0,0,0,60,60,0,0,35,50,0,496,0,30,47,535,430,105,0,60,0,0,60
"20160908161218","Washington",60,"Male","Native, Born in USA","Never married","Non-Veteran","No","Not in labor force","No answer","No answer","No answer","No answer",NA,"$75,000 to $99,999",1,0,"No","No difficulty",105,0,0,0,0,345,0,0,0,5,45,0,0,0,0,330,610,580,30,0,0,0,0,345
"20160706162014","California",80,"Female","Native, Born in USA","Divored","Non-Veteran","No","Not in labor force","No answer","No answer","Retired","No answer",NA,"$50,000 to $59,999",1,0,"No","No difficulty",35,0,0,0,0,420,45,0,0,0,0,0,0,15,0,335,590,590,0,0,45,0,0,420
"20160908161623","Texas",80,"Female","Foreign born, US citizen","Widowed","Non-Veteran","No","Not in labor force","No answer","No answer","Retired","No answer",NA,"$7,500 to $9,999",1,0,"No","Has difficulty",0,0,0,0,0,425,15,0,0,0,0,0,0,0,0,110,820,770,50,0,15,0,0,425
"20160706161984","Alabama",25,"Male","Native, Born in USA","Never married","Non-Veteran","No","Employed","No","Private, for profit","No answer","Full time",40,"Less than $5,000",1,0,"No","Has difficulty",55,0,0,0,0,240,60,0,0,0,0,0,485,0,0,60,540,450,90,0,60,0,0,240
"20160605161795","Utah",72,"Female","Native, Born in USA","Married","Non-Veteran","No","Not in labor force","No answer","No answer","Retired","No answer",NA,"$15,000 to $19,999",2,0,"No","No difficulty",20,10,0,0,0,360,105,0,0,0,0,0,0,90,0,340,515,515,0,0,105,0,0,360
"20161010160027","Maryland",16,"Male","Native, Born in USA","Never married","No answer","No","Not in labor force","No answer","No answer","No answer","No answer",NA,"$150,000 and over",3,1,"Yes","Has difficulty",54,0,0,0,0,145,45,0,0,0,0,590,0,1,0,0,605,579,20,6,45,590,0,145
"20160503161244","Mississippi",33,"Female","Native, Born in USA","Never married","Non-Veteran","No","Employed","No","Private, for profit","No answer","Full time",NA,"$15,000 to $19,999",4,3,"Yes","No difficulty",20,15,0,0,0,440,15,0,0,0,0,0,0,0,0,20,930,840,90,0,15,0,0,440
"20160706160610","Arizona",57,"Male","Foreign born, US citizen","Divored","Non-Veteran","No","Employed","No","Private, for profit","No answer","Part time",33,"$25,000 to $29,999",2,1,"Yes","No difficulty",70,0,0,0,0,150,75,0,0,0,60,0,0,0,0,362,723,693,30,0,75,0,0,150
"20160403161032","Massachusetts",38,"Female","Foreign born, US citizen","Separated","Non-Veteran","No","Employed","Yes","Private, for profit","No answer","Full time",55,"$30,000 to $34,999",6,2,"Yes","No difficulty",114,15,0,0,0,22,25,0,0,0,0,0,675,10,37,47,494,430,64,0,25,0,0,22
"20160302162153","Colorado",78,"Male","Native, Born in USA","Widowed","Veteran","No","Employed","No","Self-employed, unincorporated","No answer","Part time",10,"$15,000 to $19,999",1,0,"No","No difficulty",110,0,0,0,290,405,115,0,0,0,5,0,0,0,0,13,502,457,45,0,115,0,0,405
"20160908161067","North Carolina",37,"Female","Foreign born, not US citizen","Married","Non-Veteran","No","Not in labor force","No answer","No answer","No answer","No answer",NA,"$15,000 to $19,999",5,3,"Yes","No difficulty",0,0,0,0,0,80,30,0,0,0,0,0,0,0,135,585,610,580,30,0,30,0,0,80
"20160201161198","Florida",58,"Male","Native, Born in Territory","Married","Veteran","No","Employed","No","Private, nonprofit","No answer","Full time",40,"$30,000 to $34,999",2,0,"No","No difficulty",60,0,0,0,0,630,10,0,0,0,0,0,0,0,0,0,632,600,32,0,10,0,0,630
"20161211161552","Ohio",64,"Male","Native, Born in USA","Never married","Non-Veteran","No","Employed","No","Self-employed, unincorporated","No answer","Part time",30,"$15,000 to $19,999",1,0,"No","No difficulty",17,45,0,0,0,165,55,0,0,0,120,0,135,0,0,215,688,668,20,0,55,0,0,165
"20160403160145","Georgia",24,"Female","Native, Born in USA","Married","Non-Veteran","No","Not in labor force","No answer","No answer","No answer","No answer",NA,"$30,000 to $34,999",4,2,"Yes","No difficulty",78,0,0,0,0,218,160,0,0,0,90,0,0,5,105,75,649,634,15,0,160,0,0,218
"20160202160678","Texas",58,"Female","Native, Born in USA","Married","Non-Veteran","No","Employed","No","Self-employed, incorporated","No answer","Full time",40,"$50,000 to $59,999",2,0,"No","No difficulty",28,0,0,60,0,225,85,0,0,0,0,0,0,0,62,425,555,510,45,0,85,0,0,225
"20161110161779","Oregon",27,"Female","Native, Born in USA","Married","Non-Veteran","No","Employed","No","Private, nonprofit","No answer","Part time",25,"$60,000 to $74,999",2,0,"No","No difficulty",117,0,0,0,0,418,155,15,0,30,20,30,45,0,0,160,450,440,10,0,155,0,30,418
"20160302160515","Louisiana",76,"Female","Native, Born in USA","Married","Non-Veteran","No","Not in labor force","No answer","No answer","Retired","No answer",NA,"$30,000 to $34,999",2,0,"No","No difficulty",35,0,0,0,0,220,0,0,0,0,25,0,0,0,0,290,750,690,60,0,0,0,0,220
"20160808160920","Ohio",50,"Male","Native, Born in USA","Divored","Non-Veteran","No","Employed","Yes","Private, for profit","No answer","Part time",20,"$60,000 to $74,999",1,0,"No","Has difficulty",79,0,0,0,0,75,25,0,0,0,15,0,502,0,0,274,470,430,40,0,25,0,0,75
"20161211162491","Washington",33,"Female","Native, Born in USA","Married","Non-Veteran","No","Employed","No","Private, for profit","No answer","Full time",40,"$100,000 to $149,999",3,1,"Yes","No difficulty",151,0,0,120,0,150,150,0,0,0,10,0,0,10,184,0,665,665,0,0,150,0,0,150
"20160112152319","Missori",70,"Male","Native, Born in USA","Never married","Veteran","No","Not in labor force","No answer","No answer","Retired","No answer",NA,"$25,000 to $29,999",1,0,"No","No difficulty",0,0,0,0,0,600,25,0,0,0,0,0,0,0,0,0,815,780,20,15,25,0,0,600
"20161211162380","Florida",57,"Female","Native, Born in USA","Married","Non-Veteran","No","Not in labor force","No answer","No answer","Retired","No answer",NA,"$40,000 to $49,999",2,0,"No","No difficulty",0,0,0,0,0,0,150,0,0,0,0,0,0,420,0,60,810,770,40,0,150,0,0,0
"20161211161167","Texas",64,"Female","Foreign born, US citizen","Never married","Non-Veteran","No","Employed","No","Private, for profit","No answer","Full time",40,"$75,000 to $99,999",2,0,"No","No difficulty",120,35,0,0,0,70,180,0,0,0,0,0,475,0,0,0,560,510,50,0,180,0,0,70
"20160403161289","Tennessee",34,"Male","Native, Born in USA","Married","Non-Veteran","No","Employed","No","Private, for profit","No answer","Full time",60,"$60,000 to $74,999",5,3,"Yes","No difficulty",135,0,0,5,20,35,55,0,0,0,15,0,660,0,0,80,435,395,40,0,55,0,0,35
"20160401161479","California",35,"Male","Native, Born in USA","Married","Non-Veteran","No","Employed","No","Private, for profit","No answer","Full time",40,"$25,000 to $29,999",4,2,"Yes","No difficulty",110,0,0,0,0,120,60,0,0,0,0,0,470,30,0,180,470,410,60,0,60,0,0,120
"20160302162116","California",36,"Female","Native, Born in USA","Never married","Non-Veteran","No","Unemployed, Looking","No answer","No answer","No answer","No answer",NA,"$40,000 to $49,999",1,0,"No","No difficulty",53,105,0,0,60,402,45,0,0,0,90,0,0,0,0,60,625,595,30,0,45,0,0,402
"20161211161019","Pennsylvania",17,"Male","Native, Born in USA","Never married","No answer","No","Employed","No","Private, for profit","No answer","Part time",16,"$75,000 to $99,999",3,1,"Yes","No difficulty",86,0,0,135,0,160,70,0,0,0,0,444,0,0,0,0,545,510,35,0,70,414,30,160
"20160807161985","Ohio",32,"Female","Foreign born, not US citizen","Never married","Non-Veteran","No","Employed","No","Private, for profit","No answer","Full time",40,"$40,000 to $49,999",1,0,"No","No difficulty",200,0,0,0,229,315,95,0,0,0,0,0,0,2,0,20,579,449,130,0,95,0,0,315
"20160201161652","Virginia",72,"Female","Native, Born in USA","Divored","Non-Veteran","No","Not in labor force","No answer","No answer","No answer","No answer",NA,"$60,000 to $74,999",1,0,"No","No difficulty",90,87,0,0,0,263,255,0,0,0,0,0,0,0,0,105,640,590,50,0,255,0,0,263
"20161211162363","Kentucky",37,"Female","Native, Born in USA","Divored","Non-Veteran","No","Employed","No","Private, for profit","No answer","Full time",40,"$20,000 to $24,999",4,3,"Yes","No difficulty",10,0,0,0,0,180,30,0,0,0,0,0,260,0,90,240,630,560,70,0,30,0,0,180
"20161110162095","Georgia",59,"Female","Native, Born in USA","Married","Non-Veteran","No","Not in labor force","No answer","No answer","No answer","No answer",NA,"$50,000 to $59,999",3,0,"No","No difficulty",30,0,0,0,0,165,30,0,0,0,195,0,0,30,0,450,540,540,0,0,30,0,0,165
"20161109161521","Maryland",61,"Male","Native, Born in USA","Married","Non-Veteran","No","Not in labor force","No answer","No answer","Retired","No answer",NA,"$150,000 and over",2,0,"No","No difficulty",120,0,0,0,0,670,20,0,0,0,0,0,0,0,0,0,630,590,40,0,20,0,0,670
"20160504162306","Texas",40,"Male","Foreign born, not US citizen","Never married","Non-Veteran","No","Employed","No","Self-employed, unincorporated","No answer","Full time",NA,"$25,000 to $29,999",2,0,"No","No difficulty",50,0,0,0,0,450,5,0,0,0,25,0,220,0,0,120,570,450,120,0,5,0,0,450
"20160706160865","California",70,"Female","Native, born abroad","Widowed","Non-Veteran","No","Not in labor force","No answer","No answer","Retired","No answer",NA,"$30,000 to $34,999",2,0,"No","No difficulty",30,0,0,0,0,570,30,0,0,0,30,0,0,0,0,330,450,420,30,0,30,0,0,570
"20161211161305","Florida",71,"Female","Native, Born in USA","Widowed","Non-Veteran","No","Not in labor force","No answer","No answer","Retired","No answer",NA,"$15,000 to $19,999",1,0,"No","No difficulty",0,0,0,0,0,640,5,0,0,0,0,0,0,0,0,345,450,360,90,0,5,0,0,640
"20160605160988","North Carolina",41,"Female","Native, Born in USA","Married","Non-Veteran","No","Employed","No","Private, for profit","No answer","Full time",40,"$100,000 to $149,999",4,2,"Yes","No difficulty",60,0,0,0,460,150,60,0,0,0,0,0,0,0,0,60,650,600,50,0,60,0,0,150
"20160908161155","New York",42,"Female","Native, Born in USA","Married","Non-Veteran","No","Employed","No","Government, local","No answer","Full time",40,"$150,000 and over",2,0,"No","No difficulty",135,0,0,0,0,594,75,0,0,0,0,0,271,0,0,15,350,310,40,0,75,0,0,594
"20160111151887","Ohio",71,"Male","Native, Born in USA","Widowed","Non-Veteran","No","Not in labor force","No answer","No answer","Retired","No answer",NA,"$25,000 to $29,999",1,0,"No","No difficulty",60,0,0,0,0,419,280,0,0,60,0,0,0,0,0,21,600,600,0,0,280,0,0,419
"20161110160101","Georgia",62,"Male","Native, Born in USA","Never married","Non-Veteran","No","Not in labor force","No answer","No answer","Retired","No answer",NA,"Less than $5,000",1,0,"No","No difficulty",0,0,0,0,0,760,10,0,0,0,0,0,0,0,0,10,660,650,10,0,10,0,0,760
"20160201160726","Kansas",43,"Male","Native, Born in USA","Divored","Non-Veteran","No","Employed","No","Private, for profit","No answer","Part time",30,"$30,000 to $34,999",2,1,"Yes","No difficulty",64,0,0,0,0,260,60,0,0,0,0,0,389,0,22,105,540,497,43,0,60,0,0,260
"20161110161175","California",79,"Female","Foreign born, US citizen","Widowed","Non-Veteran","No","Not in labor force","No answer","No answer","Retired","No answer",NA,"$150,000 and over",1,0,"No","No difficulty",0,30,0,0,0,345,15,0,0,0,0,0,0,0,0,480,570,570,0,0,15,0,0,345
"20161110161169","New York",42,"Male","Foreign born, not US citizen","Married","Non-Veteran","No","Employed","No","Private, for profit","No answer","Full time",48,"$100,000 to $149,999",4,2,"Yes","No difficulty",175,0,0,0,0,70,100,0,0,0,0,0,600,0,40,0,455,440,15,0,100,0,0,70
"20160403160099","Pennsylvania",85,"Female","Native, Born in USA","Widowed","Non-Veteran","No","Not in labor force","No answer","No answer","Retired","No answer",NA,"$60,000 to $74,999",1,0,"No","Has difficulty",0,0,0,0,0,465,45,0,0,0,0,0,0,0,0,0,930,900,30,0,45,0,0,465
"20160302160810","North Carolina",65,"Female","Native, Born in USA","Married","Non-Veteran","No","Not in labor force","No answer","No answer","Retired","No answer",NA,"$75,000 to $99,999",3,1,"Yes","No difficulty",10,0,0,0,0,349,32,0,0,0,0,0,0,0,48,471,530,495,35,0,32,0,0,349
"20160201162379","Texas",66,"Female","Native, Born in USA","Divored","Non-Veteran","No","Employed","No","Private, for profit","No answer","Full time",40,"$40,000 to $49,999",1,0,"No","No difficulty",110,0,0,0,0,190,75,0,0,0,60,0,475,0,0,25,505,450,55,0,75,0,0,190
"20160806161606","California",41,"Male","Foreign born, not US citizen","Married","Non-Veteran","No","Employed","No","Private, for profit","No answer","Full time",40,"$75,000 to $99,999",4,2,"Yes","No difficulty",95,5,0,0,0,0,295,0,0,0,90,0,485,0,45,30,395,360,35,0,295,0,0,0
"20160112150818","New Jersey",44,"Female","Native, Born in USA","Separated","Non-Veteran","No","Not in labor force","No answer","No answer","No answer","No answer",NA,"$30,000 to $34,999",3,2,"Yes","No difficulty",120,0,0,240,0,440,130,0,0,0,0,0,0,0,0,0,510,480,30,0,130,0,0,440
"20160605161441","New Jersey",68,"Female","Native, Born in USA","Never married","Non-Veteran","No","Not in labor force","No answer","No answer","Retired","No answer",NA,"$60,000 to $74,999",2,0,"No","No difficulty",30,0,0,0,60,450,30,0,90,0,0,0,0,0,0,210,570,570,0,0,30,0,0,450
"20161111161537","Florida",64,"Male","Native, Born in USA","Married","Veteran","No","Employed","No","Private, for profit","No answer","Full time",40,"$30,000 to $34,999",2,0,"No","No difficulty",45,0,0,0,0,235,115,0,0,0,0,0,490,0,0,15,480,450,30,0,115,0,0,235
"20160807160720","Louisiana",24,"Female","Native, Born in USA","Never married","Non-Veteran","No","Employed","No","Private, for profit","No answer","Part time",10,"$30,000 to $34,999",4,2,"Yes","Has difficulty",0,0,0,0,0,0,7,0,0,0,0,210,0,0,352,347,524,494,30,0,7,0,210,0
"20160302160722","Georgia",43,"Male","Native, Born in USA","Married","Non-Veteran","No","Employed","No","Private, for profit","No answer","Full time",50,"$75,000 to $99,999",3,1,"Yes","No difficulty",80,0,0,0,60,125,90,0,0,0,0,0,510,0,30,0,545,510,35,0,90,0,0,125
"20160807162360","Massachusetts",72,"Male","Foreign born, US citizen","Widowed","Non-Veteran","No","Not in labor force","No answer","No answer","Retired","No answer",NA,"$10,000 to $12,499",1,0,"No","Has difficulty",20,0,0,0,0,665,140,0,0,0,15,0,0,15,0,360,210,210,0,0,140,0,0,665
"20160707162048","New York",44,"Female","Native, Born in USA","Married","Non-Veteran","No","Employed","No","Private, for profit","No answer","Part time",10,"$40,000 to $49,999",3,1,"Yes","No difficulty",55,0,0,0,120,205,70,0,0,0,60,0,55,7,228,190,450,405,45,0,70,0,0,205
"20160504161814","Illinois",63,"Female","Native, Born in USA","Divored","Non-Veteran","No","Employed","No","Private, nonprofit","No answer","Full time",40,"$60,000 to $74,999",1,0,"No","No difficulty",150,0,0,0,30,85,0,0,0,0,0,0,375,0,0,135,515,420,95,0,0,0,0,85
"20160404160025","Tennessee",34,"Female","Native, Born in USA","Married","Non-Veteran","No","Employed","No","Private, for profit","No answer","Part time",34,"$60,000 to $74,999",4,2,"Yes","No difficulty",77,1,0,0,0,297,150,0,0,0,135,0,0,0,0,120,660,630,30,0,150,0,0,297
"20160505161466","Pennsylvania",27,"Male","Native, Born in USA","Married","Non-Veteran","No","Employed","No","Private, nonprofit","No answer","Full time",40,"$35,000 to $39,999",2,0,"No","No difficulty",45,0,0,0,0,135,50,0,0,0,5,0,465,0,0,110,630,600,30,0,50,0,0,135
"20160908161047","Texas",47,"Male","Native, Born in USA","Married","Non-Veteran","No","Employed","No","Private, for profit","No answer","Full time",40,"$75,000 to $99,999",2,0,"No","No difficulty",120,0,0,120,0,55,27,0,0,45,0,0,525,0,0,3,545,480,65,0,27,0,0,55
"20160706161980","Wisconsin",60,"Female","Native, Born in USA","Divored","Non-Veteran","No","Employed","Yes","Private, for profit","No answer","Full time",NA,"$30,000 to $34,999",1,0,"No","No difficulty",30,0,0,0,0,143,75,0,0,0,0,0,395,45,0,45,707,675,32,0,75,0,0,143
"20160504160954","New Mexico",47,"Female","Native, Born in USA","Never married","Non-Veteran","No","Employed","Yes","Government, local","No answer","Full time",42,"$75,000 to $99,999",1,0,"No","No difficulty",44,0,0,105,60,150,90,0,0,0,55,0,0,0,0,321,615,595,20,0,90,0,0,150
"20160909161879","Georgia",53,"Female","Native, Born in USA","Married","Non-Veteran","No","Not in labor force","No answer","No answer","No answer","No answer",NA,"$15,000 to $19,999",3,1,"Yes","No difficulty",0,0,0,0,0,200,80,0,0,0,0,0,0,0,130,585,445,445,0,0,80,0,0,200
"20160112151388","Florida",57,"Female","Foreign born, US citizen","Never married","Non-Veteran","No","Employed","No","Private, for profit","No answer","Full time",40,"$100,000 to $149,999",1,0,"No","Has difficulty",30,0,0,0,0,165,120,0,0,0,0,0,495,0,0,0,630,540,90,0,120,0,0,165
"20160605161565","Louisiana",68,"Male","Native, Born in USA","Divored","Veteran","No","Employed","No","Government, local","No answer","Full time",40,"$60,000 to $74,999",1,0,"No","No difficulty",20,0,0,0,0,355,0,0,60,0,0,0,490,0,0,20,495,390,104,1,0,0,0,355
"20161110161537","California",24,"Male","Native, Born in USA","Never married","Non-Veteran","No","Employed","No","Private, for profit","No answer","Full time",40,"$75,000 to $99,999",2,0,"No","No difficulty",90,0,0,0,0,500,150,0,0,0,0,0,0,0,0,20,450,450,0,0,150,0,0,500
"20160808160823","Texas",58,"Female","Native, Born in USA","Widowed","Non-Veteran","No","Employed","Yes","Private, for profit","No answer","Full time",52,"$50,000 to $59,999",7,5,"Yes","No difficulty",40,0,0,135,0,0,60,0,0,0,0,0,0,0,60,305,735,615,120,0,60,0,0,0
"20160808162147","California",44,"Female","Foreign born, not US citizen","Married","Non-Veteran","No","Not in labor force","No answer","No answer","No answer","No answer",NA,"$12,500 to $14,999",10,6,"Yes","No difficulty",60,0,0,0,30,355,30,0,0,0,40,0,0,0,110,185,630,630,0,0,30,0,0,355
"20160403160599","Nebraska",47,"Female","Native, Born in USA","Married","Non-Veteran","No","Employed","No","Government, local","No answer","Part time",32,"$40,000 to $49,999",6,2,"Yes","No difficulty",12,0,0,60,0,150,40,0,0,0,0,0,372,0,127,225,454,454,0,0,40,0,0,150
"20160706161109","Mississippi",67,"Female","Native, Born in USA","Married","Non-Veteran","No","Not in labor force","No answer","No answer","Retired","No answer",NA,"$75,000 to $99,999",2,0,"No","No difficulty",0,0,0,0,0,455,30,0,0,0,0,0,0,0,0,465,490,420,70,0,30,0,0,455
"20161009161470","Arizona",36,"Female","Foreign born, US citizen","Never married","Non-Veteran","No","Not in labor force","No answer","No answer","No answer","No answer",NA,"$5,000 to $7,499",2,0,"No","Has difficulty",0,0,0,0,0,660,90,0,0,0,0,0,0,0,0,60,630,630,0,0,90,0,0,660
"20160112150724","Arkansas",15,"Female","Native, Born in USA","Never married","No answer","No","Not in labor force","No answer","No answer","No answer","No answer",NA,"$20,000 to $24,999",4,2,"Yes","No difficulty",70,0,0,0,30,653,72,0,0,0,0,0,0,0,0,0,615,600,15,0,72,0,0,653
"20160605160009","Michigan",50,"Female","Native, Born in USA","Never married","Non-Veteran","No","Not in labor force","No answer","No answer","No answer","No answer",NA,"$7,500 to $9,999",2,0,"No","Has difficulty",0,0,0,0,30,495,45,0,0,0,0,0,0,0,0,120,720,690,30,0,45,0,0,495
"20161009161817","Connecticut",73,"Male","Native, Born in USA","Married","Non-Veteran","No","Not in labor force","No answer","No answer","Retired","No answer",NA,"$100,000 to $149,999",2,0,"No","No difficulty",100,0,0,0,30,740,90,0,0,0,90,0,0,0,0,90,300,240,60,0,90,0,0,740
"20160301160948","Louisiana",50,"Male","Native, Born in USA","Married","Non-Veteran","No","Employed","No","Private, for profit","No answer","Full time",40,"$100,000 to $149,999",3,1,"Yes","No difficulty",30,0,0,0,0,205,50,0,0,0,0,0,465,0,30,110,550,505,45,0,50,0,0,205
"20160112151648","California",30,"Male","Native, Born in USA","Never married","Non-Veteran","No","Employed","No","Private, for profit","No answer","Part time",30,"$12,500 to $14,999",2,1,"Yes","No difficulty",105,0,0,0,0,0,10,0,0,0,10,0,285,0,31,155,844,844,0,0,10,0,0,0
"20160604162096","Oregon",43,"Male","Native, Born in USA","Never married","Non-Veteran","No","Employed","No","Private, nonprofit","No answer","Full time",50,"$75,000 to $99,999",1,0,"No","No difficulty",55,0,0,0,0,585,90,0,0,0,45,0,0,0,0,105,560,500,60,0,90,0,0,585
"20160202160816","Virginia",31,"Male","Native, Born in USA","Married","Non-Veteran","No","Employed","No","Private, for profit","No answer","Full time",40,"$75,000 to $99,999",3,1,"Yes","No difficulty",155,0,0,0,0,570,50,0,0,0,0,0,0,0,30,105,530,510,20,0,50,0,0,570
"20161110161909","Washington",56,"Male","Native, Born in USA","Married","Non-Veteran","No","Not in labor force","No answer","No answer","No answer","No answer",NA,"$40,000 to $49,999",2,0,"No","Has difficulty",0,0,0,0,0,1392,20,0,0,0,0,0,0,0,0,5,23,0,22,1,20,0,0,1392
"20161211161961","California",37,"Female","Foreign born, US citizen","Married","Non-Veteran","No","Employed","No","Government, state","No answer","Part time",12,"$150,000 and over",4,2,"Yes","No difficulty",40,0,0,0,0,120,130,0,0,0,90,0,0,0,15,345,700,660,40,0,130,0,0,120
"20160101162333","Colorado",68,"Female","Native, Born in USA","Never married","Non-Veteran","No","Employed","No","Government, state","No answer","Full time",40,"$15,000 to $19,999",2,0,"No","No difficulty",30,0,0,0,0,215,70,0,0,0,525,0,0,0,0,30,570,570,0,0,70,0,0,215
"20160201161362","Utah",32,"Female","Native, Born in USA","Married","Non-Veteran","No","Employed","No","Government, local","No answer","Full time",40,"$30,000 to $34,999",5,3,"Yes","No difficulty",255,0,0,0,0,515,130,0,0,0,115,0,0,0,30,45,350,320,30,0,130,0,0,515
"20160403161859","Texas",35,"Male","Native, Born in USA","Never married","Non-Veteran","No","Employed","No","Private, for profit","No answer","Full time",45,"$100,000 to $149,999",3,0,"No","No difficulty",35,0,0,0,30,645,0,0,0,0,20,0,0,0,0,60,650,600,50,0,0,0,0,645
"20160908161086","Maryland",60,"Male","Foreign born, US citizen","Married","Non-Veteran","No","Employed","No","Private, for profit","No answer","Full time",60,"$150,000 and over",2,0,"No","No difficulty",205,0,0,0,0,255,20,0,30,0,0,0,510,0,0,20,400,370,30,0,20,0,0,255
"20161110161092","Virginia",57,"Male","Native, Born in USA","Married","Non-Veteran","No","Employed","No","Government, local","No answer","Full time",58,"$75,000 to $99,999",4,1,"Yes","No difficulty",35,0,0,0,0,0,0,0,0,0,0,0,1350,0,0,10,45,45,0,0,0,0,0,0
"20161009160702","Virginia",50,"Male","Foreign born, US citizen","Married","Non-Veteran","No","Employed","Yes","Private, for profit","No answer","Full time",46,"$150,000 and over",4,2,"Yes","No difficulty",63,0,0,0,0,172,30,0,0,0,10,0,425,0,140,33,567,537,30,0,30,0,0,172
"20160402161561","Ohio",43,"Male","Native, Born in USA","Married","Non-Veteran","No","Employed","No","Private, for profit","No answer","Full time",40,"$75,000 to $99,999",3,1,"Yes","No difficulty",40,0,0,0,0,40,90,0,0,0,45,0,435,0,50,95,540,510,30,0,90,0,0,40
"20160112151620","Vermont",46,"Male","Native, Born in USA","Never married","Non-Veteran","No","Employed","No","Private, for profit","No answer","Part time",NA,"$50,000 to $59,999",3,1,"Yes","No difficulty",56,0,0,0,0,210,30,0,0,0,10,0,494,90,0,225,325,220,105,0,30,0,0,210
"20160403161489","Florida",36,"Female","Native, Born in USA","Separated","Non-Veteran","No","Not in labor force","No answer","No answer","No answer","No answer",NA,"$12,500 to $14,999",5,4,"Yes","No difficulty",72,0,0,0,0,155,40,0,0,0,0,0,0,0,364,150,480,480,0,0,40,0,0,155
"20160403161048","Kansas",48,"Male","Native, Born in USA","Married","Non-Veteran","No","Employed","No","Private, for profit","No answer","Full time",46,"$150,000 and over",4,2,"Yes","No difficulty",318,0,0,0,0,223,40,0,0,60,65,0,90,2,92,25,525,480,45,0,40,0,0,223
"20160403161435","New Hampshire",65,"Male","Native, Born in USA","Married","Non-Veteran","No","Employed","No","Private, nonprofit","No answer","Full time",50,"$100,000 to $149,999",2,0,"No","No difficulty",30,0,0,0,0,330,60,0,0,0,0,0,720,0,0,90,210,210,0,0,60,0,0,330
"20160403160866","Texas",50,"Male","Foreign born, US citizen","Married","Non-Veteran","No","Employed","No","Private, for profit","No answer","Full time",40,"$40,000 to $49,999",8,3,"Yes","No difficulty",20,0,0,0,0,125,75,0,0,0,0,0,575,0,0,0,600,570,30,0,75,0,0,125
"20160605160777","Iowa",34,"Female","Native, Born in USA","Married","Non-Veteran","No","Employed","No","Private, for profit","No answer","Full time",40,"$40,000 to $49,999",4,2,"Yes","No difficulty",10,0,0,0,0,478,60,0,0,0,5,0,0,0,135,182,570,570,0,0,60,0,0,478
"20161009162177","Florida",73,"Male","Native, Born in USA","Married","Veteran","No","Not in labor force","No answer","No answer","Retired","No answer",NA,"$75,000 to $99,999",2,0,"No","No difficulty",45,0,0,0,130,827,45,0,0,0,0,0,0,2,0,31,360,360,0,0,45,0,0,827
"20160707161180","Arizona",85,"Male","Native, Born in USA","Widowed","Veteran","No","Not in labor force","No answer","No answer","Retired","No answer",NA,"$25,000 to $29,999",1,0,"No","Has difficulty",0,0,0,0,0,840,30,0,0,0,0,0,0,0,0,15,555,550,5,0,30,0,0,840
"20160403161122","Tennessee",85,"Female","Native, Born in USA","Widowed","Non-Veteran","No","Not in labor force","No answer","No answer","Retired","No answer",NA,"$7,500 to $9,999",1,0,"No","Has difficulty",40,0,0,235,0,430,105,0,0,0,0,0,0,0,0,40,590,465,125,0,105,0,0,430
"20160201161974","Idaho",41,"Female","Native, Born in USA","Married","Non-Veteran","No","Not in labor force","No answer","No answer","No answer","No answer",NA,"$30,000 to $34,999",5,2,"Yes","No difficulty",152,0,0,0,0,174,185,0,0,0,60,326,0,0,28,15,500,440,60,0,185,266,60,174
"20160112152048","Louisiana",75,"Female","Native, Born in USA","Widowed","Non-Veteran","No","Not in labor force","No answer","No answer","Retired","No answer",NA,"$12,500 to $14,999",2,0,"No","Has difficulty",20,3,0,240,0,512,40,0,0,0,0,0,0,0,0,90,535,465,70,0,40,0,0,512
"20161110161837","Alabama",47,"Male","Native, Born in USA","Divored","Non-Veteran","No","Employed","Yes","Private, for profit","No answer","Full time",60,"$25,000 to $29,999",3,0,"No","No difficulty",40,30,0,0,0,143,40,0,0,0,5,0,565,0,0,35,582,542,40,0,40,0,0,143
"20160403161591","Iowa",80,"Male","Native, Born in USA","Married","Veteran","No","Not in labor force","No answer","No answer","Retired","No answer",NA,"$7,500 to $9,999",1,0,"No","No difficulty",0,0,0,0,45,615,60,0,0,0,0,0,0,0,0,60,660,660,0,0,60,0,0,615
"20160112151032","Illinois",53,"Male","Native, Born in USA","Married","Non-Veteran","No","Employed","No","Government, federal","No answer","Full time",40,"$100,000 to $149,999",6,3,"Yes","No difficulty",180,0,0,0,0,120,60,0,0,0,0,0,495,0,180,0,405,360,45,0,60,0,0,120
"20160706160785","California",34,"Female","Native, Born in USA","Divored","Non-Veteran","No","Employed","No","Government, state","No answer","Full time",40,"$60,000 to $74,999",2,0,"No","No difficulty",97,0,0,0,0,60,180,0,0,120,60,0,390,0,0,90,443,443,0,0,180,0,0,60
"20161009162338","Oklahoma",39,"Female","Native, Born in USA","Married","Non-Veteran","No","Not in labor force","No answer","No answer","No answer","No answer",NA,"$50,000 to $59,999",6,4,"Yes","No difficulty",30,0,0,28,0,177,60,0,0,0,0,0,0,0,336,338,471,411,60,0,60,0,0,177
"20160403160787","Indiana",35,"Female","Native, Born in USA","Married","Non-Veteran","No","Employed","Yes","Private, for profit","No answer","Part time",NA,"$75,000 to $99,999",6,4,"Yes","No difficulty",125,0,40,0,0,165,45,0,20,0,0,0,0,0,212,390,383,383,0,0,45,0,0,165
"20160302160917","New York",80,"Female","Native, Born in Territory","Widowed","Non-Veteran","No","Not in labor force","No answer","No answer","Retired","No answer",NA,"$12,500 to $14,999",1,0,"No","Has difficulty",50,0,0,45,0,372,83,0,0,0,60,0,0,0,0,102,728,613,105,10,83,0,0,372
"20160908160567","Mississippi",68,"Female","Native, Born in USA","Never married","Non-Veteran","No","Employed","No","Private, for profit","No answer","Part time",32,"$15,000 to $19,999",1,0,"No","No difficulty",30,0,0,0,0,230,120,0,0,0,0,0,483,0,0,45,492,430,60,2,120,0,0,230
"20160605161947","Tennessee",52,"Male","Native, Born in USA","Divored","Non-Veteran","No","Employed","No","Government, federal","No answer","Full time",40,"$75,000 to $99,999",1,0,"No","No difficulty",70,35,0,0,0,160,100,0,0,0,45,0,0,0,0,665,365,330,35,0,100,0,0,160
"20160504161679","Florida",80,"Male","Native, Born in USA","Married","Non-Veteran","No","Not in labor force","No answer","No answer","Retired","No answer",NA,"$100,000 to $149,999",2,0,"No","Has difficulty",30,0,0,0,45,735,120,0,0,0,0,0,0,0,0,0,510,510,0,0,120,0,0,735
"20160112152170","South Carolina",37,"Male","Native, Born in USA","Separated","Non-Veteran","No","Employed","No","Private, for profit","No answer","Full time",50,"$30,000 to $34,999",1,0,"No","No difficulty",10,0,0,0,85,285,0,0,0,0,0,0,570,0,0,10,480,480,0,0,0,0,0,285
"20160807160650","Vermont",56,"Female","Native, Born in USA","Divored","Non-Veteran","No","Not in labor force","No answer","No answer","No answer","No answer",NA,"$40,000 to $49,999",2,0,"No","No difficulty",210,5,0,0,390,50,60,0,0,0,0,0,0,200,0,90,425,385,40,0,60,0,0,50
"20160302160737","Connecticut",21,"Female","Native, Born in USA","Never married","Non-Veteran","No","Employed","Yes","Private, for profit","No answer","Part time",24,"$50,000 to $59,999",5,0,"No","No difficulty",140,20,0,0,0,205,55,0,0,0,190,0,0,0,0,50,780,640,140,0,55,0,0,205
"20160605161461","Pennsylvania",22,"Male","Native, Born in USA","Never married","Non-Veteran","No","Employed","No","Government, local","No answer","Full time",35,"$100,000 to $149,999",3,0,"No","No difficulty",48,0,0,0,0,0,20,0,0,10,0,0,540,15,0,0,717,717,0,0,20,0,0,0
"20160403160646","Wyoming",80,"Female","Native, Born in USA","Married","Non-Veteran","No","Not in labor force","No answer","No answer","Retired","No answer",NA,"$40,000 to $49,999",2,0,"No","Has difficulty",285,30,0,0,0,235,80,0,0,0,15,0,0,0,45,0,750,690,60,0,80,0,0,235
"20160302160780","Indiana",85,"Female","Native, Born in USA","Widowed","Non-Veteran","No","Not in labor force","No answer","No answer","Retired","No answer",NA,"$12,500 to $14,999",1,0,"No","No difficulty",20,0,0,0,0,805,45,0,0,0,45,0,0,0,0,20,505,450,55,0,45,0,0,805
"20160201161241","California",80,"Female","Native, Born in USA","Widowed","Non-Veteran","No","Not in labor force","No answer","No answer","Retired","No answer",NA,"$40,000 to $49,999",1,0,"No","Has difficulty",0,0,0,0,0,507,15,0,0,0,0,0,0,0,0,153,735,690,45,0,15,0,0,507
"20160605161023","New York",49,"Female","Native, Born in USA","Married","Non-Veteran","No","Employed","No","Private, for profit","No answer","Full time",35,"$60,000 to $74,999",3,0,"No","No difficulty",90,0,0,0,50,165,35,0,0,0,0,0,495,0,0,65,540,430,110,0,35,0,0,165
"20161009161554","Pennsylvania",40,"Female","Native, Born in USA","Married","Non-Veteran","No","Employed","No","Government, state","No answer","Full time",40,"$150,000 and over",5,3,"Yes","No difficulty",30,0,0,0,0,150,60,0,0,0,25,0,0,0,260,355,560,525,35,0,60,0,0,150
"20161211160802","Indiana",63,"Female","Native, Born in USA","Married","Non-Veteran","No","Employed","No","Government, local","No answer","Part time",25,"$30,000 to $34,999",2,0,"No","No difficulty",30,0,0,145,20,405,15,0,0,0,0,0,0,0,0,150,675,580,95,0,15,0,0,405
"20160301162310","Kentucky",43,"Male","Native, Born in USA","Never married","Non-Veteran","No","Employed","Yes","Private, for profit","No answer","Full time",44,"$25,000 to $29,999",1,0,"No","No difficulty",70,0,0,0,75,60,30,0,0,0,0,0,535,0,0,35,515,475,40,0,30,0,0,60
"20160112151299","Florida",52,"Male","Native, Born in USA","Never married","Non-Veteran","No","Employed","No","Private, for profit","No answer","Full time",40,"$60,000 to $74,999",1,0,"No","No difficulty",510,0,0,0,0,0,0,0,0,0,0,0,600,0,0,0,330,300,30,0,0,0,0,0
"20160505161426","South Carolina",60,"Male","Native, Born in USA","Separated","Veteran","No","Employed","No","Private, for profit","No answer","Full time",45,"$60,000 to $74,999",1,0,"No","No difficulty",84,0,0,0,0,551,87,0,0,0,60,0,0,0,0,240,418,418,0,0,87,0,0,551
"20160112150852","Virginia",43,"Male","Foreign born, US citizen","Married","Non-Veteran","No","Employed","No","Private, nonprofit","No answer","Full time",50,"$60,000 to $74,999",3,1,"Yes","No difficulty",0,0,0,0,0,300,140,0,0,0,0,0,270,0,0,60,670,670,0,0,140,0,0,300
"20161212161289","Colorado",59,"Male","Native, Born in USA","Married","Non-Veteran","No","Employed","No","Self-employed, unincorporated","No answer","Full time",40,"$75,000 to $99,999",2,0,"No","No difficulty",95,0,15,0,20,155,70,0,10,30,30,0,395,0,0,110,510,470,40,0,70,0,0,155
"20161211161134","Alaska",34,"Male","Native, Born in USA","Never married","Non-Veteran","No","Employed","No","Private, for profit","No answer","Full time",40,"$7,500 to $9,999",3,0,"No","No difficulty",165,0,0,0,0,293,170,0,0,0,10,0,480,0,0,0,322,292,30,0,170,0,0,293
"20160706161993","South Dakota",29,"Male","Native, Born in USA","Never married","Non-Veteran","No","Employed","Yes","Private, for profit","No answer","Full time",60,"$100,000 to $149,999",5,1,"Yes","No difficulty",25,0,0,0,0,20,15,0,0,0,0,90,800,0,0,90,400,365,35,0,15,90,0,20
"20160605161057","Georgia",78,"Female","Native, Born in USA","Never married","Non-Veteran","No","Not in labor force","No answer","No answer","Retired","No answer",NA,"$25,000 to $29,999",1,0,"No","No difficulty",60,0,270,345,0,270,15,0,0,0,0,0,0,0,0,0,480,420,60,0,15,0,0,270
"20160402161178","California",67,"Female","Foreign born, US citizen","Divored","Non-Veteran","No","Not in labor force","No answer","No answer","Retired","No answer",NA,"$40,000 to $49,999",3,2,"Yes","No difficulty",95,0,0,0,0,250,105,0,0,0,0,0,0,0,67,230,693,543,150,0,105,0,0,250
"20160504160593","Texas",37,"Male","Native, Born in USA","Never married","Non-Veteran","No","Employed","No","Private, for profit","No answer","Full time",NA,"$35,000 to $39,999",1,0,"No","No difficulty",40,60,0,0,0,435,240,0,0,0,0,0,0,0,0,35,630,630,0,0,240,0,0,435
"20160908161624","Missori",33,"Male","Native, Born in USA","Married","Non-Veteran","No","Employed","No","Private, for profit","No answer","Full time",40,"$150,000 and over",4,2,"Yes","No difficulty",44,0,0,0,0,155,90,0,0,0,0,0,501,0,50,30,525,465,60,0,90,0,0,155
"20160706161812","Massachusetts",61,"Male","Native, Born in USA","Married","Non-Veteran","No","Employed","No","Private, for profit","No answer","Full time",50,"$150,000 and over",3,0,"No","No difficulty",240,0,0,0,180,305,105,0,0,0,0,0,85,0,20,75,415,375,40,0,105,0,0,305
"20161110161133","Florida",70,"Male","Native, Born in USA","Married","Veteran","No","Employed","No","Private, for profit","No answer","Part time",2,"$60,000 to $74,999",2,0,"No","No difficulty",70,0,0,70,30,495,65,0,0,0,15,0,0,0,0,0,650,585,65,0,65,0,0,495
"20160807160737","Illinois",67,"Male","Native, Born in USA","Married","Veteran","No","Employed","No","Private, for profit","No answer","Full time",45,"$150,000 and over",3,0,"No","No difficulty",150,0,0,0,0,135,135,0,0,0,0,0,570,0,0,0,450,390,60,0,135,0,0,135
"20160505161025","Virginia",44,"Male","Native, Born in USA","Married","Non-Veteran","No","Employed","No","Private, for profit","No answer","Full time",50,"$150,000 and over",4,2,"Yes","No difficulty",85,0,0,0,0,105,100,0,0,0,0,0,475,0,5,40,630,565,65,0,100,0,0,105
"20160706162118","New York",85,"Male","Native, Born in USA","Married","Veteran","No","Not in labor force","No answer","No answer","Retired","No answer",NA,"$40,000 to $49,999",2,0,"No","Has difficulty",0,0,0,0,0,840,60,0,0,0,0,0,0,0,0,0,540,540,0,0,60,0,0,840
"20160705162154","North Carolina",54,"Female","Native, Born in USA","Divored","Non-Veteran","No","Employed","No","Private, for profit","No answer","Full time",40,"$35,000 to $39,999",1,0,"No","No difficulty",15,60,0,0,40,335,30,0,0,0,40,0,0,0,0,95,825,765,60,0,30,0,0,335
"20160301161683","Connecticut",63,"Female","Native, Born in USA","Divored","Non-Veteran","No","Employed","No","Private, for profit","No answer","Full time",40,"$75,000 to $99,999",1,0,"No","No difficulty",36,0,0,0,0,112,17,0,0,0,60,0,525,0,0,25,620,591,29,0,17,0,0,112
"20161008160767","Tennessee",18,"Male","Native, Born in USA","Never married","Non-Veteran","No","Employed","No","Private, for profit","No answer","Part time",16,"$100,000 to $149,999",6,2,"Yes","No difficulty",80,222,0,0,0,172,30,0,0,0,8,0,485,0,0,40,403,398,5,0,30,0,0,172
"20160503161715","Tennessee",63,"Female","Native, Born in USA","Married","Non-Veteran","No","Not in labor force","No answer","No answer","Retired","No answer",NA,"$60,000 to $74,999",4,0,"No","No difficulty",34,0,60,0,0,260,173,0,0,0,65,0,0,62,0,265,521,450,71,0,173,0,0,260
"20160908161173","Florida",55,"Female","Native, Born in USA","Married","Non-Veteran","No","Employed","No","Government, state","No answer","Full time",40,"$100,000 to $149,999",2,0,"No","No difficulty",20,0,0,0,15,415,15,0,0,0,60,0,30,0,0,245,595,520,75,0,15,0,0,415
"20161109161270","California",25,"Male","Native, Born in USA","Married","Veteran","No","Employed","No","Government, federal","No answer","Full time",40,"$60,000 to $74,999",3,1,"Yes","No difficulty",90,0,0,0,0,525,60,0,0,0,0,0,0,0,30,0,735,735,0,0,60,0,0,525
"20160706161011","North Carolina",38,"Female","Native, Born in USA","Married","Non-Veteran","No","Employed","No","Private, for profit","No answer","Full time",40,"$35,000 to $39,999",3,1,"Yes","No difficulty",85,40,0,0,0,5,100,0,0,0,30,0,460,0,102,10,578,558,20,0,100,0,0,5
"20160504161166","Michigan",39,"Female","Native, Born in USA","Married","Non-Veteran","No","Employed","No","Private, for profit","No answer","Full time",40,"$100,000 to $149,999",4,2,"Yes","No difficulty",60,0,0,0,0,690,60,0,0,0,0,0,0,0,15,90,525,525,0,0,60,0,0,690
"20160403160788","Alabama",65,"Female","Native, Born in USA","Married","Non-Veteran","No","Unemployed, Looking","No answer","No answer","No answer","No answer",NA,"$40,000 to $49,999",2,0,"No","No difficulty",53,1,0,0,0,225,20,0,0,0,0,0,0,10,40,576,380,360,20,0,20,0,0,225
"20160112150751","Kentucky",32,"Female","Native, Born in USA","Married","Non-Veteran","No","Employed","No","Private, for profit","No answer","Full time",36,"$60,000 to $74,999",5,3,"Yes","No difficulty",90,0,0,0,0,443,85,0,0,0,25,30,0,1,110,143,513,483,30,0,85,0,0,443
"20160302162054","Florida",48,"Male","Foreign born, US citizen","Married","Non-Veteran","No","Employed","No","Government, local","No answer","Full time",40,"$20,000 to $24,999",4,2,"Yes","No difficulty",43,0,0,0,0,230,30,0,0,0,0,0,482,0,0,0,477,447,30,0,30,0,0,230
"20160201161948","Iowa",34,"Female","Native, Born in USA","Married","Non-Veteran","No","Employed","No","Private, for profit","No answer","Full time",41,"$75,000 to $99,999",5,3,"Yes","No difficulty",325,0,0,0,0,240,90,0,0,0,0,0,0,0,5,60,720,720,0,0,90,0,0,240
"20160403161268","Texas",49,"Female","Foreign born, US citizen","Divored","Non-Veteran","No","Employed","No","Private, for profit","No answer","Full time",45,"$150,000 and over",2,1,"Yes","No difficulty",35,0,0,0,0,300,30,0,0,0,125,0,0,0,0,286,664,544,120,0,30,0,0,300
"20160112152044","Pennsylvania",33,"Female","Native, Born in USA","Married","Non-Veteran","No","Not in labor force","No answer","No answer","No answer","No answer",NA,"$35,000 to $39,999",5,3,"Yes","No difficulty",75,0,0,0,0,224,125,0,0,0,60,0,0,0,21,315,620,610,10,0,125,0,0,224
"20161211160838","Michigan",44,"Male","Native, Born in USA","Married","Non-Veteran","No","Employed","No","Private, for profit","No answer","Full time",45,"$20,000 to $24,999",4,2,"Yes","No difficulty",100,0,0,0,0,365,30,0,0,0,0,0,458,0,17,25,445,420,25,0,30,0,0,365
"20160404162014","Texas",70,"Female","Native, Born in USA","Widowed","Non-Veteran","No","Not in labor force","No answer","No answer","Retired","No answer",NA,"$12,500 to $14,999",1,0,"No","Has difficulty",0,0,0,30,0,615,15,0,0,0,0,0,0,0,0,195,585,510,75,0,15,0,0,615
"20160302160179","Arkansas",51,"Male","Native, Born in USA","Married","Non-Veteran","No","Employed","No","Private, for profit","No answer","Full time",55,"$100,000 to $149,999",3,1,"Yes","No difficulty",50,0,0,0,0,210,35,0,0,0,15,0,665,0,0,0,465,465,0,0,35,0,0,210
"20160202161020","Indiana",61,"Male","Native, Born in USA","Married","Non-Veteran","No","Not in labor force","No answer","No answer","Retired","No answer",NA,"$35,000 to $39,999",3,1,"Yes","No difficulty",10,0,0,0,0,375,75,0,0,0,0,0,0,0,90,195,695,665,30,0,75,0,0,375
"20160403160502","Texas",39,"Female","Native, Born in USA","Married","Non-Veteran","No","Not in labor force","No answer","No answer","No answer","No answer",NA,"$150,000 and over",4,2,"Yes","No difficulty",120,0,85,0,0,135,60,0,0,0,0,0,0,0,255,195,590,570,20,0,60,0,0,135
"20160606160076","California",49,"Female","Native, Born in USA","Married","Non-Veteran","No","Employed","No","Private, for profit","No answer","Part time",30,"$20,000 to $24,999",3,1,"Yes","No difficulty",10,0,0,0,0,583,70,0,0,0,60,0,0,0,0,197,520,445,75,0,70,0,0,583
"20160201160722","Texas",39,"Female","Foreign born, not US citizen","Married","Non-Veteran","No","Employed","No","Private, for profit","No answer","Full time",40,"$20,000 to $24,999",2,0,"No","No difficulty",60,0,0,0,0,120,30,0,0,0,75,0,0,0,0,195,960,960,0,0,30,0,0,120
"20160707161438","Virginia",67,"Female","Native, Born in USA","Divored","Non-Veteran","No","Not in labor force","No answer","No answer","Retired","No answer",NA,"$15,000 to $19,999",1,0,"No","Has difficulty",0,0,0,0,0,725,120,0,0,0,0,0,0,0,0,30,565,540,25,0,120,0,0,725
"20160908161875","Virginia",70,"Female","Native, Born in USA","Widowed","Non-Veteran","No","Not in labor force","No answer","No answer","Retired","No answer",NA,"$15,000 to $19,999",1,0,"No","No difficulty",40,0,0,90,0,730,40,0,0,0,0,0,0,0,0,0,525,450,75,0,40,0,0,730
"20160706161244","Arizona",53,"Male","Native, Born in USA","Divored","Non-Veteran","No","Employed","No","Private, for profit","No answer","Full time",45,"$75,000 to $99,999",2,1,"Yes","No difficulty",111,0,0,0,0,607,95,0,125,0,0,0,10,0,12,85,395,360,35,0,95,0,0,607
"20160212151723","Georgia",48,"Female","Foreign born, not US citizen","Married","Non-Veteran","No","Not in labor force","No answer","No answer","No answer","No answer",NA,"$5,000 to $7,499",3,1,"Yes","No difficulty",130,0,0,0,0,110,70,0,0,0,5,0,332,0,178,30,585,510,75,0,70,0,0,110
"20160505160619","Illinois",54,"Male","Native, Born in USA","Married","Non-Veteran","No","Employed","No","Private, for profit","No answer","Full time",40,"$75,000 to $99,999",4,2,"Yes","No difficulty",425,0,0,0,0,65,90,0,0,0,5,0,405,0,0,15,435,405,30,0,90,0,0,65
"20161211161363","Ohio",25,"Female","Native, Born in USA","Married","Non-Veteran","No","Employed","No","Private, nonprofit","No answer","Part time",24,"$30,000 to $34,999",3,1,"Yes","No difficulty",33,0,30,0,0,30,20,0,0,0,0,285,397,0,95,40,510,510,0,0,20,0,285,30
"20160504161916","Michigan",35,"Male","Foreign born, not US citizen","Married","Non-Veteran","No","Employed","No","Private, for profit","No answer","Full time",45,"$100,000 to $149,999",3,1,"Yes","No difficulty",60,0,0,155,0,150,105,0,0,0,120,0,0,30,15,120,685,665,20,0,105,0,0,150
"20160112152038","Missori",49,"Male","Native, Born in USA","Married","Non-Veteran","No","Employed","Yes","Self-employed, unincorporated","No answer","Part time",20,"$40,000 to $49,999",4,2,"Yes","No difficulty",60,0,0,180,90,360,60,0,0,0,0,0,0,0,0,0,690,600,90,0,60,0,0,360
"20161211160084","West Virginia",44,"Male","Native, Born in USA","Separated","Non-Veteran","No","Not in labor force","No answer","No answer","No answer","No answer",NA,"$10,000 to $12,499",1,0,"No","Has difficulty",17,0,0,0,0,492,20,0,0,0,5,0,0,10,0,158,678,678,0,0,20,0,0,492
"20160908160096","Texas",28,"Female","Native, Born in USA","Married","Non-Veteran","No","Employed","No","Government, state","No answer","Full time",40,"$25,000 to $29,999",4,2,"Yes","No difficulty",0,0,0,0,0,170,90,0,0,0,0,0,0,0,125,245,810,750,60,0,90,0,0,170
"20160112150982","Florida",85,"Female","Native, Born in USA","Married","Non-Veteran","No","Not in labor force","No answer","No answer","Retired","No answer",NA,"$60,000 to $74,999",2,0,"No","No difficulty",10,0,0,75,20,325,130,0,0,0,0,0,0,0,0,285,595,595,0,0,130,0,0,325
"20160302161754","Texas",61,"Male","Foreign born, US citizen","Married","Non-Veteran","No","Employed","No","Self-employed, unincorporated","No answer","Part time",30,"$40,000 to $49,999",5,3,"Yes","No difficulty",68,0,0,0,0,120,60,0,0,0,5,0,247,0,0,0,810,780,30,0,60,0,0,120
"20160504161003","Illinois",43,"Female","Native, Born in USA","Married","Non-Veteran","No","Employed","No","Private, for profit","No answer","Full time",55,"$150,000 and over",3,1,"Yes","No difficulty",30,0,0,0,0,110,90,0,0,0,15,0,0,0,180,485,530,525,5,0,90,0,0,110
"20161009161481","Minnesota",52,"Male","Native, Born in USA","Divored","Non-Veteran","No","Employed","No","Private, for profit","No answer","Full time",43,"$100,000 to $149,999",1,0,"No","No difficulty",160,0,215,115,215,45,10,0,0,0,0,0,0,0,0,30,530,500,30,0,10,0,0,45
"20160504161742","Kansas",33,"Female","Foreign born, not US citizen","Married","Non-Veteran","No","Not in labor force","No answer","No answer","No answer","No answer",NA,"$60,000 to $74,999",4,2,"Yes","No difficulty",50,0,0,0,30,180,30,0,0,0,60,0,0,0,105,290,695,635,60,0,30,0,0,180
"20160403160035","New Mexico",66,"Female","Native, Born in USA","Married","Non-Veteran","No","Not in labor force","No answer","No answer","Retired","No answer",NA,"$40,000 to $49,999",2,0,"No","No difficulty",37,0,0,0,60,53,160,0,0,0,60,0,0,0,0,360,710,570,140,0,160,0,0,53
"20161211161579","Maryland",51,"Female","Native, born abroad","Married","Non-Veteran","No","Employed","Yes","Private, for profit","No answer","Part time",NA,"$20,000 to $24,999",2,0,"No","No difficulty",13,2,0,0,0,263,0,0,0,0,0,0,696,0,2,11,453,413,35,5,0,0,0,263
"20161211161804","Oregon",54,"Female","Native, Born in USA","Married","Non-Veteran","No","Employed","No","Government, state","No answer","Part time",24,"$150,000 and over",3,1,"Yes","No difficulty",200,0,0,0,120,90,70,0,0,0,490,0,0,0,5,10,455,410,45,0,70,0,0,90
"20160908160943","Mississippi",75,"Female","Native, Born in USA","Married","Non-Veteran","No","Not in labor force","No answer","No answer","Retired","No answer",NA,"$30,000 to $34,999",2,0,"No","No difficulty",250,0,0,130,260,150,60,0,0,0,0,0,0,0,0,0,590,510,80,0,60,0,0,150
"20161211161995","Texas",59,"Male","Native, Born in USA","Divored","Non-Veteran","No","Unemployed, Laid off","No answer","No answer","No answer","No answer",NA,"$7,500 to $9,999",2,0,"No","Has difficulty",0,0,0,0,0,60,10,0,0,0,0,0,0,0,0,630,680,645,35,0,10,0,0,60
"20160301161099","Washington",35,"Female","Native, Born in USA","Divored","Non-Veteran","No","Employed","No","Government, federal","No answer","Full time",40,"$30,000 to $34,999",2,1,"Yes","No difficulty",30,0,0,0,70,575,90,0,0,0,5,0,0,0,0,130,540,390,90,0,90,0,0,575
"20161110161284","Missori",33,"Male","Native, Born in USA","Never married","Non-Veteran","No","Employed","Yes","Government, state","No answer","Full time",58,"$30,000 to $34,999",2,0,"No","No difficulty",87,0,0,0,300,139,110,0,0,0,0,0,0,0,0,324,480,440,40,0,110,0,0,139
"20161110161709","Illinois",66,"Female","Native, Born in USA","Married","Non-Veteran","No","Not in labor force","No answer","No answer","Retired","No answer",NA,"$40,000 to $49,999",2,0,"No","No difficulty",79,0,0,0,135,60,60,0,0,0,65,0,0,246,10,240,510,500,10,0,60,0,0,60
"20161009162152","Louisiana",28,"Male","Native, Born in USA","Never married","Non-Veteran","No","Employed","No","Private, for profit","No answer","Full time",50,"$35,000 to $39,999",1,0,"No","No difficulty",34,0,0,0,0,175,33,0,0,0,7,0,620,0,0,41,530,480,50,0,33,0,0,175
"20160404161995","Indiana",67,"Female","Native, Born in USA","Widowed","Non-Veteran","No","Not in labor force","No answer","No answer","Retired","No answer",NA,"$60,000 to $74,999",1,0,"No","No difficulty",70,30,0,5,0,514,35,0,0,0,20,0,0,0,0,236,530,530,0,0,35,0,0,514
"20160605161470","Michigan",80,"Female","Native, Born in USA","Widowed","Non-Veteran","No","Not in labor force","No answer","No answer","Retired","No answer",NA,"$10,000 to $12,499",1,0,"No","No difficulty",55,0,0,0,0,435,50,0,0,120,35,0,0,0,0,0,745,692,53,0,50,0,0,435
"20160302160636","California",63,"Male","Foreign born, not US citizen","Married","Non-Veteran","No","Unemployed, Looking","No answer","No answer","No answer","No answer",NA,"$25,000 to $29,999",2,0,"No","No difficulty",0,0,0,0,120,330,0,0,0,0,0,60,0,0,0,420,510,510,0,0,0,0,60,330
"20160606162043","Oregon",37,"Female","Native, Born in USA","Married","Non-Veteran","No","Not in labor force","No answer","No answer","No answer","No answer",NA,"$60,000 to $74,999",4,2,"Yes","No difficulty",133,0,0,0,0,321,32,0,0,93,20,0,0,2,10,45,639,599,20,20,32,0,0,321
"20160908161581","Texas",42,"Female","Foreign born, US citizen","Married","Non-Veteran","No","Employed","No","Private, for profit","No answer","Full time",50,"$100,000 to $149,999",3,1,"Yes","No difficulty",430,0,0,0,0,85,50,0,0,0,0,0,410,0,0,0,465,465,0,0,50,0,0,85
"20160605161840","Texas",67,"Female","Native, Born in USA","Divored","Non-Veteran","No","Not in labor force","No answer","No answer","Retired","No answer",NA,"$20,000 to $24,999",2,0,"No","No difficulty",30,60,0,0,0,285,165,0,0,0,0,0,0,0,90,180,570,540,30,0,60,0,0,285
"20160808161900","California",57,"Male","Native, Born in USA","Never married","Non-Veteran","No","Unemployed, Looking","No answer","No answer","No answer","No answer",NA,"$60,000 to $74,999",1,0,"No","No difficulty",40,0,0,0,0,265,60,0,0,0,0,0,0,0,0,510,465,450,15,0,60,0,0,265
"20160907161766","New Jersey",50,"Male","Foreign born, US citizen","Married","Non-Veteran","No","Employed","Yes","Private, for profit","No answer","Full time",92,"$100,000 to $149,999",4,2,"Yes","No difficulty",48,0,0,0,45,18,40,0,0,6,0,0,758,0,0,20,505,445,60,0,40,0,0,18
"20161210161181","Kansas",36,"Male","Foreign born, not US citizen","Married","Non-Veteran","No","Employed","No","Private, for profit","No answer","Full time",36,"$15,000 to $19,999",4,2,"Yes","No difficulty",14,0,0,0,0,596,30,0,0,0,40,0,0,0,0,40,720,720,0,0,30,0,0,596
"20161211161516","Florida",42,"Male","Native, Born in USA","Never married","Non-Veteran","No","Employed","No","Self-employed, unincorporated","No answer","Full time",65,"$30,000 to $34,999",1,0,"No","No difficulty",95,0,0,0,0,360,75,0,0,0,50,0,0,45,0,125,640,610,30,0,75,0,0,360
"20161010160026","Minnesota",70,"Male","Native, Born in USA","Married","Non-Veteran","No","Not in labor force","No answer","No answer","Retired","No answer",NA,"$30,000 to $34,999",2,0,"No","No difficulty",480,0,0,0,330,170,60,0,0,0,0,0,0,0,0,1,399,399,0,0,60,0,0,170
"20160403160750","Virginia",51,"Female","Native, Born in USA","Married","Non-Veteran","No","Employed","No","Private, for profit","No answer","Full time",40,"$60,000 to $74,999",2,0,"No","No difficulty",50,0,0,0,0,185,90,0,0,0,0,0,505,0,0,60,550,510,40,0,90,0,0,185
"20160706160876","Illinois",65,"Female","Native, Born in USA","Married","Non-Veteran","No","Not in labor force","No answer","No answer","Retired","No answer",NA,"$100,000 to $149,999",2,0,"No","No difficulty",40,0,0,0,0,390,120,0,0,0,0,0,0,120,0,90,680,600,80,0,120,0,0,390
"20161211161561","New York",66,"Female","Foreign born, not US citizen","Never married","Non-Veteran","No","Not in labor force","No answer","No answer","Retired","No answer",NA,"$150,000 and over",5,1,"Yes","No difficulty",105,0,0,0,0,270,75,0,0,0,165,0,0,0,10,215,600,555,45,0,75,0,0,270
"20160504161990","North Carolina",59,"Female","Native, Born in USA","Married","Non-Veteran","No","Not in labor force","No answer","No answer","No answer","No answer",NA,"$40,000 to $49,999",4,1,"Yes","No difficulty",0,60,0,0,20,625,215,0,0,0,5,0,0,0,0,65,450,450,0,0,215,0,0,625
"20160504160933","Arizona",34,"Male","Native, Born in USA","Married","Non-Veteran","No","Employed","No","Private, nonprofit","No answer","Full time",36,"$75,000 to $99,999",4,2,"Yes","No difficulty",35,0,0,0,20,120,75,0,0,0,0,0,5,0,345,350,480,465,15,0,75,0,0,120
"20161110161482","Connecticut",55,"Female","Native, Born in USA","Married","Non-Veteran","No","Employed","No","Private, for profit","No answer","Part time",3,"$150,000 and over",4,2,"Yes","No difficulty",310,0,45,130,0,30,120,0,0,0,0,0,5,35,65,140,550,470,80,0,120,0,0,30
"20160212151912","New York",51,"Female","Foreign born, US citizen","Separated","Non-Veteran","No","Not in labor force","No answer","No answer","No answer","No answer",NA,"Less than $5,000",2,0,"No","Has difficulty",305,0,0,0,0,90,30,0,0,251,0,0,0,0,0,4,760,740,20,0,30,0,0,90
"20160706160777","North Carolina",45,"Male","Foreign born, US citizen","Married","Non-Veteran","No","Employed","No","Private, for profit","No answer","Full time",38,"$100,000 to $149,999",4,2,"Yes","No difficulty",30,0,0,80,0,55,20,0,0,0,0,0,735,0,15,60,445,370,75,0,20,0,0,55
"20161008162131","California",54,"Female","Foreign born, US citizen","Married","Non-Veteran","No","Employed","No","Private, for profit","No answer","Part time",20,"$40,000 to $49,999",3,0,"No","No difficulty",60,0,0,0,0,70,60,0,0,0,0,0,420,0,0,30,660,660,0,0,60,0,0,70
"20161009161623","California",61,"Male","Foreign born, not US citizen","Married","Non-Veteran","No","Employed","No","Private, for profit","No answer","Full time",40,"$25,000 to $29,999",1,0,"No","No difficulty",30,200,0,0,0,225,130,0,0,0,20,0,0,0,0,255,578,510,68,0,115,0,0,225
"20160908162509","California",28,"Male","Foreign born, not US citizen","Married","Non-Veteran","No","Employed","No","Self-employed, unincorporated","No answer","Part time",NA,"$15,000 to $19,999",4,2,"Yes","No difficulty",20,0,0,0,0,90,40,0,0,0,0,0,415,0,0,0,875,820,55,0,40,0,0,90
"20160807160876","Kentucky",37,"Male","Native, Born in USA","Never married","Veteran","No","Employed","No","Private, for profit","No answer","Full time",40,"$60,000 to $74,999",2,1,"Yes","No difficulty",105,0,0,0,0,365,10,0,0,0,0,0,0,0,30,450,480,450,30,0,10,0,0,365
"20160504160728","Florida",34,"Female","Native, Born in USA","Married","Non-Veteran","No","Not in labor force","No answer","No answer","No answer","No answer",NA,"$100,000 to $149,999",3,1,"Yes","No difficulty",0,35,0,0,0,270,55,0,0,0,0,0,0,0,260,205,615,570,40,5,55,0,0,270
"20160302161255","Virginia",36,"Male","Native, Born in USA","Married","Non-Veteran","No","Employed","No","Private, for profit","No answer","Full time",40,"$40,000 to $49,999",5,3,"Yes","No difficulty",10,0,0,0,0,60,75,0,0,0,0,0,750,0,0,0,545,515,30,0,75,0,0,60
"20160503160724","Washington",70,"Male","Native, Born in USA","Never married","Veteran","No","Not in labor force","No answer","No answer","Retired","No answer",NA,"$25,000 to $29,999",1,0,"No","No difficulty",424,0,0,0,495,20,35,0,0,0,33,0,0,0,0,120,313,310,3,0,35,0,0,20
"20160503161423","Louisiana",61,"Female","Native, Born in USA","Married","Non-Veteran","No","Not in labor force","No answer","No answer","No answer","No answer",NA,"$15,000 to $19,999",2,0,"No","No difficulty",0,0,0,0,0,240,155,0,0,0,0,0,0,0,0,200,845,815,30,0,155,0,0,240
"20160301161370","Connecticut",51,"Male","Foreign born, US citizen","Married","Veteran","No","Employed","No","Government, local","No answer","Full time",60,"$75,000 to $99,999",4,2,"Yes","No difficulty",80,0,0,0,60,45,105,0,0,0,0,0,615,0,0,0,535,465,70,0,105,0,0,45
"20160112152348","Nebraska",49,"Male","Native, Born in USA","Married","Non-Veteran","No","Employed","No","Government, local","No answer","Full time",NA,"$100,000 to $149,999",3,1,"Yes","No difficulty",270,0,0,0,0,300,60,0,0,0,0,0,0,0,320,90,400,355,45,0,60,0,0,300
"20161110160601","Wisconsin",67,"Male","Native, Born in USA","Widowed","Veteran","No","Not in labor force","No answer","No answer","Retired","No answer",NA,"$40,000 to $49,999",1,0,"No","Has difficulty",79,0,0,0,120,345,130,0,0,0,25,0,0,0,0,90,591,561,30,0,130,0,0,345
"20160807161836","Montana",47,"Male","Native, Born in USA","Married","Non-Veteran","No","Employed","Yes","Private, for profit","No answer","Full time",40,"$150,000 and over",2,0,"No","No difficulty",182,0,0,0,0,285,15,0,0,0,0,0,451,0,2,25,480,435,45,0,15,0,0,285
"20161211161799","Texas",47,"Male","Foreign born, not US citizen","Married","Non-Veteran","No","Employed","No","Self-employed, unincorporated","No answer","Part time",20,"$35,000 to $39,999",5,3,"Yes","No difficulty",80,0,0,0,0,60,40,0,0,0,0,0,100,0,200,240,720,720,0,0,40,0,0,60
"20160807161677","Georgia",15,"Female","Native, Born in USA","Never married","No answer","No","Not in labor force","No answer","No answer","No answer","No answer",NA,"$30,000 to $34,999",7,5,"Yes","No difficulty",2,30,0,0,0,438,60,0,0,0,0,0,0,0,0,0,910,870,40,0,60,0,0,438
"20160807161633","Washington",49,"Female","Native, Born in USA","Divored","Non-Veteran","No","Employed","Yes","Private, for profit","No answer","Full time",59,"$75,000 to $99,999",2,1,"Yes","No difficulty",29,0,0,0,85,480,85,0,0,0,25,0,30,84,3,105,514,454,60,0,85,0,0,480
"20160112151860","California",42,"Male","Foreign born, US citizen","Married","Non-Veteran","No","Employed","No","Private, for profit","No answer","Full time",50,"$100,000 to $149,999",3,1,"Yes","No difficulty",90,0,0,0,0,60,90,0,0,0,0,0,590,0,10,0,600,510,90,0,90,0,0,60
"20160504162212","Missori",56,"Female","Native, Born in USA","Married","Non-Veteran","No","Employed","No","Government, state","No answer","Full time",40,"$75,000 to $99,999",2,0,"No","No difficulty",30,0,0,0,0,105,60,0,0,0,0,0,0,405,0,300,540,510,30,0,60,0,0,105
"20160101162343","Missori",77,"Female","Native, Born in USA","Married","Non-Veteran","No","Not in labor force","No answer","No answer","Retired","No answer",NA,"$20,000 to $24,999",2,0,"No","No difficulty",110,0,0,200,0,229,80,0,0,0,25,0,0,0,0,56,670,625,45,0,80,0,0,229
"20161007161762","Texas",17,"Female","Native, Born in USA","Never married","Non-Veteran","No","Not in labor force","No answer","No answer","No answer","No answer",NA,"$12,500 to $14,999",4,1,"Yes","No difficulty",35,0,0,0,5,345,65,0,0,0,0,0,0,0,0,120,840,735,105,0,65,0,0,345
"20160504162516","Texas",34,"Female","Foreign born, not US citizen","Married","Non-Veteran","No","Employed","No","Private, for profit","No answer","Part time",25,"$20,000 to $24,999",3,1,"Yes","No difficulty",60,0,0,0,0,130,15,0,0,0,195,0,240,0,10,255,535,490,45,0,15,0,0,130
"20160605160523","Missori",47,"Male","Foreign born, not US citizen","Married","Non-Veteran","No","Employed","No","Self-employed, incorporated","No answer","Full time",NA,"$15,000 to $19,999",2,0,"No","No difficulty",0,0,0,0,0,280,20,0,0,0,0,0,510,0,0,210,420,420,0,0,20,0,0,280
"20160503161482","Illinois",61,"Male","Foreign born, US citizen","Married","Non-Veteran","No","Employed","No","Self-employed, unincorporated","No answer","Full time",45,"Less than $5,000",3,1,"Yes","No difficulty",167,0,0,10,20,120,115,0,0,60,45,0,75,0,50,60,718,640,78,0,115,0,0,120
"20161009160539","Arkansas",62,"Male","Native, Born in USA","Married","Veteran","No","Not in labor force","No answer","No answer","Retired","No answer",NA,"$25,000 to $29,999",2,0,"No","No difficulty",0,0,0,0,0,635,5,0,0,0,0,0,0,0,0,440,360,360,0,0,5,0,0,635
"20160705161987","Nebraska",45,"Male","Native, Born in USA","Married","Veteran","No","Employed","No","Private, nonprofit","No answer","Part time",26,"$75,000 to $99,999",4,2,"Yes","No difficulty",70,0,0,0,120,130,31,0,0,0,0,0,535,0,0,105,449,387,62,0,31,0,0,130
"20161109161742","District of Columbia",47,"Female","Foreign born, not US citizen","Married","Non-Veteran","No","Employed","No","Private, for profit","No answer","Full time",40,"$35,000 to $39,999",4,0,"No","No difficulty",183,0,0,0,0,20,75,0,0,0,55,548,0,7,0,72,480,450,30,0,75,250,298,20
"20161211162505","Pennsylvania",24,"Female","Native, Born in USA","Never married","Non-Veteran","No","Employed","No","Private, for profit","No answer","Full time",40,"$10,000 to $12,499",3,2,"Yes","No difficulty",120,0,0,0,0,300,70,0,0,0,25,0,0,0,30,120,755,695,60,0,70,0,0,300
"20161212161089","Washington",18,"Male","Native, Born in USA","Never married","Non-Veteran","No","Unemployed, Laid off","No answer","No answer","No answer","No answer",NA,"$75,000 to $99,999",4,1,"Yes","No difficulty",70,0,0,0,130,360,60,0,0,0,0,120,0,0,0,10,690,660,30,0,60,0,60,360
"20160111151814","Virginia",47,"Female","Native, Born in USA","Separated","Non-Veteran","No","Employed","Yes","Self-employed, unincorporated","No answer","Part time",NA,"Less than $5,000",5,3,"Yes","No difficulty",218,115,145,0,0,335,105,0,0,0,20,0,95,0,122,5,200,150,50,0,105,0,0,335
"20160403160695","California",62,"Female","Native, Born in USA","Divored","Non-Veteran","No","Employed","No","Private, for profit","No answer","Full time",40,"$40,000 to $49,999",1,0,"No","No difficulty",40,20,0,0,0,285,75,0,0,0,0,0,490,0,0,15,515,450,65,0,75,0,0,285
