"age","gender","grade","hisp_latino","race","height","weight","helmet","seat_belt","drive_text","fights","bully_school","bully_electronic","depressed","days_smoking","days_vaping","sexuality","describe_weight","drink_juice","eat_fruit","eat_salad","drink_soda","drink_milk","eat_breakfast","days_exercise_60","hours_tv","hours_videogame","number_teams","asthma","hours_sleep","drink_sportsdrink","drink_water","sunburns"
"14 years old","Male","9th grade","Yes","Multiple - Hispanic / Latino",1.57,56.7,"Never wore a helmet","Always","0 days","0 times","No","No","No","0 days","0 days","Heterosexual (straight)","About the right weight","1 time per day","2 times per day","1 time per day","1 time per day","1 glass per day","7 days","7 days","2 hours per day","1 hour per day","2 teams","No","8 hours","1 time per day","1 time per day","0 times"
"16 years old","Female","10th grade","Yes","Hispanic/Latino",1.68,78.02,"Never wore a helmet","Always","0 days","0 times","No","No","No","0 days","0 days","Heterosexual (straight)","Slightly overweight","1 to 3 times","1 to 3 times","1 to 3 times","1 to 3 times","Did not drink milk","3 days","5 days","2 hours per day","1 hour per day","1 team","No","7 hours",NA,NA,NA
"15 years old","Male","10th grade","Yes","Hispanic/Latino",1.73,73.48,"Did not ride a bicycle","Most of the time","0 days","1 time","No","No","No","0 days","1 or 2 days","Heterosexual (straight)","About the right weight","1 to 3 times","3 times per day","Did not eat green salad","1 time per day","Did not drink milk","7 days","7 days","Less than 1 hour per day","2 hours per day","3 or more teams","No","8 hours","Did not drink sports drink","4 or more times per day","1 times"
"17 years old","Female","12th grade","No","White",1.63,54.43,"Never wore a helmet","Most of the time","3 to 5 days","0 times","Yes","No","Yes","10 to 19 days","6 to 9 days","Heterosexual (straight)","About the right weight","Did not drink fruit juice","1 to 3 times","Did not eat green salad","Did not drink soda or pop","4 to 6 glasses","7 days","7 days","2 hours per day","2 hours per day","0 teams","No","7 hours","Did not drink sports drink","2 times per day","1 times"
"14 years old","Female","9th grade","No","White",1.7,59.88,"Rarely wore a helmet","Always","I did not drive the past 30 days","0 times","No","No","No","0 days","0 days","Heterosexual (straight)","About the right weight","Did not drink fruit juice","2 times per day","1 to 3 times","Did not drink soda or pop","1 glass per day","7 days","6 days","No TV on average school day","No playing video/computer game","2 teams","Yes","8 hours","1 time per day","2 times per day","0 times"
"17 years old","Female","11th grade","Yes","Hispanic/Latino",1.52,66.68,NA,"Always",NA,"0 times","No","No","Yes","0 days","0 days","Heterosexual (straight)","Very overweight","2 times per day","4 or more times per day","Did not eat green salad","Did not drink soda or pop","Did not drink milk","7 days","6 days","1 hour per day","5 or more hours per day","2 teams","Yes","5 hours","4 or more times per day","4 or more times per day","5 or more times"
"15 years old","Female","10th grade","No","Asian",1.55,54.43,"Never wore a helmet","Always",NA,NA,"No","No","Yes","0 days","0 days","Heterosexual (straight)","Slightly overweight","1 to 3 times","1 time per day","1 to 3 times","Did not drink soda or pop","4 to 6 glasses","7 days","4 days","2 hours per day","4 hours per day","0 teams","No","5 hours",NA,NA,NA
"18 years old or older","Male","12th grade","Yes","Multiple - Hispanic / Latino",NA,NA,"Always wore a helmet","Always","I did not drive the past 30 days","0 times","No","No","No","0 days","0 days",NA,NA,"4 or more times per day","2 times per day","Did not eat green salad","1 to 3 times","Did not drink milk","0 days","0 days","No TV on average school day","No playing video/computer game","0 teams","Yes","6 hours","Did not drink sports drink","Did not drink water","0 times"
"18 years old or older","Female","12th grade","No","Asian",1.45,54.43,"Did not ride a bicycle","Sometimes","1 or 2 days","4 or 5 times","No","Yes","Yes","1 or 2 days","3 to 5 days","Heterosexual (straight)","Slightly overweight","4 or more times per day","4 or more times per day","4 or more times per day","3 times per day","2 glasses per day","7 days","3 days","Less than 1 hour per day","Less than 1 hour per day","0 teams","Yes","5 hours","4 or more times per day","4 or more times per day","0 times"
"15 years old","Female","9th grade","No","White",NA,NA,NA,NA,"0 days",NA,"Yes","Yes","No","0 days","0 days","Heterosexual (straight)","Very overweight","4 to 6 times","2 times per day","1 to 3 times","1 to 3 times",NA,NA,"5 days","1 hour per day","3 hours per day",NA,"Yes","6 hours",NA,NA,NA
"14 years old","Male","9th grade","No","White",1.6,70.31,NA,NA,"I did not drive the past 30 days",NA,"No","No","No","All 30 days","All 30 days","bisexual",NA,"4 or more times per day","4 or more times per day","1 time per day","4 or more times per day",NA,NA,"7 days","No TV on average school day","No playing video/computer game",NA,"No","7 hours",NA,NA,NA
"17 years old","Female","12th grade","Yes","Hispanic/Latino",1.6,72.58,"Rarely wore a helmet","Always","0 days","1 time","No","No","No","0 days","0 days","Heterosexual (straight)","Slightly overweight","4 or more times per day","4 or more times per day","1 to 3 times","2 times per day","2 glasses per day","7 days","1 day","3 hours per day","No playing video/computer game","0 teams","No","8 hours",NA,NA,NA
"18 years old or older","Male","12th grade","No","White",1.83,61.24,"Did not ride a bicycle","Always","All 30 days","1 time","No","No","No",NA,"6 to 9 days","Heterosexual (straight)","Slightly underweight","4 to 6 times","4 to 6 times","4 to 6 times","1 to 3 times","1 glass per day","2 days","7 days",NA,NA,"3 or more teams",NA,"6 hours","4 to 6 times","4 or more times per day",NA
"17 years old","Male","11th grade","No","Black or African American",1.8,113.85,"Never wore a helmet","Rarely","6 to 9 days","0 times","No","No","No",NA,"All 30 days",NA,NA,NA,NA,NA,NA,NA,NA,NA,NA,NA,NA,NA,NA,NA,NA,NA
"18 years old or older","Male","12th grade","No","Black or African American",1.8,63.05,"Most of the time wore a helmet","Always","0 days",NA,"No","No","Yes","0 days",NA,"Heterosexual (straight)","Slightly underweight","4 or more times per day","3 times per day","Did not eat green salad","4 to 6 times","1 glass per day","0 days","2 days","4 hours per day","Less than 1 hour per day","2 teams",NA,"7 hours",NA,NA,NA
"15 years old","Female","9th grade","No","White",1.57,46.27,NA,NA,"I did not drive the past 30 days",NA,"No","Yes","Yes","0 days","0 days","Not sure","Slightly underweight","1 to 3 times","2 times per day","2 times per day","Did not drink soda or pop",NA,NA,"2 days","Less than 1 hour per day","2 hours per day",NA,"No","4 or less hours",NA,NA,NA
"17 years old","Male","12th grade","Yes","Multiple - Hispanic / Latino",1.68,68.04,NA,NA,"I did not drive the past 30 days",NA,"No","No","Yes","0 days","0 days","Heterosexual (straight)","Slightly overweight","Did not drink fruit juice","1 to 3 times","Did not eat green salad","1 to 3 times",NA,"5 days","7 days","No TV on average school day","No playing video/computer game",NA,NA,NA,NA,NA,NA
"17 years old","Female","12th grade","No","White",1.78,93.9,"Most of the time wore a helmet","Always","0 days","0 times","No","No","No","0 days","0 days","Heterosexual (straight)","Slightly overweight","1 to 3 times","4 to 6 times","1 to 3 times","4 to 6 times","1 to 3 glasses","7 days","2 days","2 hours per day","3 hours per day","0 teams","Not sure","7 hours","1 to 3 times","4 or more times per day","5 or more times"
"15 years old","Female","10th grade","No","Black or African American",NA,NA,NA,"Always","I did not drive the past 30 days",NA,"No","No","No","0 days","0 days","Heterosexual (straight)","About the right weight","1 to 3 times","1 to 3 times","Did not eat green salad","1 to 3 times",NA,"7 days","0 days","4 hours per day","4 hours per day",NA,NA,NA,NA,NA,NA
"18 years old or older","Male","12th grade","No","White",1.9,78.02,"Never wore a helmet","Always","All 30 days","0 times","No","Yes","No","0 days","1 or 2 days","Heterosexual (straight)","About the right weight","1 time per day","1 time per day","Did not eat green salad","Did not drink soda or pop","4 or more glasses per day","2 days","7 days","Less than 1 hour per day","3 hours per day","3 or more teams","No","7 hours","1 to 3 times","4 or more times per day","3 times"
"16 years old","Female","10th grade","No","White",1.5,45.81,"Never wore a helmet","Always","0 days","0 times","Yes","No","Yes","0 days","0 days",NA,"About the right weight","4 or more times per day","4 or more times per day","1 to 3 times","Did not drink soda or pop","3 glasses per day","5 days","7 days","No TV on average school day","5 or more hours per day","3 or more teams","No","8 hours","1 time per day","2 times per day","1 times"
"15 years old","Female","9th grade","No","White",1.68,58.97,"Did not ride a bicycle","Most of the time","I did not drive the past 30 days","1 time","No","No","Yes","0 days","10 to 19 days","bisexual","About the right weight","1 to 3 times","1 to 3 times","Did not eat green salad","4 to 6 times","Did not drink milk","4 days","4 days","No TV on average school day","2 hours per day","0 teams","Yes","5 hours","Did not drink sports drink","4 to 6 times","5 or more times"
"17 years old","Female","12th grade",NA,NA,1.52,61.24,NA,NA,"0 days",NA,"Yes","No","No","0 days","0 days","Heterosexual (straight)","About the right weight","Did not drink fruit juice","4 to 6 times","1 to 3 times","1 time per day",NA,NA,"3 days","2 hours per day","3 hours per day",NA,"Yes","8 hours",NA,NA,NA
"18 years old or older","Male","12th grade","No","Multiple - Non-Hispanic",1.65,68.04,"Always wore a helmet","Always","I did not drive the past 30 days","0 times","No","No","No","0 days","0 days","Heterosexual (straight)","Slightly overweight","Did not drink fruit juice","1 to 3 times","Did not eat green salad","1 to 3 times","Did not drink milk","6 days","1 day","No TV on average school day","4 hours per day","0 teams","No","5 hours","Did not drink sports drink","4 or more times per day","0 times"
"16 years old","Male","10th grade","No","Asian",1.73,63.5,"Did not ride a bicycle","Always","0 days","0 times","No","No","No","0 days","0 days","Heterosexual (straight)","About the right weight","1 to 3 times","1 to 3 times","Did not eat green salad","Did not drink soda or pop","1 to 3 glasses","7 days","4 days","2 hours per day","4 hours per day","1 team","No","6 hours","Did not drink sports drink","3 times per day","2 times"
"16 years old","Female","10th grade","Yes","Multiple - Hispanic / Latino",1.57,63.96,"Rarely wore a helmet","Always","I did not drive the past 30 days","1 time","No","No","Yes","1 or 2 days","20 to 29 days","Heterosexual (straight)","Slightly overweight","4 to 6 times","4 or more times per day","1 to 3 times","1 to 3 times","1 to 3 glasses","5 days","3 days","2 hours per day","1 hour per day","2 teams","No","8 hours","1 to 3 times","4 to 6 times","5 or more times"
"17 years old","Female","11th grade","No","White",1.55,57.15,"Most of the time wore a helmet","Always","0 days","2 or 3 times","Yes","Yes","Yes","0 days","0 days","bisexual","Slightly overweight","4 to 6 times","1 to 3 times","1 to 3 times","1 to 3 times","4 to 6 glasses","3 days","2 days","1 hour per day","1 hour per day","0 teams","Yes","8 hours","Did not drink sports drink","4 or more times per day","1 times"
"14 years old","Female","9th grade","No","White",1.88,69.4,NA,NA,"I did not drive the past 30 days",NA,"No","No","No","0 days","0 days","Heterosexual (straight)","About the right weight","1 time per day","1 time per day","4 to 6 times","Did not drink soda or pop",NA,NA,"7 days","1 hour per day","Less than 1 hour per day",NA,"Yes","8 hours",NA,NA,NA
"16 years old","Female","10th grade","No","White",1.63,47.63,"Never wore a helmet","Always","0 days","0 times","Yes","Yes","Yes","0 days","0 days","Heterosexual (straight)","Slightly overweight","Did not drink fruit juice","3 times per day","Did not eat green salad","Did not drink soda or pop","2 glasses per day","0 days","6 days","Less than 1 hour per day","2 hours per day","0 teams","No","6 hours","Did not drink sports drink","4 or more times per day","5 or more times"
"16 years old","Female","11th grade","No","Black or African American",1.6,53.52,"Did not ride a bicycle","Most of the time",NA,NA,"No","No","Yes","0 days","0 days","Heterosexual (straight)","About the right weight","1 to 3 times","1 time per day","4 to 6 times","1 time per day","Did not drink milk","5 days","0 days","1 hour per day","5 or more hours per day","1 team","Yes","5 hours",NA,NA,NA
"16 years old","Male","10th grade","No","White",1.88,113.4,"Did not ride a bicycle","Always","I did not drive the past 30 days","0 times","No","No","No","0 days","0 days","Heterosexual (straight)","Slightly overweight","4 to 6 times","1 to 3 times","Did not eat green salad","1 to 3 times","1 glass per day","5 days","7 days","3 hours per day","1 hour per day","0 teams","No","8 hours","Did not drink sports drink","4 or more times per day","0 times"
"17 years old","Male","12th grade","No","White",1.83,72.58,"Never wore a helmet","Always","1 or 2 days","0 times","No","No","No","1 or 2 days","10 to 19 days","Heterosexual (straight)","Slightly underweight","1 time per day","4 to 6 times","1 time per day","4 to 6 times","Did not drink milk","1 day","7 days","1 hour per day","Less than 1 hour per day","1 team","No","7 hours","1 to 3 times","2 times per day","2 times"
"16 years old","Female","9th grade","No","White",1.47,73.94,"Never wore a helmet","Rarely","0 days","0 times","Yes","No","No","0 days","0 days","Heterosexual (straight)","About the right weight","Did not drink fruit juice","1 time per day","Did not eat green salad","1 to 3 times","1 glass per day","3 days","3 days","5 or more hours per day","No playing video/computer game","0 teams","No","7 hours",NA,NA,NA
"15 years old","Female","10th grade","No","Black or African American",1.57,89.36,"Never wore a helmet","Most of the time","0 days","0 times","No","No","No","0 days","0 days","Heterosexual (straight)","Very overweight","4 or more times per day","2 times per day","Did not eat green salad","1 time per day","Did not drink milk","3 days","4 days","3 hours per day","5 or more hours per day","2 teams","Yes","8 hours","2 times per day","Did not drink water","0 times"
"16 years old","Male","11th grade","No","White",1.9,97.07,"Always wore a helmet","Always","0 days","0 times","No","No","Yes","0 days","0 days","Heterosexual (straight)","Slightly overweight","1 to 3 times","1 to 3 times","Did not eat green salad","1 to 3 times","1 glass per day","7 days","4 days","1 hour per day","2 hours per day","1 team","No","7 hours","Did not drink sports drink","3 times per day","1 times"
"18 years old or older","Male","12th grade","Yes","Hispanic/Latino",1.73,61.24,"Never wore a helmet","Always","0 days","0 times","No","No","Yes","0 days","0 days","Heterosexual (straight)","About the right weight","4 or more times per day","1 to 3 times","Did not eat green salad","Did not drink soda or pop","1 to 3 glasses","2 days","7 days","3 hours per day","5 or more hours per day","0 teams","No","7 hours","4 to 6 times","3 times per day","0 times"
"14 years old","Female","9th grade","Yes","Multiple - Hispanic / Latino",1.7,59.42,NA,NA,"I did not drive the past 30 days",NA,"No","No","No","0 days","0 days","Heterosexual (straight)","Slightly overweight","1 time per day","1 to 3 times","1 to 3 times","1 to 3 times",NA,NA,"3 days","Less than 1 hour per day","5 or more hours per day",NA,"No","7 hours",NA,NA,NA
"17 years old","Female","12th grade","No","White",1.78,72.58,"Did not ride a bicycle","Most of the time","0 days","0 times","No","No","No","0 days","0 days","Heterosexual (straight)","About the right weight","3 times per day","2 times per day","Did not eat green salad","1 to 3 times","2 glasses per day","7 days","0 days","3 hours per day","1 hour per day","0 teams","No","8 hours","Did not drink sports drink","Did not drink water","0 times"
"14 years old","Female","9th grade","No","Multiple - Non-Hispanic",1.6,45.36,"Most of the time wore a helmet","Always","I did not drive the past 30 days","0 times","Yes","No","Yes","0 days","0 days","bisexual","Slightly underweight","2 times per day","4 to 6 times","1 to 3 times","1 to 3 times","1 to 3 glasses","7 days","3 days","2 hours per day","5 or more hours per day","0 teams","No","7 hours","Did not drink sports drink","4 to 6 times","0 times"
"17 years old","Female","11th grade","Yes","Multiple - Hispanic / Latino",1.65,72.58,"Did not ride a bicycle","Always","All 30 days","0 times","No","Yes","Yes","0 days","0 days","Heterosexual (straight)","Slightly overweight","1 to 3 times","4 or more times per day","1 to 3 times","1 to 3 times","1 to 3 glasses","4 days","2 days","2 hours per day","5 or more hours per day","2 teams","No","7 hours","Did not drink sports drink","4 or more times per day","0 times"
"15 years old","Male","9th grade","No","White",1.73,61.24,"Did not ride a bicycle","Most of the time","I did not drive the past 30 days","1 time","No","No","No",NA,"1 or 2 days","Gay or lesbian","Very underweight","Did not drink fruit juice","Did not eat fruit","Did not eat green salad","Did not drink soda or pop","Did not drink milk","0 days","0 days","No TV on average school day","No playing video/computer game","0 teams","Yes","4 or less hours",NA,NA,NA
"17 years old","Male","12th grade","No","Multiple - Non-Hispanic",1.73,56.25,"Rarely wore a helmet","Always",NA,"0 times","No","No","No","0 days","0 days","Heterosexual (straight)","Slightly underweight","1 time per day","2 times per day","1 to 3 times","1 to 3 times","1 glass per day","6 days","2 days","1 hour per day","3 hours per day",NA,"Yes","9 hours","Did not drink sports drink","1 to 3 times","0 times"
"16 years old","Female","10th grade","No","White",1.6,54.43,NA,"Most of the time","I did not drive the past 30 days",NA,"No","No","No","0 days","1 or 2 days","Heterosexual (straight)","About the right weight","1 to 3 times","1 to 3 times","Did not eat green salad","2 times per day",NA,"7 days","1 day","5 or more hours per day","5 or more hours per day",NA,NA,NA,NA,NA,NA
"16 years old","Female","10th grade","No","Multiple - Non-Hispanic",1.68,77.11,"Did not ride a bicycle","Always","3 to 5 days","0 times","No","No","No","0 days","0 days","Heterosexual (straight)","Slightly overweight","Did not drink fruit juice","2 times per day","Did not eat green salad","1 to 3 times","Did not drink milk","7 days","0 days","5 or more hours per day","5 or more hours per day","1 team","Yes","6 hours",NA,NA,NA
"15 years old","Male","11th grade","No","White",1.83,90.72,NA,NA,"I did not drive the past 30 days",NA,"No","No","No","0 days","All 30 days","Heterosexual (straight)","Slightly overweight","Did not drink fruit juice","1 to 3 times","Did not eat green salad","4 or more times per day",NA,NA,"1 day","2 hours per day","5 or more hours per day",NA,"No","5 hours",NA,NA,NA
"18 years old or older","Female","12th grade","No","White",1.68,95.26,"Never wore a helmet","Always","3 to 5 days","0 times","No","No","No","All 30 days","1 or 2 days","Heterosexual (straight)","Slightly overweight","1 time per day","4 to 6 times","1 to 3 times","1 to 3 times","1 glass per day","7 days","2 days","1 hour per day","No playing video/computer game","0 teams","No","7 hours","Did not drink sports drink","3 times per day","0 times"
"15 years old","Female","9th grade","Yes","Multiple - Hispanic / Latino",1.7,58.97,"Did not ride a bicycle","Always","I did not drive the past 30 days","1 time","Yes","Yes","Yes","0 days","1 or 2 days","Not sure","Very overweight","Did not drink fruit juice","1 time per day","1 to 3 times","1 to 3 times","1 to 3 glasses","4 days","7 days","Less than 1 hour per day","1 hour per day","3 or more teams","No","7 hours","4 to 6 times","2 times per day","0 times"
"15 years old","Female","9th grade","No","Multiple - Non-Hispanic",1.75,72.58,"Always wore a helmet","Always","0 days","2 or 3 times","Yes","No","Yes","0 days","0 days","Heterosexual (straight)","About the right weight","1 to 3 times","1 to 3 times","Did not eat green salad","1 time per day","Did not drink milk","7 days","7 days","2 hours per day","2 hours per day","2 teams","Yes","4 or less hours",NA,NA,NA
"17 years old","Female","12th grade","No","White",1.57,49.9,"Did not ride a bicycle","Always","0 days","0 times","No","Yes","No","0 days","0 days","Heterosexual (straight)","About the right weight","1 time per day","1 to 3 times","1 to 3 times","4 to 6 times","1 glass per day","7 days","3 days","2 hours per day","4 hours per day","1 team","No","7 hours","Did not drink sports drink","4 to 6 times","2 times"
"15 years old","Male","9th grade","No","White",1.9,77.11,"Rarely wore a helmet","Always","I did not drive the past 30 days","4 or 5 times","No","No","No","0 days","1 or 2 days","Heterosexual (straight)","About the right weight","1 to 3 times","4 to 6 times","1 to 3 times","1 to 3 times","2 glasses per day","5 days","6 days","1 hour per day","Less than 1 hour per day","3 or more teams","No","8 hours","1 to 3 times","2 times per day","5 or more times"
"16 years old","Female","11th grade","Yes","Multiple - Hispanic / Latino",1.6,55.34,"Did not ride a bicycle","Most of the time","0 days","0 times","No","No","Yes","0 days","0 days","Heterosexual (straight)","About the right weight","1 to 3 times",NA,"1 to 3 times","1 to 3 times","1 to 3 glasses","6 days","4 days","No TV on average school day","1 hour per day","0 teams","No","9 hours","3 times per day","3 times per day","0 times"
"16 years old","Female","10th grade","Yes","Multiple - Hispanic / Latino",1.7,95.26,"Never wore a helmet","Always","0 days","1 time","Yes","Yes","Yes","0 days","0 days","Heterosexual (straight)","Very overweight","4 to 6 times","4 or more times per day","Did not eat green salad","1 to 3 times","4 to 6 glasses","2 days","7 days","2 hours per day","No playing video/computer game","3 or more teams","No","6 hours","3 times per day","4 or more times per day","0 times"
"17 years old","Female","12th grade","Yes","Hispanic/Latino",1.7,74.84,"Did not ride a bicycle","Always","I did not drive the past 30 days","0 times","No","No","No","0 days","0 days","Heterosexual (straight)","Slightly overweight","1 to 3 times","4 to 6 times","1 to 3 times","Did not drink soda or pop","1 to 3 glasses","7 days","2 days","No TV on average school day","4 hours per day","0 teams","No","5 hours","1 to 3 times","4 or more times per day","0 times"
"16 years old","Male","11th grade","Yes","Hispanic/Latino",NA,NA,"Did not ride a bicycle","Always","I did not drive the past 30 days","0 times","Yes","No","Yes","0 days","0 days","Heterosexual (straight)","Slightly overweight","Did not drink fruit juice","Did not eat fruit","Did not eat green salad","Did not drink soda or pop","2 glasses per day","5 days","3 days","2 hours per day","5 or more hours per day","0 teams","No","8 hours","Did not drink sports drink","Did not drink water","0 times"
"17 years old","Female","11th grade","Yes","Multiple - Hispanic / Latino",1.5,49.9,"Did not ride a bicycle","Most of the time","0 days","0 times","No","No","Yes","0 days","0 days","Heterosexual (straight)","About the right weight","Did not drink fruit juice","1 to 3 times","Did not eat green salad","2 times per day","Did not drink milk","2 days","1 day","1 hour per day","3 hours per day","0 teams","No","6 hours",NA,NA,NA
"17 years old","Female","11th grade","Yes","Hispanic/Latino",1.63,53.52,"Never wore a helmet","Always","0 days","0 times","Yes","No","No","0 days","0 days","Heterosexual (straight)","About the right weight","1 to 3 times","2 times per day","2 times per day","4 or more times per day","Did not drink milk","0 days","2 days","2 hours per day","1 hour per day","2 teams","No","6 hours","3 times per day","4 or more times per day","4 times"
"17 years old","Female","12th grade","No","White",1.7,67.59,"Most of the time wore a helmet","Always","1 or 2 days","0 times","No","No","No","0 days","1 or 2 days","Heterosexual (straight)","About the right weight","Did not drink fruit juice","4 to 6 times","4 to 6 times","Did not drink soda or pop","2 glasses per day","7 days","6 days","Less than 1 hour per day","1 hour per day","2 teams","No","6 hours","Did not drink sports drink","2 times per day","5 or more times"
"15 years old","Female","9th grade","Yes","Multiple - Hispanic / Latino",NA,NA,"Sometimes wore a helmet","Always","I did not drive the past 30 days","12 or more times","No","No","No","0 days","0 days","Heterosexual (straight)","Slightly overweight","1 to 3 times","4 to 6 times","4 to 6 times","Did not drink soda or pop","2 glasses per day","7 days","7 days","Less than 1 hour per day","5 or more hours per day","3 or more teams","Yes","7 hours","Did not drink sports drink","4 or more times per day","3 times"
"15 years old","Female","10th grade","No","Multiple - Non-Hispanic",1.57,47.63,NA,"Sometimes","I did not drive the past 30 days","2 or 3 times","Yes","No","Yes","3 to 5 days",NA,NA,"Slightly underweight","2 times per day","1 to 3 times","Did not eat green salad","1 to 3 times",NA,"4 days","7 days","No TV on average school day","1 hour per day",NA,NA,"7 hours",NA,"1 time per day",NA
"17 years old","Female","11th grade","No","Multiple - Non-Hispanic",1.6,68.49,"Did not ride a bicycle","Always","I did not drive the past 30 days","0 times","No","No","No","0 days","0 days","Heterosexual (straight)","About the right weight","1 to 3 times","1 to 3 times","1 to 3 times","Did not drink soda or pop","Did not drink milk","0 days","6 days","2 hours per day","1 hour per day","1 team","Yes","6 hours",NA,NA,NA
"14 years old","Female","9th grade","Yes","Multiple - Hispanic / Latino",1.57,65.77,"Did not ride a bicycle","Always","I did not drive the past 30 days","1 time","Yes","No","Yes","0 days","0 days","bisexual","Slightly overweight","1 to 3 times","1 to 3 times","Did not eat green salad","4 to 6 times","1 to 3 glasses","0 days","3 days","No TV on average school day","5 or more hours per day","0 teams","No","6 hours","Did not drink sports drink","4 to 6 times","0 times"
"14 years old","Male","9th grade","No","White",1.78,88,"Never wore a helmet","Rarely","I did not drive the past 30 days","2 or 3 times","No","No","Yes","0 days","0 days","Heterosexual (straight)","About the right weight","Did not drink fruit juice","1 to 3 times","Did not eat green salad","1 to 3 times","1 to 3 glasses","0 days","5 days","2 hours per day","Less than 1 hour per day","1 team","No","5 hours","1 to 3 times","Did not drink water","0 times"
"16 years old","Male","10th grade","No","White",1.6,43.09,"Never wore a helmet","Sometimes","6 to 9 days","0 times","No","No","No","0 days","0 days","Heterosexual (straight)","Slightly underweight","1 to 3 times","1 to 3 times","1 to 3 times","1 to 3 times","4 to 6 glasses","1 day","7 days","4 hours per day","4 hours per day","3 or more teams","No","6 hours","1 to 3 times","4 or more times per day","2 times"
"14 years old","Female","9th grade","No","White",1.6,47.63,NA,NA,"I did not drive the past 30 days",NA,"Yes","Yes","No","0 days","0 days","Heterosexual (straight)","About the right weight","1 time per day","1 to 3 times","4 to 6 times","Did not drink soda or pop",NA,NA,"6 days","1 hour per day","2 hours per day",NA,"No","6 hours",NA,NA,NA
"18 years old or older","Male","12th grade","No","Black or African American",1.75,89.81,"Never wore a helmet","Most of the time","0 days","2 or 3 times","No","No","No","0 days","1 or 2 days","Heterosexual (straight)","About the right weight","2 times per day","4 to 6 times","1 to 3 times","1 to 3 times","1 to 3 glasses","5 days","7 days","5 or more hours per day","Less than 1 hour per day","2 teams","No","7 hours","1 to 3 times","4 or more times per day","1 times"
"17 years old","Female","12th grade","No","White",1.6,78.93,"Did not ride a bicycle","Always","I did not drive the past 30 days","0 times","Yes","Yes","No","1 or 2 days","0 days","Heterosexual (straight)","Slightly overweight","1 to 3 times","1 to 3 times","1 to 3 times","Did not drink soda or pop","4 to 6 glasses","0 days","0 days","No TV on average school day","No playing video/computer game","0 teams","No","8 hours","Did not drink sports drink","4 or more times per day","0 times"
"12 years old or younger","Male","10th grade","No","Black or African American",NA,NA,NA,NA,"6 to 9 days",NA,"No","No","No",NA,"All 30 days","Heterosexual (straight)","About the right weight","4 or more times per day","Did not eat fruit","Did not eat green salad","4 or more times per day",NA,NA,"7 days","2 hours per day","1 hour per day",NA,"No","7 hours",NA,NA,NA
"15 years old","Male","9th grade","Yes","Hispanic/Latino",1.7,77.11,"Rarely wore a helmet","Always","I did not drive the past 30 days","0 times","No","No","No","0 days","0 days","Heterosexual (straight)","About the right weight","4 to 6 times","4 to 6 times","Did not eat green salad","4 to 6 times","1 to 3 glasses","5 days","7 days","2 hours per day","Less than 1 hour per day","2 teams","No","8 hours","4 to 6 times","2 times per day","1 times"
"14 years old","Female","9th grade","Yes","Multiple - Hispanic / Latino",1.7,56.7,"Did not ride a bicycle","Always","I did not drive the past 30 days","0 times","Yes","No","Yes","0 days","0 days","Heterosexual (straight)","Slightly overweight","Did not drink fruit juice","1 time per day","Did not eat green salad","Did not drink soda or pop","Did not drink milk","7 days","7 days","1 hour per day","5 or more hours per day","1 team","No","4 or less hours","Did not drink sports drink","4 or more times per day","0 times"
"16 years old","Male","11th grade","No","Multiple - Non-Hispanic",1.73,48.99,"Never wore a helmet","Always","0 days","1 time","Yes","No","Yes","0 days","0 days","Heterosexual (straight)","Slightly underweight","Did not drink fruit juice","1 to 3 times","Did not eat green salad","4 to 6 times","4 to 6 glasses","3 days","4 days","No TV on average school day","4 hours per day","1 team",NA,"6 hours",NA,NA,NA
"17 years old","Female","11th grade","No","Black or African American",1.5,61.69,NA,"Most of the time","I did not drive the past 30 days",NA,"No","No","No","0 days","0 days","Heterosexual (straight)","Slightly overweight","Did not drink fruit juice","Did not eat fruit","Did not eat green salad","1 to 3 times",NA,"1 day","4 days","1 hour per day","Less than 1 hour per day",NA,NA,NA,NA,NA,NA
"15 years old","Male","10th grade","No","Native Hawaiian/other PI",1.83,104.33,NA,NA,NA,NA,"No","No","No","1 or 2 days","6 to 9 days","Heterosexual (straight)","Slightly overweight","4 to 6 times","4 to 6 times","4 to 6 times","4 to 6 times",NA,NA,"1 day","No TV on average school day","No playing video/computer game",NA,"No","4 or less hours",NA,NA,NA
"18 years old or older","Male","12th grade","No","White",1.65,62.14,"Never wore a helmet","Always","0 days","0 times","No","No","No","0 days","0 days","Heterosexual (straight)","About the right weight","2 times per day","4 or more times per day","4 to 6 times","4 to 6 times","4 to 6 glasses","7 days","4 days","2 hours per day","2 hours per day","1 team","No","6 hours",NA,NA,NA
"17 years old","Female","11th grade","No","Black or African American",1.73,58.06,"Never wore a helmet","Sometimes","I did not drive the past 30 days","0 times","No","No","No","0 days","0 days",NA,"About the right weight","4 to 6 times","1 to 3 times","1 to 3 times","Did not drink soda or pop","4 to 6 glasses","3 days","0 days","1 hour per day","2 hours per day","0 teams","No","6 hours","Did not drink sports drink","1 time per day",NA
"15 years old","Female","10th grade","No","White",1.75,61.24,"Did not ride a bicycle","Always","0 days","0 times","Yes","Yes","Yes","0 days","0 days","Gay or lesbian","About the right weight","Did not drink fruit juice","1 time per day","Did not eat green salad","Did not drink soda or pop","1 glass per day","6 days","7 days","Less than 1 hour per day","4 hours per day","2 teams","No","8 hours","Did not drink sports drink","4 or more times per day","2 times"
"16 years old","Male","11th grade","No","White",1.65,55.34,"Always wore a helmet","Always","0 days",NA,"Yes","Yes","No","0 days","0 days","Heterosexual (straight)","Slightly underweight","4 to 6 times","1 to 3 times","1 to 3 times","1 to 3 times","Did not drink milk","7 days","1 day","Less than 1 hour per day","4 hours per day","0 teams","No","7 hours",NA,NA,NA
"17 years old","Female","11th grade","No","White",1.65,54.43,"Never wore a helmet","Always","10 to 19 days","0 times","No","No","No","0 days","0 days","Heterosexual (straight)","Slightly underweight","1 to 3 times","1 time per day","1 to 3 times","Did not drink soda or pop","4 to 6 glasses","7 days","4 days","No TV on average school day","2 hours per day","2 teams","Yes","7 hours","Did not drink sports drink","3 times per day","3 times"
"16 years old","Male","11th grade","No","White",NA,NA,"Never wore a helmet","Always","I did not drive the past 30 days","0 times","No","No","Yes","0 days","0 days","bisexual","Slightly overweight","Did not drink fruit juice","Did not eat fruit","Did not eat green salad","1 to 3 times","4 or more glasses per day","7 days","0 days","5 or more hours per day","5 or more hours per day","1 team","No","4 or less hours","Did not drink sports drink","3 times per day","0 times"
"18 years old or older","Male","12th grade","No","White",1.68,72.58,"Did not ride a bicycle","Always","0 days","0 times","No","No","No","0 days","0 days","Heterosexual (straight)","Slightly overweight","1 to 3 times","1 to 3 times","Did not eat green salad","Did not drink soda or pop","4 to 6 glasses","6 days","2 days","5 or more hours per day","5 or more hours per day","0 teams","No","8 hours","Did not drink sports drink","4 to 6 times","0 times"
"15 years old","Male","9th grade","No","Black or African American",1.85,73.94,"Never wore a helmet","Most of the time","0 days","2 or 3 times","No","No","No","0 days","0 days","Heterosexual (straight)","About the right weight","4 to 6 times","4 to 6 times","Did not eat green salad","1 to 3 times","1 to 3 glasses","4 days","7 days","1 hour per day","Less than 1 hour per day","3 or more teams","No","5 hours","2 times per day","1 to 3 times","0 times"
"14 years old","Female","9th grade","No","White",1.73,72.58,"Never wore a helmet","Always",NA,"0 times","No","No","No","0 days","0 days","Heterosexual (straight)","Slightly overweight","1 time per day","4 to 6 times","Did not eat green salad","Did not drink soda or pop","4 to 6 glasses","7 days","2 days","1 hour per day","3 hours per day","0 teams","No","9 hours","1 to 3 times","2 times per day","5 or more times"
"14 years old","Female","9th grade","No","Black or African American",1.63,56.7,"Did not ride a bicycle","Always","I did not drive the past 30 days","0 times","No","No","No","0 days","0 days","Heterosexual (straight)","Slightly overweight","1 time per day","1 time per day","Did not eat green salad","Did not drink soda or pop","1 to 3 glasses","6 days","3 days","3 hours per day","1 hour per day","3 or more teams","Yes","6 hours","1 to 3 times","4 to 6 times","1 times"
"16 years old","Female","10th grade","No","White",1.68,60.78,"Never wore a helmet","Always","10 to 19 days","0 times","No","No","No","0 days","0 days","Heterosexual (straight)","About the right weight","1 to 3 times","2 times per day","1 time per day","Did not drink soda or pop","2 glasses per day","7 days","7 days","No TV on average school day","No playing video/computer game","2 teams","No","7 hours","1 to 3 times","3 times per day","5 or more times"
"17 years old","Female","12th grade","Yes","Multiple - Hispanic / Latino",1.52,42.64,"Never wore a helmet","Always","I did not drive the past 30 days","0 times","No","No","No","0 days","0 days","Heterosexual (straight)","Slightly underweight","2 times per day","2 times per day","1 to 3 times","Did not drink soda or pop","1 to 3 glasses","2 days","5 days","1 hour per day","No playing video/computer game","2 teams","No","7 hours",NA,NA,NA
"16 years old","Female","10th grade","No","White",1.68,63.96,"Never wore a helmet","Always","0 days","0 times","No","No","No","0 days","0 days","Heterosexual (straight)","About the right weight","1 to 3 times","1 to 3 times","Did not eat green salad","4 to 6 times","Did not drink milk","0 days","1 day","2 hours per day","No playing video/computer game","2 teams","Not sure","8 hours","Did not drink sports drink","1 to 3 times","0 times"
"17 years old","Female","12th grade","No","White",1.7,72.58,"Never wore a helmet","Always","0 days","0 times","No","No","No","0 days","0 days","Heterosexual (straight)","Slightly overweight","1 to 3 times","1 time per day","1 to 3 times","Did not drink soda or pop","2 glasses per day","7 days","3 days","No TV on average school day","5 or more hours per day","1 team","No","7 hours","Did not drink sports drink","4 or more times per day","1 times"
"18 years old or older","Male","12th grade","No","Black or African American",1.83,84.82,"Did not ride a bicycle","Most of the time","1 or 2 days","0 times","No","No","No","0 days","0 days","Heterosexual (straight)","About the right weight","4 to 6 times","1 to 3 times","Did not eat green salad","2 times per day","4 to 6 glasses","5 days","7 days","2 hours per day","1 hour per day","2 teams","No","7 hours","4 or more times per day","3 times per day","0 times"
"16 years old","Female","11th grade","Yes","Hispanic/Latino",1.73,100.7,"Never wore a helmet","Most of the time","I did not drive the past 30 days","0 times","No","No","Yes","0 days","1 or 2 days","bisexual","Very overweight","4 to 6 times","1 to 3 times","1 to 3 times","4 to 6 times","1 to 3 glasses","2 days","0 days","4 hours per day","5 or more hours per day","0 teams","No","6 hours","1 to 3 times","4 to 6 times","0 times"
"15 years old","Male","10th grade","No","White",1.75,75.3,"Most of the time wore a helmet","Always","I did not drive the past 30 days","2 or 3 times","Yes","Yes","Yes","0 days","1 or 2 days","Heterosexual (straight)","Slightly overweight","4 to 6 times","4 to 6 times","1 to 3 times","4 to 6 times","2 glasses per day","2 days","5 days","3 hours per day","4 hours per day","1 team","Yes","9 hours","1 to 3 times","2 times per day","2 times"
"18 years old or older","Female","12th grade","No","Multiple - Non-Hispanic",1.75,94.35,NA,NA,"3 to 5 days",NA,"No","No","Yes","All 30 days","1 or 2 days","bisexual","Slightly overweight","1 to 3 times","1 to 3 times","1 to 3 times","1 to 3 times",NA,NA,"0 days","2 hours per day","5 or more hours per day",NA,"No","6 hours",NA,NA,NA
"18 years old or older","Male","12th grade","Yes","Hispanic/Latino",1.68,72.58,"Never wore a helmet","Never","0 days","0 times","No","No","No","0 days","0 days","Heterosexual (straight)","About the right weight","Did not drink fruit juice","1 to 3 times","Did not eat green salad","Did not drink soda or pop","4 to 6 glasses","1 day","7 days","1 hour per day","Less than 1 hour per day","2 teams","No","6 hours",NA,NA,NA
"17 years old","Female","11th grade","No","White",1.7,58.97,NA,"Always","I did not drive the past 30 days","0 times","No","No","No","0 days",NA,NA,"About the right weight","Did not drink fruit juice","2 times per day","1 to 3 times","Did not drink soda or pop",NA,"0 days","1 day","2 hours per day","No playing video/computer game",NA,NA,"7 hours",NA,"Did not drink water",NA
"17 years old","Female","12th grade","Yes","Multiple - Hispanic / Latino",1.57,69.4,"Did not ride a bicycle","Always","I did not drive the past 30 days","0 times","No","No","No","0 days","0 days","Heterosexual (straight)","Slightly overweight","4 to 6 times","4 to 6 times","1 to 3 times","Did not drink soda or pop","1 glass per day","6 days","2 days","3 hours per day","5 or more hours per day","1 team","No","5 hours",NA,NA,NA
"17 years old","Female","11th grade","No","White",1.75,67.13,"Never wore a helmet","Always","6 to 9 days","0 times","No","No","No","0 days","0 days","Heterosexual (straight)","Slightly overweight","Did not drink fruit juice","4 to 6 times","2 times per day","Did not drink soda or pop","4 to 6 glasses","4 days","5 days","Less than 1 hour per day","No playing video/computer game","2 teams","No","8 hours","Did not drink sports drink","4 or more times per day","1 times"
"17 years old","Male","12th grade","No","Asian",1.7,47.63,"Never wore a helmet","Always","0 days","0 times","No","No","No","0 days","0 days","Heterosexual (straight)","Very underweight","1 to 3 times","1 to 3 times","Did not eat green salad","1 to 3 times","1 to 3 glasses","2 days","2 days","Less than 1 hour per day","2 hours per day","0 teams","No","6 hours","Did not drink sports drink","4 to 6 times","0 times"
"14 years old","Female","9th grade","No","White",1.65,58.97,"Did not ride a bicycle","Always","I did not drive the past 30 days","0 times","No","No","No","0 days","0 days","Heterosexual (straight)","About the right weight","1 to 3 times","1 to 3 times","1 to 3 times","1 to 3 times","Did not drink milk","0 days","5 days","1 hour per day","5 or more hours per day","2 teams","No","6 hours","Did not drink sports drink","3 times per day","2 times"
"16 years old","Female","10th grade","No","Multiple - Non-Hispanic",1.68,64.86,"Did not ride a bicycle","Most of the time","3 to 5 days","1 time","No","No","Yes","0 days","0 days","Heterosexual (straight)","About the right weight","4 to 6 times","2 times per day","Did not eat green salad","4 to 6 times","Did not drink milk","3 days","2 days","3 hours per day","No playing video/computer game","0 teams","Yes","6 hours","1 time per day","4 or more times per day","0 times"
"15 years old","Female","10th grade","Yes","Multiple - Hispanic / Latino",1.63,50.8,"Did not ride a bicycle","Always","0 days","1 time","No","No","Yes","0 days","0 days","Heterosexual (straight)","Slightly underweight","2 times per day","1 time per day","1 to 3 times","1 time per day","1 glass per day","4 days","3 days","Less than 1 hour per day","Less than 1 hour per day","1 team",NA,"6 hours",NA,NA,NA
"16 years old","Male","11th grade","Yes","Multiple - Hispanic / Latino",1.7,52.16,"Never wore a helmet","Always","All 30 days","12 or more times","No","No","No",NA,NA,"Not sure","Very overweight","4 or more times per day","4 or more times per day","4 or more times per day","4 or more times per day","4 or more glasses per day","7 days","7 days","5 or more hours per day","5 or more hours per day","3 or more teams",NA,"10 or more hours",NA,NA,NA
"18 years old or older","Male","12th grade","No","White",1.83,68.04,"Sometimes wore a helmet","Always","3 to 5 days","0 times","No","No","Yes","0 days","0 days","Heterosexual (straight)","About the right weight","Did not drink fruit juice","Did not eat fruit","Did not eat green salad","2 times per day","2 glasses per day","7 days","2 days","2 hours per day","Less than 1 hour per day","1 team","Yes","8 hours","Did not drink sports drink","1 time per day","1 times"
"15 years old","Female","10th grade","No","White",1.6,61.24,NA,NA,"I did not drive the past 30 days",NA,"Yes","Yes","Yes","0 days","0 days","Heterosexual (straight)","Slightly overweight","1 to 3 times","1 to 3 times","4 to 6 times","3 times per day",NA,NA,"6 days","5 or more hours per day","5 or more hours per day",NA,"No","6 hours",NA,NA,NA
"17 years old","Female","11th grade","Yes","Multiple - Hispanic / Latino",1.32,50.8,"Rarely wore a helmet","Most of the time","I did not drive the past 30 days","0 times","No","No","Yes","0 days","0 days","Heterosexual (straight)","About the right weight","1 time per day","1 to 3 times","Did not eat green salad","1 time per day","2 glasses per day","0 days","4 days","No TV on average school day","Less than 1 hour per day","0 teams",NA,"7 hours",NA,NA,NA
"16 years old","Male","11th grade","No","Asian",1.68,63.5,"Did not ride a bicycle","Always","I did not drive the past 30 days","0 times","No","No","Yes","0 days","0 days","Gay or lesbian","Very overweight","4 to 6 times","2 times per day","2 times per day","1 time per day","4 to 6 glasses","7 days","0 days","No TV on average school day","5 or more hours per day","0 teams","Yes","4 or less hours",NA,NA,NA
"16 years old","Female","10th grade","Yes","Hispanic/Latino",1.6,51.71,"Never wore a helmet","Most of the time","I did not drive the past 30 days","0 times","No","No","Yes","0 days","0 days","Heterosexual (straight)","About the right weight","Did not drink fruit juice","1 to 3 times","Did not eat green salad","4 to 6 times","Did not drink milk","6 days","2 days","3 hours per day","3 hours per day","0 teams","No","8 hours","Did not drink sports drink","4 to 6 times","2 times"
"15 years old","Male","9th grade","No","White",1.9,104.33,"Never wore a helmet","Most of the time","10 to 19 days","4 or 5 times","No","No","Yes","1 or 2 days","0 days","Heterosexual (straight)","Slightly overweight","Did not drink fruit juice","Did not eat fruit","Did not eat green salad","4 to 6 times","4 to 6 glasses","6 days","6 days","1 hour per day","2 hours per day","1 team","No","8 hours","Did not drink sports drink","4 or more times per day","2 times"
"17 years old","Female","11th grade","No","White",1.68,63.5,"Did not ride a bicycle","Always",NA,"0 times","Yes","Yes","Yes","1 or 2 days","1 or 2 days","bisexual","About the right weight","4 to 6 times","1 to 3 times","1 to 3 times","1 time per day","1 glass per day","4 days","3 days","2 hours per day","3 hours per day","0 teams","Yes","5 hours","1 to 3 times","4 or more times per day","1 times"
"18 years old or older","Male","12th grade","No","White",1.8,90.72,"Never wore a helmet","Always","0 days","0 times","No","No","No","0 days","0 days","Heterosexual (straight)","Slightly overweight","Did not drink fruit juice","4 to 6 times","1 to 3 times","Did not drink soda or pop","4 to 6 glasses","0 days","4 days","1 hour per day","Less than 1 hour per day","3 or more teams","No","8 hours","4 to 6 times","4 or more times per day","3 times"
"17 years old","Female","11th grade","No","Asian",NA,NA,"Never wore a helmet","Sometimes","6 to 9 days","0 times","No","No","No","0 days","6 to 9 days","Heterosexual (straight)","About the right weight","Did not drink fruit juice","1 to 3 times","Did not eat green salad","Did not drink soda or pop","Did not drink milk","0 days","5 days","Less than 1 hour per day","5 or more hours per day","0 teams","No","8 hours","Did not drink sports drink","4 or more times per day","2 times"
"16 years old","Male","11th grade","No","White",1.73,72.58,NA,NA,"0 days",NA,"No","No","No","0 days","0 days","Heterosexual (straight)","About the right weight","1 time per day","1 time per day","Did not eat green salad","1 time per day",NA,NA,"7 days","No TV on average school day","No playing video/computer game",NA,"No","10 or more hours",NA,NA,NA
"16 years old","Female","10th grade","Yes","Hispanic/Latino",1.6,62.6,"Never wore a helmet","Most of the time","I did not drive the past 30 days","0 times","No","Yes","Yes","0 days","3 to 5 days","Heterosexual (straight)","About the right weight","Did not drink fruit juice","Did not eat fruit","Did not eat green salad","4 to 6 times","1 to 3 glasses","5 days","6 days","5 or more hours per day","3 hours per day","0 teams","No","6 hours","Did not drink sports drink","4 or more times per day","5 or more times"
"18 years old or older","Female","12th grade","Yes","Multiple - Hispanic / Latino",1.6,82.1,"Did not ride a bicycle","Always","I did not drive the past 30 days","0 times","No","No","No","0 days","0 days","Heterosexual (straight)","About the right weight","4 to 6 times","4 to 6 times","1 to 3 times","1 to 3 times","1 to 3 glasses","6 days","5 days","3 hours per day","5 or more hours per day","0 teams","No","6 hours","1 to 3 times","4 or more times per day","0 times"
"17 years old","Female","11th grade","No","White",1.57,58.97,"Never wore a helmet","Always","0 days","0 times","Yes","Yes","Yes","0 days","0 days","Heterosexual (straight)","Slightly overweight","Did not drink fruit juice","3 times per day","Did not eat green salad","Did not drink soda or pop","Did not drink milk","7 days","5 days","Less than 1 hour per day","2 hours per day","2 teams","Yes","9 hours","Did not drink sports drink","2 times per day","2 times"
"16 years old","Female","10th grade","No","White",1.83,65.77,"Never wore a helmet","Most of the time","0 days","0 times","No","No","No","0 days","0 days","Not sure","About the right weight","4 to 6 times","1 time per day","4 to 6 times","1 to 3 times","4 to 6 glasses","7 days","5 days","2 hours per day","4 hours per day","2 teams","No","8 hours","Did not drink sports drink","2 times per day","4 times"
"16 years old","Male","11th grade","No","Multiple - Non-Hispanic",1.68,56.7,"Never wore a helmet","Most of the time","0 days","0 times","No","No","Yes","0 days","0 days","Heterosexual (straight)","About the right weight","4 to 6 times","1 to 3 times","Did not eat green salad","4 or more times per day","1 to 3 glasses","2 days","4 days","Less than 1 hour per day","5 or more hours per day","1 team","No","6 hours","Did not drink sports drink","1 time per day","3 times"
"17 years old","Male","12th grade","No","Black or African American",1.8,83.46,"Never wore a helmet","Most of the time","I did not drive the past 30 days","0 times","No","No","Yes","3 to 5 days","0 days","Heterosexual (straight)","Slightly overweight","1 to 3 times","4 to 6 times","Did not eat green salad","4 to 6 times","1 glass per day","4 days","5 days","2 hours per day","3 hours per day","2 teams","No","7 hours","1 to 3 times","4 or more times per day","0 times"
"18 years old or older","Female","12th grade","No","White",1.7,61.24,"Never wore a helmet","Always","0 days","0 times","Yes","No","No","0 days","0 days","Heterosexual (straight)","About the right weight","2 times per day","1 time per day","1 to 3 times","Did not drink soda or pop","2 glasses per day","7 days","7 days","Less than 1 hour per day","No playing video/computer game","1 team","Not sure","7 hours","4 to 6 times","4 or more times per day","5 or more times"
"16 years old","Male","12th grade","Yes","Multiple - Hispanic / Latino",1.6,72.58,"Never wore a helmet","Always","I did not drive the past 30 days","1 time","Yes","Yes","Yes","0 days","0 days","Heterosexual (straight)","Slightly overweight","Did not drink fruit juice","2 times per day","2 times per day","4 or more times per day","3 glasses per day","7 days","0 days","No TV on average school day","5 or more hours per day","0 teams","Yes","9 hours","Did not drink sports drink","4 or more times per day","0 times"
"16 years old","Female","11th grade","Yes","Hispanic/Latino",1.55,80.74,"Rarely wore a helmet","Most of the time","0 days","2 or 3 times","Yes","Yes","Yes","0 days","10 to 19 days","Heterosexual (straight)","Slightly overweight","1 to 3 times","4 to 6 times","1 to 3 times","1 to 3 times","1 to 3 glasses","4 days","0 days","Less than 1 hour per day","2 hours per day","0 teams","No","6 hours","3 times per day","4 or more times per day","2 times"
"15 years old","Male","9th grade","No","White",1.78,69.85,"Always wore a helmet","Always","I did not drive the past 30 days","1 time","Yes","No","No","1 or 2 days","10 to 19 days","Heterosexual (straight)","About the right weight","1 to 3 times","Did not eat fruit","1 to 3 times","1 to 3 times","2 glasses per day","7 days","6 days","2 hours per day","5 or more hours per day","3 or more teams","Yes","8 hours","1 to 3 times","4 or more times per day","3 times"
"17 years old","Female","11th grade","No","White",1.57,61.69,"Never wore a helmet","Always","I did not drive the past 30 days","0 times","No","No","No","0 days","0 days","Heterosexual (straight)","About the right weight","Did not drink fruit juice","1 to 3 times","Did not eat green salad","1 to 3 times","1 to 3 glasses","2 days","0 days","2 hours per day","3 hours per day","1 team","No","9 hours",NA,NA,NA
"17 years old","Male","12th grade","Yes","Multiple - Hispanic / Latino",1.7,80.74,"Did not ride a bicycle","Most of the time",NA,"0 times","No","No","No","0 days","1 or 2 days","Gay or lesbian","Slightly overweight","4 to 6 times","4 to 6 times","Did not eat green salad","4 to 6 times","4 to 6 glasses","0 days","0 days","2 hours per day","5 or more hours per day","0 teams","No","6 hours","1 to 3 times","3 times per day","0 times"
NA,"Male",NA,NA,NA,NA,NA,"Rarely wore a helmet","Always",NA,"0 times","No","No","No","0 days","0 days","Heterosexual (straight)","About the right weight","1 to 3 times","1 to 3 times","1 to 3 times","1 to 3 times",NA,"0 days","0 days","No TV on average school day","No playing video/computer game","0 teams","No","6 hours","1 to 3 times","1 to 3 times","0 times"
"16 years old","Male","11th grade","No","Asian",1.6,49.9,"Never wore a helmet","Always","All 30 days","0 times","Yes","No","Yes","0 days","10 to 19 days","Heterosexual (straight)","Slightly underweight","2 times per day","1 time per day","Did not eat green salad","1 time per day","2 glasses per day","7 days","1 day","No TV on average school day","5 or more hours per day","1 team",NA,"8 hours",NA,NA,NA
"17 years old","Male","11th grade","No","Black or African American",1.85,88,"Never wore a helmet","Always","I did not drive the past 30 days","0 times","No","No","Yes","0 days","0 days","Not sure","About the right weight","3 times per day","Did not eat fruit","Did not eat green salad","Did not drink soda or pop","Did not drink milk","0 days","5 days","No TV on average school day","4 hours per day","2 teams","Yes","7 hours",NA,NA,NA
"17 years old","Male","10th grade","No","Black or African American",NA,NA,NA,"Always","0 days",NA,"No","No","No","0 days","0 days","Heterosexual (straight)","Slightly underweight","1 to 3 times","2 times per day","Did not eat green salad","1 to 3 times",NA,"7 days","2 days","No TV on average school day","5 or more hours per day",NA,NA,NA,NA,NA,NA
NA,"Female","12th grade","Yes","Multiple - Hispanic / Latino",NA,NA,"Did not ride a bicycle","Always","0 days","0 times","No","No","No","0 days","0 days",NA,"About the right weight","2 times per day","2 times per day","Did not eat green salad","1 to 3 times","1 to 3 glasses","5 days","0 days","Less than 1 hour per day","No playing video/computer game","0 teams","No","4 or less hours","Did not drink sports drink","Did not drink water","0 times"
"15 years old","Male","9th grade","No","White",1.68,56.7,"Did not ride a bicycle","Most of the time","I did not drive the past 30 days","0 times","No","No","No","0 days","0 days","Heterosexual (straight)","About the right weight","1 to 3 times","4 to 6 times","1 to 3 times","4 to 6 times","2 glasses per day","7 days","7 days","3 hours per day","3 hours per day","3 or more teams","No","7 hours","4 to 6 times","1 time per day","1 times"
"15 years old","Female","10th grade","No","White",1.75,72.12,"Never wore a helmet","Most of the time","0 days","0 times",NA,NA,NA,"0 days","0 days","Heterosexual (straight)","Slightly overweight","Did not drink fruit juice","2 times per day","1 to 3 times","1 to 3 times","1 to 3 glasses","7 days","0 days","1 hour per day","5 or more hours per day","0 teams","No","7 hours","Did not drink sports drink","4 to 6 times","3 times"
"17 years old","Male","11th grade","Yes","Multiple - Hispanic / Latino",1.65,75.75,"Never wore a helmet","Always","I did not drive the past 30 days","0 times","No","No","No","0 days","0 days","Heterosexual (straight)","Slightly overweight","4 to 6 times","1 time per day","Did not eat green salad","1 to 3 times","1 to 3 glasses","1 day","5 days","1 hour per day","2 hours per day","1 team","No","7 hours",NA,NA,NA
"18 years old or older","Male","12th grade","No","White",1.75,68.04,"Sometimes wore a helmet","Always","10 to 19 days","1 time","No","No","No","0 days","10 to 19 days","Heterosexual (straight)","About the right weight","4 to 6 times","4 to 6 times","1 to 3 times","1 to 3 times","1 to 3 glasses","6 days","4 days","Less than 1 hour per day","3 hours per day","0 teams","No","7 hours","1 to 3 times","2 times per day","1 times"
"14 years old","Male","9th grade","No","White",1.63,68.49,"Never wore a helmet","Always","I did not drive the past 30 days","0 times","No","Yes","No","0 days","0 days","Heterosexual (straight)","Slightly overweight","3 times per day","1 time per day","4 to 6 times","1 time per day","4 to 6 glasses","2 days","7 days","No TV on average school day","4 hours per day","2 teams","No","7 hours","1 to 3 times","2 times per day","0 times"
"16 years old","Female","11th grade","Yes","Hispanic/Latino",1.55,52.16,"Most of the time wore a helmet","Always","I did not drive the past 30 days","0 times","Yes","No","Yes","0 days","6 to 9 days","Heterosexual (straight)",NA,NA,NA,NA,NA,NA,NA,NA,NA,NA,NA,NA,NA,NA,NA,NA
"17 years old","Female","11th grade","No","White",1.57,47.63,"Did not ride a bicycle","Most of the time","0 days","0 times","No","No","No","0 days","0 days","Heterosexual (straight)","Slightly underweight","1 to 3 times","1 time per day","1 to 3 times","1 to 3 times","1 glass per day","6 days","3 days","No TV on average school day","1 hour per day","2 teams","Yes","8 hours","Did not drink sports drink","2 times per day","5 or more times"
"15 years old","Male","9th grade","Yes","Multiple - Hispanic / Latino",1.7,70.76,"Sometimes wore a helmet","Always","I did not drive the past 30 days","0 times","No","No","Yes","0 days","0 days","Heterosexual (straight)","Slightly overweight","1 to 3 times","4 or more times per day","1 to 3 times","1 to 3 times","4 to 6 glasses","6 days","5 days","Less than 1 hour per day","Less than 1 hour per day","0 teams","Yes","8 hours","Did not drink sports drink","4 or more times per day","1 times"
"18 years old or older","Male","12th grade","Yes","Multiple - Hispanic / Latino",1.73,63.5,"Did not ride a bicycle","Always","0 days","2 or 3 times","No","No","No","0 days","3 to 5 days","Heterosexual (straight)","About the right weight","1 to 3 times","4 to 6 times","1 to 3 times","3 times per day","2 glasses per day","4 days","0 days","1 hour per day","4 hours per day","1 team","Yes","7 hours","2 times per day","4 or more times per day","0 times"
"14 years old","Male","9th grade","No","White",1.73,59.42,"Never wore a helmet","Sometimes",NA,"1 time","No","No",NA,"0 days","1 or 2 days","Heterosexual (straight)","About the right weight","4 or more times per day","4 or more times per day","4 or more times per day",NA,NA,NA,NA,NA,NA,NA,NA,NA,NA,NA,NA
"15 years old","Female","10th grade","Yes","Multiple - Hispanic / Latino",1.7,53.07,"Did not ride a bicycle","Most of the time","I did not drive the past 30 days","0 times","No","No","Yes","0 days","0 days","Heterosexual (straight)","About the right weight","1 to 3 times","1 to 3 times","1 to 3 times","Did not drink soda or pop","4 to 6 glasses","4 days","6 days","Less than 1 hour per day","2 hours per day","1 team","No","8 hours","3 times per day","2 times per day","0 times"
"15 years old","Male","10th grade","Yes","Multiple - Hispanic / Latino",1.78,79.38,"Never wore a helmet","Most of the time","0 days","1 time","Yes","No","No","0 days","0 days","Heterosexual (straight)","About the right weight","1 time per day","1 to 3 times","1 to 3 times","1 to 3 times","1 to 3 glasses","2 days","7 days","2 hours per day","Less than 1 hour per day","0 teams",NA,"4 or less hours",NA,NA,NA
"15 years old","Male","10th grade","Yes","Hispanic/Latino",1.73,117.94,"Never wore a helmet","Always","I did not drive the past 30 days","0 times","No","No","No","0 days","1 or 2 days","Heterosexual (straight)","Very overweight","Did not drink fruit juice","Did not eat fruit","Did not eat green salad","4 to 6 times","Did not drink milk","0 days","7 days","Less than 1 hour per day","3 hours per day","0 teams","Yes","8 hours","4 to 6 times","4 or more times per day","5 or more times"
"15 years old","Male","9th grade","No","Black or African American",1.65,84.82,"Never wore a helmet","Always","I did not drive the past 30 days",NA,"Yes","No","No","6 to 9 days","1 or 2 days","Heterosexual (straight)","Very underweight","1 to 3 times","1 to 3 times","Did not eat green salad","1 to 3 times","1 to 3 glasses","0 days","0 days","Less than 1 hour per day","Less than 1 hour per day","0 teams","Yes","7 hours",NA,NA,NA
"16 years old","Male","10th grade",NA,NA,1.68,63.5,"Did not ride a bicycle","Always","0 days","0 times","No","No","No","0 days","0 days","Heterosexual (straight)","Slightly underweight","1 to 3 times","4 to 6 times","1 to 3 times","1 to 3 times","4 to 6 glasses","5 days","2 days","2 hours per day","5 or more hours per day","0 teams","No","8 hours","1 to 3 times","1 to 3 times","2 times"
"16 years old","Male","11th grade","Yes","Hispanic/Latino",1.73,61.24,"Never wore a helmet","Sometimes",NA,"1 time","No","No","No","0 days","1 or 2 days","Heterosexual (straight)","About the right weight","4 or more times per day","4 or more times per day","Did not eat green salad","Did not drink soda or pop","1 to 3 glasses","2 days","2 days","No TV on average school day","2 hours per day","0 teams","No","6 hours","1 to 3 times","1 to 3 times","0 times"
"15 years old","Male","10th grade","No","White",1.98,91.63,NA,NA,NA,NA,"No","Yes","Yes","0 days","0 days","Heterosexual (straight)","Slightly overweight","Did not drink fruit juice","Did not eat fruit","Did not eat green salad","Did not drink soda or pop",NA,NA,"0 days","No TV on average school day","No playing video/computer game",NA,"No","6 hours",NA,NA,NA
"15 years old","Male","10th grade","Yes","Hispanic/Latino",1.68,56.7,"Never wore a helmet","Always",NA,"0 times","No","No","No","0 days","0 days","Heterosexual (straight)","Slightly underweight","Did not drink fruit juice","1 to 3 times","Did not eat green salad","4 to 6 times","4 to 6 glasses","0 days","4 days","3 hours per day","1 hour per day","2 teams","Yes","7 hours","1 to 3 times","2 times per day","2 times"
"16 years old","Female","10th grade","No","White",1.47,45.81,"Did not ride a bicycle","Always","1 or 2 days","0 times","No","Yes","No","0 days","0 days","Heterosexual (straight)","About the right weight","4 to 6 times","1 to 3 times","1 to 3 times","1 to 3 times","1 glass per day","7 days","7 days","Less than 1 hour per day","No playing video/computer game","2 teams","No","6 hours","1 to 3 times","3 times per day","1 times"
"18 years old or older","Female","12th grade","No","White",1.73,65.77,"Sometimes wore a helmet","Most of the time","3 to 5 days","0 times","No","No","Yes","3 to 5 days","0 days","Heterosexual (straight)","Slightly overweight","Did not drink fruit juice","3 times per day","4 to 6 times","Did not drink soda or pop","1 to 3 glasses","6 days","4 days","Less than 1 hour per day","2 hours per day","1 team","Yes","7 hours",NA,NA,NA
"18 years old or older","Female","12th grade","No","White",1.55,61.24,"Never wore a helmet","Always","6 to 9 days","0 times","No","No","No","0 days","0 days","Heterosexual (straight)","About the right weight","1 to 3 times","4 to 6 times","1 to 3 times","1 to 3 times","4 to 6 glasses","4 days","4 days","1 hour per day","3 hours per day","1 team","Yes","8 hours","Did not drink sports drink","2 times per day","3 times"
"17 years old","Female","12th grade","No","Asian",1.63,63.5,"Did not ride a bicycle","Always","0 days","0 times","No","No","No","0 days","0 days","Heterosexual (straight)","Slightly overweight","Did not drink fruit juice","1 to 3 times","Did not eat green salad","Did not drink soda or pop","Did not drink milk","7 days","3 days","No TV on average school day","Less than 1 hour per day","0 teams","No","9 hours","Did not drink sports drink","4 or more times per day","0 times"
"17 years old","Female","12th grade","Yes","Hispanic/Latino",1.57,53.52,"Never wore a helmet","Sometimes","0 days","1 time","No","No","No","0 days","1 or 2 days","Heterosexual (straight)","Slightly overweight","4 or more times per day","4 or more times per day","1 time per day","2 times per day","1 glass per day","0 days","1 day","4 hours per day","5 or more hours per day","2 teams","No","7 hours","1 to 3 times","2 times per day","5 or more times"
"16 years old","Female","10th grade","No","White",1.63,54.43,"Did not ride a bicycle","Always","I did not drive the past 30 days","0 times","No","No","No","0 days","0 days","Heterosexual (straight)","About the right weight","1 time per day","4 to 6 times","1 to 3 times","1 to 3 times","2 glasses per day","7 days","5 days","No TV on average school day","No playing video/computer game","1 team","No","7 hours",NA,NA,NA
"14 years old","Male","9th grade","No","Black or African American",1.73,67.59,"Did not ride a bicycle","Always",NA,NA,"No","No","No","0 days","0 days","Heterosexual (straight)","About the right weight","3 times per day","Did not eat fruit","Did not eat green salad","3 times per day","2 glasses per day","4 days","3 days","No TV on average school day","No playing video/computer game","1 team","No","6 hours",NA,NA,NA
"14 years old","Female","9th grade","Yes","Hispanic/Latino",1.65,113.4,"Did not ride a bicycle","Sometimes","0 days","0 times","No","No","No","0 days","1 or 2 days","Heterosexual (straight)","Very overweight","1 to 3 times","4 to 6 times","4 to 6 times","4 to 6 times","4 to 6 glasses","2 days","0 days","1 hour per day","2 hours per day","1 team","No","7 hours",NA,NA,NA
"18 years old or older","Male","12th grade","No","Asian",2.08,60.33,"Never wore a helmet","Most of the time","All 30 days","0 times","No","No","Yes","All 30 days","6 to 9 days","Heterosexual (straight)","Slightly underweight","Did not drink fruit juice","2 times per day","Did not eat green salad","1 to 3 times","1 to 3 glasses","1 day","7 days","1 hour per day","5 or more hours per day","3 or more teams","Yes","4 or less hours","1 to 3 times","1 time per day","0 times"
"14 years old","Male","9th grade","No","White",1.75,61.24,"Never wore a helmet","Never","3 to 5 days","1 time","Yes","Yes","No","1 or 2 days","20 to 29 days",NA,"Slightly underweight","3 times per day","1 to 3 times","Did not eat green salad","4 to 6 times","1 glass per day","7 days","0 days",NA,"4 hours per day","2 teams","Yes","4 or less hours","4 to 6 times","1 time per day","4 times"
"18 years old or older","Male","12th grade","Yes","Hispanic/Latino",1.75,49.9,"Rarely wore a helmet","Most of the time","All 30 days","4 or 5 times","No","No","Yes","1 or 2 days","0 days","Heterosexual (straight)","Very underweight","2 times per day","1 to 3 times","Did not eat green salad","4 or more times per day","2 glasses per day","6 days","7 days","1 hour per day","3 hours per day","0 teams","No","8 hours",NA,NA,NA
"12 years old or younger","Male","11th grade","Yes","Multiple - Hispanic / Latino",NA,NA,"Never wore a helmet","Never",NA,"12 or more times","Yes","Yes","No","All 30 days","0 days","bisexual","Very overweight","Did not drink fruit juice","Did not eat fruit","Did not eat green salad","Did not drink soda or pop","Did not drink milk","0 days","0 days","5 or more hours per day","5 or more hours per day","0 teams",NA,"10 or more hours","Did not drink sports drink","Did not drink water",NA
"18 years old or older","Male","12th grade","No","White",1.73,67.13,"Never wore a helmet","Always","All 30 days","0 times","Yes","No","No","0 days","0 days","Gay or lesbian","Slightly underweight","4 to 6 times","1 to 3 times","1 time per day","4 to 6 times","1 to 3 glasses","5 days","1 day","1 hour per day","No playing video/computer game","2 teams","Yes","5 hours","1 to 3 times","2 times per day","4 times"
"17 years old","Male","11th grade","No","White",1.9,107.05,"Most of the time wore a helmet","Always","0 days","0 times","Yes","No","No","0 days","0 days","Heterosexual (straight)","About the right weight","1 time per day","2 times per day","4 to 6 times","Did not drink soda or pop","1 glass per day","7 days","7 days","Less than 1 hour per day","Less than 1 hour per day","3 or more teams","Yes","4 or less hours","1 to 3 times","4 or more times per day","0 times"
"15 years old","Female","9th grade","No","White",1.55,53.98,NA,NA,"0 days",NA,"No","No","No","0 days","0 days","Heterosexual (straight)","About the right weight","Did not drink fruit juice","Did not eat fruit","1 to 3 times","Did not drink soda or pop",NA,NA,"5 days","1 hour per day","5 or more hours per day",NA,"No","8 hours",NA,NA,NA
"16 years old","Female","11th grade","Yes","Multiple - Hispanic / Latino",1.65,70.31,"Never wore a helmet","Always","6 to 9 days","1 time","No","No","Yes","0 days","0 days","Heterosexual (straight)","Slightly overweight","2 times per day","2 times per day","1 time per day","1 to 3 times","1 glass per day","3 days","5 days","2 hours per day","1 hour per day","3 or more teams","No","7 hours","2 times per day","3 times per day","2 times"
"14 years old","Female","9th grade","Yes","Hispanic/Latino",1.6,78.47,"Did not ride a bicycle","Sometimes","6 to 9 days","12 or more times","No","Yes","No","10 to 19 days","10 to 19 days","Not sure","Slightly overweight","Did not drink fruit juice","2 times per day","1 time per day","1 time per day","4 to 6 glasses","0 days","4 days","2 hours per day","No playing video/computer game","1 team","No","4 or less hours",NA,NA,NA
"16 years old","Male","11th grade","No","White",1.7,55.79,NA,NA,"3 to 5 days",NA,"No","No","No","6 to 9 days","1 or 2 days","Heterosexual (straight)","Slightly underweight","3 times per day","1 time per day","1 to 3 times","1 to 3 times",NA,NA,"3 days","Less than 1 hour per day","3 hours per day",NA,"No","6 hours",NA,NA,NA
"18 years old or older","Male","12th grade","No","White",1.75,74.84,"Never wore a helmet","Sometimes",NA,"0 times","Yes","No","No","0 days","0 days","Heterosexual (straight)","About the right weight","4 or more times per day","2 times per day","1 to 3 times","1 to 3 times","2 glasses per day","0 days","7 days","3 hours per day","3 hours per day","0 teams","Yes","6 hours","1 to 3 times","1 to 3 times","2 times"
"15 years old","Male","10th grade","No","White",1.75,82.56,"Never wore a helmet","Sometimes","0 days","0 times","No","No","No","0 days","0 days","Heterosexual (straight)","About the right weight","1 to 3 times","1 to 3 times","Did not eat green salad","1 to 3 times","3 glasses per day","7 days","5 days","2 hours per day","4 hours per day","2 teams","Yes","9 hours","1 to 3 times","4 or more times per day","2 times"
"18 years old or older","Female","12th grade","Yes","Hispanic/Latino",1.6,52.16,"Rarely wore a helmet","Most of the time","I did not drive the past 30 days","0 times","No","No","Yes","0 days","0 days","Heterosexual (straight)","About the right weight","1 to 3 times","1 to 3 times","Did not eat green salad","1 to 3 times","4 to 6 glasses","7 days","5 days","Less than 1 hour per day","1 hour per day","0 teams","No","5 hours",NA,NA,NA
"16 years old","Female","11th grade","Yes","Hispanic/Latino",1.63,56.25,NA,"Most of the time","I did not drive the past 30 days",NA,"No","Yes","Yes","0 days","0 days","bisexual","Slightly overweight","3 times per day","2 times per day","1 to 3 times","1 to 3 times",NA,"2 days","6 days","3 hours per day","No playing video/computer game",NA,NA,NA,NA,NA,NA
"16 years old","Female","10th grade","No","Native Hawaiian/other PI",1.57,44.45,"Never wore a helmet","Always","0 days","0 times","No","No","No","0 days","0 days",NA,"About the right weight","1 time per day","2 times per day","1 to 3 times","1 to 3 times","1 to 3 glasses","6 days","5 days","Less than 1 hour per day","1 hour per day","2 teams","No","6 hours","1 to 3 times","3 times per day","0 times"
"14 years old","Female","9th grade","No","White",1.68,75.3,"Did not ride a bicycle","Always","I did not drive the past 30 days","0 times","No","Yes","Yes","0 days","0 days","bisexual","Slightly overweight","4 to 6 times","4 or more times per day","3 times per day","2 times per day","Did not drink milk","2 days","5 days","No TV on average school day","3 hours per day","0 teams","Not sure","5 hours","Did not drink sports drink","3 times per day","5 or more times"
"16 years old","Female","11th grade","No","Asian",1.6,62.6,NA,"Always","I did not drive the past 30 days",NA,"No","No","No","0 days","0 days","Heterosexual (straight)","Slightly overweight","1 to 3 times","2 times per day","Did not eat green salad","Did not drink soda or pop",NA,"2 days","0 days","No TV on average school day","3 hours per day",NA,NA,NA,NA,NA,NA
"17 years old","Female","12th grade","No","Black or African American",1.68,108.86,"Did not ride a bicycle","Sometimes","I did not drive the past 30 days","0 times","No","No","No","0 days","0 days","bisexual","Slightly overweight","1 to 3 times","1 time per day","Did not eat green salad","1 to 3 times","1 to 3 glasses","2 days","0 days","3 hours per day","5 or more hours per day","0 teams","No","6 hours",NA,NA,NA
"16 years old","Female","9th grade","No","White",1.73,54.43,"Never wore a helmet","Always","I did not drive the past 30 days","0 times","No","No","No","0 days","0 days","Heterosexual (straight)","About the right weight","3 times per day","1 to 3 times","4 to 6 times","4 to 6 times","4 to 6 glasses","3 days","7 days","2 hours per day","No playing video/computer game","2 teams","No","8 hours","1 to 3 times","4 to 6 times","5 or more times"
"14 years old","Male","9th grade","No","White",1.88,70.31,"Never wore a helmet","Always","I did not drive the past 30 days","0 times","No","No","No","0 days","0 days","Heterosexual (straight)","Slightly underweight","1 to 3 times","2 times per day","1 to 3 times","1 to 3 times","4 to 6 glasses","7 days","3 days","2 hours per day","3 hours per day","3 or more teams","No","6 hours","1 to 3 times","1 to 3 times","2 times"
"17 years old","Female","11th grade","No","White",1.7,58.97,"Did not ride a bicycle","Most of the time","All 30 days","0 times","No","Yes","No","0 days","0 days","Heterosexual (straight)","Slightly overweight","1 to 3 times","Did not eat fruit","Did not eat green salad","4 to 6 times","1 to 3 glasses","5 days","3 days","Less than 1 hour per day","3 hours per day","1 team","No","6 hours","Did not drink sports drink","2 times per day","2 times"
"16 years old","Female","10th grade","Yes","Hispanic/Latino",1.55,70.31,"Rarely wore a helmet","Always","I did not drive the past 30 days","0 times","No","No","Yes","0 days","0 days","bisexual","Slightly overweight","1 to 3 times","1 to 3 times","Did not eat green salad","1 to 3 times","1 to 3 glasses","3 days","2 days","3 hours per day","No playing video/computer game","2 teams","No","4 or less hours","Did not drink sports drink","1 to 3 times","0 times"
"18 years old or older","Female","12th grade","Yes","Hispanic/Latino",1.63,53.98,"Did not ride a bicycle","Always","I did not drive the past 30 days","0 times","No","No","No","0 days","0 days","Heterosexual (straight)","About the right weight","3 times per day","2 times per day","Did not eat green salad","1 to 3 times","Did not drink milk","7 days","7 days","Less than 1 hour per day","No playing video/computer game","3 or more teams","Yes","4 or less hours","1 to 3 times","4 or more times per day","4 times"
NA,NA,NA,NA,NA,NA,NA,NA,"Always","1 or 2 days","1 time","No","Yes","Yes","0 days","0 days","Heterosexual (straight)","Slightly overweight","1 time per day","1 time per day","Did not eat green salad","1 to 3 times","2 glasses per day","7 days","4 days","3 hours per day","3 hours per day","1 team","No","8 hours","1 to 3 times","3 times per day","0 times"
"16 years old","Female","10th grade","Yes","Multiple - Hispanic / Latino",NA,NA,"Never wore a helmet","Most of the time","0 days","0 times","No","No","No","0 days","0 days","Heterosexual (straight)","Slightly overweight","1 to 3 times","1 to 3 times","1 to 3 times","4 to 6 times","1 to 3 glasses","5 days","0 days","Less than 1 hour per day","1 hour per day","0 teams","No","6 hours","Did not drink sports drink","1 time per day","2 times"
"16 years old","Female","10th grade","No","White",1.7,61.24,"Never wore a helmet","Most of the time","10 to 19 days","2 or 3 times","No","No","No","0 days","10 to 19 days","Heterosexual (straight)","About the right weight","Did not drink fruit juice",NA,NA,NA,NA,NA,NA,NA,NA,NA,NA,NA,NA,NA,NA
"14 years old","Female","9th grade","No","Asian",NA,NA,"Did not ride a bicycle","Always","I did not drive the past 30 days","0 times","No","No","No","0 days","0 days","Heterosexual (straight)","Very overweight","1 to 3 times","4 to 6 times","Did not eat green salad","Did not drink soda or pop","Did not drink milk","7 days","0 days","1 hour per day","Less than 1 hour per day","0 teams","Yes","8 hours","Did not drink sports drink","3 times per day","0 times"
"15 years old","Male","9th grade","Yes","Hispanic/Latino",1.65,65.77,"Never wore a helmet","Most of the time","0 days","0 times","No","No","Yes","0 days","1 or 2 days","Heterosexual (straight)","About the right weight","1 time per day","1 to 3 times","Did not eat green salad","1 to 3 times",NA,NA,NA,NA,NA,NA,NA,NA,NA,NA,NA
"16 years old","Female","9th grade","No","White",1.63,56.25,"Never wore a helmet","Never","0 days","1 time","Yes","No","Yes","0 days","6 to 9 days","bisexual","Very underweight","4 or more times per day","4 or more times per day","4 or more times per day","4 or more times per day","1 glass per day","7 days","4 days","5 or more hours per day","5 or more hours per day","0 teams","Yes","8 hours","4 or more times per day","4 or more times per day","5 or more times"
"15 years old","Male","9th grade","No","White",1.75,92.99,"Never wore a helmet","Never","I did not drive the past 30 days",NA,"Yes","No","Yes","1 or 2 days","10 to 19 days","Heterosexual (straight)","About the right weight","1 to 3 times","Did not eat fruit","1 to 3 times","4 to 6 times","Did not drink milk","1 day","1 day","5 or more hours per day","5 or more hours per day","0 teams","No","8 hours","1 to 3 times","4 or more times per day","5 or more times"
"17 years old","Female","12th grade","Yes","Hispanic/Latino",1.6,49.44,"Rarely wore a helmet","Most of the time","0 days","1 time","No","No","Yes","0 days","0 days","Heterosexual (straight)","Slightly underweight","1 to 3 times","3 times per day","4 to 6 times","Did not drink soda or pop","1 to 3 glasses","3 days","7 days","No TV on average school day","5 or more hours per day","0 teams","Not sure","7 hours","Did not drink sports drink","1 to 3 times","0 times"
"16 years old","Male","11th grade","No","White",1.78,68.49,NA,NA,"I did not drive the past 30 days",NA,"No","No","No","All 30 days","All 30 days","Heterosexual (straight)","About the right weight","4 or more times per day","4 or more times per day","1 to 3 times","Did not drink soda or pop",NA,NA,"7 days","5 or more hours per day","2 hours per day",NA,"Not sure","4 or less hours",NA,NA,NA
"17 years old","Male","12th grade","Yes","Multiple - Hispanic / Latino",1.68,49.9,"Never wore a helmet","Always","0 days","0 times","No","No","No","0 days","0 days","Heterosexual (straight)","Slightly underweight","2 times per day","3 times per day","Did not eat green salad","2 times per day","2 glasses per day","4 days","3 days","Less than 1 hour per day","2 hours per day","0 teams","No","6 hours","1 to 3 times","4 or more times per day","0 times"
"17 years old","Male","11th grade","Yes","Multiple - Hispanic / Latino",1.73,78.93,"Did not ride a bicycle","Always","I did not drive the past 30 days","1 time","No","No","No","1 or 2 days","0 days","Heterosexual (straight)","Slightly overweight","Did not drink fruit juice","Did not eat fruit","Did not eat green salad","1 to 3 times","4 to 6 glasses","4 days","0 days","No TV on average school day","5 or more hours per day","0 teams","Not sure","6 hours","Did not drink sports drink","1 to 3 times","2 times"
"18 years old or older","Female","12th grade","Yes","Multiple - Hispanic / Latino",1.73,49.9,"Never wore a helmet","Always","0 days","0 times","Yes","Yes","Yes","0 days","0 days","bisexual","Slightly underweight","1 to 3 times","4 to 6 times","1 to 3 times","1 time per day","Did not drink milk","3 days","0 days","No TV on average school day","2 hours per day","1 team","No","4 or less hours","4 to 6 times","1 to 3 times","0 times"
"17 years old","Male","12th grade","Yes","Multiple - Hispanic / Latino",1.78,77.11,"Never wore a helmet","Most of the time",NA,"2 or 3 times","No","No","Yes","All 30 days","10 to 19 days","Heterosexual (straight)","About the right weight","2 times per day","Did not eat fruit","1 to 3 times","4 or more times per day","2 glasses per day","3 days","7 days","3 hours per day","Less than 1 hour per day","0 teams","No","5 hours","4 to 6 times","4 or more times per day","0 times"
"15 years old","Male","9th grade","Yes","Multiple - Hispanic / Latino",1.63,102.06,"Never wore a helmet","Always","0 days","0 times","No","No","No","0 days","1 or 2 days",NA,"Slightly overweight","Did not drink fruit juice","4 or more times per day","4 to 6 times","1 to 3 times","3 glasses per day","7 days","7 days","2 hours per day","2 hours per day","1 team","No","8 hours","1 to 3 times","4 or more times per day","2 times"
"17 years old","Female","12th grade","No","Multiple - Non-Hispanic",1.6,51.26,"Did not ride a bicycle","Always","I did not drive the past 30 days","0 times","No","No","Yes","0 days","0 days","Heterosexual (straight)","About the right weight","Did not drink fruit juice","Did not eat fruit","Did not eat green salad","1 to 3 times","Did not drink milk","0 days","0 days","1 hour per day","No playing video/computer game","0 teams","No","6 hours","Did not drink sports drink","4 to 6 times","0 times"
"15 years old","Female","9th grade","No","Multiple - Non-Hispanic",1.73,52.16,"Did not ride a bicycle","Always","I did not drive the past 30 days","0 times","Yes","No","Yes","0 days","0 days","bisexual","About the right weight","Did not drink fruit juice","Did not eat fruit","Did not eat green salad","1 to 3 times","1 to 3 glasses","0 days","0 days","No TV on average school day","5 or more hours per day","0 teams","No","5 hours","Did not drink sports drink","1 to 3 times","0 times"
"16 years old","Female","10th grade","No","White",NA,NA,NA,"Sometimes","0 days",NA,"No","No","No","0 days","0 days","Heterosexual (straight)","Very overweight","4 to 6 times","1 to 3 times","1 to 3 times","1 to 3 times",NA,"1 day","2 days","Less than 1 hour per day","No playing video/computer game",NA,NA,NA,NA,NA,NA
"14 years old","Female","9th grade","No",NA,NA,NA,"Always wore a helmet","Always","I did not drive the past 30 days","0 times","No","No","No","0 days","0 days",NA,"About the right weight","4 or more times per day","3 times per day","1 to 3 times","1 time per day","2 glasses per day","4 days","0 days","No TV on average school day","No playing video/computer game","0 teams","Not sure",NA,"3 times per day","3 times per day","0 times"
"17 years old","Female","11th grade","Yes","Hispanic/Latino",1.65,75.3,"Never wore a helmet","Always","0 days","0 times","No","No","No","0 days","0 days","Heterosexual (straight)","About the right weight","Did not drink fruit juice","4 or more times per day","1 to 3 times","Did not drink soda or pop","Did not drink milk","3 days","0 days","2 hours per day","2 hours per day","0 teams","No","6 hours","Did not drink sports drink","3 times per day","0 times"
"15 years old","Female","9th grade","No","White",1.63,54.43,"Always wore a helmet","Always","I did not drive the past 30 days","0 times","No","No","No","0 days","0 days","Heterosexual (straight)","About the right weight","1 to 3 times","4 to 6 times","1 to 3 times","Did not drink soda or pop","2 glasses per day","7 days","6 days","Less than 1 hour per day","Less than 1 hour per day","3 or more teams","No","7 hours","Did not drink sports drink","2 times per day","5 or more times"
"16 years old","Female","11th grade","No","White",1.6,56.7,NA,NA,NA,NA,"No","No","No","0 days","0 days","Heterosexual (straight)","About the right weight","1 to 3 times","1 to 3 times","1 to 3 times","1 to 3 times",NA,NA,"4 days","No TV on average school day","4 hours per day",NA,"Yes","6 hours",NA,NA,NA
"16 years old","Male","11th grade","No","White",1.78,58.97,"Rarely wore a helmet","Always","1 or 2 days","0 times","No","No","No","0 days","0 days","Heterosexual (straight)","Slightly underweight","4 to 6 times","4 to 6 times","Did not eat green salad","1 to 3 times","4 to 6 glasses","7 days","7 days","4 hours per day","3 hours per day","0 teams","No","7 hours","Did not drink sports drink","4 to 6 times","0 times"
"15 years old","Male","9th grade","Yes","Hispanic/Latino",1.63,81.65,NA,NA,"I did not drive the past 30 days",NA,"No","No","Yes","0 days","0 days","Heterosexual (straight)","Slightly overweight","Did not drink fruit juice","2 times per day","1 time per day","1 to 3 times",NA,NA,"2 days","1 hour per day","2 hours per day",NA,"Yes","5 hours",NA,NA,NA
"15 years old","Male","9th grade","No","White",1.7,49.9,"Sometimes wore a helmet","Always","I did not drive the past 30 days","4 or 5 times","Yes","No","Yes","0 days","0 days","Heterosexual (straight)","About the right weight","4 to 6 times","4 to 6 times","1 to 3 times","Did not drink soda or pop","4 to 6 glasses","7 days","2 days","Less than 1 hour per day","Less than 1 hour per day","0 teams",NA,"8 hours",NA,NA,NA
"15 years old","Male","10th grade","No","Asian",1.75,66.68,"Never wore a helmet","Sometimes","1 or 2 days","0 times","No","No","No","0 days",NA,"Heterosexual (straight)","About the right weight","3 times per day","3 times per day","1 time per day","4 or more times per day","3 glasses per day","0 days","7 days","5 or more hours per day","Less than 1 hour per day","2 teams","Yes","10 or more hours",NA,NA,NA
"15 years old","Male","9th grade","No","White",1.98,81.65,"Never wore a helmet","Always","0 days","1 time","No","No","No","0 days","0 days","Heterosexual (straight)","About the right weight","4 or more times per day","4 or more times per day","1 to 3 times","1 time per day","2 glasses per day","7 days","7 days","3 hours per day","3 hours per day","3 or more teams","No","8 hours","4 or more times per day","4 or more times per day","3 times"
"15 years old","Female","10th grade","No","Asian",1.55,53.07,"Did not ride a bicycle","Always","I did not drive the past 30 days","0 times","Yes","Yes",NA,"0 days","0 days","Heterosexual (straight)","Slightly overweight","1 to 3 times",NA,"1 to 3 times","4 to 6 times","Did not drink milk","2 days","4 days","2 hours per day","2 hours per day","0 teams","No","7 hours","1 to 3 times","1 to 3 times","0 times"
"17 years old","Male","11th grade","Yes","Hispanic/Latino",1.78,56.7,"Never wore a helmet","Always","0 days","0 times","No","No","No","0 days","0 days","Heterosexual (straight)","Slightly underweight","3 times per day","1 to 3 times","Did not eat green salad","4 to 6 times","4 or more glasses per day","7 days","7 days","3 hours per day","2 hours per day","2 teams","Yes","7 hours","1 to 3 times","4 to 6 times","0 times"
"17 years old","Female","11th grade","No","White",1.57,65.77,"Never wore a helmet","Always","6 to 9 days","0 times","No","No","No","0 days","20 to 29 days","Heterosexual (straight)","Slightly overweight","1 to 3 times","1 to 3 times","4 to 6 times","1 to 3 times","1 to 3 glasses","7 days","4 days","Less than 1 hour per day","No playing video/computer game","0 teams","No","7 hours","Did not drink sports drink","4 or more times per day","5 or more times"
"15 years old","Female","9th grade","No","White",1.6,72.58,"Never wore a helmet","Most of the time","0 days","0 times","No","No","No","0 days","0 days","Heterosexual (straight)","Slightly overweight","1 to 3 times","1 to 3 times","1 to 3 times","3 times per day","4 to 6 glasses","7 days","7 days","2 hours per day","1 hour per day","0 teams","Yes","5 hours","Did not drink sports drink","4 to 6 times","2 times"
"16 years old","Male","10th grade","No","White",1.73,95.26,"Did not ride a bicycle","Always","0 days","1 time","No","No","No","0 days","1 or 2 days","Heterosexual (straight)","Slightly overweight","Did not drink fruit juice","1 to 3 times","Did not eat green salad","2 times per day","1 to 3 glasses","2 days","7 days","1 hour per day","Less than 1 hour per day","2 teams","Yes","7 hours","1 to 3 times","1 to 3 times","0 times"
"17 years old","Female","11th grade","No","White",NA,NA,NA,NA,"0 days",NA,"No","No","Yes","0 days","0 days","Heterosexual (straight)","About the right weight","4 to 6 times","1 time per day","1 to 3 times","1 time per day",NA,NA,"0 days","2 hours per day","1 hour per day",NA,"No","6 hours",NA,NA,NA
"16 years old","Male","11th grade","No","White",1.7,63.5,"Never wore a helmet","Never","3 to 5 days","1 time","No","No","No","All 30 days","0 days","Heterosexual (straight)","About the right weight","1 to 3 times","1 to 3 times","Did not eat green salad","4 or more times per day","1 to 3 glasses","2 days","7 days","Less than 1 hour per day","1 hour per day","0 teams","Yes","7 hours","1 to 3 times","1 to 3 times","5 or more times"
"15 years old","Male","9th grade","No","Multiple - Non-Hispanic",1.93,127.92,"Never wore a helmet","Always","I did not drive the past 30 days","0 times","No","No","No","0 days","0 days","Heterosexual (straight)","Very overweight","Did not drink fruit juice","3 times per day",NA,"1 to 3 times","Did not drink milk","7 days","7 days","3 hours per day","1 hour per day","0 teams","Yes","7 hours","Did not drink sports drink","4 or more times per day","0 times"
"16 years old","Female","11th grade","No","White",1.65,65.77,"Always wore a helmet","Most of the time","0 days","0 times","Yes","Yes","No","0 days","1 or 2 days","Heterosexual (straight)","Slightly overweight","Did not drink fruit juice","1 time per day","4 to 6 times","Did not drink soda or pop","Did not drink milk","1 day","7 days","1 hour per day","No playing video/computer game","1 team","No","7 hours","Did not drink sports drink","4 or more times per day","0 times"
"14 years old","Male","9th grade","No","Black or African American",1.7,62.6,"Rarely wore a helmet","Always","I did not drive the past 30 days","4 or 5 times","No","No","No","0 days","3 to 5 days","Heterosexual (straight)","Slightly underweight","Did not drink fruit juice","1 to 3 times","Did not eat green salad","4 to 6 times","1 to 3 glasses","1 day","6 days","Less than 1 hour per day","2 hours per day","2 teams","Yes","6 hours","1 to 3 times","2 times per day","0 times"
"15 years old","Male","10th grade","Yes","Multiple - Hispanic / Latino",1.68,69.85,"Did not ride a bicycle","Sometimes","0 days",NA,"No","No","No","0 days","1 or 2 days","Heterosexual (straight)","About the right weight","4 to 6 times","1 to 3 times","1 to 3 times","1 to 3 times","4 to 6 glasses","4 days","4 days","5 or more hours per day","2 hours per day","1 team","No","6 hours",NA,"4 or more times per day","1 times"
"18 years old or older","Female","12th grade","No","White",1.52,55.34,"Never wore a helmet","Always","6 to 9 days","0 times","No","No","Yes","0 days","3 to 5 days","Heterosexual (straight)","Slightly overweight","1 to 3 times","4 to 6 times","1 to 3 times","4 or more times per day","1 to 3 glasses","2 days","1 day","5 or more hours per day","5 or more hours per day","0 teams","No","6 hours","Did not drink sports drink","4 to 6 times","1 times"
"14 years old","Male","9th grade","Yes","Multiple - Hispanic / Latino",1.68,70.31,"Never wore a helmet","Rarely","0 days","0 times","No","No","No","0 days","1 or 2 days","Heterosexual (straight)","About the right weight","Did not drink fruit juice","Did not eat fruit","Did not eat green salad","4 or more times per day","Did not drink milk","0 days","0 days","No TV on average school day",NA,"2 teams","Yes","4 or less hours","Did not drink sports drink","Did not drink water","0 times"
"17 years old","Male","12th grade","No","Black or African American",1.73,57.61,NA,NA,"0 days","0 times","No","No","No","0 days","0 days","Heterosexual (straight)","Slightly underweight","1 to 3 times","4 to 6 times","1 to 3 times","1 to 3 times","4 or more glasses per day","7 days","6 days",NA,"4 hours per day","3 or more teams",NA,"6 hours",NA,NA,NA
"17 years old","Female","12th grade","No","Black or African American",1.55,54.89,"Never wore a helmet","Always","0 days","0 times","Yes","No","Yes","0 days","0 days","Heterosexual (straight)","About the right weight","Did not drink fruit juice","1 to 3 times","1 to 3 times","4 to 6 times","1 to 3 glasses","2 days","7 days","3 hours per day","No playing video/computer game","0 teams","No","6 hours","Did not drink sports drink","1 time per day","0 times"
"15 years old","Male","9th grade","Yes","Multiple - Hispanic / Latino",1.65,85.73,"Never wore a helmet","Most of the time","I did not drive the past 30 days","0 times","Yes","Yes","No","0 days","0 days","Heterosexual (straight)","Slightly overweight","4 to 6 times","4 to 6 times","Did not eat green salad","1 to 3 times","1 glass per day","3 days","5 days","1 hour per day","2 hours per day","3 or more teams","No","6 hours","4 to 6 times","1 time per day","0 times"
"15 years old","Female","10th grade","No","Black or African American",1.6,81.65,"Did not ride a bicycle","Always","I did not drive the past 30 days","0 times","No","No","Yes","0 days","1 or 2 days","Heterosexual (straight)","Slightly overweight","Did not drink fruit juice","1 to 3 times","Did not eat green salad","1 to 3 times","1 to 3 glasses","7 days","0 days","No TV on average school day","Less than 1 hour per day","0 teams","No","7 hours","1 to 3 times","Did not drink water","0 times"
"16 years old","Male","10th grade","No","White",1.8,65.77,"Never wore a helmet","Rarely","0 days","0 times","No","No","No","0 days","0 days","Heterosexual (straight)","Slightly underweight","1 to 3 times","Did not eat fruit","Did not eat green salad","Did not drink soda or pop","Did not drink milk","0 days","0 days","No TV on average school day","No playing video/computer game","0 teams","Yes","9 hours",NA,NA,NA
"17 years old","Male","11th grade","Yes","Multiple - Hispanic / Latino",1.68,56.7,"Never wore a helmet","Always","3 to 5 days","1 time","No","No","No","0 days","0 days","Heterosexual (straight)","About the right weight","1 time per day","2 times per day","1 to 3 times","Did not drink soda or pop","4 to 6 glasses","7 days","7 days","2 hours per day","4 hours per day","2 teams","No","6 hours","1 time per day","3 times per day","3 times"
"16 years old","Female","10th grade","No","White",1.5,74.84,"Sometimes wore a helmet","Always","0 days","0 times","No","No","No","0 days","0 days","Heterosexual (straight)","Slightly overweight","1 to 3 times","1 to 3 times","1 to 3 times","4 or more times per day","Did not drink milk","5 days","1 day","Less than 1 hour per day","5 or more hours per day","0 teams","No","8 hours","Did not drink sports drink","4 or more times per day","0 times"
"16 years old","Male","10th grade","No","White",1.75,63.5,"Did not ride a bicycle","Most of the time","1 or 2 days","0 times","No","No","No","0 days","3 to 5 days","Heterosexual (straight)","Slightly underweight","Did not drink fruit juice","4 to 6 times","Did not eat green salad","1 to 3 times","1 to 3 glasses","7 days","5 days","2 hours per day","2 hours per day","1 team","No","7 hours","1 to 3 times","3 times per day","0 times"
"14 years old","Female","9th grade","No","Black or African American",1.57,72.58,"Did not ride a bicycle","Always","I did not drive the past 30 days","4 or 5 times","No","No","Yes","0 days","0 days","Heterosexual (straight)","Slightly overweight","1 to 3 times","1 to 3 times","Did not eat green salad","4 to 6 times","1 to 3 glasses","3 days","1 day","5 or more hours per day","No playing video/computer game","0 teams","No","6 hours","1 to 3 times","Did not drink water","0 times"
"16 years old","Female","11th grade","Yes","Hispanic/Latino",1.6,51.71,"Did not ride a bicycle","Always","0 days","0 times","No","No","No","0 days","0 days","Heterosexual (straight)","Slightly underweight","4 to 6 times","1 to 3 times","Did not eat green salad","1 to 3 times","4 to 6 glasses","7 days","3 days","3 hours per day","5 or more hours per day","1 team","Yes","7 hours","1 to 3 times","1 time per day","1 times"
"15 years old","Female","10th grade","No","Black or African American",1.6,70.31,"Never wore a helmet","Always","I did not drive the past 30 days","0 times","No","No","No","0 days","0 days","Gay or lesbian","About the right weight","4 to 6 times","4 or more times per day","4 to 6 times","4 or more times per day","Did not drink milk","5 days","5 days","4 hours per day","3 hours per day","2 teams","No","7 hours","4 or more times per day","4 to 6 times","0 times"
"15 years old","Male","9th grade","No","White",1.68,69.85,"Never wore a helmet","Always","I did not drive the past 30 days","0 times","No","No","No","0 days","0 days","Heterosexual (straight)","About the right weight","4 to 6 times","1 to 3 times","4 to 6 times","2 times per day","2 glasses per day","7 days","7 days","4 hours per day","2 hours per day","0 teams","No","7 hours","4 to 6 times","2 times per day","0 times"
"16 years old","Male","11th grade","No","White",1.75,63.5,"Never wore a helmet","Sometimes","20 to 29 days","0 times","No","No","No","0 days","1 or 2 days","Heterosexual (straight)","About the right weight","Did not drink fruit juice","Did not eat fruit","Did not eat green salad","1 time per day","4 to 6 glasses","4 days","2 days","1 hour per day","Less than 1 hour per day","0 teams","No","7 hours","1 to 3 times","4 to 6 times","5 or more times"
"17 years old","Female","10th grade","Yes","Hispanic/Latino",1.47,44.45,"Did not ride a bicycle","Sometimes","I did not drive the past 30 days","0 times","No","No","No","0 days","0 days","Heterosexual (straight)","About the right weight","1 to 3 times","1 to 3 times","Did not eat green salad","Did not drink soda or pop","1 to 3 glasses","3 days","0 days","Less than 1 hour per day","1 hour per day","0 teams","No","7 hours","Did not drink sports drink","1 to 3 times","0 times"
"16 years old","Female","9th grade","No","White",1.75,47.63,"Never wore a helmet","Always","1 or 2 days","1 time","No","No","No","0 days","0 days","Heterosexual (straight)","About the right weight","1 to 3 times","1 time per day","4 to 6 times","1 to 3 times","1 to 3 glasses","3 days","2 days","4 hours per day","2 hours per day","0 teams","No","9 hours","1 to 3 times","4 or more times per day","4 times"
"17 years old","Male","11th grade","No","White",1.88,90.72,"Never wore a helmet","Always",NA,"0 times","No","No","Yes",NA,"3 to 5 days","bisexual","About the right weight","4 or more times per day",NA,"1 time per day","1 time per day","2 glasses per day","5 days","3 days","5 or more hours per day","No playing video/computer game","3 or more teams","No","8 hours","Did not drink sports drink","4 or more times per day","0 times"
"15 years old","Male","9th grade","No","White",1.7,63.5,"Rarely wore a helmet","Always","0 days","0 times","No","No","Yes","0 days","0 days","Heterosexual (straight)","About the right weight","Did not drink fruit juice","4 to 6 times","1 to 3 times","1 time per day","4 to 6 glasses","7 days","7 days","1 hour per day","1 hour per day","3 or more teams","Yes","8 hours","1 time per day","4 to 6 times","4 times"
"18 years old or older","Female","11th grade","No","Multiple - Non-Hispanic",1.6,51.26,"Never wore a helmet","Always","0 days","0 times","No","No","No","0 days","0 days","Heterosexual (straight)","About the right weight","1 to 3 times","1 to 3 times","1 to 3 times","4 to 6 times","1 to 3 glasses","3 days","5 days","5 or more hours per day","3 hours per day","0 teams","No","6 hours","4 to 6 times","4 to 6 times","0 times"
"17 years old","Female","12th grade","No","White",1.57,51.26,NA,NA,"3 to 5 days","0 times","Yes","Yes","No","0 days","0 days","Heterosexual (straight)","About the right weight","2 times per day","Did not eat fruit","Did not eat green salad","Did not drink soda or pop","1 to 3 glasses","0 days","3 days",NA,"No playing video/computer game","3 or more teams",NA,"6 hours",NA,NA,NA
"15 years old","Female","9th grade","Yes","Multiple - Hispanic / Latino",NA,NA,"Never wore a helmet","Always","0 days","0 times","No","No","No","0 days","0 days","Heterosexual (straight)","About the right weight","1 to 3 times","1 time per day","1 to 3 times","Did not drink soda or pop","Did not drink milk","4 days","4 days","No TV on average school day","No playing video/computer game","0 teams","Yes","8 hours","4 to 6 times","1 time per day","5 or more times"
"16 years old","Female","11th grade","Yes","Multiple - Hispanic / Latino",1.57,56.7,"Never wore a helmet","Most of the time","I did not drive the past 30 days","0 times","Yes","No","Yes","0 days","0 days","Heterosexual (straight)","About the right weight","Did not drink fruit juice","1 to 3 times","1 to 3 times","4 to 6 times","1 glass per day","3 days","6 days","Less than 1 hour per day","5 or more hours per day","0 teams","No","8 hours",NA,NA,NA
"18 years old or older","Female","12th grade","No","White",1.65,54.43,"Always wore a helmet","Always","10 to 19 days","0 times","No","No","No","0 days","1 or 2 days","Heterosexual (straight)","About the right weight","Did not drink fruit juice","2 times per day","1 to 3 times","Did not drink soda or pop","1 to 3 glasses","3 days","3 days","Less than 1 hour per day","3 hours per day","1 team","No","6 hours","Did not drink sports drink","3 times per day","4 times"
"15 years old","Male","9th grade","No","White",1.73,56.7,"Never wore a helmet","Always","I did not drive the past 30 days","1 time","No","Yes","Yes","1 or 2 days","1 or 2 days","Heterosexual (straight)","Slightly underweight","1 to 3 times","1 to 3 times","Did not eat green salad","1 time per day","1 to 3 glasses","7 days","1 day","No TV on average school day","Less than 1 hour per day","0 teams","No","10 or more hours","Did not drink sports drink","4 to 6 times","2 times"
"17 years old","Male","12th grade","No","White",1.83,84.82,NA,NA,"All 30 days",NA,"No","No","Yes","1 or 2 days","6 to 9 days","Heterosexual (straight)","Slightly overweight","Did not drink fruit juice","4 or more times per day","2 times per day","1 to 3 times",NA,NA,"5 days","1 hour per day","1 hour per day",NA,"No","6 hours",NA,NA,NA
"18 years old or older","Female","12th grade","No","White",1.65,62.14,"Rarely wore a helmet","Always","20 to 29 days","0 times","Yes","Yes","No","0 days","0 days","Heterosexual (straight)","Slightly overweight","1 to 3 times","2 times per day","1 to 3 times","Did not drink soda or pop","2 glasses per day","4 days","4 days","Less than 1 hour per day","1 hour per day","1 team","No","7 hours","Did not drink sports drink","1 time per day","3 times"
"16 years old",NA,"12th grade","Yes","Multiple - Hispanic / Latino",NA,NA,NA,NA,NA,"0 times","No",NA,"No",NA,NA,"bisexual","Slightly underweight","4 to 6 times","4 to 6 times","Did not eat green salad","1 to 3 times","1 to 3 glasses","0 days","0 days","No TV on average school day","2 hours per day","1 team","Not sure","5 hours",NA,NA,NA
"15 years old","Male","9th grade","Yes","Hispanic/Latino",1.73,62.6,"Sometimes wore a helmet","Always","I did not drive the past 30 days","0 times","No","No","No","0 days","0 days","Heterosexual (straight)","About the right weight","4 to 6 times","4 to 6 times","1 to 3 times","4 to 6 times","1 to 3 glasses","7 days","6 days","Less than 1 hour per day","Less than 1 hour per day","1 team","No","7 hours","1 to 3 times","1 to 3 times","1 times"
"15 years old","Male","9th grade","Yes","Hispanic/Latino",1.7,88.45,"Never wore a helmet","Always","I did not drive the past 30 days","0 times","No","No","No","0 days","0 days","Heterosexual (straight)","Slightly overweight","1 to 3 times","1 time per day","1 to 3 times","1 to 3 times","4 to 6 glasses","3 days","2 days","1 hour per day","2 hours per day","1 team","Yes","8 hours","1 to 3 times","1 time per day","1 times"
"18 years old or older","Male","12th grade","Yes","Multiple - Hispanic / Latino",1.78,75.75,"Never wore a helmet","Always","0 days","0 times","No","No","Yes",NA,"20 to 29 days","Heterosexual (straight)","About the right weight","2 times per day","1 time per day","1 to 3 times","4 or more times per day","Did not drink milk","2 days","0 days","5 or more hours per day","4 hours per day","0 teams","Yes","7 hours","4 to 6 times","2 times per day","0 times"
"17 years old","Male","11th grade","No","White",1.83,69.85,"Never wore a helmet","Always","All 30 days","0 times","No","No","No","0 days","6 to 9 days","Heterosexual (straight)","Very underweight","Did not drink fruit juice","Did not eat fruit","Did not eat green salad","Did not drink soda or pop","Did not drink milk","0 days","0 days","No TV on average school day","No playing video/computer game","0 teams",NA,"4 or less hours","Did not drink sports drink","Did not drink water","0 times"
"18 years old or older","Female","12th grade","No","Black or African American",1.65,57.61,"Did not ride a bicycle","Most of the time","0 days","0 times","No","No","No","0 days","0 days","Heterosexual (straight)","About the right weight","Did not drink fruit juice","Did not eat fruit","Did not eat green salad","Did not drink soda or pop","Did not drink milk","5 days","2 days","No TV on average school day","No playing video/computer game","0 teams","No","7 hours","Did not drink sports drink","4 or more times per day","0 times"
"17 years old","Male","11th grade","Yes","Hispanic/Latino",1.85,70.31,"Never wore a helmet","Always","20 to 29 days","0 times","No","No","Yes","0 days","0 days","Heterosexual (straight)","About the right weight","1 to 3 times","4 to 6 times","Did not eat green salad","Did not drink soda or pop","2 glasses per day","1 day","7 days","3 hours per day","1 hour per day","0 teams","No","5 hours","Did not drink sports drink","4 or more times per day","0 times"
"17 years old","Male","11th grade","Yes","Multiple - Hispanic / Latino",1.73,95.26,"Never wore a helmet","Always","I did not drive the past 30 days","0 times","No","No","Yes","1 or 2 days","1 or 2 days","Heterosexual (straight)","Slightly overweight","2 times per day","4 to 6 times","Did not eat green salad","4 to 6 times","3 glasses per day","2 days","4 days","5 or more hours per day","2 hours per day","0 teams","No","4 or less hours","Did not drink sports drink","1 time per day","0 times"
"18 years old or older",NA,"12th grade","No","White",NA,NA,"Most of the time wore a helmet","Always","1 or 2 days","1 time","No","No","Yes","0 days","0 days","bisexual","About the right weight","1 to 3 times","1 to 3 times","Did not eat green salad","1 to 3 times","1 to 3 glasses","4 days","2 days","3 hours per day","5 or more hours per day","0 teams","No","6 hours","Did not drink sports drink","3 times per day","4 times"
"16 years old","Female","10th grade","No","Am Indian / Alaska Native",NA,NA,"Did not ride a bicycle","Rarely","I did not drive the past 30 days","0 times","No","No","Yes","0 days","1 or 2 days","Heterosexual (straight)","About the right weight","3 times per day","1 to 3 times","2 times per day","4 to 6 times","1 to 3 glasses","4 days","2 days","5 or more hours per day","1 hour per day","0 teams",NA,"7 hours",NA,NA,NA
"16 years old","Male","10th grade","Yes","Multiple - Hispanic / Latino",1.52,45.36,"Did not ride a bicycle","Always","I did not drive the past 30 days","1 time","No","No","Yes","0 days","0 days","Not sure","About the right weight","Did not drink fruit juice","4 to 6 times","Did not eat green salad","Did not drink soda or pop","4 or more glasses per day","6 days","7 days","No TV on average school day","Less than 1 hour per day","0 teams","No","4 or less hours","Did not drink sports drink","4 to 6 times","0 times"
"14 years old","Female","9th grade","No","White",1.68,63.5,"Never wore a helmet","Always","I did not drive the past 30 days","0 times","No","Yes","No","0 days","0 days","Heterosexual (straight)","Slightly overweight","1 to 3 times","1 to 3 times","Did not eat green salad","Did not drink soda or pop","4 to 6 glasses","0 days","2 days","Less than 1 hour per day","3 hours per day","0 teams","No","6 hours","Did not drink sports drink","3 times per day","1 times"
"17 years old","Female","12th grade","No","White",1.7,52.16,NA,NA,"1 or 2 days",NA,"No","No","No","1 or 2 days","0 days","bisexual","Slightly underweight","4 to 6 times","4 to 6 times","1 to 3 times","1 to 3 times",NA,NA,"2 days","2 hours per day","3 hours per day",NA,"No","6 hours",NA,NA,NA
"16 years old","Female","11th grade","Yes","Multiple - Hispanic / Latino",1.5,51.26,"Never wore a helmet","Always","I did not drive the past 30 days","0 times","No","No","No","0 days","0 days","Heterosexual (straight)","About the right weight","1 to 3 times","1 time per day","1 to 3 times","4 to 6 times","1 to 3 glasses","7 days","3 days",NA,"No playing video/computer game","0 teams","No","8 hours","Did not drink sports drink","2 times per day","0 times"
"18 years old or older","Female","12th grade","Yes","Multiple - Hispanic / Latino",NA,NA,"Always wore a helmet","Always","I did not drive the past 30 days","0 times","No","No","No","0 days","0 days","Heterosexual (straight)","Very underweight","Did not drink fruit juice","Did not eat fruit","Did not eat green salad","Did not drink soda or pop","4 or more glasses per day","6 days","0 days","4 hours per day","4 hours per day","0 teams","Not sure","4 or less hours","Did not drink sports drink","4 or more times per day","0 times"
"15 years old","Female","9th grade","No","Black or African American",NA,NA,"Never wore a helmet","Always","0 days","2 or 3 times","No","No","Yes","0 days","0 days","bisexual","About the right weight","Did not drink fruit juice","1 to 3 times","Did not eat green salad","1 time per day","Did not drink milk","0 days","0 days","3 hours per day","4 hours per day","1 team","Not sure","8 hours","1 to 3 times","2 times per day","0 times"
"14 years old","Female","9th grade","No","Asian",1.57,48.54,NA,NA,"I did not drive the past 30 days",NA,"No","No","No","0 days","0 days","Not sure","About the right weight","1 to 3 times","2 times per day","Did not eat green salad","Did not drink soda or pop",NA,NA,"0 days","Less than 1 hour per day","2 hours per day",NA,"No","8 hours",NA,NA,NA
"15 years old","Female","10th grade","No","White",1.73,70.31,"Did not ride a bicycle","Sometimes","I did not drive the past 30 days","0 times","Yes","Yes","Yes","0 days","0 days","Heterosexual (straight)","About the right weight","1 time per day","2 times per day","1 to 3 times","Did not drink soda or pop","Did not drink milk","0 days","1 day","Less than 1 hour per day","5 or more hours per day","0 teams","No","6 hours","Did not drink sports drink","1 time per day","2 times"
"16 years old","Male","10th grade","No","White",1.75,62.14,"Did not ride a bicycle","Always","0 days","0 times","No","No","No","0 days","0 days","Heterosexual (straight)","About the right weight","Did not drink fruit juice","Did not eat fruit","1 to 3 times","1 to 3 times","4 to 6 glasses","4 days","7 days","1 hour per day","1 hour per day","2 teams","No","6 hours","1 to 3 times","2 times per day","5 or more times"
"17 years old","Male","11th grade","No","White",1.7,54.43,"Never wore a helmet","Always","I did not drive the past 30 days","1 time","Yes","No","No","0 days","1 or 2 days","Heterosexual (straight)","Slightly underweight","Did not drink fruit juice","4 to 6 times","1 to 3 times","1 time per day","1 to 3 glasses","3 days","3 days","3 hours per day","1 hour per day","0 teams","No","8 hours","1 to 3 times","4 or more times per day","2 times"
"16 years old","Female","11th grade","Yes","Hispanic/Latino",1.65,83.92,"Did not ride a bicycle","Always","I did not drive the past 30 days","0 times","No","No","Yes","0 days","0 days","Heterosexual (straight)","Slightly overweight","1 to 3 times","2 times per day","1 to 3 times","1 to 3 times","4 to 6 glasses","3 days","3 days","No TV on average school day","3 hours per day","0 teams","No","8 hours","1 to 3 times","4 to 6 times","1 times"
"16 years old","Male","11th grade","No","White",1.8,81.65,NA,NA,"0 days",NA,"No","No","No","0 days","1 or 2 days","Heterosexual (straight)","Slightly overweight","1 to 3 times","1 to 3 times","1 to 3 times","1 to 3 times",NA,NA,"3 days","1 hour per day","2 hours per day",NA,"No","6 hours",NA,NA,NA
"15 years old","Male","9th grade","No","White",1.85,87.09,"Most of the time wore a helmet","Most of the time","I did not drive the past 30 days","0 times","Yes","Yes","No","0 days","3 to 5 days","Not sure","About the right weight","1 to 3 times","1 to 3 times","1 to 3 times","Did not drink soda or pop","1 to 3 glasses","6 days","5 days","2 hours per day","2 hours per day","2 teams","No","7 hours","Did not drink sports drink","4 or more times per day","4 times"
"17 years old","Female","12th grade","No","White",1.55,49.44,"Did not ride a bicycle","Always","0 days","0 times",NA,NA,NA,NA,NA,"Heterosexual (straight)","About the right weight","Did not drink fruit juice","1 to 3 times","1 to 3 times","Did not drink soda or pop","Did not drink milk","0 days","0 days","1 hour per day","1 hour per day","0 teams","No","7 hours","Did not drink sports drink","2 times per day","0 times"
"15 years old","Female","9th grade","No","White",1.52,52.16,"Most of the time wore a helmet","Always","I did not drive the past 30 days","1 time","No","No","No","0 days","0 days","Heterosexual (straight)","Slightly overweight","4 to 6 times","4 to 6 times","1 time per day","Did not drink soda or pop","1 to 3 glasses","7 days","5 days","2 hours per day","3 hours per day","2 teams","No","6 hours","Did not drink sports drink","3 times per day","2 times"
"17 years old","Female","11th grade","Yes","Multiple - Hispanic / Latino",1.6,55.79,"Never wore a helmet","Always","0 days","0 times","No","No","No","0 days","0 days","Heterosexual (straight)","About the right weight","4 to 6 times","4 to 6 times","1 to 3 times","1 to 3 times","1 to 3 glasses","4 days","4 days","1 hour per day","Less than 1 hour per day","2 teams","No","7 hours","4 to 6 times","4 to 6 times","0 times"
"17 years old","Male","10th grade","Yes","Hispanic/Latino",1.96,68.04,"Never wore a helmet","Most of the time","0 days","0 times","No","No","Yes","0 days","All 30 days",NA,"About the right weight","4 to 6 times","1 to 3 times","Did not eat green salad","4 or more times per day","Did not drink milk","7 days","7 days","2 hours per day","5 or more hours per day","0 teams","Yes","7 hours","4 or more times per day","1 time per day","0 times"
"16 years old","Male","11th grade","No","Black or African American",1.78,74.84,NA,"Always","I did not drive the past 30 days",NA,"No","No","No","0 days","0 days","Heterosexual (straight)","About the right weight","1 time per day","4 or more times per day","1 to 3 times","Did not drink soda or pop",NA,"6 days","7 days","4 hours per day","5 or more hours per day",NA,NA,NA,NA,NA,NA
"16 years old","Female","11th grade","No","White",1.52,48.54,"Never wore a helmet","Always","0 days","0 times","No","No","No","0 days","0 days","Heterosexual (straight)","About the right weight","1 time per day","1 time per day","1 to 3 times","Did not drink soda or pop","Did not drink milk","7 days","4 days","No TV on average school day","2 hours per day","2 teams","No","6 hours","4 to 6 times","3 times per day","1 times"
"17 years old","Female","12th grade","No","Native Hawaiian/other PI",1.75,86.18,"Never wore a helmet","Most of the time","0 days","0 times","No","No","No","0 days","0 days","Heterosexual (straight)","Slightly overweight","Did not drink fruit juice","2 times per day","1 to 3 times","Did not drink soda or pop","Did not drink milk","6 days","1 day","3 hours per day","5 or more hours per day","0 teams",NA,"6 hours",NA,NA,NA
"17 years old","Female","11th grade","No","Multiple - Non-Hispanic",1.6,72.58,"Did not ride a bicycle","Always","0 days","1 time","No","No","No","0 days","0 days","bisexual","Slightly overweight","4 or more times per day","2 times per day","1 time per day","Did not drink soda or pop","1 glass per day","3 days","7 days","3 hours per day","No playing video/computer game","0 teams","Yes","6 hours","1 time per day","2 times per day","1 times"
"17 years old","Female","11th grade","Yes","Hispanic/Latino",NA,NA,"Did not ride a bicycle","Always","I did not drive the past 30 days","0 times","No","No","No","0 days","0 days","bisexual","Slightly overweight","1 to 3 times","Did not eat fruit","Did not eat green salad","Did not drink soda or pop","1 to 3 glasses","0 days","1 day","1 hour per day","5 or more hours per day","1 team","No","7 hours",NA,NA,NA
"18 years old or older","Male","12th grade","Yes","Multiple - Hispanic / Latino",1.75,88.45,"Did not ride a bicycle","Always","0 days","0 times","No","No","No","0 days","0 days","Heterosexual (straight)","About the right weight","3 times per day","2 times per day","4 to 6 times","Did not drink soda or pop","4 to 6 glasses","3 days","5 days","1 hour per day","3 hours per day","0 teams","No","5 hours",NA,NA,NA
"16 years old","Male","10th grade","No","White",1.78,74.84,"Never wore a helmet","Most of the time","0 days","10 or 11 times","No","No","No","0 days","All 30 days","Heterosexual (straight)","Slightly overweight","1 to 3 times","1 to 3 times","1 to 3 times","1 to 3 times","4 to 6 glasses","3 days","5 days","No TV on average school day","3 hours per day","1 team","No","6 hours","Did not drink sports drink","4 to 6 times","2 times"
"16 years old","Female","10th grade","No","White",1.7,53.98,"Never wore a helmet","Always","I did not drive the past 30 days","0 times","No","No","Yes","0 days","0 days","Heterosexual (straight)","About the right weight","1 to 3 times","4 to 6 times","4 to 6 times","Did not drink soda or pop","1 to 3 glasses","0 days","3 days","2 hours per day","1 hour per day","0 teams","No","6 hours","1 to 3 times","2 times per day","0 times"
"15 years old","Male","10th grade","Yes","Hispanic/Latino",1.75,105.24,"Rarely wore a helmet","Always","I did not drive the past 30 days","0 times","No","No","Yes","0 days","0 days","Heterosexual (straight)","Slightly overweight","1 to 3 times","1 to 3 times","Did not eat green salad","Did not drink soda or pop","4 to 6 glasses","4 days","4 days","Less than 1 hour per day","4 hours per day","1 team","Yes","6 hours","Did not drink sports drink","4 or more times per day","2 times"
"18 years old or older","Male","12th grade","No","White",1.83,99.79,"Never wore a helmet","Always","0 days","0 times","No","No","No","0 days","0 days","Heterosexual (straight)","Slightly overweight","1 to 3 times","2 times per day","1 to 3 times","1 to 3 times","3 glasses per day","2 days","7 days","3 hours per day","1 hour per day","3 or more teams","No","8 hours","Did not drink sports drink","4 to 6 times","0 times"
"14 years old","Female","9th grade","Yes","Hispanic/Latino",1.63,50.8,"Never wore a helmet","Most of the time","I did not drive the past 30 days","0 times","No","No","No","0 days","0 days","Heterosexual (straight)","About the right weight","Did not drink fruit juice","Did not eat fruit","Did not eat green salad","Did not drink soda or pop","Did not drink milk","5 days","5 days","3 hours per day","3 hours per day","1 team","Yes","8 hours","Did not drink sports drink","3 times per day","0 times"
"17 years old","Female","12th grade","Yes","Multiple - Hispanic / Latino",1.68,56.7,"Never wore a helmet","Always","20 to 29 days","0 times","No","Yes","No","0 days","0 days","Heterosexual (straight)","Slightly overweight","Did not drink fruit juice","1 time per day","1 time per day","Did not drink soda or pop","1 glass per day","7 days","7 days","No TV on average school day","1 hour per day","3 or more teams","No","6 hours","4 to 6 times","3 times per day","2 times"
"14 years old","Male","9th grade","Yes","Hispanic/Latino",1.6,48.08,"Never wore a helmet","Always","I did not drive the past 30 days","0 times","No","No","No","0 days","0 days","Heterosexual (straight)","About the right weight","4 to 6 times","4 to 6 times","Did not eat green salad","1 to 3 times","1 to 3 glasses","7 days","7 days","Less than 1 hour per day","1 hour per day","1 team","No","10 or more hours",NA,NA,NA
"16 years old","Female","10th grade","No","Black or African American",1.7,72.58,"Did not ride a bicycle","Most of the time","0 days","0 times","No","No","Yes","0 days","0 days","Heterosexual (straight)","Slightly overweight","1 to 3 times","1 to 3 times","1 to 3 times","4 to 6 times","1 to 3 glasses","2 days","5 days","2 hours per day","5 or more hours per day","3 or more teams","Yes","6 hours","1 to 3 times","1 time per day","0 times"
"15 years old","Male","9th grade","No","White",1.78,95.26,"Never wore a helmet","Sometimes",NA,"0 times","No","No","No","3 to 5 days","6 to 9 days","Heterosexual (straight)","Slightly overweight","1 to 3 times","4 to 6 times","4 to 6 times","1 to 3 times","4 or more glasses per day","3 days","4 days","2 hours per day","1 hour per day","0 teams","Yes","8 hours",NA,"4 or more times per day","1 times"
"18 years old or older","Female","12th grade","No","Black or African American",NA,NA,"Never wore a helmet","Always","I did not drive the past 30 days","0 times","No","No","Yes","0 days","0 days","Heterosexual (straight)","About the right weight","2 times per day","2 times per day","1 to 3 times","1 to 3 times","1 to 3 glasses","2 days","2 days","No TV on average school day","No playing video/computer game","0 teams","No","7 hours","Did not drink sports drink","4 or more times per day","0 times"
"15 years old","Female","9th grade","No","White",1.73,62.6,"Most of the time wore a helmet","Always","I did not drive the past 30 days","0 times","No","No","Yes","0 days","0 days","Not sure","About the right weight","4 to 6 times","4 to 6 times","Did not eat green salad","Did not drink soda or pop","Did not drink milk","7 days","6 days","1 hour per day","1 hour per day","2 teams","Yes","7 hours","Did not drink sports drink","4 or more times per day","0 times"
"14 years old","Male","9th grade",NA,NA,NA,NA,"Never wore a helmet","Always","0 days","0 times",NA,NA,NA,"0 days","0 days",NA,NA,NA,NA,NA,NA,NA,NA,NA,NA,NA,NA,NA,NA,NA,NA,NA
"16 years old","Male","10th grade","No","White",1.78,63.5,"Rarely wore a helmet","Most of the time","I did not drive the past 30 days","1 time","Yes","No","No","0 days","1 or 2 days","Heterosexual (straight)","About the right weight","4 or more times per day","3 times per day","2 times per day","1 to 3 times","1 glass per day","1 day","4 days","3 hours per day","3 hours per day","0 teams","No","7 hours","1 time per day","2 times per day","0 times"
"17 years old","Female","12th grade","No","Multiple - Non-Hispanic",1.68,80.74,"Never wore a helmet","Always","I did not drive the past 30 days","2 or 3 times","Yes","Yes","Yes","0 days","0 days","bisexual","Slightly overweight","4 or more times per day","4 or more times per day","1 to 3 times","4 to 6 times","Did not drink milk","2 days","2 days","No TV on average school day","3 hours per day","0 teams","No","4 or less hours","Did not drink sports drink","4 or more times per day","2 times"
"18 years old or older","Female","12th grade","Yes","Hispanic/Latino",1.65,44.45,"Did not ride a bicycle","Sometimes",NA,"0 times","No","No","Yes","0 days","0 days","Heterosexual (straight)","Slightly underweight","4 to 6 times","1 time per day","1 time per day","1 time per day","Did not drink milk","7 days","1 day","3 hours per day","1 hour per day","1 team","No","9 hours","4 to 6 times","2 times per day","1 times"
"17 years old","Male","11th grade","Yes","Multiple - Hispanic / Latino",1.75,104.33,"Never wore a helmet","Always","I did not drive the past 30 days","0 times","No","No","No","0 days","0 days","Heterosexual (straight)","Very overweight","Did not drink fruit juice","4 to 6 times","1 to 3 times","4 to 6 times","1 glass per day","7 days","5 days","No TV on average school day","3 hours per day","2 teams","No","8 hours",NA,NA,NA
"15 years old","Male","10th grade","No","White",1.68,58.97,NA,NA,"I did not drive the past 30 days",NA,"No","No","No","0 days","0 days","Heterosexual (straight)","About the right weight","4 to 6 times","1 to 3 times","Did not eat green salad","1 to 3 times",NA,NA,"6 days","2 hours per day","1 hour per day",NA,"No","8 hours",NA,NA,NA
"15 years old","Female","9th grade","No","White",1.57,46.72,"Never wore a helmet","Always","0 days","0 times","No","Yes","Yes","0 days","0 days","Heterosexual (straight)","Slightly underweight","1 to 3 times","1 to 3 times","Did not eat green salad","Did not drink soda or pop","4 to 6 glasses","2 days","4 days","2 hours per day","1 hour per day","3 or more teams","Yes","7 hours","1 to 3 times","4 or more times per day","0 times"
"14 years old","Male","9th grade","No","White",1.83,54.43,NA,"Sometimes","1 or 2 days","0 times","No","No","No","0 days","0 days","Heterosexual (straight)","About the right weight","1 time per day","1 time per day","Did not eat green salad","1 to 3 times","4 or more glasses per day","7 days","7 days","Less than 1 hour per day","No playing video/computer game","0 teams","No","8 hours","1 to 3 times","4 or more times per day","5 or more times"
"15 years old","Female","10th grade","No","White",1.68,63.05,"Never wore a helmet","Always","I did not drive the past 30 days","0 times","No","No","No","0 days","0 days","Heterosexual (straight)","About the right weight","1 to 3 times","2 times per day","4 to 6 times","1 to 3 times","1 to 3 glasses","3 days","3 days","Less than 1 hour per day","No playing video/computer game","0 teams","No","7 hours","Did not drink sports drink","3 times per day","3 times"
"16 years old","Male","11th grade","No","Black or African American",1.7,100.7,"Never wore a helmet","Always","I did not drive the past 30 days","6 or 7 times","No","No","No","0 days","0 days","bisexual","Slightly overweight","3 times per day","1 time per day","1 time per day","1 time per day","2 glasses per day","2 days","3 days","2 hours per day","1 hour per day","1 team","No","7 hours",NA,NA,NA
"16 years old","Female","11th grade","No","White",1.63,68.04,"Did not ride a bicycle","Sometimes","I did not drive the past 30 days","0 times","Yes","No","Yes","0 days","0 days","Not sure","Very overweight","1 to 3 times","1 to 3 times","Did not eat green salad","4 to 6 times","1 to 3 glasses","0 days","4 days","Less than 1 hour per day","4 hours per day","0 teams","No","7 hours","Did not drink sports drink","1 time per day","2 times"
"16 years old","Female","10th grade","No","White",1.8,79.38,"Never wore a helmet","Most of the time","10 to 19 days","0 times","No","No","No","0 days","3 to 5 days","Heterosexual (straight)","Slightly overweight","1 to 3 times","2 times per day","4 to 6 times","1 to 3 times","1 to 3 glasses","2 days","6 days","Less than 1 hour per day","4 hours per day","3 or more teams","No","4 or less hours","1 to 3 times","4 or more times per day","3 times"
"17 years old","Female","11th grade","Yes","Multiple - Hispanic / Latino",1.55,47.17,"Did not ride a bicycle","Always","I did not drive the past 30 days","0 times","Yes","Yes","Yes","0 days","0 days","Heterosexual (straight)","About the right weight","1 to 3 times","4 or more times per day","4 or more times per day","1 to 3 times","1 glass per day","7 days","7 days","2 hours per day","No playing video/computer game","0 teams","No","7 hours","1 to 3 times","4 or more times per day","1 times"
"17 years old","Male","11th grade","No","Multiple - Non-Hispanic",1.88,71.67,"Never wore a helmet","Most of the time","0 days","0 times","No","No","No","0 days","0 days","Heterosexual (straight)","Slightly underweight","1 to 3 times","1 to 3 times","Did not eat green salad","Did not drink soda or pop","1 to 3 glasses","2 days","7 days","2 hours per day","1 hour per day","1 team","No","6 hours","4 to 6 times","1 to 3 times","0 times"
"15 years old","Female","10th grade","No","White",1.6,46.72,"Never wore a helmet","Always","0 days","0 times","No","No","No","0 days","0 days","Heterosexual (straight)","Slightly underweight","1 to 3 times","1 to 3 times","1 to 3 times","1 to 3 times","1 to 3 glasses","7 days","2 days","No TV on average school day","No playing video/computer game","0 teams","No","8 hours","Did not drink sports drink","2 times per day","0 times"
"16 years old","Male","11th grade","Yes","Hispanic/Latino",1.68,54.43,NA,"Sometimes","I did not drive the past 30 days",NA,"No","No","No","0 days","0 days","Heterosexual (straight)","About the right weight","4 to 6 times","Did not eat fruit","Did not eat green salad","1 to 3 times",NA,"2 days","0 days","2 hours per day","2 hours per day",NA,NA,NA,NA,NA,NA
"14 years old","Female","9th grade","No","White",1.68,56.7,"Never wore a helmet","Sometimes","0 days","2 or 3 times","No","Yes","Yes","6 to 9 days","3 to 5 days","Heterosexual (straight)","About the right weight","1 to 3 times","4 to 6 times","4 to 6 times","2 times per day","4 to 6 glasses","4 days","4 days","Less than 1 hour per day","3 hours per day","1 team","No","8 hours","1 to 3 times","1 time per day","0 times"
"15 years old","Male","9th grade","No","White",1.65,62.6,NA,NA,"I did not drive the past 30 days","0 times","No","No","No","0 days","0 days","Not sure","About the right weight","1 to 3 times","1 to 3 times","Did not eat green salad","4 to 6 times","4 to 6 glasses","0 days","7 days",NA,"4 hours per day","1 team",NA,"7 hours",NA,NA,NA
"15 years old","Female","9th grade","Yes","Multiple - Hispanic / Latino",1.57,49.9,"Did not ride a bicycle","Most of the time","I did not drive the past 30 days","0 times","No","No","Yes","0 days","0 days","Heterosexual (straight)","Slightly overweight","4 to 6 times","1 time per day","1 to 3 times","4 to 6 times","1 glass per day","1 day","2 days","2 hours per day","5 or more hours per day","1 team","No","7 hours",NA,NA,NA
"16 years old","Female","10th grade","No","White",1.73,58.06,"Never wore a helmet","Most of the time","0 days","0 times","Yes","Yes","Yes","1 or 2 days","0 days","Heterosexual (straight)","About the right weight","Did not drink fruit juice","Did not eat fruit","1 to 3 times","Did not drink soda or pop","Did not drink milk","1 day","0 days","No TV on average school day","2 hours per day","0 teams","Yes","7 hours","Did not drink sports drink","4 to 6 times","2 times"
"14 years old","Female","9th grade","No","White",1.63,86.18,"Never wore a helmet","Sometimes","I did not drive the past 30 days","6 or 7 times","Yes","Yes","Yes","0 days","1 or 2 days","Heterosexual (straight)","Very overweight","1 to 3 times","1 to 3 times","1 to 3 times","Did not drink soda or pop","1 to 3 glasses","0 days","3 days","2 hours per day","4 hours per day","0 teams","No","4 or less hours","Did not drink sports drink","1 to 3 times","2 times"
"17 years old","Female","11th grade","Yes","Hispanic/Latino",1.6,99.79,"Did not ride a bicycle","Most of the time","1 or 2 days","0 times","Yes","No","Yes","0 days","0 days","Heterosexual (straight)","Slightly overweight","1 to 3 times","1 to 3 times","4 to 6 times","1 to 3 times","4 to 6 glasses","5 days","1 day","2 hours per day","2 hours per day","0 teams","No","5 hours","1 to 3 times","4 to 6 times","1 times"
"14 years old","Male","9th grade","Yes","Hispanic/Latino",1.68,50.8,"Never wore a helmet","Always","1 or 2 days","0 times","No","No","Yes","0 days","0 days","Heterosexual (straight)","Slightly underweight","4 to 6 times","4 to 6 times","Did not eat green salad","4 to 6 times","4 to 6 glasses","3 days","4 days","3 hours per day","1 hour per day","2 teams","No","6 hours",NA,NA,NA
"16 years old","Female","11th grade","Yes","Multiple - Hispanic / Latino",1.7,133.36,"Never wore a helmet","Never","0 days","2 or 3 times",NA,NA,NA,"1 or 2 days","3 to 5 days","Heterosexual (straight)","Very overweight","4 or more times per day","4 to 6 times","Did not eat green salad","3 times per day","Did not drink milk","0 days","0 days","2 hours per day","Less than 1 hour per day","1 team","No","4 or less hours","Did not drink sports drink","4 or more times per day","0 times"
"15 years old","Male","9th grade","No","Black or African American",1.73,75.75,"Did not ride a bicycle","Most of the time","I did not drive the past 30 days","0 times","No","No","No","0 days","0 days","Heterosexual (straight)","About the right weight","1 to 3 times","4 to 6 times","Did not eat green salad","1 to 3 times","Did not drink milk","3 days","7 days","2 hours per day","2 hours per day","2 teams","Yes","8 hours","4 to 6 times","4 or more times per day","0 times"
"14 years old","Female","9th grade","No","Asian",1.57,48.08,"Rarely wore a helmet","Always","I did not drive the past 30 days","0 times","Yes","No","No","0 days","0 days","Heterosexual (straight)","Slightly underweight","2 times per day","3 times per day","1 time per day","1 to 3 times","3 glasses per day","4 days","7 days","No TV on average school day","Less than 1 hour per day","0 teams","No","8 hours","Did not drink sports drink","4 to 6 times","0 times"
"15 years old","Female","9th grade","No","White",1.57,49.9,"Never wore a helmet","Always","0 days","0 times","Yes","Yes","Yes","0 days","0 days","Heterosexual (straight)","About the right weight","2 times per day","1 time per day","Did not eat green salad","1 time per day","1 to 3 glasses","2 days","2 days","1 hour per day","1 hour per day","0 teams","Yes","7 hours","1 time per day","2 times per day","3 times"
"15 years old","Male","9th grade","No","White",1.85,68.04,"Never wore a helmet","Always","0 days","0 times","Yes","No","Yes","0 days","1 or 2 days","Heterosexual (straight)","Slightly underweight","Did not drink fruit juice","1 to 3 times","Did not eat green salad","1 to 3 times","4 or more glasses per day","7 days","3 days","Less than 1 hour per day","2 hours per day","0 teams","No","8 hours",NA,NA,NA
"16 years old","Female","10th grade","No","Am Indian / Alaska Native",1.6,56.7,"Did not ride a bicycle","Always","I did not drive the past 30 days","0 times","No","No","No","0 days","0 days","Heterosexual (straight)","About the right weight","1 time per day","1 to 3 times","Did not eat green salad","2 times per day","4 to 6 glasses","0 days","1 day","5 or more hours per day","5 or more hours per day","0 teams","No","7 hours","Did not drink sports drink","4 or more times per day","2 times"
"15 years old","Female","9th grade","No","White",1.63,63.5,"Never wore a helmet","Always","0 days","0 times","No","No","No","0 days","0 days","Heterosexual (straight)","About the right weight","1 to 3 times","4 to 6 times","1 to 3 times","1 to 3 times","Did not drink milk","4 days","7 days","No TV on average school day","No playing video/computer game","3 or more teams","No","8 hours","Did not drink sports drink","4 or more times per day","4 times"
"16 years old","Female","10th grade","No","White",1.63,76.2,NA,"Always","I did not drive the past 30 days",NA,"No","No","No","0 days","0 days","Heterosexual (straight)","Slightly overweight","1 to 3 times","4 to 6 times","Did not eat green salad","Did not drink soda or pop",NA,"7 days","2 days","3 hours per day","3 hours per day",NA,NA,NA,NA,NA,NA
"18 years old or older","Male","12th grade","No","White",1.78,68.04,"Did not ride a bicycle","Always","3 to 5 days","0 times","No","No","No","0 days","0 days","Heterosexual (straight)","About the right weight","1 to 3 times","4 to 6 times","1 to 3 times","4 to 6 times","2 glasses per day","7 days","7 days","No TV on average school day","Less than 1 hour per day","3 or more teams","No","6 hours","2 times per day","1 to 3 times","1 times"
"15 years old","Female","10th grade","No","Multiple - Non-Hispanic",1.7,73.03,"Rarely wore a helmet","Most of the time","I did not drive the past 30 days","0 times","No","No","Yes","0 days","0 days","Gay or lesbian","About the right weight","1 to 3 times","1 time per day","1 to 3 times","1 to 3 times","1 to 3 glasses","7 days","2 days","1 hour per day","No playing video/computer game","0 teams","Yes","7 hours","Did not drink sports drink","1 time per day","0 times"
"17 years old","Female","11th grade","No","White",1.68,62.14,"Never wore a helmet","Sometimes","20 to 29 days","0 times","Yes","Yes","No","0 days","1 or 2 days","Heterosexual (straight)","Slightly overweight","4 to 6 times","4 to 6 times","1 to 3 times","4 to 6 times","4 to 6 glasses","3 days","7 days","2 hours per day","3 hours per day","1 team","No","7 hours","4 to 6 times","1 to 3 times","2 times"
"17 years old","Male","12th grade","Yes","Hispanic/Latino",1.73,56.7,"Never wore a helmet","Always",NA,"12 or more times","No","No","No","0 days","1 or 2 days","Heterosexual (straight)","Slightly underweight","1 to 3 times","4 to 6 times","1 to 3 times","4 to 6 times","1 to 3 glasses","4 days","7 days","2 hours per day","1 hour per day","0 teams","No","6 hours","4 to 6 times","4 to 6 times","2 times"
"17 years old","Female","12th grade","No","White",1.57,53.52,"Did not ride a bicycle","Rarely","All 30 days","0 times","No","No","Yes","0 days","1 or 2 days","Heterosexual (straight)","About the right weight","1 time per day","Did not eat fruit","Did not eat green salad","Did not drink soda or pop","Did not drink milk","0 days","6 days","2 hours per day","5 or more hours per day","2 teams","No","7 hours","Did not drink sports drink","1 to 3 times","3 times"
"14 years old","Female","9th grade","No","Multiple - Non-Hispanic",1.65,50.35,NA,"Always","I did not drive the past 30 days","0 times","No","No","No","0 days",NA,NA,"Slightly overweight","1 to 3 times","1 time per day","Did not eat green salad","1 to 3 times",NA,"7 days","2 days","Less than 1 hour per day","5 or more hours per day",NA,NA,"8 hours",NA,"2 times per day",NA
"16 years old","Male","11th grade","No","Black or African American",1.63,44.45,NA,"Always","I did not drive the past 30 days",NA,"No","No","No","0 days","0 days","Heterosexual (straight)","Slightly underweight","4 to 6 times","1 to 3 times","Did not eat green salad","Did not drink soda or pop",NA,"3 days","4 days","No TV on average school day","3 hours per day",NA,NA,NA,NA,NA,NA
"14 years old","Female","9th grade","Yes","Hispanic/Latino",1.52,40.37,"Never wore a helmet","Most of the time",NA,"0 times","Yes","Yes","No","0 days","0 days","Heterosexual (straight)","About the right weight","4 to 6 times","1 to 3 times","1 time per day","1 to 3 times","1 to 3 glasses","6 days","7 days","4 hours per day","5 or more hours per day","1 team","No","6 hours","1 to 3 times","4 to 6 times",NA
"18 years old or older","Male","12th grade","No","White",1.8,70.31,"Did not ride a bicycle","Always","0 days","0 times","No","No","No","0 days","0 days","Heterosexual (straight)","About the right weight","Did not drink fruit juice","Did not eat fruit","Did not eat green salad","2 times per day","1 glass per day","0 days","3 days","2 hours per day","5 or more hours per day","1 team","No","8 hours","Did not drink sports drink","Did not drink water","0 times"
"17 years old","Male","11th grade","Yes","Multiple - Hispanic / Latino",1.73,65.32,"Never wore a helmet","Always","0 days","2 or 3 times","No","No","No","0 days","1 or 2 days","Heterosexual (straight)","About the right weight","Did not drink fruit juice","4 or more times per day","1 to 3 times","Did not drink soda or pop","1 glass per day","7 days","5 days","3 hours per day","3 hours per day","3 or more teams","No","9 hours","1 to 3 times","4 or more times per day","1 times"
"17 years old","Male","11th grade","Yes","Multiple - Hispanic / Latino",1.63,115.21,"Never wore a helmet","Always","I did not drive the past 30 days","2 or 3 times","No","No","No","0 days","0 days","Heterosexual (straight)","Very underweight","4 or more times per day","Did not eat fruit","1 time per day","1 time per day","2 glasses per day","7 days","2 days","4 hours per day","2 hours per day","2 teams","No","5 hours","1 to 3 times","4 to 6 times","2 times"
"15 years old","Female","9th grade","No","White",1.57,47.63,"Never wore a helmet","Sometimes","All 30 days","12 or more times","No","No","No",NA,"All 30 days","Heterosexual (straight)","About the right weight","4 or more times per day","4 to 6 times","1 to 3 times","4 or more times per day","2 glasses per day","0 days","7 days","4 hours per day","4 hours per day","3 or more teams",NA,"5 hours","Did not drink sports drink","4 or more times per day","1 times"
"18 years old or older","Male","12th grade","No","White",1.85,103.42,"Never wore a helmet","Most of the time","0 days","8 or 9 times","Yes","No","No","6 to 9 days","10 to 19 days","Heterosexual (straight)","Slightly overweight","1 to 3 times","1 to 3 times","Did not eat green salad","3 times per day","1 glass per day","5 days","5 days","4 hours per day","3 hours per day","0 teams","Yes","6 hours","3 times per day","2 times per day","2 times"
"15 years old","Male","9th grade","No","Black or African American",1.68,61.24,"Never wore a helmet","Rarely","I did not drive the past 30 days","0 times","No","No","No","0 days","0 days","Heterosexual (straight)","About the right weight","1 to 3 times","1 to 3 times","1 to 3 times","1 to 3 times","4 to 6 glasses","1 day","6 days","4 hours per day","Less than 1 hour per day","0 teams","No","7 hours","Did not drink sports drink","3 times per day","0 times"
"16 years old","Female","11th grade","No","Multiple - Non-Hispanic",1.68,106.14,"Never wore a helmet","Sometimes","All 30 days","0 times","No","No","Yes","0 days","1 or 2 days","bisexual","Slightly overweight","1 to 3 times","1 to 3 times","1 to 3 times","1 to 3 times","1 to 3 glasses","2 days","2 days","Less than 1 hour per day","4 hours per day","0 teams","Yes","7 hours","1 to 3 times","4 or more times per day","1 times"
"17 years old","Female","12th grade","Yes","Multiple - Hispanic / Latino",1.7,70.76,"Never wore a helmet","Most of the time","I did not drive the past 30 days","0 times","No","No","No","0 days","3 to 5 days","Heterosexual (straight)","Slightly overweight","Did not drink fruit juice","1 to 3 times","1 to 3 times","Did not drink soda or pop","Did not drink milk","2 days","2 days","4 hours per day","5 or more hours per day","1 team","No","7 hours","Did not drink sports drink","3 times per day","5 or more times"
"15 years old","Female","9th grade","Yes","Hispanic/Latino",1.63,68.04,"Never wore a helmet","Always",NA,"4 or 5 times","Yes","Yes","Yes","0 days","1 or 2 days","Heterosexual (straight)","Slightly overweight","1 time per day","1 time per day","1 to 3 times","1 time per day","1 to 3 glasses","7 days","3 days","2 hours per day","3 hours per day","0 teams","Yes","7 hours","Did not drink sports drink","4 or more times per day","0 times"
"15 years old","Male","10th grade","No","Multiple - Non-Hispanic",1.8,83.46,NA,NA,"I did not drive the past 30 days",NA,"No","No","No","0 days","10 to 19 days","Not sure","About the right weight","3 times per day","2 times per day","1 to 3 times","4 or more times per day",NA,NA,"7 days","5 or more hours per day","No playing video/computer game",NA,"Yes","5 hours",NA,NA,NA
"16 years old","Male","10th grade","Yes","Multiple - Hispanic / Latino",1.7,81.19,"Did not ride a bicycle","Always","0 days","0 times","No","No","No","0 days","0 days","Heterosexual (straight)","Slightly overweight","1 to 3 times","1 to 3 times","1 to 3 times","1 to 3 times","1 to 3 glasses","5 days","4 days","1 hour per day","4 hours per day","0 teams","No","7 hours","Did not drink sports drink","4 or more times per day","2 times"
"16 years old","Male","11th grade","No","Black or African American",1.9,49.9,"Did not ride a bicycle","Sometimes","6 to 9 days","8 or 9 times","No","Yes",NA,NA,"0 days",NA,NA,NA,NA,NA,NA,NA,NA,NA,NA,NA,NA,NA,NA,NA,NA,NA
"17 years old","Male","12th grade","Yes","Hispanic/Latino",1.6,54.43,"Never wore a helmet","Sometimes",NA,"0 times","No","No","No","0 days","0 days","Heterosexual (straight)","Very overweight","Did not drink fruit juice","Did not eat fruit","Did not eat green salad","Did not drink soda or pop","Did not drink milk","0 days","0 days","No TV on average school day","5 or more hours per day","0 teams","No","10 or more hours","Did not drink sports drink","Did not drink water","0 times"
"15 years old","Female","9th grade","No","White",1.65,61.24,NA,NA,"I did not drive the past 30 days",NA,"No","No","Yes","0 days","0 days","Heterosexual (straight)","About the right weight","1 to 3 times","1 to 3 times","1 to 3 times","4 to 6 times",NA,NA,"1 day","1 hour per day","3 hours per day",NA,"No","7 hours",NA,NA,NA
"16 years old","Male","10th grade","No","White",1.8,65.77,"Rarely wore a helmet","Always","0 days","1 time","Yes","No","No","0 days","0 days","Heterosexual (straight)","About the right weight","4 or more times per day","2 times per day","1 to 3 times","1 to 3 times","1 to 3 glasses","4 days","5 days","3 hours per day","4 hours per day","1 team","No","6 hours","1 to 3 times","4 to 6 times","2 times"
"14 years old","Female","9th grade","No","White",1.57,59.88,"Sometimes wore a helmet","Always","I did not drive the past 30 days","0 times","Yes","No","Yes","0 days","1 or 2 days","Heterosexual (straight)","Slightly overweight","1 to 3 times","2 times per day","1 time per day","Did not drink soda or pop","Did not drink milk","4 days","5 days","1 hour per day","1 hour per day","1 team","No","9 hours","Did not drink sports drink","4 or more times per day","2 times"
"17 years old","Female","12th grade","Yes","Multiple - Hispanic / Latino",1.65,57.61,"Did not ride a bicycle","Always",NA,"0 times","No","No","Yes","0 days","0 days","Heterosexual (straight)","Slightly overweight","Did not drink fruit juice","1 to 3 times","Did not eat green salad","Did not drink soda or pop","Did not drink milk","0 days","0 days","2 hours per day","4 hours per day","0 teams","No","6 hours","Did not drink sports drink","4 or more times per day","0 times"
"14 years old","Male","9th grade","Yes",NA,1.75,91.63,NA,"Most of the time","0 days",NA,"No","No",NA,"0 days","0 days","Heterosexual (straight)","About the right weight","Did not drink fruit juice","Did not eat fruit","1 to 3 times","4 to 6 times",NA,"6 days","5 days","2 hours per day","1 hour per day",NA,NA,NA,NA,NA,NA
"17 years old","Female","12th grade","No","White",1.65,56.7,"Never wore a helmet","Always","I did not drive the past 30 days","0 times","Yes","Yes","Yes","0 days","6 to 9 days","Heterosexual (straight)","About the right weight","4 to 6 times","1 time per day","1 to 3 times","4 to 6 times","Did not drink milk","7 days","3 days","3 hours per day","4 hours per day","1 team","No","7 hours",NA,NA,NA
"14 years old","Female","9th grade","No","White",1.68,40.37,NA,NA,"10 to 19 days",NA,"No","No","Yes","0 days","0 days","bisexual","Slightly underweight","Did not drink fruit juice","1 to 3 times","1 to 3 times","2 times per day",NA,NA,"0 days","2 hours per day","5 or more hours per day",NA,"Not sure","9 hours",NA,NA,NA
"18 years old or older","Male","12th grade","Yes","Multiple - Hispanic / Latino",1.63,50.8,"Never wore a helmet","Rarely","0 days","0 times","No","No","No","0 days","0 days","Heterosexual (straight)","About the right weight","Did not drink fruit juice","1 to 3 times","Did not eat green salad","4 to 6 times","1 to 3 glasses","7 days","2 days","5 or more hours per day","Less than 1 hour per day","0 teams","Yes","6 hours",NA,NA,NA
"15 years old","Male","9th grade","No","White",1.7,65.77,"Never wore a helmet","Always","0 days","0 times","Yes","No","No","0 days","0 days","Heterosexual (straight)","Slightly overweight","1 to 3 times","1 to 3 times","Did not eat green salad","1 to 3 times","4 or more glasses per day","0 days","7 days","3 hours per day","4 hours per day","2 teams","No","8 hours","1 to 3 times","1 time per day","3 times"
"16 years old","Male","10th grade","Yes","Hispanic/Latino",1.7,73.48,"Never wore a helmet","Most of the time","I did not drive the past 30 days","2 or 3 times","No","No","No","0 days","0 days","Heterosexual (straight)","Slightly overweight","1 to 3 times","4 or more times per day","1 to 3 times","4 to 6 times","2 glasses per day","4 days","2 days","4 hours per day","No playing video/computer game","0 teams",NA,NA,"1 to 3 times","4 or more times per day",NA
"16 years old","Male","10th grade","Yes","Multiple - Hispanic / Latino",1.78,58.06,"Never wore a helmet","Always","I did not drive the past 30 days","0 times","No","No","No","0 days","0 days","Heterosexual (straight)","About the right weight","1 to 3 times","1 to 3 times","Did not eat green salad","1 to 3 times","Did not drink milk","0 days","7 days","Less than 1 hour per day","1 hour per day","1 team","Yes","6 hours","1 to 3 times","4 or more times per day","0 times"
"17 years old","Female","11th grade","No","White",1.73,54.43,NA,"Always","I did not drive the past 30 days",NA,"No","No","No","0 days","0 days","Heterosexual (straight)","Very underweight","Did not drink fruit juice","Did not eat fruit","Did not eat green salad","Did not drink soda or pop",NA,"0 days","0 days","No TV on average school day","No playing video/computer game",NA,NA,NA,NA,NA,NA
"16 years old","Male","10th grade","No","White",1.78,57.61,"Did not ride a bicycle","Rarely",NA,"2 or 3 times","No","No","No","0 days","1 or 2 days","Heterosexual (straight)","About the right weight","1 to 3 times","4 to 6 times","Did not eat green salad","1 to 3 times","1 glass per day","2 days","6 days","5 or more hours per day","4 hours per day","0 teams","No","5 hours","1 to 3 times","3 times per day","0 times"
"17 years old","Male","12th grade","No","Black or African American",1.85,88.91,"Sometimes wore a helmet","Always","10 to 19 days","0 times","No","No","No","0 days","1 or 2 days","Heterosexual (straight)","Slightly overweight","1 to 3 times","Did not eat fruit","Did not eat green salad","1 to 3 times","1 to 3 glasses","0 days","7 days","2 hours per day","2 hours per day","1 team","No","4 or less hours","1 to 3 times","2 times per day","0 times"
"18 years old or older","Female","12th grade","No","White",1.6,87.09,"Did not ride a bicycle","Most of the time","0 days","0 times","No","No","No","0 days","0 days","bisexual","Slightly overweight","1 to 3 times","1 to 3 times","1 to 3 times","1 to 3 times","4 to 6 glasses","4 days","2 days","2 hours per day","Less than 1 hour per day","0 teams","No","5 hours","Did not drink sports drink","1 to 3 times","1 times"
"18 years old or older","Male","12th grade","No","White",1.83,95.26,"Rarely wore a helmet","Most of the time","I did not drive the past 30 days","0 times","No","No","No","0 days","0 days","Heterosexual (straight)","Slightly overweight","Did not drink fruit juice","1 to 3 times","Did not eat green salad","1 to 3 times","4 to 6 glasses","5 days","2 days","No TV on average school day","5 or more hours per day","2 teams","Yes","7 hours","1 to 3 times","4 or more times per day","3 times"
"15 years old","Female","9th grade","Yes","Multiple - Hispanic / Latino",1.63,77.11,"Did not ride a bicycle","Sometimes","I did not drive the past 30 days","0 times","No","No","Yes","0 days","1 or 2 days","Heterosexual (straight)","Slightly overweight","Did not drink fruit juice","Did not eat fruit","Did not eat green salad","Did not drink soda or pop","1 to 3 glasses","7 days","4 days","No TV on average school day","5 or more hours per day","1 team","No","6 hours","1 to 3 times","4 to 6 times","1 times"
"15 years old","Male","9th grade","Yes","Hispanic/Latino",1.68,84.82,"Never wore a helmet","Always","0 days","0 times","No","No","No","0 days","0 days","Heterosexual (straight)","Slightly underweight","Did not drink fruit juice","Did not eat fruit","1 to 3 times","Did not drink soda or pop","4 to 6 glasses","1 day","2 days","1 hour per day","1 hour per day","2 teams","No","7 hours","1 to 3 times","4 or more times per day","0 times"
"17 years old","Male","12th grade","No","White",1.73,103.87,NA,"Sometimes","1 or 2 days","2 or 3 times","No","No","No","20 to 29 days","0 days","Heterosexual (straight)","Slightly overweight","1 to 3 times","1 to 3 times","Did not eat green salad","4 to 6 times","1 to 3 glasses","1 day","7 days","2 hours per day","4 hours per day","0 teams","No","5 hours","4 to 6 times","1 time per day","1 times"
"14 years old","Female","9th grade","No","Multiple - Non-Hispanic",1.6,52.16,"Never wore a helmet","Always","I did not drive the past 30 days","0 times","Yes","No","No","0 days","0 days","Gay or lesbian","About the right weight","Did not drink fruit juice","Did not eat fruit","1 to 3 times","2 times per day","1 to 3 glasses","3 days","0 days","No TV on average school day","4 hours per day","0 teams","No","7 hours","Did not drink sports drink","1 to 3 times","0 times"
"15 years old","Female","9th grade","No","White",NA,NA,"Did not ride a bicycle","Always","I did not drive the past 30 days","0 times","No","No","No","0 days","0 days","Heterosexual (straight)","About the right weight","1 to 3 times","1 time per day","Did not eat green salad","4 to 6 times","1 to 3 glasses","5 days","2 days","2 hours per day","2 hours per day","0 teams","No","7 hours","Did not drink sports drink","1 to 3 times","0 times"
"17 years old","Female","11th grade","No","White",1.6,78.02,"Did not ride a bicycle","Most of the time",NA,"0 times","Yes","No","No","0 days","1 or 2 days","Heterosexual (straight)","Slightly overweight","2 times per day","1 time per day","1 to 3 times","Did not drink soda or pop","1 to 3 glasses","7 days","4 days","2 hours per day","5 or more hours per day","3 or more teams","No","7 hours","Did not drink sports drink","4 to 6 times","1 times"
"16 years old","Female","10th grade","No","White",1.83,90.72,NA,NA,"I did not drive the past 30 days",NA,"No","No","No","0 days","1 or 2 days","Heterosexual (straight)","Slightly overweight","Did not drink fruit juice","1 time per day","Did not eat green salad","4 to 6 times",NA,NA,"0 days","No TV on average school day","No playing video/computer game",NA,"Yes","8 hours",NA,NA,NA
"17 years old","Male","11th grade","Yes","Multiple - Hispanic / Latino",1.75,65.77,"Did not ride a bicycle","Always","20 to 29 days","1 time","No","No","No",NA,"1 or 2 days","Heterosexual (straight)","About the right weight","1 to 3 times","1 to 3 times","Did not eat green salad","1 to 3 times","1 to 3 glasses","7 days","7 days","Less than 1 hour per day","No playing video/computer game","2 teams",NA,"6 hours",NA,NA,NA
"14 years old","Female","9th grade","No","White",1.75,54.89,NA,NA,"0 days",NA,"No","No","Yes","All 30 days","0 days","Heterosexual (straight)","Very underweight","Did not drink fruit juice","Did not eat fruit","Did not eat green salad","1 to 3 times",NA,NA,NA,NA,"Less than 1 hour per day",NA,"Yes","4 or less hours",NA,NA,NA
"16 years old","Male","10th grade","No","Black or African American",1.88,83.92,"Never wore a helmet","Always","I did not drive the past 30 days","6 or 7 times","No","No","No","3 to 5 days","0 days","Heterosexual (straight)","About the right weight",NA,NA,NA,NA,NA,NA,NA,NA,NA,NA,NA,NA,NA,NA,NA
"14 years old","Female","9th grade","No","Multiple - Non-Hispanic",1.63,68.04,"Never wore a helmet","Most of the time","I did not drive the past 30 days","2 or 3 times","Yes","Yes","Yes","0 days","0 days","bisexual","About the right weight","1 to 3 times","1 to 3 times","4 to 6 times","4 or more times per day","3 glasses per day","3 days","2 days","No TV on average school day","No playing video/computer game","1 team","No","4 or less hours","Did not drink sports drink","4 to 6 times","0 times"
"17 years old","Male","11th grade","No","White",1.73,73.03,"Never wore a helmet","Always","All 30 days","0 times","No","No","No","0 days","1 or 2 days","Heterosexual (straight)","About the right weight","4 to 6 times","4 to 6 times","1 to 3 times","Did not drink soda or pop","Did not drink milk","7 days","7 days","3 hours per day","Less than 1 hour per day","3 or more teams","No","8 hours","1 time per day","2 times per day","5 or more times"
"14 years old","Female","9th grade","No","White",1.63,71.67,"Most of the time wore a helmet","Always","I did not drive the past 30 days","0 times","No","No","No","0 days","0 days","Heterosexual (straight)","Slightly overweight","2 times per day","4 to 6 times","1 time per day","1 to 3 times","2 glasses per day","5 days","4 days","3 hours per day","4 hours per day","1 team","No","6 hours","Did not drink sports drink","3 times per day","0 times"
"16 years old","Female","11th grade","Yes","Multiple - Hispanic / Latino",1.63,62.14,"Never wore a helmet","Rarely","0 days","0 times","No","No","No","0 days","0 days","Not sure","About the right weight","4 or more times per day","4 or more times per day","1 time per day","1 to 3 times","1 to 3 glasses","7 days","7 days","2 hours per day","1 hour per day","2 teams","No","4 or less hours",NA,NA,NA
"18 years old or older","Female","12th grade","No","Black or African American",1.57,61.69,"Did not ride a bicycle","Never",NA,"0 times","No","No","Yes","0 days","0 days","Heterosexual (straight)","Slightly overweight","Did not drink fruit juice","1 to 3 times","1 to 3 times","4 or more times per day","1 to 3 glasses","4 days","3 days","5 or more hours per day","5 or more hours per day","1 team","Yes","6 hours","4 or more times per day","4 to 6 times","1 times"
"15 years old","Female","10th grade","No","Multiple - Non-Hispanic",1.63,68.95,"Did not ride a bicycle","Always","0 days","0 times","No","No","No","0 days","0 days","Heterosexual (straight)","Very overweight","Did not drink fruit juice","3 times per day","Did not eat green salad","Did not drink soda or pop","Did not drink milk","5 days","4 days","3 hours per day","2 hours per day","2 teams","Yes","6 hours","Did not drink sports drink","3 times per day","0 times"
"15 years old","Female","10th grade","Yes","Multiple - Hispanic / Latino",1.65,83.92,"Never wore a helmet","Most of the time","0 days","0 times","No","No","Yes","0 days","3 to 5 days","Heterosexual (straight)","Slightly overweight","4 to 6 times","1 time per day","4 to 6 times","1 to 3 times","2 glasses per day","0 days","3 days","3 hours per day","4 hours per day","3 or more teams","Yes","8 hours","1 to 3 times","2 times per day","3 times"
"15 years old","Male","9th grade","Yes","Hispanic/Latino",1.6,82.56,"Never wore a helmet","Most of the time","I did not drive the past 30 days","2 or 3 times","No","No","No",NA,"1 or 2 days","Heterosexual (straight)","Slightly overweight","2 times per day","2 times per day","4 to 6 times","4 to 6 times","1 glass per day","2 days","5 days","1 hour per day","Less than 1 hour per day","0 teams","No","8 hours","4 to 6 times","4 to 6 times","0 times"
"17 years old","Female","12th grade","Yes","Multiple - Hispanic / Latino",1.57,104.33,"Did not ride a bicycle","Most of the time",NA,"0 times","No","No","Yes","0 days","0 days","Heterosexual (straight)","Very overweight","4 to 6 times","1 to 3 times","4 to 6 times","4 to 6 times","1 glass per day","5 days","7 days","1 hour per day","5 or more hours per day","0 teams","No","7 hours","4 to 6 times","3 times per day","3 times"
"15 years old","Female","9th grade","No","Black or African American",1.57,56.25,"Did not ride a bicycle","Always","I did not drive the past 30 days","0 times","No","No","Yes","0 days","0 days","Heterosexual (straight)","About the right weight","Did not drink fruit juice","1 to 3 times","Did not eat green salad","1 to 3 times","Did not drink milk","0 days","5 days","No TV on average school day","2 hours per day","0 teams",NA,"5 hours",NA,NA,NA
"14 years old","Female","9th grade","Yes","Hispanic/Latino",1.6,77.11,"Did not ride a bicycle","Always","I did not drive the past 30 days","0 times","No","No","No","0 days","0 days","Heterosexual (straight)","About the right weight","Did not drink fruit juice","1 to 3 times","Did not eat green salad","1 to 3 times","1 to 3 glasses","0 days","0 days","3 hours per day",NA,"0 teams","No","7 hours","Did not drink sports drink","1 to 3 times","0 times"
"16 years old","Female","10th grade","No","White",1.8,70.31,"Never wore a helmet","Always","0 days","0 times","No","No","No","0 days","0 days","Heterosexual (straight)","About the right weight","4 to 6 times","4 to 6 times","1 to 3 times","Did not drink soda or pop","Did not drink milk","7 days","3 days","No TV on average school day","2 hours per day","0 teams","Yes","6 hours","Did not drink sports drink","3 times per day","2 times"
"17 years old","Male","12th grade","No","White",1.7,64.41,"Never wore a helmet","Most of the time","All 30 days","0 times","No","No","No","10 to 19 days","6 to 9 days","Heterosexual (straight)","About the right weight","4 to 6 times","1 to 3 times",NA,"1 time per day","1 to 3 glasses","2 days","2 days","Less than 1 hour per day","2 hours per day","0 teams","Yes","6 hours","1 to 3 times","4 to 6 times","0 times"
"15 years old","Male","9th grade","Yes","Multiple - Hispanic / Latino",1.65,54.43,"Did not ride a bicycle","Always","3 to 5 days","0 times","No","No","No","0 days","0 days","Heterosexual (straight)","About the right weight","1 to 3 times","1 to 3 times","1 to 3 times","3 times per day","Did not drink milk","7 days","7 days","5 or more hours per day","2 hours per day","3 or more teams","Not sure","5 hours","4 to 6 times","4 or more times per day","0 times"
"15 years old","Female","10th grade","No","Black or African American",1.65,54.43,"Did not ride a bicycle","Always","I did not drive the past 30 days","0 times","No","No","No","0 days","0 days","Heterosexual (straight)","About the right weight","4 to 6 times","4 to 6 times","1 to 3 times","1 time per day","Did not drink milk","2 days","3 days","No TV on average school day","Less than 1 hour per day","1 team","No","7 hours","Did not drink sports drink","1 time per day","1 times"
"18 years old or older","Female","12th grade","No","Native Hawaiian/other PI",1.73,55.79,NA,NA,"1 or 2 days",NA,"No","No","No",NA,NA,"Heterosexual (straight)","Slightly underweight","1 to 3 times","4 to 6 times","1 to 3 times","Did not drink soda or pop",NA,"0 days","0 days","No TV on average school day","No playing video/computer game",NA,NA,NA,NA,NA,NA
"14 years old","Female","9th grade","No","White",1.63,44,"Most of the time wore a helmet","Most of the time","I did not drive the past 30 days","0 times","Yes","Yes","No","0 days","0 days","Heterosexual (straight)","Slightly underweight","Did not drink fruit juice","1 time per day","1 to 3 times","1 to 3 times","1 to 3 glasses","5 days","1 day","1 hour per day","5 or more hours per day","1 team","No","6 hours",NA,NA,NA
"15 years old","Male","9th grade","No","Black or African American",1.75,85.73,"Did not ride a bicycle","Always","I did not drive the past 30 days","0 times","No","No","No","0 days","0 days","Heterosexual (straight)","About the right weight","4 or more times per day","4 or more times per day","4 or more times per day","1 to 3 times","4 or more glasses per day","7 days","7 days","2 hours per day","2 hours per day","3 or more teams",NA,"9 hours",NA,NA,NA
"17 years old","Female","12th grade","No","White",1.57,49.9,"Never wore a helmet","Always","0 days","0 times","Yes","Yes","Yes","6 to 9 days","10 to 19 days","Heterosexual (straight)","Slightly overweight","1 to 3 times","4 to 6 times","4 to 6 times","4 to 6 times","1 to 3 glasses","7 days","0 days","2 hours per day","Less than 1 hour per day","0 teams","No","5 hours","Did not drink sports drink","4 to 6 times","5 or more times"
"16 years old","Male","10th grade","No","White",1.78,72.58,NA,"Most of the time","0 days","2 or 3 times","No","Yes","Yes","0 days","1 or 2 days",NA,"About the right weight","4 to 6 times","1 to 3 times","4 to 6 times","2 times per day","1 to 3 glasses","3 days","7 days","2 hours per day","2 hours per day","2 teams","No","6 hours","2 times per day","1 time per day","0 times"
"16 years old","Male","11th grade","No","Black or African American",1.88,77.11,"Never wore a helmet","Sometimes","0 days","0 times","No","No","No","0 days","0 days","Heterosexual (straight)","About the right weight","1 to 3 times","4 or more times per day","1 to 3 times","1 to 3 times","1 to 3 glasses","4 days","7 days","5 or more hours per day","2 hours per day","2 teams","No","7 hours","1 to 3 times","1 to 3 times","0 times"
"17 years old","Female","12th grade","No","White",1.63,70.31,NA,"Most of the time","0 days","0 times","No","No","No","0 days","0 days","Heterosexual (straight)","Slightly overweight","Did not drink fruit juice","4 to 6 times","4 to 6 times","1 time per day","3 glasses per day","0 days","0 days","3 hours per day","Less than 1 hour per day","2 teams","No","8 hours","Did not drink sports drink","3 times per day","0 times"
"17 years old","Male","12th grade","No","White",1.78,79.38,"Always wore a helmet","Always","0 days","0 times","Yes","No","No","0 days","0 days","Heterosexual (straight)","About the right weight","4 to 6 times","4 to 6 times","1 to 3 times","Did not drink soda or pop","1 to 3 glasses","4 days","5 days","2 hours per day","No playing video/computer game","2 teams","No","8 hours","4 to 6 times","4 or more times per day","5 or more times"
"15 years old","Male","9th grade",NA,NA,1.85,114.76,"Never wore a helmet","Most of the time","0 days",NA,"No","Yes","No",NA,"All 30 days","Not sure","Slightly underweight","1 time per day","1 time per day","Did not eat green salad","Did not drink soda or pop","Did not drink milk","4 days","5 days","1 hour per day","Less than 1 hour per day","0 teams",NA,"8 hours","2 times per day","4 or more times per day","3 times"
"14 years old","Male","9th grade","Yes","Hispanic/Latino",1.85,54.43,"Never wore a helmet","Never","All 30 days","12 or more times","Yes","No","No","0 days","All 30 days","Heterosexual (straight)","About the right weight","2 times per day","Did not eat fruit","Did not eat green salad","4 or more times per day","2 glasses per day","0 days","0 days","5 or more hours per day","5 or more hours per day","0 teams","No","10 or more hours","4 or more times per day","4 or more times per day","0 times"
"18 years old or older","Male","12th grade","No","Black or African American",1.9,68.04,"Never wore a helmet","Always","20 to 29 days","0 times","Yes","Yes","No","0 days","3 to 5 days","Heterosexual (straight)","Slightly underweight","1 to 3 times","4 to 6 times","1 to 3 times","4 to 6 times","1 to 3 glasses","0 days","4 days","2 hours per day","3 hours per day","1 team","Yes","6 hours","1 to 3 times","1 to 3 times","0 times"
"15 years old","Male","10th grade","No","Multiple - Non-Hispanic",1.75,79.83,"Did not ride a bicycle","Always","I did not drive the past 30 days","2 or 3 times","Yes","No","Yes","0 days","0 days","Heterosexual (straight)","About the right weight","1 time per day","1 time per day","1 to 3 times","Did not drink soda or pop","4 to 6 glasses","7 days","3 days","2 hours per day","5 or more hours per day","0 teams","Yes","4 or less hours","Did not drink sports drink","4 or more times per day","3 times"
"17 years old","Female","11th grade","No","White",1.57,49.44,NA,"Always","I did not drive the past 30 days",NA,"No","No","No","0 days","0 days","Heterosexual (straight)","About the right weight","1 to 3 times","1 to 3 times","Did not eat green salad","4 or more times per day",NA,"1 day","3 days","4 hours per day","5 or more hours per day",NA,NA,NA,NA,NA,NA
"17 years old","Female","12th grade","Yes","Hispanic/Latino",1.6,73.03,"Never wore a helmet","Always","10 to 19 days","0 times","No","No","Yes","0 days","0 days","Heterosexual (straight)","About the right weight","Did not drink fruit juice","1 to 3 times","Did not eat green salad","1 to 3 times","1 to 3 glasses","1 day","0 days","Less than 1 hour per day","5 or more hours per day","1 team","Yes","6 hours","Did not drink sports drink","2 times per day","0 times"
"18 years old or older","Male","12th grade","Yes","Multiple - Hispanic / Latino",1.83,65.77,"Never wore a helmet","Always","10 to 19 days","0 times","No","No","No","3 to 5 days","All 30 days","Heterosexual (straight)","About the right weight","4 to 6 times","4 to 6 times","Did not eat green salad","1 time per day","1 to 3 glasses","2 days","3 days","Less than 1 hour per day","Less than 1 hour per day","0 teams","Yes","5 hours","1 time per day","4 or more times per day","0 times"
"16 years old","Female","11th grade","No","Multiple - Non-Hispanic",1.68,52.16,"Never wore a helmet","Always","I did not drive the past 30 days","0 times","Yes","Yes","Yes","0 days","3 to 5 days","bisexual","Slightly overweight","2 times per day","1 to 3 times","Did not eat green salad","4 to 6 times","1 glass per day","0 days","3 days","5 or more hours per day","5 or more hours per day","0 teams","Yes","4 or less hours","Did not drink sports drink","1 time per day","1 times"
"15 years old","Male","9th grade","Yes","Multiple - Hispanic / Latino",1.78,95.26,"Never wore a helmet","Rarely","I did not drive the past 30 days","0 times","No","No","No","0 days","0 days","Heterosexual (straight)","Slightly overweight","4 to 6 times","4 or more times per day","1 to 3 times","1 to 3 times","Did not drink milk","5 days","0 days","3 hours per day","3 hours per day","0 teams","No","6 hours","Did not drink sports drink","4 or more times per day","0 times"
"17 years old","Female","11th grade","No","White",1.63,90.72,"Never wore a helmet","Always","0 days","0 times","No","No","No","0 days","0 days","Heterosexual (straight)","Very overweight","1 time per day","1 time per day","1 time per day","Did not drink soda or pop","4 or more glasses per day","5 days","4 days","2 hours per day","5 or more hours per day","0 teams","No","8 hours",NA,"3 times per day","2 times"
"16 years old","Female","11th grade","No","Black or African American",1.75,84.82,"Did not ride a bicycle","Sometimes","I did not drive the past 30 days","0 times","No","No","Yes","0 days","0 days","Not sure","Slightly overweight","1 to 3 times","Did not eat fruit","Did not eat green salad","2 times per day","Did not drink milk","0 days","0 days","No TV on average school day","Less than 1 hour per day","0 teams","Yes","7 hours",NA,NA,NA
"16 years old","Male","9th grade","No","White",1.63,44.91,"Did not ride a bicycle","Most of the time","0 days","2 or 3 times","Yes","Yes","No","0 days","6 to 9 days","Heterosexual (straight)","Slightly underweight","4 or more times per day","3 times per day","Did not eat green salad","1 time per day","4 to 6 glasses","7 days","7 days","Less than 1 hour per day","No playing video/computer game","0 teams",NA,NA,"1 to 3 times","4 or more times per day",NA
"16 years old","Female","10th grade","No","Black or African American",1.6,46.72,"Never wore a helmet","Always","1 or 2 days","2 or 3 times","No","No","No","0 days","3 to 5 days","Heterosexual (straight)","About the right weight","4 to 6 times","1 to 3 times","Did not eat green salad","4 to 6 times","Did not drink milk","3 days","3 days","4 hours per day","5 or more hours per day","0 teams","No","6 hours","1 to 3 times","4 to 6 times","0 times"
"14 years old","Male","9th grade","Yes","Hispanic/Latino",1.7,83.92,"Never wore a helmet","Always","I did not drive the past 30 days","0 times","No","No","No","0 days","1 or 2 days","Heterosexual (straight)","Slightly overweight","4 to 6 times","1 to 3 times","Did not eat green salad","1 to 3 times","2 glasses per day","5 days","6 days","5 or more hours per day","2 hours per day","0 teams","Yes","7 hours","1 to 3 times","4 or more times per day","0 times"
"15 years old","Male","10th grade","Yes","Hispanic/Latino",NA,NA,"Did not ride a bicycle","Always","0 days","0 times","No","No","No","0 days","0 days","Heterosexual (straight)","Slightly overweight","4 or more times per day","3 times per day","1 to 3 times","4 or more times per day","4 or more glasses per day","7 days","5 days","No TV on average school day","5 or more hours per day","0 teams","No","9 hours","4 or more times per day","3 times per day","0 times"
"16 years old","Female","11th grade","Yes","Multiple - Hispanic / Latino",1.55,52.16,"Did not ride a bicycle","Always",NA,"0 times","No","No","No","0 days","0 days","Heterosexual (straight)","About the right weight","Did not drink fruit juice","4 or more times per day","Did not eat green salad","Did not drink soda or pop","1 to 3 glasses","7 days","4 days","2 hours per day","5 or more hours per day","1 team","No","5 hours",NA,NA,NA
"18 years old or older","Male","12th grade","No","Am Indian / Alaska Native",1.78,79.83,"Did not ride a bicycle","Always","20 to 29 days","2 or 3 times","Yes","Yes","Yes","0 days","3 to 5 days","Heterosexual (straight)","Slightly overweight","1 to 3 times","1 to 3 times","Did not eat green salad","4 to 6 times","4 to 6 glasses","2 days","0 days","3 hours per day","2 hours per day","0 teams","No","6 hours","4 to 6 times","3 times per day","0 times"
"17 years old","Female","12th grade","No","Black or African American",1.55,69.4,"Never wore a helmet","Always","I did not drive the past 30 days","0 times","No","No","Yes","0 days","0 days","Heterosexual (straight)","Slightly overweight","1 to 3 times","1 to 3 times","Did not eat green salad","Did not drink soda or pop","1 to 3 glasses","2 days","3 days","2 hours per day","2 hours per day","0 teams","No","8 hours","Did not drink sports drink","4 or more times per day","0 times"
"18 years old or older","Female","11th grade","No","Black or African American",1.6,48.08,NA,"Most of the time","I did not drive the past 30 days",NA,"No","Yes","No","0 days","0 days","bisexual","Slightly underweight","3 times per day","1 time per day","1 to 3 times","4 to 6 times",NA,"7 days","0 days","Less than 1 hour per day","5 or more hours per day",NA,NA,NA,NA,NA,NA
"16 years old","Male","9th grade","No","White",1.8,57.61,"Never wore a helmet","Always","I did not drive the past 30 days","0 times","No","No","No","0 days","1 or 2 days","Heterosexual (straight)","Slightly underweight","1 to 3 times","4 or more times per day","Did not eat green salad","4 or more times per day","4 or more glasses per day","7 days","7 days","Less than 1 hour per day","1 hour per day","2 teams","No",NA,"4 or more times per day","2 times per day","1 times"
"14 years old","Male","9th grade","Yes","Hispanic/Latino",1.68,49.9,"Did not ride a bicycle","Most of the time","I did not drive the past 30 days","0 times","No","No","No","0 days","0 days",NA,"About the right weight","Did not drink fruit juice","Did not eat fruit","Did not eat green salad","4 or more times per day","4 or more glasses per day","2 days","7 days","5 or more hours per day","5 or more hours per day","2 teams","No","4 or less hours","4 or more times per day","4 or more times per day","0 times"
"15 years old","Female","9th grade","Yes","Multiple - Hispanic / Latino",1.55,46.27,"Never wore a helmet","Always","I did not drive the past 30 days","0 times","No","No","No","0 days","0 days","Heterosexual (straight)","About the right weight","1 to 3 times","Did not eat fruit","Did not eat green salad","1 to 3 times","Did not drink milk","7 days","2 days","3 hours per day","5 or more hours per day","0 teams","No","5 hours","Did not drink sports drink","2 times per day","0 times"
"14 years old","Male","11th grade","Yes","Multiple - Hispanic / Latino",1.55,45.81,"Did not ride a bicycle","Sometimes","1 or 2 days","2 or 3 times","No","Yes","Yes",NA,"6 to 9 days","Gay or lesbian","Slightly underweight","1 to 3 times","4 to 6 times","2 times per day","4 or more times per day","3 glasses per day","3 days","2 days","Less than 1 hour per day","No playing video/computer game","2 teams",NA,"6 hours",NA,NA,NA
"16 years old","Male","10th grade","No","White",1.7,88,"Never wore a helmet","Always","0 days","0 times","No","No","No","0 days","0 days",NA,"Slightly overweight","Did not drink fruit juice","Did not eat fruit","1 time per day","Did not drink soda or pop","Did not drink milk","7 days","7 days","5 or more hours per day","5 or more hours per day","3 or more teams","Not sure","7 hours","Did not drink sports drink","3 times per day","0 times"
"15 years old","Male","10th grade","No","White",NA,NA,NA,NA,"I did not drive the past 30 days",NA,"No","No","No","0 days","0 days","Heterosexual (straight)","About the right weight","1 to 3 times","4 to 6 times","Did not eat green salad","1 to 3 times",NA,NA,"7 days","Less than 1 hour per day","Less than 1 hour per day",NA,"Yes","7 hours",NA,NA,NA
"16 years old","Male","10th grade","Yes","Multiple - Hispanic / Latino",1.68,55.34,"Never wore a helmet","Sometimes","0 days","0 times","No","No","Yes","0 days","1 or 2 days","Heterosexual (straight)","Very underweight","4 to 6 times","Did not eat fruit","Did not eat green salad","3 times per day","4 to 6 glasses","2 days","0 days","4 hours per day","Less than 1 hour per day","3 or more teams","No","4 or less hours","1 to 3 times","4 to 6 times","0 times"
"17 years old","Female","12th grade","Yes","Hispanic/Latino",1.6,56.7,"Did not ride a bicycle","Always","I did not drive the past 30 days","0 times","No","No","Yes","0 days","0 days","Heterosexual (straight)","Slightly overweight","1 to 3 times","1 to 3 times","Did not eat green salad","1 to 3 times","4 to 6 glasses","7 days","0 days","Less than 1 hour per day","5 or more hours per day","0 teams","No","4 or less hours","1 to 3 times","2 times per day","0 times"
"14 years old","Female","9th grade","No",NA,1.6,59.88,"Never wore a helmet","Most of the time","I did not drive the past 30 days","0 times","No","No","No","0 days","0 days","Heterosexual (straight)","About the right weight","2 times per day","4 to 6 times","1 to 3 times","Did not drink soda or pop","1 to 3 glasses","7 days","6 days","Less than 1 hour per day","Less than 1 hour per day","2 teams","No","7 hours","4 to 6 times","3 times per day","0 times"
"15 years old","Female","10th grade","No","White",1.75,83.92,NA,NA,"1 or 2 days",NA,"Yes","Yes","Yes","0 days","6 to 9 days","Not sure","Very underweight","1 to 3 times","4 to 6 times","1 to 3 times","4 or more times per day",NA,NA,"1 day","No TV on average school day","5 or more hours per day",NA,"Not sure","4 or less hours",NA,NA,NA
"16 years old","Female","11th grade","No","White",1.73,56.7,"Sometimes wore a helmet","Always","0 days","0 times","Yes","Yes","No","0 days","0 days","Heterosexual (straight)","Slightly underweight","4 to 6 times","1 time per day","4 to 6 times","1 to 3 times","1 glass per day","3 days","4 days","1 hour per day","1 hour per day","2 teams","No","8 hours","1 to 3 times","4 to 6 times","4 times"
"18 years old or older","Female","12th grade","Yes","Multiple - Hispanic / Latino",1.55,67.13,"Never wore a helmet","Most of the time","I did not drive the past 30 days","0 times","No","No","No","3 to 5 days","1 or 2 days","Heterosexual (straight)","About the right weight","Did not drink fruit juice","1 to 3 times","4 to 6 times","2 times per day","Did not drink milk","2 days","1 day","5 or more hours per day","5 or more hours per day","0 teams","No","7 hours",NA,NA,NA
"16 years old","Female","11th grade","Yes","Multiple - Hispanic / Latino",1.52,64.41,"Did not ride a bicycle","Always","I did not drive the past 30 days","0 times","No","No","No","0 days","0 days","Heterosexual (straight)","About the right weight","1 to 3 times","1 to 3 times","1 to 3 times","Did not drink soda or pop","1 to 3 glasses","0 days","3 days","Less than 1 hour per day","No playing video/computer game","0 teams","No","7 hours","Did not drink sports drink","3 times per day","0 times"
"15 years old","Female","9th grade","No","White",1.65,56.7,"Did not ride a bicycle","Always","I did not drive the past 30 days","0 times","No","No","Yes","0 days","0 days","Not sure","About the right weight","1 to 3 times","2 times per day","1 to 3 times","Did not drink soda or pop","4 to 6 glasses","2 days","5 days","No TV on average school day","5 or more hours per day","0 teams","Yes","4 or less hours","Did not drink sports drink","4 or more times per day","1 times"
"15 years old","Female","9th grade","Yes","Hispanic/Latino",1.85,62.14,NA,"Most of the time","I did not drive the past 30 days",NA,"No","No","Yes","0 days","20 to 29 days","Not sure","About the right weight","Did not drink fruit juice","1 to 3 times","Did not eat green salad",NA,NA,"6 days","1 day","5 or more hours per day","5 or more hours per day",NA,NA,NA,NA,NA,NA
"15 years old","Male","10th grade","Yes","Multiple - Hispanic / Latino",1.7,58.06,"Never wore a helmet","Always","All 30 days","6 or 7 times","Yes","Yes","Yes","3 to 5 days","3 to 5 days","Heterosexual (straight)","About the right weight","3 times per day","3 times per day","Did not eat green salad","2 times per day","2 glasses per day","7 days","7 days","3 hours per day","3 hours per day","2 teams","No","7 hours","4 or more times per day","4 or more times per day","0 times"
"14 years old","Male","9th grade","Yes","Multiple - Hispanic / Latino",1.57,44.45,"Sometimes wore a helmet","Always","I did not drive the past 30 days","0 times","No","No","No","0 days","0 days","Heterosexual (straight)","Slightly underweight","4 to 6 times","1 to 3 times","1 to 3 times","1 to 3 times","1 to 3 glasses","5 days","4 days","3 hours per day","3 hours per day","0 teams","No","7 hours","1 to 3 times","4 to 6 times","0 times"
"17 years old","Male","11th grade","No","Black or African American",2.06,78.02,"Never wore a helmet","Always","0 days","0 times","No","No","No","0 days","0 days","Heterosexual (straight)","About the right weight","2 times per day","4 to 6 times","Did not eat green salad","1 to 3 times","4 to 6 glasses","7 days","0 days","Less than 1 hour per day","1 hour per day","0 teams","No","5 hours","1 to 3 times","4 to 6 times","0 times"
"16 years old","Male","10th grade","No","Black or African American",1.65,82.1,"Never wore a helmet","Rarely","0 days","2 or 3 times","No","No","No",NA,"0 days","Heterosexual (straight)","Slightly overweight","1 to 3 times","1 to 3 times","Did not eat green salad","4 to 6 times","Did not drink milk","3 days","5 days","3 hours per day","No playing video/computer game","0 teams","Yes","6 hours","1 to 3 times","2 times per day","0 times"
"16 years old","Male","11th grade","No","White",1.78,63.5,"Never wore a helmet","Always","0 days","0 times","No","No","No","0 days","0 days","Heterosexual (straight)","About the right weight","1 time per day","2 times per day","4 to 6 times","4 to 6 times","2 glasses per day","3 days","7 days","Less than 1 hour per day","Less than 1 hour per day","2 teams","Yes","9 hours","1 to 3 times","4 or more times per day","1 times"
"16 years old","Male","10th grade","No","White",NA,NA,"Most of the time wore a helmet","Most of the time","0 days","0 times","No","No","Yes","0 days","0 days",NA,"About the right weight","4 to 6 times","1 time per day","Did not eat green salad","4 or more times per day","4 to 6 glasses","7 days","3 days","Less than 1 hour per day","1 hour per day","0 teams","No","6 hours","Did not drink sports drink","4 or more times per day","3 times"
"18 years old or older","Female","12th grade","No","White",1.68,73.48,"Did not ride a bicycle","Always","3 to 5 days","0 times","No","No","No","0 days","3 to 5 days","Heterosexual (straight)","About the right weight","1 to 3 times","1 to 3 times","1 to 3 times","Did not drink soda or pop","1 to 3 glasses","5 days","7 days","3 hours per day","Less than 1 hour per day","3 or more teams",NA,"7 hours",NA,NA,NA
"16 years old","Male","10th grade","No","Black or African American",NA,NA,"Did not ride a bicycle","Always",NA,NA,"No","No","Yes","0 days","0 days","Heterosexual (straight)","About the right weight","1 to 3 times","1 to 3 times","Did not eat green salad","1 to 3 times","1 to 3 glasses","1 day","3 days","Less than 1 hour per day","2 hours per day","0 teams","Yes","6 hours",NA,NA,NA
"16 years old","Female","10th grade","No","Black or African American",1.55,77.11,"Did not ride a bicycle","Most of the time","0 days","1 time","No","No","No","0 days","0 days","bisexual","Slightly overweight","2 times per day","1 to 3 times","1 to 3 times","4 to 6 times","1 to 3 glasses","5 days","4 days","No TV on average school day","2 hours per day","0 teams","No","7 hours","4 to 6 times","1 time per day","0 times"
"16 years old","Male","10th grade","Yes","Hispanic/Latino",1.63,74.84,"Did not ride a bicycle","Always","0 days","0 times","No","No","No","0 days","0 days","Heterosexual (straight)","About the right weight","1 to 3 times","4 to 6 times","Did not eat green salad","Did not drink soda or pop","Did not drink milk","0 days","5 days","No TV on average school day","Less than 1 hour per day","0 teams","No","8 hours","1 time per day","Did not drink water","0 times"
"17 years old","Female","12th grade","No","White",1.6,70.31,"Never wore a helmet","Sometimes","All 30 days","0 times","No","No","Yes","0 days","0 days","Heterosexual (straight)","Slightly overweight","1 to 3 times","4 to 6 times","Did not eat green salad","4 to 6 times","2 glasses per day","6 days","2 days","No TV on average school day","5 or more hours per day","0 teams","No","6 hours","1 to 3 times","2 times per day","3 times"
"17 years old","Female","11th grade","Yes","Hispanic/Latino",1.55,48.08,"Never wore a helmet","Always","I did not drive the past 30 days","0 times","No","No","Yes","0 days","0 days","bisexual","About the right weight","Did not drink fruit juice","2 times per day","Did not eat green salad","1 to 3 times","1 glass per day","7 days","7 days","Less than 1 hour per day","Less than 1 hour per day","1 team","No","7 hours",NA,NA,NA
"16 years old","Male","11th grade","Yes","Multiple - Hispanic / Latino",1.7,92.99,"Did not ride a bicycle","Most of the time","I did not drive the past 30 days","0 times","No","No","No","0 days","0 days","Heterosexual (straight)","Very overweight","1 to 3 times","4 to 6 times","1 time per day","Did not drink soda or pop","4 to 6 glasses","7 days","2 days","No TV on average school day","3 hours per day","1 team","No","6 hours","1 to 3 times","4 or more times per day","0 times"
"14 years old","Male","9th grade","No","White",NA,NA,NA,NA,"I did not drive the past 30 days",NA,"No","No","No","0 days","0 days","Heterosexual (straight)","Slightly overweight","1 to 3 times","1 to 3 times","1 to 3 times","4 to 6 times",NA,NA,"7 days","1 hour per day","No playing video/computer game",NA,"No","8 hours",NA,NA,NA
"15 years old","Male","9th grade","No","White",1.83,54.43,"Most of the time wore a helmet","Always","0 days","0 times","No","No","No","0 days","0 days","Heterosexual (straight)","Slightly underweight","1 to 3 times","1 to 3 times","Did not eat green salad","4 to 6 times","Did not drink milk","7 days","2 days","No TV on average school day","3 hours per day","0 teams","No","8 hours","1 to 3 times","3 times per day","5 or more times"
"16 years old","Female","11th grade","No","Black or African American",1.7,57.61,"Never wore a helmet","Most of the time","0 days","0 times","No","No","No","0 days","0 days","Heterosexual (straight)","Slightly underweight","Did not drink fruit juice","1 to 3 times","Did not eat green salad","4 to 6 times","Did not drink milk","2 days","1 day","3 hours per day","3 hours per day","2 teams","No","7 hours","Did not drink sports drink","1 time per day","0 times"
"16 years old","Female","10th grade","No","Black or African American",1.78,68.04,"Never wore a helmet","Always",NA,"0 times","No","No","No","0 days","0 days","Heterosexual (straight)","About the right weight","4 or more times per day","4 or more times per day","Did not eat green salad","1 to 3 times","Did not drink milk","7 days","0 days","1 hour per day","No playing video/computer game","1 team","No","7 hours","1 to 3 times","4 or more times per day","0 times"
"15 years old","Female","9th grade","No","Black or African American",1.57,81.65,"Rarely wore a helmet","Sometimes","1 or 2 days","0 times","No","No","No","0 days","0 days","Heterosexual (straight)","Slightly overweight","1 to 3 times","1 to 3 times","Did not eat green salad","2 times per day","1 glass per day","5 days","0 days","2 hours per day","4 hours per day","0 teams","No","7 hours","Did not drink sports drink","1 to 3 times","2 times"
"16 years old","Male","11th grade","No","Asian",2.11,99.79,"Never wore a helmet","Always","20 to 29 days","6 or 7 times","Yes","Yes","No",NA,"6 to 9 days","Not sure","Very overweight","4 or more times per day","1 to 3 times","Did not eat green salad","1 to 3 times","Did not drink milk","3 days","4 days","No TV on average school day","5 or more hours per day","0 teams","No","5 hours","Did not drink sports drink","4 or more times per day","0 times"
"17 years old","Male","12th grade","No","White",1.65,58.97,"Never wore a helmet","Sometimes","I did not drive the past 30 days","1 time","No","No","Yes","All 30 days","All 30 days","Heterosexual (straight)","About the right weight","4 to 6 times","4 to 6 times","4 to 6 times","1 to 3 times","4 to 6 glasses","6 days","5 days","3 hours per day","No playing video/computer game","1 team","Yes","7 hours","1 to 3 times","2 times per day","3 times"
"16 years old","Female","9th grade","No","White",1.75,58.97,"Never wore a helmet","Always","0 days","0 times","No","No","No","0 days","0 days","Heterosexual (straight)","About the right weight","1 to 3 times","4 to 6 times","2 times per day","Did not drink soda or pop","2 glasses per day","7 days","0 days","1 hour per day","3 hours per day","0 teams","No","7 hours","Did not drink sports drink","4 or more times per day","5 or more times"
"16 years old","Male","10th grade","Yes","Multiple - Hispanic / Latino",1.85,66.23,"Never wore a helmet","Always","0 days","0 times","No","No","No","0 days","0 days","Heterosexual (straight)","About the right weight","1 to 3 times","4 or more times per day","Did not eat green salad","4 to 6 times","Did not drink milk","6 days","7 days","No TV on average school day","No playing video/computer game","0 teams","No",NA,"4 to 6 times","4 or more times per day","0 times"
"18 years old or older","Female","12th grade",NA,NA,1.63,52.16,"Never wore a helmet","Most of the time","I did not drive the past 30 days","0 times","No","No","No","0 days","0 days","Heterosexual (straight)","About the right weight","4 to 6 times","1 to 3 times","Did not eat green salad","1 to 3 times","1 to 3 glasses","4 days","0 days","3 hours per day","Less than 1 hour per day","0 teams","No","6 hours","Did not drink sports drink","1 to 3 times","0 times"
"15 years old","Male","9th grade","No","White",1.78,79.38,"Never wore a helmet","Always","0 days","1 time","Yes","No","No","All 30 days","6 to 9 days","Heterosexual (straight)","Slightly overweight","1 to 3 times","1 to 3 times","1 to 3 times","4 to 6 times","1 to 3 glasses","5 days","4 days","1 hour per day","4 hours per day","0 teams","Yes","7 hours","4 to 6 times","4 to 6 times","0 times"
"14 years old","Female","9th grade","No","Black or African American",1.68,54.43,"Never wore a helmet","Most of the time","I did not drive the past 30 days","0 times","Yes","No","No","0 days","0 days","Heterosexual (straight)","About the right weight","4 or more times per day","1 to 3 times","Did not eat green salad","1 to 3 times","1 to 3 glasses","0 days","7 days","2 hours per day","3 hours per day","3 or more teams","No","6 hours","1 to 3 times","4 to 6 times","0 times"
"18 years old or older","Female","12th grade","No","Black or African American",1.63,48.08,"Never wore a helmet","Most of the time","I did not drive the past 30 days","4 or 5 times","No","No","No","0 days","0 days","Heterosexual (straight)","Slightly underweight","1 to 3 times","1 to 3 times","1 to 3 times","4 or more times per day","2 glasses per day","1 day","4 days","2 hours per day","2 hours per day","0 teams","Yes","4 or less hours","4 to 6 times","1 to 3 times","0 times"
"14 years old","Male","9th grade","Yes","Hispanic/Latino",1.75,104.33,"Never wore a helmet","Always","I did not drive the past 30 days","2 or 3 times","No","No","No","0 days","0 days","Heterosexual (straight)","Slightly overweight","1 time per day","4 to 6 times","4 to 6 times","1 to 3 times","2 glasses per day","4 days","5 days","3 hours per day","2 hours per day","1 team","No","7 hours","Did not drink sports drink","3 times per day","5 or more times"
"17 years old","Female","12th grade","No","Black or African American",1.63,58.97,"Never wore a helmet","Most of the time","1 or 2 days","0 times","No","No","No","0 days","0 days","Heterosexual (straight)","About the right weight","4 to 6 times","4 to 6 times","4 to 6 times","1 to 3 times","2 glasses per day","4 days","5 days","3 hours per day","No playing video/computer game","1 team","No","8 hours","1 time per day","1 time per day","0 times"
"16 years old","Female","11th grade","No","White",1.6,49.9,NA,NA,"I did not drive the past 30 days",NA,"No","No","Yes","0 days","0 days","Heterosexual (straight)","Slightly underweight","1 time per day","1 to 3 times","1 to 3 times","1 to 3 times",NA,NA,"1 day","3 hours per day","No playing video/computer game",NA,"No","6 hours",NA,NA,NA
"15 years old","Male","10th grade","Yes","Multiple - Hispanic / Latino",1.73,103.42,"Never wore a helmet","Never","0 days",NA,"No","No","No","0 days","6 to 9 days","Heterosexual (straight)","About the right weight","4 or more times per day","2 times per day","1 to 3 times","4 or more times per day","1 glass per day","1 day","7 days","3 hours per day","Less than 1 hour per day","1 team","No","8 hours","2 times per day","4 or more times per day","1 times"
"17 years old","Female","11th grade","No","Multiple - Non-Hispanic",1.7,61.24,"Never wore a helmet","Most of the time","1 or 2 days","0 times","No","No","No","0 days","0 days","Heterosexual (straight)","About the right weight","1 to 3 times","1 to 3 times","Did not eat green salad","1 to 3 times","Did not drink milk","2 days","1 day","2 hours per day","No playing video/computer game","0 teams","No","8 hours","4 to 6 times","1 to 3 times","0 times"
"18 years old or older","Female","12th grade","Yes","Hispanic/Latino",1.63,90.72,"Did not ride a bicycle","Always","All 30 days","0 times","No","No","No","10 to 19 days","0 days","bisexual","Slightly overweight","Did not drink fruit juice","1 to 3 times","1 to 3 times","1 to 3 times","1 to 3 glasses","5 days","1 day","No TV on average school day","3 hours per day","0 teams","Yes","6 hours","1 to 3 times","1 to 3 times","0 times"
"16 years old","Male","11th grade","No","White",1.78,72.58,"Never wore a helmet","Rarely","6 to 9 days","0 times","No","No","No","0 days","0 days","Heterosexual (straight)","About the right weight","1 to 3 times","4 to 6 times","1 to 3 times","2 times per day","1 glass per day","0 days","1 day","5 or more hours per day","1 hour per day","0 teams","Yes","6 hours","1 to 3 times","1 time per day","2 times"
"17 years old","Female","11th grade","No","White",NA,NA,"Never wore a helmet","Always","3 to 5 days","4 or 5 times","No","No","Yes","3 to 5 days","3 to 5 days",NA,"Slightly overweight","Did not drink fruit juice","4 to 6 times","4 to 6 times","1 to 3 times","1 to 3 glasses","5 days","4 days","1 hour per day","No playing video/computer game","0 teams","No","5 hours","1 to 3 times","4 or more times per day","5 or more times"
"16 years old","Female","11th grade","No","White",1.78,64.86,NA,NA,"1 or 2 days",NA,"No","No","No","0 days","1 or 2 days","Heterosexual (straight)","About the right weight","Did not drink fruit juice","1 to 3 times","1 to 3 times","1 to 3 times",NA,NA,"2 days","2 hours per day","1 hour per day",NA,"No","7 hours",NA,NA,NA
"14 years old","Female","9th grade","No","Multiple - Non-Hispanic",1.6,54.43,"Never wore a helmet","Most of the time","6 to 9 days","1 time","Yes","No","Yes","0 days","0 days","Heterosexual (straight)","About the right weight","1 to 3 times","4 to 6 times","1 to 3 times","Did not drink soda or pop","1 to 3 glasses","4 days","7 days","2 hours per day","3 hours per day","3 or more teams",NA,"4 or less hours",NA,NA,NA
"17 years old","Male","11th grade","Yes","Hispanic/Latino",1.68,62.14,"Never wore a helmet","Rarely","1 or 2 days","1 time","No","No","Yes","3 to 5 days","6 to 9 days","bisexual","Slightly underweight","4 to 6 times","2 times per day","Did not eat green salad","1 to 3 times","4 to 6 glasses","2 days","4 days","3 hours per day","2 hours per day","0 teams","No","7 hours","4 to 6 times","3 times per day","0 times"
"16 years old","Female","10th grade","No","White",1.52,72.58,"Never wore a helmet","Most of the time","0 days","0 times","No","Yes","Yes","0 days","0 days","bisexual","Slightly overweight","1 time per day","2 times per day","1 to 3 times","1 time per day","2 glasses per day","7 days","3 days","No TV on average school day","5 or more hours per day","0 teams","Yes","6 hours","Did not drink sports drink","4 or more times per day","5 or more times"
"18 years old or older","Male","12th grade","No","White",1.8,70.31,"Did not ride a bicycle","Always","20 to 29 days","0 times","No","No","No","0 days","10 to 19 days","Heterosexual (straight)","About the right weight","4 or more times per day","2 times per day","1 to 3 times","4 to 6 times","1 glass per day","7 days","7 days","Less than 1 hour per day","1 hour per day","3 or more teams","No","6 hours","3 times per day","2 times per day","1 times"
"15 years old","Male","10th grade","Yes","Multiple - Hispanic / Latino",1.83,78.47,"Did not ride a bicycle","Always","I did not drive the past 30 days","0 times","No","No","No","0 days","0 days","Heterosexual (straight)","Slightly overweight","1 to 3 times","1 to 3 times","4 to 6 times","4 to 6 times","1 glass per day","5 days","7 days","2 hours per day","1 hour per day","0 teams","Not sure","7 hours","1 to 3 times","4 to 6 times","1 times"
"17 years old","Female","12th grade","No","White",1.6,54.89,"Did not ride a bicycle","Always","6 to 9 days","0 times","No","No","No","0 days","0 days","Heterosexual (straight)","About the right weight","Did not drink fruit juice","1 to 3 times","Did not eat green salad","1 time per day","4 to 6 glasses","4 days","7 days","3 hours per day","2 hours per day","2 teams","No","7 hours","Did not drink sports drink","2 times per day","2 times"
"18 years old or older","Male","11th grade","No","Am Indian / Alaska Native",1.85,106.6,"Did not ride a bicycle","Never","0 days","0 times","No","No","No","0 days","0 days","Heterosexual (straight)","About the right weight","4 to 6 times","1 time per day","1 time per day","1 time per day","2 glasses per day","0 days","7 days","Less than 1 hour per day","Less than 1 hour per day","1 team","Yes","7 hours","2 times per day","4 or more times per day","0 times"
"16 years old","Male","9th grade","No","White",1.57,48.99,"Never wore a helmet","Always","0 days","6 or 7 times","No","No","Yes","0 days","0 days","Heterosexual (straight)","About the right weight","4 or more times per day","4 or more times per day","Did not eat green salad","4 or more times per day","2 glasses per day",NA,"6 days",NA,"5 or more hours per day","1 team","Yes",NA,"4 or more times per day","4 or more times per day","4 times"
"14 years old","Male","9th grade","No","White",1.78,86.18,"Never wore a helmet","Always","I did not drive the past 30 days","1 time","No","No","Yes","0 days","0 days","Heterosexual (straight)","Slightly overweight","4 to 6 times","1 to 3 times","1 to 3 times","2 times per day","2 glasses per day","7 days","0 days","No TV on average school day","4 hours per day","0 teams","No","8 hours","1 to 3 times","4 or more times per day","3 times"
"15 years old","Female","10th grade","No","White",1.57,63.5,NA,NA,"I did not drive the past 30 days",NA,"Yes","Yes","Yes","1 or 2 days","0 days","Heterosexual (straight)","About the right weight","1 to 3 times","1 time per day","1 to 3 times","1 time per day",NA,NA,"4 days","4 hours per day","Less than 1 hour per day",NA,"No","8 hours",NA,NA,NA
"15 years old","Female","10th grade","Yes","Hispanic/Latino",1.52,89.36,"Did not ride a bicycle","Always","0 days","0 times","No","No","No","0 days","0 days","Heterosexual (straight)","Very overweight","4 to 6 times","4 to 6 times","Did not eat green salad","1 to 3 times","1 to 3 glasses","5 days","0 days","3 hours per day","No playing video/computer game","0 teams","No","8 hours","Did not drink sports drink","4 or more times per day","0 times"
"16 years old","Male","11th grade","No","White",1.75,67.59,"Most of the time wore a helmet","Always","0 days","0 times","No","No","No","0 days","0 days","Heterosexual (straight)","Slightly underweight","1 time per day","3 times per day","Did not eat green salad","4 to 6 times","2 glasses per day","7 days","6 days","No TV on average school day","1 hour per day","3 or more teams","Yes","9 hours","1 time per day","3 times per day","0 times"
"15 years old","Male","9th grade","No","White",1.8,72.58,"Never wore a helmet","Most of the time","0 days","0 times","No","No","No","0 days","0 days","Heterosexual (straight)","About the right weight","1 to 3 times","1 to 3 times","4 to 6 times","1 to 3 times","Did not drink milk","7 days","7 days","No TV on average school day","Less than 1 hour per day","1 team","No","7 hours","1 to 3 times","4 or more times per day","3 times"
"16 years old","Female","11th grade","Yes","Multiple - Hispanic / Latino",1.85,78.47,NA,"Always","0 days",NA,"Yes","Yes","No",NA,"0 days","Heterosexual (straight)","Slightly overweight","4 to 6 times","4 to 6 times","4 to 6 times","4 or more times per day",NA,"7 days","1 day","5 or more hours per day","Less than 1 hour per day",NA,NA,NA,NA,NA,NA
"18 years old or older","Male","12th grade",NA,NA,1.75,72.58,"Never wore a helmet","Most of the time","3 to 5 days","0 times","No","Yes","No","0 days","0 days","Heterosexual (straight)","About the right weight","4 to 6 times","1 to 3 times","1 to 3 times","Did not drink soda or pop","4 to 6 glasses","3 days","0 days","No TV on average school day","5 or more hours per day","0 teams","No","6 hours","Did not drink sports drink","1 to 3 times","0 times"
"14 years old","Male","9th grade","Yes","Hispanic/Latino",1.65,49.9,"Did not ride a bicycle","Always","I did not drive the past 30 days","0 times","No","No","No","0 days","0 days","Heterosexual (straight)","About the right weight","2 times per day","1 to 3 times","Did not eat green salad","4 to 6 times","4 to 6 glasses","4 days","4 days","3 hours per day","2 hours per day","0 teams","Yes","8 hours","Did not drink sports drink","1 time per day","0 times"
"15 years old","Female","9th grade","Yes","Hispanic/Latino",1.55,54.43,"Never wore a helmet","Most of the time","I did not drive the past 30 days","0 times","No","No","No","0 days","0 days","Heterosexual (straight)","About the right weight","4 or more times per day","4 or more times per day","4 or more times per day","Did not drink soda or pop","1 to 3 glasses","7 days","2 days","1 hour per day","No playing video/computer game","0 teams","No","8 hours",NA,NA,NA
"14 years old","Female","9th grade","No","Asian",1.5,49.44,"Never wore a helmet","Always","0 days","0 times","No","No","No","0 days","1 or 2 days","Heterosexual (straight)","Slightly overweight","Did not drink fruit juice","1 to 3 times","1 to 3 times","Did not drink soda or pop","Did not drink milk","1 day","1 day","No TV on average school day","4 hours per day","1 team","No","5 hours","Did not drink sports drink","4 or more times per day","0 times"
"18 years old or older","Female","12th grade","Yes","Multiple - Hispanic / Latino",1.73,106.14,"Never wore a helmet","Always","I did not drive the past 30 days","0 times","Yes","No","Yes","0 days","0 days",NA,"Slightly overweight","1 to 3 times","4 to 6 times","1 time per day","Did not drink soda or pop","Did not drink milk","4 days","3 days","No TV on average school day","Less than 1 hour per day","0 teams","No","4 or less hours","Did not drink sports drink","4 or more times per day","1 times"
"17 years old","Male","12th grade","Yes","Hispanic/Latino",1.75,110.22,"Did not ride a bicycle","Always","0 days","1 time","Yes","No","Yes","All 30 days","20 to 29 days","Gay or lesbian","Very overweight","Did not drink fruit juice","Did not eat fruit","1 to 3 times","1 to 3 times","Did not drink milk","7 days","1 day","Less than 1 hour per day","2 hours per day","0 teams","No","6 hours","1 to 3 times","3 times per day","0 times"
NA,NA,NA,NA,NA,NA,NA,NA,"Rarely","1 or 2 days","0 times","No","Yes","No","0 days","0 days","Heterosexual (straight)","About the right weight","2 times per day","1 time per day","Did not eat green salad","1 time per day","1 glass per day","5 days","6 days","1 hour per day","3 hours per day","2 teams","No","5 hours","2 times per day","1 time per day","0 times"
"14 years old","Female","9th grade","Yes","Hispanic/Latino",NA,NA,"Did not ride a bicycle","Always","I did not drive the past 30 days","0 times","No","No","Yes","0 days","0 days","Heterosexual (straight)","Slightly overweight","Did not drink fruit juice","1 to 3 times","Did not eat green salad","1 to 3 times","1 to 3 glasses","2 days","5 days","No TV on average school day","2 hours per day","0 teams","No","9 hours","Did not drink sports drink","4 to 6 times","2 times"
"16 years old","Male","10th grade","Yes","Hispanic/Latino",1.6,83.92,"Did not ride a bicycle","Always","I did not drive the past 30 days","0 times","No","No","No","0 days","0 days","Heterosexual (straight)","Slightly overweight","Did not drink fruit juice","Did not eat fruit","Did not eat green salad","4 to 6 times","Did not drink milk","3 days","1 day","5 or more hours per day","5 or more hours per day","0 teams","No","7 hours",NA,NA,NA
"16 years old","Female","10th grade","No","White",NA,NA,"Did not ride a bicycle","Always","0 days","0 times","No","No","No","0 days","0 days","Not sure","Very underweight","3 times per day","2 times per day","Did not eat green salad","4 or more times per day","4 or more glasses per day","2 days","0 days","1 hour per day","4 hours per day","0 teams","Not sure","5 hours","1 to 3 times","Did not drink water","0 times"
"16 years old","Female","9th grade","No","White",1.6,50.35,"Never wore a helmet","Always","0 days","2 or 3 times","Yes","Yes","Yes","0 days","1 or 2 days","bisexual","Slightly underweight","1 time per day","2 times per day","Did not eat green salad","4 to 6 times","1 to 3 glasses","5 days","4 days","No TV on average school day","5 or more hours per day","1 team","Not sure","8 hours","1 to 3 times","2 times per day","5 or more times"
"15 years old","Female","9th grade","No","White",1.7,87.54,"Never wore a helmet","Rarely","I did not drive the past 30 days","1 time","Yes","Yes","Yes","6 to 9 days","3 to 5 days","Heterosexual (straight)","Slightly overweight","4 to 6 times","2 times per day","Did not eat green salad","1 time per day","3 glasses per day","2 days","3 days","1 hour per day","Less than 1 hour per day","0 teams","Yes","4 or less hours","4 to 6 times","2 times per day","0 times"
"18 years old or older","Female","12th grade","No","White",1.57,44.45,"Never wore a helmet","Rarely","1 or 2 days","0 times","No","No","No","0 days","0 days","Heterosexual (straight)","Very underweight","Did not drink fruit juice","1 to 3 times","1 to 3 times","1 to 3 times","Did not drink milk","1 day","7 days","2 hours per day","No playing video/computer game","1 team","No","7 hours","1 to 3 times","1 to 3 times","2 times"
"15 years old","Male","9th grade","No","White",1.65,52.16,"Did not ride a bicycle","Always","I did not drive the past 30 days","0 times","No","No","No","0 days","0 days","Heterosexual (straight)","About the right weight","1 to 3 times","4 to 6 times","1 to 3 times","4 to 6 times","4 or more glasses per day","5 days","5 days","3 hours per day","2 hours per day","2 teams","No","9 hours","1 to 3 times","4 or more times per day","5 or more times"
"17 years old","Female","12th grade","Yes","Multiple - Hispanic / Latino",NA,NA,NA,"Always","I did not drive the past 30 days","0 times","No","No","No","0 days","0 days","Heterosexual (straight)","Very overweight","Did not drink fruit juice","4 to 6 times","1 to 3 times","1 to 3 times","2 glasses per day","1 day","0 days","2 hours per day","No playing video/computer game","0 teams","No","6 hours","Did not drink sports drink","4 or more times per day","3 times"
"15 years old","Male","9th grade","Yes","Hispanic/Latino",NA,NA,"Never wore a helmet","Never","0 days","0 times","No","No","No","0 days","0 days","Heterosexual (straight)","Very overweight","1 to 3 times","Did not eat fruit","1 to 3 times","4 to 6 times","1 to 3 glasses","7 days","0 days","No TV on average school day","Less than 1 hour per day","0 teams",NA,NA,"Did not drink sports drink","4 or more times per day",NA
"18 years old or older","Male","12th grade","No","Black or African American",1.8,85.28,"Never wore a helmet","Always","0 days","0 times","Yes","No","No","0 days","1 or 2 days","Heterosexual (straight)","About the right weight","1 time per day","2 times per day","1 to 3 times","2 times per day","2 glasses per day","2 days","3 days","5 or more hours per day","5 or more hours per day","2 teams","No","7 hours","1 to 3 times","2 times per day","0 times"
"18 years old or older","Female","12th grade","No","White",1.68,62.14,"Never wore a helmet","Always","I did not drive the past 30 days","0 times","No","No","No","0 days","0 days","bisexual","About the right weight","Did not drink fruit juice","1 to 3 times","1 to 3 times","1 time per day","1 to 3 glasses","5 days","4 days","Less than 1 hour per day","5 or more hours per day","0 teams","No","5 hours","Did not drink sports drink","1 time per day","3 times"
"16 years old","Female","10th grade","Yes","Hispanic/Latino",1.55,55.79,"Did not ride a bicycle","Always","0 days","2 or 3 times","Yes","Yes","Yes","1 or 2 days","0 days","Heterosexual (straight)","About the right weight","2 times per day","Did not eat fruit","1 to 3 times","1 to 3 times","1 to 3 glasses","1 day","0 days","3 hours per day","3 hours per day","0 teams","No","5 hours","1 to 3 times","4 or more times per day","0 times"
"17 years old","Male","11th grade","Yes","Multiple - Hispanic / Latino",1.8,103.42,NA,"Always","I did not drive the past 30 days",NA,"No","No","Yes","6 to 9 days","1 or 2 days","Not sure","About the right weight","Did not drink fruit juice","1 time per day","4 to 6 times","1 to 3 times",NA,"2 days","7 days","2 hours per day","1 hour per day",NA,NA,NA,NA,NA,NA
"14 years old","Female","9th grade","No","Asian",1.73,58.97,"Did not ride a bicycle","Most of the time","I did not drive the past 30 days","0 times","Yes","No","Yes","0 days","0 days","Heterosexual (straight)","Very overweight","1 to 3 times","1 to 3 times","Did not eat green salad","1 to 3 times","4 to 6 glasses","6 days","2 days","5 or more hours per day","5 or more hours per day","0 teams","No","8 hours",NA,NA,NA
"15 years old","Male","10th grade","Yes","Hispanic/Latino",NA,NA,"Never wore a helmet","Always","I did not drive the past 30 days","0 times","Yes","No","Yes","0 days","0 days","Heterosexual (straight)","Slightly overweight","Did not drink fruit juice","Did not eat fruit","Did not eat green salad","2 times per day","1 glass per day","5 days","3 days","3 hours per day","5 or more hours per day","1 team","No","8 hours","1 to 3 times","1 time per day","2 times"
"16 years old","Female","10th grade","No","Asian",1.57,42.18,"Never wore a helmet","Always","0 days","0 times","No","No","No","0 days","0 days","Heterosexual (straight)","About the right weight","3 times per day","2 times per day","1 to 3 times","1 to 3 times","1 to 3 glasses","7 days","1 day","1 hour per day","Less than 1 hour per day","1 team","No","7 hours","Did not drink sports drink","2 times per day","2 times"
"17 years old","Male","11th grade","No","White",1.78,77.11,"Never wore a helmet","Most of the time","0 days","2 or 3 times","No","No","No","0 days","0 days",NA,"About the right weight","4 to 6 times","4 to 6 times","1 to 3 times","2 times per day","3 glasses per day","3 days","0 days","1 hour per day","5 or more hours per day","1 team","No","8 hours","4 to 6 times","2 times per day","2 times"
"16 years old","Female","11th grade","Yes","Hispanic/Latino",1.55,86.18,"Never wore a helmet","Most of the time","I did not drive the past 30 days","0 times","No","No","Yes","0 days","1 or 2 days","Heterosexual (straight)","Very overweight","1 time per day","1 time per day","1 to 3 times","1 time per day","Did not drink milk","7 days","1 day","3 hours per day","No playing video/computer game","0 teams","Yes","5 hours","Did not drink sports drink","4 or more times per day","0 times"
"15 years old","Female","10th grade","No","Asian",1.63,56.7,"Never wore a helmet","Most of the time","I did not drive the past 30 days","0 times","No","No","No","0 days","0 days","Heterosexual (straight)","About the right weight","1 to 3 times","1 time per day","1 to 3 times","1 to 3 times","1 to 3 glasses","5 days","2 days","No TV on average school day","3 hours per day","3 or more teams","No","7 hours","Did not drink sports drink","4 or more times per day","1 times"
"15 years old","Female","10th grade","No","White",1.65,51.71,"Never wore a helmet","Most of the time","0 days","2 or 3 times","Yes","No","Yes","10 to 19 days","1 or 2 days","Heterosexual (straight)","Slightly underweight","1 to 3 times","1 to 3 times",NA,"4 or more times per day","Did not drink milk","7 days","4 days",NA,NA,"0 teams","No","7 hours","1 to 3 times","Did not drink water","4 times"
"18 years old or older","Male","12th grade","No","White",1.73,76.66,"Most of the time wore a helmet","Always","0 days","0 times","No","No","No",NA,"0 days","Heterosexual (straight)","About the right weight","1 to 3 times","4 to 6 times","1 to 3 times","1 to 3 times","1 glass per day","4 days","7 days","1 hour per day","No playing video/computer game","0 teams","No","7 hours","Did not drink sports drink","4 or more times per day","5 or more times"
"16 years old","Male","10th grade","Yes","Hispanic/Latino",1.73,129.73,"Did not ride a bicycle","Always","0 days","2 or 3 times","No","No","No","0 days","1 or 2 days","Heterosexual (straight)","Very overweight","2 times per day","1 time per day","Did not eat green salad","4 to 6 times","4 to 6 glasses","2 days","5 days","Less than 1 hour per day","No playing video/computer game","2 teams","No","6 hours",NA,NA,NA
"17 years old","Female","11th grade","No","White",1.75,58.97,"Never wore a helmet","Always","0 days","0 times","No","No","No","0 days","0 days","Heterosexual (straight)","About the right weight","4 to 6 times","2 times per day","1 to 3 times","1 to 3 times","3 glasses per day","4 days","2 days","No TV on average school day","No playing video/computer game","1 team","Yes","5 hours","1 to 3 times","2 times per day","2 times"
"16 years old","Male","11th grade","Yes","Hispanic/Latino",1.63,56.7,"Did not ride a bicycle","Always","I did not drive the past 30 days","0 times","No","No","No","0 days",NA,"Heterosexual (straight)","Slightly underweight","4 to 6 times","4 to 6 times","1 to 3 times","1 to 3 times","4 to 6 glasses","3 days","2 days","Less than 1 hour per day","No playing video/computer game","1 team","No","7 hours","Did not drink sports drink","4 or more times per day","1 times"
"15 years old","Female","9th grade","No","White",1.52,50.35,"Never wore a helmet","Most of the time","I did not drive the past 30 days","2 or 3 times","Yes","Yes","No","1 or 2 days","6 to 9 days","Heterosexual (straight)","Slightly overweight","4 to 6 times","2 times per day","1 to 3 times","4 to 6 times","4 to 6 glasses","4 days","3 days","3 hours per day","5 or more hours per day","2 teams","No","7 hours","4 to 6 times","4 to 6 times","3 times"
"16 years old","Male","11th grade","No","White",1.78,54.43,NA,NA,"I did not drive the past 30 days",NA,"No","No","No","0 days","3 to 5 days","Heterosexual (straight)","Slightly underweight","1 to 3 times","1 to 3 times","1 to 3 times","3 times per day",NA,NA,"5 days","Less than 1 hour per day","5 or more hours per day",NA,"No","7 hours",NA,NA,NA
"17 years old","Female","12th grade","Yes","Multiple - Hispanic / Latino",1.6,68.04,"Did not ride a bicycle","Always","I did not drive the past 30 days","0 times","No","No","No","0 days","0 days","Heterosexual (straight)","Slightly overweight","1 to 3 times","1 to 3 times","4 to 6 times","1 time per day","1 to 3 glasses","2 days","5 days","4 hours per day","5 or more hours per day","1 team","No","6 hours","Did not drink sports drink","2 times per day","0 times"
"15 years old","Female","10th grade","Yes","Multiple - Hispanic / Latino",1.63,72.58,"Most of the time wore a helmet","Always","0 days","0 times","No","No",NA,"0 days","0 days","Not sure","About the right weight","Did not drink fruit juice","Did not eat fruit","Did not eat green salad","1 to 3 times","1 to 3 glasses","0 days","0 days","No TV on average school day","1 hour per day","0 teams","No","9 hours","1 to 3 times","Did not drink water","0 times"
"17 years old","Female","12th grade","No","Black or African American",NA,NA,NA,"Most of the time","0 days",NA,NA,"No","No","0 days","6 to 9 days","Heterosexual (straight)","Very underweight","4 to 6 times","Did not eat fruit","Did not eat green salad","4 to 6 times",NA,"1 day","0 days","Less than 1 hour per day","1 hour per day",NA,NA,NA,NA,NA,NA
"16 years old","Male","11th grade","No","White",1.83,104.33,"Most of the time wore a helmet","Most of the time","0 days","6 or 7 times","Yes","No","Yes","0 days","0 days","Heterosexual (straight)","Slightly overweight","Did not drink fruit juice","1 to 3 times","1 to 3 times","1 to 3 times","2 glasses per day","1 day","6 days","Less than 1 hour per day","2 hours per day","1 team","No","9 hours","Did not drink sports drink","1 time per day","1 times"
"16 years old","Male","10th grade","No","White",1.73,81.65,"Never wore a helmet","Rarely","6 to 9 days","1 time","No","No","No","0 days","0 days","Heterosexual (straight)","Slightly overweight","1 time per day","Did not eat fruit","1 to 3 times","1 to 3 times","1 to 3 glasses","1 day","5 days","2 hours per day","No playing video/computer game","0 teams","No","7 hours","1 to 3 times","3 times per day","1 times"
"16 years old","Female","11th grade","Yes","Multiple - Hispanic / Latino",1.57,58.97,NA,"Sometimes","0 days",NA,NA,NA,"No",NA,"0 days","Heterosexual (straight)","Very underweight","4 or more times per day","Did not eat fruit","Did not eat green salad","Did not drink soda or pop",NA,"7 days","0 days","5 or more hours per day","5 or more hours per day",NA,NA,NA,NA,NA,NA
"16 years old","Male","11th grade","Yes","Hispanic/Latino",NA,NA,"Never wore a helmet","Most of the time","I did not drive the past 30 days","0 times","No","No","No","0 days","0 days","Heterosexual (straight)","About the right weight","1 to 3 times","1 to 3 times","Did not eat green salad","4 to 6 times","2 glasses per day","0 days","7 days","No TV on average school day","5 or more hours per day","0 teams","No","6 hours","1 to 3 times","2 times per day","0 times"
"15 years old","Male","9th grade","No","White",1.8,76.2,"Never wore a helmet","Most of the time","3 to 5 days","2 or 3 times","No","No","Yes","20 to 29 days","6 to 9 days","Heterosexual (straight)","About the right weight","1 to 3 times","4 to 6 times","1 to 3 times","2 times per day","2 glasses per day","0 days","7 days","1 hour per day","2 hours per day","3 or more teams","No","5 hours","1 to 3 times","3 times per day","3 times"
"15 years old","Female","9th grade","Yes","Hispanic/Latino",1.57,44.45,"Never wore a helmet","Sometimes","0 days","0 times","No","No","Yes","0 days","0 days","Heterosexual (straight)","About the right weight","1 to 3 times","1 to 3 times","Did not eat green salad","Did not drink soda or pop","1 glass per day","5 days","5 days","4 hours per day","2 hours per day","2 teams","No","7 hours","Did not drink sports drink","4 or more times per day","0 times"
"14 years old","Female","9th grade","No","White",1.78,58.97,"Never wore a helmet","Sometimes","I did not drive the past 30 days","0 times","No","No","No","0 days","0 days","Not sure","About the right weight","Did not drink fruit juice","1 to 3 times","1 to 3 times","1 to 3 times","Did not drink milk","1 day",NA,NA,NA,"1 team","No","5 hours","1 to 3 times","4 to 6 times","3 times"
"17 years old","Male","11th grade","No","Am Indian / Alaska Native",1.78,113.4,"Never wore a helmet","Rarely","0 days","0 times","No","No","No","All 30 days","10 to 19 days","Heterosexual (straight)","About the right weight","Did not drink fruit juice","Did not eat fruit","Did not eat green salad","1 time per day","Did not drink milk","7 days","7 days","3 hours per day","1 hour per day","2 teams","No","6 hours","1 time per day","4 or more times per day","0 times"
"16 years old","Male","10th grade","No","White",1.78,59.88,"Did not ride a bicycle","Always","I did not drive the past 30 days","0 times","No","Yes","Yes","0 days","1 or 2 days","Heterosexual (straight)","Slightly underweight","Did not drink fruit juice","Did not eat fruit","Did not eat green salad","4 to 6 times","2 glasses per day","7 days","7 days","5 or more hours per day","5 or more hours per day","2 teams","No","7 hours","4 to 6 times","3 times per day","0 times"
"18 years old or older","Female","12th grade","Yes","Hispanic/Latino",1.63,85.28,"Never wore a helmet","Always","0 days","0 times","No","No","No","0 days","0 days","Heterosexual (straight)","Slightly overweight","4 to 6 times","1 to 3 times","4 to 6 times","2 times per day","Did not drink milk","3 days","5 days","2 hours per day","No playing video/computer game","0 teams","No","6 hours","4 to 6 times","4 or more times per day","0 times"
"17 years old","Female","11th grade","Yes","Multiple - Hispanic / Latino",1.6,54.43,"Never wore a helmet","Most of the time","0 days","0 times","No","No","No","0 days","0 days","Heterosexual (straight)","About the right weight","Did not drink fruit juice","1 to 3 times","4 to 6 times","Did not drink soda or pop","1 to 3 glasses","7 days","3 days","No TV on average school day","No playing video/computer game","0 teams",NA,"5 hours",NA,NA,NA
"17 years old","Female","11th grade","No","Black or African American",1.6,65.77,"Did not ride a bicycle","Always","0 days","0 times","No","No","No","0 days","0 days","Heterosexual (straight)","Slightly overweight","1 to 3 times","4 to 6 times","Did not eat green salad","1 to 3 times","Did not drink milk","4 days","3 days","4 hours per day","1 hour per day","0 teams",NA,"7 hours",NA,NA,NA
"17 years old","Female","12th grade","No","White",1.55,47.63,NA,NA,"0 days","0 times","No","No","Yes","0 days","0 days","Heterosexual (straight)","Slightly underweight","4 to 6 times","1 to 3 times","1 to 3 times","Did not drink soda or pop","1 to 3 glasses","7 days","5 days",NA,"3 hours per day","0 teams",NA,"7 hours",NA,NA,NA
"17 years old","Male","12th grade","No","Asian",1.83,90.27,"Most of the time wore a helmet","Always","0 days","0 times","No","No","No","0 days","0 days",NA,"About the right weight","4 or more times per day","4 or more times per day","3 times per day","3 times per day","3 glasses per day","3 days","3 days","Less than 1 hour per day","2 hours per day","1 team","No","7 hours","4 to 6 times","3 times per day","2 times"
"18 years old or older","Female","12th grade","No","White",1.52,51.71,"Did not ride a bicycle","Always","I did not drive the past 30 days","0 times","No","Yes","No","0 days","6 to 9 days","bisexual","About the right weight","Did not drink fruit juice","Did not eat fruit","Did not eat green salad","2 times per day","Did not drink milk","4 days","4 days","1 hour per day","2 hours per day","3 or more teams","Yes","5 hours","1 to 3 times","Did not drink water","2 times"
"14 years old","Female","9th grade","No","White",1.6,63.5,"Did not ride a bicycle","Rarely",NA,"0 times","No","No","Yes","20 to 29 days","1 or 2 days","Heterosexual (straight)","About the right weight","Did not drink fruit juice","1 to 3 times","Did not eat green salad","4 or more times per day","4 to 6 glasses","0 days","0 days","2 hours per day","No playing video/computer game","1 team","No","8 hours","Did not drink sports drink","1 to 3 times","0 times"
"16 years old","Male","11th grade","Yes","Multiple - Hispanic / Latino",1.78,83.46,"Did not ride a bicycle","Always",NA,NA,"No","No","No","0 days","0 days","Heterosexual (straight)","Slightly overweight","3 times per day","1 time per day","1 to 3 times","Did not drink soda or pop","1 glass per day","3 days","4 days","Less than 1 hour per day","Less than 1 hour per day","0 teams","No","7 hours",NA,NA,NA
"17 years old","Male","12th grade","Yes","Multiple - Hispanic / Latino",1.75,110.22,"Sometimes wore a helmet","Always","0 days","1 time","Yes","No","No","1 or 2 days","6 to 9 days","Gay or lesbian","Slightly overweight","1 to 3 times","1 to 3 times","1 to 3 times","1 to 3 times","1 to 3 glasses","5 days","1 day","1 hour per day","Less than 1 hour per day","0 teams","No","6 hours","1 to 3 times","4 or more times per day","0 times"
"16 years old","Male","10th grade","No","Black or African American",1.7,64.86,NA,"Most of the time","I did not drive the past 30 days",NA,"No","No","No","0 days","0 days","Heterosexual (straight)","Slightly overweight","3 times per day","3 times per day","Did not eat green salad","1 to 3 times",NA,"2 days","3 days","5 or more hours per day","5 or more hours per day",NA,NA,NA,NA,NA,NA
"16 years old","Female","11th grade","No","Black or African American",1.68,56.7,"Always wore a helmet","Always","I did not drive the past 30 days","0 times","No","No","No","0 days","0 days","Heterosexual (straight)","About the right weight","4 to 6 times","4 to 6 times","1 to 3 times","Did not drink soda or pop","Did not drink milk","7 days","7 days","No TV on average school day","No playing video/computer game","3 or more teams","No","6 hours","4 to 6 times","2 times per day","0 times"
"14 years old","Female","9th grade","Yes","Multiple - Hispanic / Latino",1.73,73.48,"Never wore a helmet","Always","I did not drive the past 30 days","0 times","No","No","No","0 days","0 days","Heterosexual (straight)","About the right weight","4 to 6 times","1 to 3 times","1 to 3 times","4 to 6 times","1 to 3 glasses","0 days","7 days","Less than 1 hour per day","Less than 1 hour per day","0 teams","No","7 hours","Did not drink sports drink","4 or more times per day","1 times"
"16 years old","Male",NA,"Yes","Multiple - Hispanic / Latino",1.7,64.41,"Never wore a helmet","Most of the time","0 days","1 time","No","No","No","0 days","0 days",NA,"About the right weight","4 to 6 times","1 to 3 times","1 to 3 times","1 time per day","4 to 6 glasses","7 days","2 days","2 hours per day","3 hours per day","1 team","No","8 hours","4 to 6 times","3 times per day","1 times"
"16 years old","Male","11th grade","No","White",1.78,72.58,NA,NA,"0 days",NA,"No","No","No","0 days","0 days","Heterosexual (straight)","About the right weight","Did not drink fruit juice","Did not eat fruit","Did not eat green salad","Did not drink soda or pop",NA,NA,"0 days","No TV on average school day","No playing video/computer game",NA,"No","4 or less hours",NA,NA,NA
"17 years old","Female","11th grade","Yes","Multiple - Hispanic / Latino",1.57,79.83,"Did not ride a bicycle","Always","0 days","0 times","No","No","No","0 days","0 days","Heterosexual (straight)","Slightly overweight","1 to 3 times","1 to 3 times","1 to 3 times","Did not drink soda or pop","1 to 3 glasses","0 days","2 days","3 hours per day","4 hours per day","1 team","No","7 hours",NA,NA,NA
"16 years old","Male","11th grade","No","White",1.73,54.43,"Never wore a helmet","Always","0 days","0 times","No","No","No","0 days","0 days","Heterosexual (straight)","About the right weight","1 to 3 times","4 to 6 times","1 to 3 times","1 to 3 times","1 glass per day","7 days","7 days","1 hour per day","Less than 1 hour per day","1 team","No","9 hours","4 to 6 times","4 or more times per day","0 times"
"18 years old or older","Male","12th grade","No","White",1.75,63.5,"Never wore a helmet","Never","6 to 9 days","0 times","Yes","No","No","0 days","1 or 2 days","Heterosexual (straight)","Slightly underweight","1 to 3 times","1 to 3 times","4 to 6 times","4 to 6 times","1 glass per day","5 days","4 days","3 hours per day","No playing video/computer game","0 teams","No","7 hours","1 to 3 times","3 times per day","1 times"
"18 years old or older","Male","12th grade","No","White",1.8,94.35,"Did not ride a bicycle","Most of the time","10 to 19 days","0 times","No","No","Yes","0 days","0 days","Heterosexual (straight)","Slightly overweight","1 to 3 times","Did not eat fruit","Did not eat green salad","1 to 3 times","4 to 6 glasses","7 days","7 days","Less than 1 hour per day","2 hours per day","2 teams","No","6 hours","4 to 6 times","4 or more times per day","2 times"
"14 years old","Male","9th grade","Yes","Hispanic/Latino",1.68,50.35,"Never wore a helmet","Always","0 days","0 times","No","No","No","0 days","1 or 2 days","Heterosexual (straight)","About the right weight","1 to 3 times","4 or more times per day","Did not eat green salad","1 to 3 times","1 glass per day","5 days","6 days","1 hour per day","1 hour per day","2 teams","Yes","8 hours","1 to 3 times","4 or more times per day","0 times"
"14 years old","Female","9th grade","No","Asian",1.57,56.7,"Always wore a helmet","Always","I did not drive the past 30 days","0 times","Yes","No","Yes","0 days","0 days","bisexual","Slightly overweight","1 to 3 times","4 to 6 times","Did not eat green salad","1 to 3 times","Did not drink milk","7 days","5 days","2 hours per day","5 or more hours per day","2 teams","Yes","7 hours","1 to 3 times","3 times per day","2 times"
"15 years old","Male","9th grade","No","White",1.78,88.45,"Rarely wore a helmet","Always","0 days","0 times","No","No","No","0 days","0 days","Heterosexual (straight)","About the right weight","1 time per day","1 time per day","1 to 3 times","Did not drink soda or pop","1 glass per day","7 days","7 days","3 hours per day","Less than 1 hour per day","2 teams","No","7 hours","2 times per day","4 or more times per day","0 times"
"16 years old","Male","10th grade","Yes","Hispanic/Latino",1.73,53.98,"Never wore a helmet","Always","0 days","0 times","Yes","Yes","Yes","0 days","6 to 9 days","Gay or lesbian","Very underweight","Did not drink fruit juice","Did not eat fruit","Did not eat green salad","4 or more times per day",NA,"1 day","7 days","Less than 1 hour per day","Less than 1 hour per day","0 teams","No","9 hours","Did not drink sports drink","4 or more times per day","0 times"
"17 years old","Female","12th grade","Yes","Multiple - Hispanic / Latino",1.57,76.2,"Never wore a helmet","Always","I did not drive the past 30 days","0 times","No","Yes","No","0 days","0 days","Heterosexual (straight)","Slightly overweight","Did not drink fruit juice","1 to 3 times","1 to 3 times","1 to 3 times","Did not drink milk","3 days","7 days","4 hours per day","5 or more hours per day","1 team","No","5 hours","Did not drink sports drink","4 or more times per day","2 times"
"16 years old","Male","11th grade","No","White",1.7,63.5,NA,NA,"6 to 9 days",NA,"No","No","No","0 days","1 or 2 days","Heterosexual (straight)","About the right weight","1 time per day","1 to 3 times","1 to 3 times","Did not drink soda or pop",NA,NA,"7 days","Less than 1 hour per day","Less than 1 hour per day",NA,"No",NA,NA,NA,NA
"14 years old","Male","9th grade","No","Black or African American",1.7,63.5,"Never wore a helmet","Most of the time","0 days","2 or 3 times","No","No","No","0 days","0 days","Heterosexual (straight)","About the right weight","3 times per day","4 to 6 times","Did not eat green salad","1 time per day","Did not drink milk","7 days","7 days","2 hours per day","2 hours per day","3 or more teams","Yes","8 hours","2 times per day","3 times per day","0 times"
"18 years old or older","Male","12th grade","No","White",1.78,70.31,"Never wore a helmet","Always","6 to 9 days","0 times","No","No","No","0 days","0 days","Heterosexual (straight)","About the right weight","1 to 3 times","1 to 3 times","Did not eat green salad","1 to 3 times","1 to 3 glasses","0 days","4 days","2 hours per day","Less than 1 hour per day","1 team","No","8 hours","1 to 3 times","4 to 6 times","3 times"
"18 years old or older","Female","12th grade","Yes","Multiple - Hispanic / Latino",1.65,61.24,"Did not ride a bicycle","Always","I did not drive the past 30 days","6 or 7 times","No","No","No","0 days","0 days","Heterosexual (straight)","About the right weight","1 time per day","4 or more times per day","1 to 3 times","2 times per day","4 to 6 glasses","5 days","0 days","1 hour per day","5 or more hours per day","0 teams","Yes","4 or less hours","Did not drink sports drink","4 or more times per day","0 times"
"17 years old","Female","11th grade","No","Am Indian / Alaska Native",1.5,66.23,"Did not ride a bicycle","Always","I did not drive the past 30 days","1 time","Yes","No","Yes","3 to 5 days","All 30 days","bisexual","Slightly overweight","1 to 3 times","1 time per day","1 time per day","2 times per day","Did not drink milk","4 days","5 days","No TV on average school day","5 or more hours per day","1 team","Yes","8 hours","1 to 3 times","4 or more times per day","0 times"
"16 years old","Male","10th grade","No","White",1.83,111.13,"Never wore a helmet","Always","0 days","0 times","No","No","No","10 to 19 days","3 to 5 days","Heterosexual (straight)","Slightly overweight","1 to 3 times","Did not eat fruit","Did not eat green salad","2 times per day","4 to 6 glasses","3 days","4 days","1 hour per day","5 or more hours per day","0 teams","No","6 hours","Did not drink sports drink","1 to 3 times","1 times"
"16 years old","Female","11th grade","No","Asian",1.57,59.88,"Did not ride a bicycle","Always","0 days","2 or 3 times","No","No","No","0 days","0 days","Heterosexual (straight)","Slightly overweight","1 to 3 times","1 to 3 times","1 to 3 times","Did not drink soda or pop","Did not drink milk","2 days","0 days","4 hours per day","5 or more hours per day","0 teams","No","7 hours","Did not drink sports drink","4 or more times per day","1 times"
"15 years old","Male","10th grade","Yes","Hispanic/Latino",1.68,60.33,"Never wore a helmet","Most of the time","0 days","0 times","No","No","No","0 days","0 days",NA,"About the right weight","4 to 6 times","1 to 3 times","1 to 3 times","4 to 6 times","1 glass per day","4 days","3 days","Less than 1 hour per day","Less than 1 hour per day",NA,NA,NA,"1 to 3 times","1 time per day",NA
"15 years old","Female","9th grade",NA,NA,1.52,52.16,"Never wore a helmet","Always","0 days","0 times","No","No","Yes","0 days","1 or 2 days","Heterosexual (straight)","Slightly overweight","1 to 3 times","4 to 6 times","4 to 6 times","Did not drink soda or pop","1 to 3 glasses","1 day",NA,"3 hours per day","No playing video/computer game","0 teams","Yes","6 hours","Did not drink sports drink","4 or more times per day","0 times"
"17 years old","Male","12th grade","No","White",1.75,65.77,NA,NA,"All 30 days",NA,"No","No","No",NA,NA,NA,NA,"2 times per day","4 to 6 times","1 time per day","4 to 6 times",NA,NA,"2 days","1 hour per day",NA,NA,NA,NA,NA,NA,NA
"18 years old or older","Female","12th grade","No","White",1.63,58.06,"Never wore a helmet","Always","All 30 days","0 times","Yes","Yes","Yes","0 days","1 or 2 days","Heterosexual (straight)","About the right weight","1 to 3 times","Did not eat fruit","Did not eat green salad","Did not drink soda or pop","Did not drink milk","2 days","5 days","No TV on average school day","Less than 1 hour per day","1 team","No","6 hours","1 to 3 times","4 or more times per day","2 times"
"16 years old","Female","12th grade","No","White",1.55,51.71,NA,NA,"10 to 19 days",NA,"No","No","No","0 days","1 or 2 days","Heterosexual (straight)","Slightly underweight","1 to 3 times","4 or more times per day","Did not eat green salad","1 to 3 times",NA,NA,"2 days","2 hours per day","No playing video/computer game",NA,"Yes","7 hours",NA,NA,NA
"17 years old","Female","12th grade","No","White",1.57,48.08,"Did not ride a bicycle","Sometimes","10 to 19 days","0 times","Yes","Yes","No","0 days","0 days","Heterosexual (straight)","About the right weight","Did not drink fruit juice","1 to 3 times","Did not eat green salad","3 times per day","1 to 3 glasses","7 days","7 days","Less than 1 hour per day","2 hours per day","2 teams","No","6 hours","Did not drink sports drink","1 time per day","3 times"
"15 years old","Male","10th grade","No","White",1.68,69.85,"Rarely wore a helmet","Always","I did not drive the past 30 days","0 times","No","No","No","0 days","0 days","Heterosexual (straight)","About the right weight","Did not drink fruit juice","1 to 3 times","1 time per day","1 to 3 times","4 to 6 glasses","3 days","2 days","No TV on average school day","No playing video/computer game","0 teams","Yes","10 or more hours","Did not drink sports drink","1 to 3 times","0 times"
"17 years old","Male","12th grade","Yes","Multiple - Hispanic / Latino",1.88,86.64,"Never wore a helmet","Always","0 days","0 times","No","No","No","0 days","0 days","Heterosexual (straight)","About the right weight","1 to 3 times","1 to 3 times","Did not eat green salad","2 times per day","1 to 3 glasses","5 days","7 days","2 hours per day","2 hours per day","2 teams","No","8 hours","4 to 6 times","2 times per day","1 times"
"15 years old","Male","9th grade","No","White",NA,NA,"Never wore a helmet","Most of the time","I did not drive the past 30 days","0 times","Yes","Yes","No","0 days","0 days","Heterosexual (straight)","Very overweight","1 to 3 times","1 to 3 times","Did not eat green salad","4 to 6 times","1 to 3 glasses","6 days","3 days","1 hour per day","No playing video/computer game","0 teams","Yes","8 hours","4 to 6 times","3 times per day","2 times"
"15 years old","Male","9th grade","Yes","Multiple - Hispanic / Latino",1.75,63.5,"Did not ride a bicycle","Always","I did not drive the past 30 days","0 times","No","No","No","0 days","0 days","Heterosexual (straight)","Very overweight","1 to 3 times","4 to 6 times","1 to 3 times","4 to 6 times","1 to 3 glasses","5 days","6 days","2 hours per day","Less than 1 hour per day","3 or more teams","No","8 hours","1 to 3 times","4 to 6 times","0 times"
"17 years old","Female","11th grade","Yes","Hispanic/Latino",1.57,49.9,"Did not ride a bicycle","Always","0 days","0 times","No","No","No","0 days","0 days","Heterosexual (straight)","About the right weight","3 times per day","4 to 6 times","Did not eat green salad","1 to 3 times","1 glass per day","2 days","3 days","3 hours per day","2 hours per day","1 team","Yes","7 hours","1 to 3 times","4 or more times per day","0 times"
"15 years old","Male","10th grade","No","White",1.78,61.24,"Never wore a helmet","Always","I did not drive the past 30 days","0 times","No","No","No","0 days","0 days","Heterosexual (straight)","Slightly underweight","Did not drink fruit juice","1 to 3 times","1 to 3 times","1 to 3 times","2 glasses per day","7 days","7 days","No TV on average school day","1 hour per day","3 or more teams","No","7 hours","1 to 3 times","4 or more times per day","0 times"
"17 years old","Male","11th grade","No","White",1.57,39.92,"Never wore a helmet","Always","I did not drive the past 30 days","0 times","No","No","Yes","0 days","0 days","Heterosexual (straight)","Very underweight","1 to 3 times","1 to 3 times","Did not eat green salad","2 times per day","Did not drink milk","3 days","0 days","5 or more hours per day","5 or more hours per day","1 team","No","7 hours","1 to 3 times","4 to 6 times","0 times"
"16 years old","Male","11th grade","Yes","Multiple - Hispanic / Latino",1.88,123.38,NA,NA,"6 to 9 days",NA,"No","No","No",NA,"0 days","Heterosexual (straight)","Slightly overweight","Did not drink fruit juice","4 or more times per day","Did not eat green salad","4 or more times per day",NA,NA,"3 days","5 or more hours per day","4 hours per day",NA,"No","10 or more hours",NA,NA,NA
"15 years old","Male","9th grade","No","Multiple - Non-Hispanic",1.75,114.31,NA,NA,NA,NA,"Yes","Yes","No","0 days","0 days","Heterosexual (straight)","Slightly overweight","1 to 3 times","2 times per day","4 to 6 times","2 times per day",NA,NA,"5 days","2 hours per day","3 hours per day",NA,NA,"9 hours",NA,NA,NA
"17 years old","Male","11th grade","No","Native Hawaiian/other PI",1.85,127.01,"Never wore a helmet","Always","I did not drive the past 30 days","0 times",NA,"No","No","0 days","0 days","Heterosexual (straight)","Slightly overweight","1 to 3 times","4 to 6 times","1 to 3 times","1 to 3 times","3 glasses per day","2 days","6 days","3 hours per day","2 hours per day","2 teams","Yes","8 hours",NA,NA,NA
"18 years old or older","Male","12th grade","No","White",1.7,53.52,"Never wore a helmet","Sometimes","I did not drive the past 30 days","0 times","No","No","Yes","0 days","0 days","Heterosexual (straight)","Slightly underweight","1 to 3 times","Did not eat fruit","Did not eat green salad","3 times per day","1 to 3 glasses","0 days","0 days","No TV on average school day","2 hours per day","0 teams","No","4 or less hours","Did not drink sports drink","Did not drink water","0 times"
"16 years old","Female","11th grade","No","White",1.6,54.43,"Rarely wore a helmet","Always","3 to 5 days","0 times","No","No","No","0 days","0 days","Heterosexual (straight)","About the right weight","1 to 3 times","1 time per day","1 time per day","4 to 6 times","Did not drink milk","0 days","2 days","Less than 1 hour per day","2 hours per day","1 team","No","5 hours","Did not drink sports drink","4 or more times per day","3 times"
"18 years old or older","Male","12th grade","Yes","Multiple - Hispanic / Latino",1.6,79.38,"Did not ride a bicycle","Always","1 or 2 days","0 times","No","No","No","1 or 2 days","0 days","Heterosexual (straight)","Slightly overweight","Did not drink fruit juice","Did not eat fruit","Did not eat green salad","1 to 3 times","Did not drink milk","0 days","0 days","Less than 1 hour per day","Less than 1 hour per day","0 teams","No","7 hours",NA,NA,NA
"14 years old","Male","9th grade","No","White",NA,NA,"Did not ride a bicycle","Always",NA,"1 time","Yes","No","No","0 days","0 days","Heterosexual (straight)","Slightly underweight","4 to 6 times","4 to 6 times","Did not eat green salad","1 time per day","1 glass per day","7 days","3 days","2 hours per day","5 or more hours per day","0 teams","No","8 hours","1 to 3 times","1 to 3 times","5 or more times"
"16 years old","Female","11th grade","No","White",1.63,56.7,"Never wore a helmet","Always","All 30 days","0 times","No","Yes","Yes","0 days","0 days","Heterosexual (straight)","About the right weight","Did not drink fruit juice","2 times per day","4 to 6 times","Did not drink soda or pop","Did not drink milk","2 days","2 days","No TV on average school day","1 hour per day","0 teams","Yes","5 hours","Did not drink sports drink","4 or more times per day","0 times"
"18 years old or older","Male","12th grade","No","White",1.9,117.94,"Never wore a helmet","Rarely",NA,"8 or 9 times","No","No","No","20 to 29 days","1 or 2 days","Heterosexual (straight)","About the right weight","2 times per day","4 to 6 times","1 to 3 times","1 to 3 times","2 glasses per day","2 days","7 days","1 hour per day","Less than 1 hour per day","1 team","No","9 hours","Did not drink sports drink","4 or more times per day","0 times"
"17 years old","Female","12th grade","No","Asian",1.6,47.63,"Always wore a helmet","Always","0 days","0 times","No","No","No","0 days","0 days",NA,"Slightly underweight","1 to 3 times","3 times per day","4 to 6 times","Did not drink soda or pop","1 glass per day","7 days","1 day","No TV on average school day","2 hours per day","1 team","No","6 hours","Did not drink sports drink","4 or more times per day","0 times"
"15 years old","Female","10th grade","No","Multiple - Non-Hispanic",1.6,58.97,NA,NA,"I did not drive the past 30 days",NA,"Yes","No","No","0 days","6 to 9 days","Heterosexual (straight)","Slightly overweight","Did not drink fruit juice","Did not eat fruit","Did not eat green salad","4 or more times per day",NA,NA,"3 days","5 or more hours per day","5 or more hours per day",NA,"No","5 hours",NA,NA,NA
"16 years old","Male","9th grade","Yes","Multiple - Hispanic / Latino",NA,NA,"Never wore a helmet","Never","All 30 days","12 or more times","No","No","No","0 days","0 days","Heterosexual (straight)","About the right weight","4 to 6 times","1 to 3 times","1 time per day","Did not drink soda or pop","4 or more glasses per day","7 days","7 days","Less than 1 hour per day","No playing video/computer game","3 or more teams","No","7 hours","1 to 3 times","4 or more times per day","0 times"
"17 years old","Female","12th grade","No","White",1.63,67.13,"Never wore a helmet","Always","1 or 2 days","0 times","Yes","Yes","No","0 days","0 days","Heterosexual (straight)","About the right weight","4 to 6 times","1 time per day","1 to 3 times","1 to 3 times","1 glass per day","7 days","7 days","Less than 1 hour per day","No playing video/computer game","2 teams","No","7 hours","4 to 6 times","4 or more times per day","3 times"
"17 years old","Female","12th grade","Yes","Multiple - Hispanic / Latino",1.6,63.5,"Never wore a helmet","Most of the time","0 days","0 times","No","No","No","0 days","0 days",NA,"Slightly overweight","Did not drink fruit juice","1 to 3 times","1 to 3 times","Did not drink soda or pop","Did not drink milk","2 days","0 days","5 or more hours per day","Less than 1 hour per day","0 teams","No","5 hours","Did not drink sports drink","4 or more times per day","4 times"
"18 years old or older","Female","12th grade","Yes","Hispanic/Latino",1.5,49.9,"Never wore a helmet","Always","0 days","0 times","No","No","No","0 days","6 to 9 days","Heterosexual (straight)","About the right weight","1 to 3 times","4 to 6 times","4 to 6 times","4 to 6 times","1 glass per day","7 days","3 days","3 hours per day","5 or more hours per day","0 teams","No","8 hours","1 to 3 times","2 times per day","1 times"
"17 years old","Female","12th grade","No","Black or African American",1.6,61.24,NA,"Most of the time","1 or 2 days",NA,"No","No","No","0 days","0 days",NA,NA,NA,NA,NA,NA,NA,NA,NA,NA,NA,NA,NA,NA,NA,NA,NA
"18 years old or older","Male","11th grade","No","Asian",1.63,52.16,"Did not ride a bicycle","Always","0 days","0 times","No","No","No","0 days","0 days","Heterosexual (straight)","About the right weight","Did not drink fruit juice","1 to 3 times","1 to 3 times","Did not drink soda or pop","4 to 6 glasses","7 days","7 days","2 hours per day","2 hours per day","3 or more teams","No","8 hours","1 to 3 times","4 to 6 times","0 times"
"14 years old","Male","9th grade","Yes","Multiple - Hispanic / Latino",1.78,66.68,"Never wore a helmet","Sometimes","0 days","2 or 3 times","No","No","No","0 days","6 to 9 days","Heterosexual (straight)","About the right weight","4 to 6 times","4 to 6 times","4 or more times per day","4 to 6 times","4 to 6 glasses","7 days","7 days","2 hours per day","5 or more hours per day","1 team","Yes","8 hours","1 time per day","1 to 3 times","0 times"
"14 years old","Male","9th grade","No","White",1.75,59.88,NA,NA,"0 days",NA,"No","No","No","0 days","0 days","Heterosexual (straight)","About the right weight","Did not drink fruit juice","4 or more times per day","1 to 3 times","1 time per day",NA,NA,"7 days","2 hours per day","3 hours per day",NA,"Yes","4 or less hours",NA,NA,NA
"16 years old","Male","10th grade","Yes","Hispanic/Latino",1.7,75.75,"Never wore a helmet","Most of the time","0 days","4 or 5 times","No","No","Yes","0 days","3 to 5 days",NA,"Slightly overweight","1 to 3 times","Did not eat fruit","4 to 6 times","Did not drink soda or pop","1 glass per day","0 days","7 days","No TV on average school day","2 hours per day","2 teams","Yes","4 or less hours","2 times per day","4 or more times per day","0 times"
"15 years old","Female","9th grade","Yes","Multiple - Hispanic / Latino",1.68,58.97,NA,"Most of the time","I did not drive the past 30 days",NA,"Yes","No","No","0 days","0 days","Heterosexual (straight)","Slightly overweight","1 to 3 times","1 to 3 times","Did not eat green salad","Did not drink soda or pop",NA,"7 days","5 days","Less than 1 hour per day","3 hours per day",NA,NA,NA,NA,NA,NA
"18 years old or older","Female","12th grade","Yes","Multiple - Hispanic / Latino",NA,NA,"Sometimes wore a helmet","Most of the time","0 days","0 times","No","No","No","0 days","0 days","Heterosexual (straight)","About the right weight","4 or more times per day","2 times per day","Did not eat green salad","1 to 3 times","4 to 6 glasses","6 days","1 day","No TV on average school day","Less than 1 hour per day","1 team","No","7 hours","1 to 3 times","4 or more times per day","0 times"
"15 years old","Female","9th grade","Yes","Multiple - Hispanic / Latino",1.7,68.04,"Did not ride a bicycle","Always","0 days","1 time","No","No","Yes","1 or 2 days","6 to 9 days","Heterosexual (straight)","Slightly overweight","2 times per day","3 times per day","1 to 3 times","Did not drink soda or pop","1 to 3 glasses","0 days","3 days","1 hour per day","No playing video/computer game","0 teams","No","5 hours",NA,NA,NA
"15 years old","Male","9th grade","No","White",1.65,72.58,"Rarely wore a helmet","Always","I did not drive the past 30 days","0 times","No","No","No","0 days","0 days","Heterosexual (straight)","About the right weight","1 to 3 times","2 times per day","Did not eat green salad","1 to 3 times","1 glass per day","7 days","7 days","1 hour per day","Less than 1 hour per day","3 or more teams","No","9 hours","4 to 6 times","3 times per day","3 times"
"15 years old","Female","9th grade","No","White",1.75,68.04,"Never wore a helmet","Always","0 days","0 times","Yes","No","No","0 days","0 days","Heterosexual (straight)","About the right weight","1 to 3 times","1 to 3 times","1 to 3 times","1 to 3 times","4 or more glasses per day","7 days","7 days","1 hour per day","No playing video/computer game","3 or more teams","No","9 hours","1 to 3 times","4 or more times per day","5 or more times"
"18 years old or older","Female","12th grade","No","Asian",1.6,66.23,"Did not ride a bicycle","Always","0 days","0 times","No","No","No","0 days","0 days","Not sure","Slightly overweight","Did not drink fruit juice","4 to 6 times","Did not eat green salad","1 to 3 times","1 to 3 glasses","3 days","0 days","2 hours per day","4 hours per day","0 teams","No","7 hours","1 to 3 times","2 times per day","0 times"
"18 years old or older","Male","12th grade","No","White",1.83,72.58,"Never wore a helmet","Most of the time","0 days","0 times","Yes","No","Yes","0 days","0 days","Heterosexual (straight)","Slightly overweight","Did not drink fruit juice","Did not eat fruit","Did not eat green salad","1 to 3 times","1 glass per day","1 day","7 days","Less than 1 hour per day","1 hour per day","2 teams","No","7 hours","1 to 3 times","4 or more times per day","4 times"
"18 years old or older","Female","12th grade","No","Multiple - Non-Hispanic",1.57,65.77,NA,NA,"3 to 5 days",NA,"No","No","Yes","0 days","0 days","Not sure","Slightly underweight","1 to 3 times","1 to 3 times","1 to 3 times","Did not drink soda or pop",NA,NA,"3 days","No TV on average school day","No playing video/computer game",NA,"No","6 hours",NA,NA,NA
"18 years old or older","Male","12th grade","No","White",1.8,99.79,"Did not ride a bicycle","Always","0 days","0 times","No","No","No","0 days","1 or 2 days","Heterosexual (straight)","Slightly overweight","1 to 3 times","1 to 3 times","Did not eat green salad","1 to 3 times","2 glasses per day","1 day","5 days","No TV on average school day","5 or more hours per day","0 teams","No","5 hours","Did not drink sports drink","4 to 6 times","0 times"
"17 years old","Male","11th grade","No","Black or African American",1.7,84.37,"Never wore a helmet","Never","I did not drive the past 30 days","6 or 7 times","No","No","Yes","3 to 5 days","0 days","Heterosexual (straight)","Slightly underweight","4 to 6 times","1 time per day","2 times per day","1 time per day","Did not drink milk","1 day","0 days","Less than 1 hour per day","No playing video/computer game","0 teams","Not sure","4 or less hours",NA,NA,NA
"14 years old","Female","9th grade","No","Black or African American",1.5,41.73,"Did not ride a bicycle","Always",NA,"0 times","No","No","No","0 days","0 days","bisexual","About the right weight","3 times per day","1 to 3 times","Did not eat green salad","1 to 3 times","Did not drink milk","1 day","5 days","No TV on average school day","1 hour per day","2 teams","No","6 hours",NA,NA,NA
"16 years old","Male","10th grade","No","Black or African American",NA,NA,NA,"Always","0 days",NA,"No","No","No","0 days","1 or 2 days","Heterosexual (straight)","Slightly underweight","1 to 3 times","1 to 3 times","Did not eat green salad","Did not drink soda or pop",NA,"4 days","0 days","No TV on average school day","2 hours per day",NA,NA,NA,NA,NA,NA
"17 years old","Male","11th grade","No","White",1.85,113.4,"Did not ride a bicycle","Always","I did not drive the past 30 days","1 time","Yes","No","Yes","0 days","0 days","Heterosexual (straight)","Slightly overweight","1 to 3 times","Did not eat fruit","Did not eat green salad","1 to 3 times","4 to 6 glasses","7 days","3 days","5 or more hours per day","5 or more hours per day","0 teams","Yes","8 hours","Did not drink sports drink","4 or more times per day","3 times"
"16 years old","Male","11th grade","No","White",1.78,69.4,NA,NA,"I did not drive the past 30 days",NA,"No","No","No","0 days","0 days","Heterosexual (straight)","About the right weight","4 to 6 times","1 to 3 times","1 to 3 times","4 to 6 times",NA,NA,"2 days","Less than 1 hour per day","2 hours per day",NA,"No","8 hours",NA,NA,NA
"16 years old","Male","10th grade","No","Black or African American",1.65,99.34,NA,"Most of the time","0 days",NA,"No","No","No","0 days","0 days",NA,"Slightly overweight","1 to 3 times","4 to 6 times","Did not eat green salad","Did not drink soda or pop","1 glass per day","7 days","7 days","3 hours per day",NA,"2 teams","Yes",NA,"1 to 3 times","3 times per day","0 times"
"17 years old","Male","11th grade","No","Asian",1.68,86.18,"Did not ride a bicycle",NA,"0 days","10 or 11 times",NA,NA,"Yes","1 or 2 days","All 30 days",NA,"Slightly overweight","4 or more times per day","3 times per day","4 to 6 times","1 time per day","4 to 6 glasses","2 days","2 days","1 hour per day","4 hours per day",NA,"Yes","6 hours",NA,NA,NA
"15 years old","Female","10th grade","No","Black or African American",1.6,56.7,"Sometimes wore a helmet","Sometimes","0 days","0 times","Yes","Yes","Yes","0 days","0 days","bisexual","About the right weight","1 to 3 times","1 to 3 times","1 to 3 times","1 to 3 times","1 to 3 glasses","7 days","0 days","No TV on average school day","No playing video/computer game","0 teams","No","5 hours",NA,NA,NA
"16 years old","Male","10th grade","No","Multiple - Non-Hispanic",1.83,69.85,NA,"Always","1 or 2 days",NA,NA,"No","Yes",NA,"1 or 2 days","Heterosexual (straight)","Very underweight","1 time per day","Did not eat fruit","Did not eat green salad","2 times per day",NA,"3 days","0 days","5 or more hours per day","5 or more hours per day",NA,NA,NA,NA,NA,NA
"16 years old","Male","11th grade","No","White",NA,NA,"Most of the time wore a helmet","Always","1 or 2 days","0 times","Yes","Yes","No","0 days","1 or 2 days","Heterosexual (straight)","Slightly overweight","Did not drink fruit juice","Did not eat fruit","Did not eat green salad","Did not drink soda or pop","Did not drink milk","0 days","0 days","No TV on average school day","No playing video/computer game","0 teams","No","8 hours","Did not drink sports drink","Did not drink water","0 times"
"16 years old","Female","11th grade","Yes","Hispanic/Latino",NA,NA,"Never wore a helmet","Never","0 days","1 time","No","No","No","0 days","0 days","Heterosexual (straight)","Very underweight","2 times per day","1 to 3 times","Did not eat green salad","4 to 6 times","Did not drink milk","0 days",NA,NA,NA,NA,NA,"8 hours",NA,NA,NA
"17 years old","Female","11th grade","No","Black or African American",1.5,83.92,"Did not ride a bicycle","Sometimes","0 days","0 times","No","No","No","0 days","0 days","Heterosexual (straight)","About the right weight","4 to 6 times","1 to 3 times","Did not eat green salad","1 to 3 times","Did not drink milk","7 days","3 days","3 hours per day","2 hours per day","1 team","No","9 hours","Did not drink sports drink","4 or more times per day","0 times"
"17 years old","Female","11th grade","No",NA,1.55,52.62,"Sometimes wore a helmet","Always","I did not drive the past 30 days","1 time","Yes","Yes","Yes","0 days","0 days","bisexual","About the right weight","1 to 3 times","2 times per day","1 to 3 times","1 to 3 times","4 to 6 glasses","4 days","2 days","1 hour per day","4 hours per day","0 teams",NA,"8 hours",NA,NA,NA
"16 years old","Male","10th grade","Yes","Multiple - Hispanic / Latino",1.78,74.84,"Did not ride a bicycle","Always","20 to 29 days","0 times","No","No","No","0 days","0 days","Heterosexual (straight)","About the right weight","1 to 3 times","1 to 3 times","4 to 6 times","4 to 6 times","4 or more glasses per day","5 days","7 days","3 hours per day","5 or more hours per day","3 or more teams","No","7 hours","4 to 6 times","4 or more times per day","0 times"
"18 years old or older","Female","12th grade","No","White",1.55,47.63,"Rarely wore a helmet","Most of the time","0 days","0 times","No","No","Yes","0 days","0 days","Heterosexual (straight)","Very underweight","4 to 6 times","4 to 6 times","1 to 3 times","Did not drink soda or pop","4 to 6 glasses","6 days","0 days","Less than 1 hour per day","5 or more hours per day","1 team","No","8 hours","Did not drink sports drink","2 times per day","1 times"
"15 years old","Male","9th grade","No","White",1.63,70.31,"Always wore a helmet","Always",NA,"0 times","No","No","No","0 days","0 days","Heterosexual (straight)","About the right weight","4 or more times per day","1 time per day","1 time per day","1 time per day","1 glass per day","7 days","5 days","Less than 1 hour per day","2 hours per day","3 or more teams","Yes","7 hours","1 time per day","4 or more times per day","2 times"
"16 years old","Male","11th grade","No","Black or African American",1.75,58.97,"Never wore a helmet","Always","I did not drive the past 30 days","2 or 3 times","No","No","No","0 days","0 days","Heterosexual (straight)","About the right weight","1 to 3 times","1 to 3 times","1 to 3 times","1 to 3 times","1 to 3 glasses","3 days","3 days","Less than 1 hour per day","No playing video/computer game","0 teams",NA,"7 hours",NA,NA,NA
"17 years old","Female","12th grade","No","White",1.63,86.18,"Never wore a helmet","Most of the time","All 30 days","0 times","No","No","Yes","All 30 days","3 to 5 days","Heterosexual (straight)","Slightly overweight","1 time per day","Did not eat fruit","Did not eat green salad","3 times per day","Did not drink milk","3 days","0 days","1 hour per day","5 or more hours per day","0 teams","No","5 hours","Did not drink sports drink","Did not drink water","3 times"
"17 years old","Female","12th grade","No","White",1.73,61.24,"Never wore a helmet","Most of the time","All 30 days","0 times","No","No","No","0 days","0 days","Heterosexual (straight)","About the right weight","1 to 3 times","1 to 3 times","1 to 3 times","Did not drink soda or pop","4 to 6 glasses","7 days","6 days","Less than 1 hour per day","5 or more hours per day","3 or more teams","No","8 hours","1 to 3 times","4 to 6 times","3 times"
"17 years old","Male","11th grade","No","White",1.83,90.72,"Never wore a helmet","Always","6 to 9 days","0 times","No","No","No","0 days","1 or 2 days","Heterosexual (straight)","About the right weight","1 to 3 times","1 to 3 times","1 to 3 times","1 to 3 times","1 to 3 glasses","7 days","7 days","4 hours per day","2 hours per day","3 or more teams","No","7 hours","1 to 3 times","1 to 3 times","0 times"
"15 years old","Female","10th grade","No","White",1.6,53.07,"Never wore a helmet","Most of the time","I did not drive the past 30 days","0 times","No","No","No","0 days","0 days","Heterosexual (straight)","About the right weight","4 to 6 times","4 to 6 times","1 to 3 times","1 to 3 times","2 glasses per day","3 days","6 days","Less than 1 hour per day","1 hour per day","1 team","No","8 hours","1 to 3 times","4 to 6 times","2 times"
"18 years old or older","Female","12th grade","No","Black or African American",1.57,58.51,"Did not ride a bicycle","Always","0 days","0 times","No","No","No","0 days","0 days","Not sure","About the right weight","4 or more times per day","2 times per day","Did not eat green salad","1 time per day","Did not drink milk","6 days","0 days","No TV on average school day","No playing video/computer game","0 teams","No","5 hours","1 to 3 times","1 to 3 times","0 times"
"14 years old","Male","9th grade","No","White",1.6,61.69,NA,NA,NA,NA,"No","No","No","0 days","0 days","Heterosexual (straight)","About the right weight","4 to 6 times","4 to 6 times","Did not eat green salad","4 to 6 times",NA,NA,"7 days","Less than 1 hour per day","5 or more hours per day",NA,"No","9 hours",NA,NA,NA
"17 years old","Male","12th grade","No","White",1.73,68.04,"Rarely wore a helmet","Most of the time",NA,"0 times","Yes","No","No","0 days","1 or 2 days","Heterosexual (straight)","About the right weight","Did not drink fruit juice","4 or more times per day","3 times per day","Did not drink soda or pop","Did not drink milk","7 days","7 days","No TV on average school day","No playing video/computer game","1 team","No","5 hours","Did not drink sports drink","4 or more times per day","2 times"
"18 years old or older","Female","12th grade","Yes","Hispanic/Latino",1.65,63.5,"Did not ride a bicycle","Sometimes","0 days","0 times","No","No","No","20 to 29 days","0 days","Heterosexual (straight)","Slightly overweight","Did not drink fruit juice","4 to 6 times","1 to 3 times","Did not drink soda or pop","Did not drink milk","0 days","0 days","Less than 1 hour per day","2 hours per day","0 teams",NA,"5 hours",NA,NA,NA
"16 years old","Male","10th grade","No","White",1.7,56.7,"Sometimes wore a helmet","Always","0 days","0 times","No","No","No","0 days","0 days","Heterosexual (straight)","Slightly underweight","1 to 3 times","1 time per day","1 time per day","1 to 3 times","1 to 3 glasses","2 days","5 days","No TV on average school day","2 hours per day","0 teams","No","8 hours","Did not drink sports drink","3 times per day","2 times"
"17 years old","Female","12th grade","No","White",1.78,62.6,NA,NA,NA,NA,"No","No","No","0 days","0 days","Heterosexual (straight)","About the right weight","1 to 3 times","2 times per day","4 to 6 times","1 time per day",NA,NA,"3 days","No TV on average school day","No playing video/computer game",NA,"No","7 hours",NA,NA,NA
"14 years old","Female","9th grade","No","White",1.57,52.16,NA,NA,"0 days",NA,"Yes","Yes","Yes","0 days","0 days","Heterosexual (straight)","About the right weight","Did not drink fruit juice","1 to 3 times","Did not eat green salad","1 to 3 times",NA,NA,"4 days","No TV on average school day","5 or more hours per day",NA,"No","7 hours",NA,NA,NA
"18 years old or older","Female","12th grade","Yes","Multiple - Hispanic / Latino",1.63,74.39,"Sometimes wore a helmet","Most of the time","I did not drive the past 30 days","0 times","No","No","Yes","1 or 2 days","0 days","Heterosexual (straight)","Slightly underweight","1 to 3 times","4 to 6 times","1 to 3 times","1 to 3 times","1 to 3 glasses","7 days","1 day","2 hours per day","3 hours per day","1 team","No","8 hours","1 to 3 times","1 to 3 times","0 times"
"15 years old","Male","10th grade","No","Black or African American",1.63,83.92,NA,NA,"I did not drive the past 30 days",NA,"No","No","No","0 days","20 to 29 days","Heterosexual (straight)","About the right weight","Did not drink fruit juice","Did not eat fruit","Did not eat green salad","Did not drink soda or pop",NA,NA,"0 days","No TV on average school day","No playing video/computer game",NA,"Yes","4 or less hours",NA,NA,NA
"15 years old","Male","10th grade","No","Multiple - Non-Hispanic",1.73,73.94,"Never wore a helmet","Always","I did not drive the past 30 days","0 times","No","No","No","0 days","3 to 5 days","Heterosexual (straight)","About the right weight","Did not drink fruit juice","4 to 6 times","1 to 3 times","1 to 3 times","4 to 6 glasses","7 days","7 days","Less than 1 hour per day","1 hour per day","0 teams","Yes","8 hours","1 to 3 times","4 or more times per day","4 times"
"16 years old","Male","11th grade","No","White",1.75,68.04,NA,NA,"I did not drive the past 30 days",NA,"Yes","Yes","No","0 days","1 or 2 days","Heterosexual (straight)","About the right weight","1 to 3 times","1 to 3 times","Did not eat green salad","4 to 6 times",NA,NA,"5 days","No TV on average school day","3 hours per day",NA,"Yes","5 hours",NA,NA,NA
"16 years old","Male","10th grade","Yes","Hispanic/Latino",1.73,70.31,"Never wore a helmet","Always","1 or 2 days","1 time","No","No","Yes","0 days","0 days",NA,NA,NA,NA,NA,NA,"1 to 3 glasses","5 days","0 days","2 hours per day","5 or more hours per day","0 teams","No",NA,NA,"1 to 3 times","0 times"
"15 years old","Female","10th grade","No","White",1.65,54.43,NA,"Always","I did not drive the past 30 days",NA,"No","No","No","0 days","0 days","Heterosexual (straight)","Slightly overweight","Did not drink fruit juice","4 to 6 times","4 to 6 times","Did not drink soda or pop",NA,"3 days","3 days","No TV on average school day","No playing video/computer game",NA,NA,NA,NA,NA,NA
"15 years old","Female","9th grade","No","Multiple - Non-Hispanic",1.52,42.18,"Most of the time wore a helmet","Most of the time","0 days","0 times","No","No","No","0 days","0 days","Heterosexual (straight)","Slightly underweight","1 to 3 times","4 to 6 times","1 time per day","4 to 6 times","Did not drink milk","7 days","3 days","Less than 1 hour per day","5 or more hours per day","0 teams","Not sure","6 hours","Did not drink sports drink","4 or more times per day","0 times"
"17 years old","Male","11th grade","No","Black or African American",1.75,81.19,"Rarely wore a helmet","Always","I did not drive the past 30 days","1 time","No",NA,"No","0 days","0 days","Heterosexual (straight)","Slightly overweight","Did not drink fruit juice","1 to 3 times","Did not eat green salad","1 to 3 times","Did not drink milk","2 days","3 days","2 hours per day",NA,NA,NA,NA,"Did not drink sports drink","4 or more times per day",NA
"17 years old","Male","12th grade","Yes","Multiple - Hispanic / Latino",1.68,74.84,"Rarely wore a helmet","Always",NA,"1 time","Yes","No","No",NA,"1 or 2 days","Heterosexual (straight)","Very underweight","4 to 6 times","3 times per day","1 to 3 times","1 time per day","1 glass per day","7 days","0 days","Less than 1 hour per day","Less than 1 hour per day","1 team","No","7 hours",NA,NA,NA
"17 years old","Female","12th grade","No","White",1.7,69.85,"Sometimes wore a helmet","Always","All 30 days","0 times","No","No","No","0 days","0 days","Heterosexual (straight)","Slightly overweight","Did not drink fruit juice","1 time per day","Did not eat green salad","1 to 3 times","2 glasses per day","1 day","5 days","Less than 1 hour per day","No playing video/computer game","1 team","Yes","6 hours","Did not drink sports drink","4 or more times per day","3 times"
"18 years old or older","Female","12th grade","No","White",1.63,53.07,"Never wore a helmet","Most of the time","20 to 29 days","0 times","No","No","No","0 days","0 days","Heterosexual (straight)","About the right weight","1 to 3 times","1 to 3 times","Did not eat green salad","2 times per day","4 to 6 glasses","7 days","4 days","Less than 1 hour per day","1 hour per day","1 team","No","7 hours","Did not drink sports drink","4 to 6 times","2 times"
"17 years old","Female","11th grade","No","Multiple - Non-Hispanic",1.73,90.72,"Did not ride a bicycle","Always","0 days","0 times","No","No","No","0 days","0 days","Heterosexual (straight)","Slightly overweight","Did not drink fruit juice","1 to 3 times","1 to 3 times","Did not drink soda or pop","1 glass per day","5 days","3 days","Less than 1 hour per day","5 or more hours per day","0 teams","No","6 hours",NA,NA,NA
"18 years old or older","Female","12th grade","Yes","Multiple - Hispanic / Latino",1.63,71.67,"Never wore a helmet","Always","1 or 2 days","0 times","Yes","No","Yes","0 days","3 to 5 days","Heterosexual (straight)","Slightly overweight","Did not drink fruit juice","1 to 3 times","1 to 3 times","1 to 3 times","1 to 3 glasses","3 days","0 days","1 hour per day","No playing video/computer game","1 team","No","5 hours","Did not drink sports drink","4 or more times per day","2 times"
"18 years old or older","Male","12th grade","No","White",1.83,57.61,"Sometimes wore a helmet","Always","0 days","0 times","No","No","Yes","0 days","0 days","Gay or lesbian","Slightly underweight","4 or more times per day","1 time per day","2 times per day","1 to 3 times","1 to 3 glasses","0 days","0 days","Less than 1 hour per day","3 hours per day","0 teams","No","4 or less hours","1 to 3 times","4 or more times per day","1 times"
"15 years old","Male","9th grade","No","Asian",1.68,64.86,"Never wore a helmet","Always","I did not drive the past 30 days","0 times","No","No","No","0 days","0 days","Heterosexual (straight)","Slightly overweight","1 to 3 times","1 to 3 times","Did not eat green salad","1 to 3 times","Did not drink milk","7 days","7 days","Less than 1 hour per day","5 or more hours per day","3 or more teams","Yes","8 hours","4 to 6 times","4 or more times per day","0 times"
"16 years old","Female","11th grade","No","White",1.65,49.9,"Did not ride a bicycle","Always","0 days","0 times","No","No","No","0 days","0 days","Heterosexual (straight)","About the right weight","1 to 3 times","1 to 3 times","Did not eat green salad","1 to 3 times","3 glasses per day","7 days","5 days","2 hours per day","Less than 1 hour per day","0 teams","No","8 hours","1 to 3 times","1 to 3 times","0 times"
"16 years old","Male","11th grade","Yes","Hispanic/Latino",1.63,65.77,"Never wore a helmet","Always","I did not drive the past 30 days","0 times","No","No","No","0 days","0 days","Heterosexual (straight)","About the right weight","Did not drink fruit juice","1 to 3 times","Did not eat green salad","1 to 3 times","Did not drink milk","5 days","0 days","No TV on average school day","No playing video/computer game","0 teams","No","8 hours","Did not drink sports drink","4 to 6 times","0 times"
"17 years old","Female","12th grade","No","Black or African American",1.6,68.04,"Did not ride a bicycle","Always","0 days","0 times","No","No","Yes","0 days","0 days","Heterosexual (straight)","About the right weight","2 times per day","Did not eat fruit","Did not eat green salad","1 to 3 times","Did not drink milk","4 days","4 days","5 or more hours per day","5 or more hours per day","0 teams","No","5 hours",NA,NA,NA
"15 years old","Female","10th grade","No","White",1.57,57.15,"Did not ride a bicycle","Always","I did not drive the past 30 days","0 times","No","No","No","3 to 5 days","3 to 5 days","Heterosexual (straight)","About the right weight","1 to 3 times","4 to 6 times","1 to 3 times","4 or more times per day","Did not drink milk","3 days","7 days","2 hours per day","Less than 1 hour per day","0 teams","No","8 hours","4 or more times per day","1 to 3 times","3 times"
"17 years old","Male","11th grade","No","White",1.65,56.7,"Never wore a helmet","Always","0 days","0 times","No","No","No","0 days","0 days","Heterosexual (straight)","Slightly underweight","1 to 3 times","2 times per day","Did not eat green salad","1 to 3 times","4 or more glasses per day","6 days","4 days","Less than 1 hour per day","4 hours per day","3 or more teams","No","7 hours","Did not drink sports drink","1 time per day","5 or more times"
"16 years old","Male","9th grade","No","White",1.93,81.65,"Never wore a helmet","Rarely","6 to 9 days","6 or 7 times","Yes","Yes","Yes","1 or 2 days","6 to 9 days","Heterosexual (straight)","About the right weight","4 to 6 times","2 times per day","1 to 3 times","1 to 3 times","2 glasses per day","3 days","7 days","Less than 1 hour per day","Less than 1 hour per day","3 or more teams","Yes","7 hours","4 to 6 times","1 to 3 times","2 times"
"15 years old","Male","10th grade","No","Black or African American",1.83,83.46,"Never wore a helmet","Most of the time",NA,"0 times","No","No","No","0 days","0 days","Heterosexual (straight)","About the right weight","3 times per day","1 time per day","Did not eat green salad","1 to 3 times","1 glass per day","0 days","3 days","4 hours per day","Less than 1 hour per day","1 team","No","8 hours","4 or more times per day","2 times per day","0 times"
"16 years old","Male","9th grade","No","Am Indian / Alaska Native",1.63,45.36,"Never wore a helmet","Rarely","1 or 2 days","8 or 9 times","No","No","No","6 to 9 days","All 30 days","Heterosexual (straight)","Slightly underweight","1 to 3 times","1 time per day","Did not eat green salad","4 or more times per day","2 glasses per day","7 days","4 days","4 hours per day","1 hour per day","0 teams","Yes","4 or less hours","1 time per day","1 to 3 times","1 times"
"13 years old","Female","9th grade","No","Asian",NA,NA,"Did not ride a bicycle","Always","I did not drive the past 30 days","0 times","No","No","No","0 days","0 days","Heterosexual (straight)","Slightly underweight","1 to 3 times","2 times per day","Did not eat green salad","Did not drink soda or pop","2 glasses per day","7 days","0 days","No TV on average school day","5 or more hours per day","0 teams","No","6 hours",NA,NA,NA
"16 years old","Male","10th grade","Yes","Multiple - Hispanic / Latino",1.85,77.11,"Never wore a helmet","Always","0 days","0 times","No","No","No","0 days","0 days","Heterosexual (straight)","About the right weight","2 times per day","2 times per day","1 time per day","2 times per day","2 glasses per day","0 days","7 days","Less than 1 hour per day","5 or more hours per day","2 teams","No","8 hours","1 time per day","4 or more times per day","0 times"
"17 years old","Male","12th grade","No","White",1.73,58.97,"Did not ride a bicycle","Always","0 days","0 times","No","No","No","0 days","10 to 19 days","Heterosexual (straight)","Slightly underweight","Did not drink fruit juice","1 to 3 times","Did not eat green salad","Did not drink soda or pop","1 to 3 glasses","3 days","7 days","No TV on average school day","Less than 1 hour per day","1 team","No","7 hours","4 to 6 times","4 to 6 times","3 times"
"14 years old","Male","9th grade","Yes","Hispanic/Latino",1.68,51.71,"Never wore a helmet","Most of the time",NA,"1 time","No","No","No","0 days","0 days","Heterosexual (straight)","Slightly underweight","4 or more times per day","4 or more times per day","1 time per day","2 times per day","4 or more glasses per day","7 days","4 days","3 hours per day","2 hours per day","0 teams","No","6 hours","4 or more times per day","3 times per day","1 times"
"17 years old","Male","11th grade","Yes","Hispanic/Latino",2.06,70.31,"Never wore a helmet","Never","0 days","0 times","No","No","No","0 days","0 days","Heterosexual (straight)","About the right weight","Did not drink fruit juice","1 time per day","4 to 6 times","2 times per day",NA,NA,NA,NA,NA,NA,NA,NA,"4 to 6 times",NA,NA
"14 years old","Male","9th grade","No","White",1.65,57.61,NA,NA,"I did not drive the past 30 days",NA,"No","No","No","0 days","0 days","Heterosexual (straight)","About the right weight","1 to 3 times","4 to 6 times","1 to 3 times","Did not drink soda or pop",NA,NA,"7 days","1 hour per day","Less than 1 hour per day",NA,"No","8 hours",NA,NA,NA
"16 years old","Male","10th grade","No","White",1.7,66.23,"Did not ride a bicycle","Always","20 to 29 days","0 times","No","No","No","0 days","1 or 2 days","Heterosexual (straight)","About the right weight","1 to 3 times","1 to 3 times","4 to 6 times","1 to 3 times","Did not drink milk","4 days","7 days","Less than 1 hour per day","2 hours per day","2 teams","No","8 hours","4 to 6 times","3 times per day","0 times"
"15 years old","Female","10th grade","No","White",1.68,56.7,"Never wore a helmet","Most of the time","0 days","0 times","No","No","No","0 days","3 to 5 days","Heterosexual (straight)","About the right weight","1 to 3 times","4 to 6 times","1 to 3 times","4 to 6 times","1 glass per day","0 days","4 days","2 hours per day","Less than 1 hour per day","1 team","Yes","6 hours","1 to 3 times","1 time per day","0 times"
"15 years old","Female","9th grade","No","White",1.63,54.43,"Did not ride a bicycle","Most of the time","0 days","0 times","No","No","Yes","0 days","1 or 2 days","Heterosexual (straight)","About the right weight","4 to 6 times","Did not eat fruit","Did not eat green salad","1 to 3 times","1 to 3 glasses","5 days","1 day","No TV on average school day","5 or more hours per day","0 teams","No","6 hours","1 to 3 times","1 to 3 times","3 times"
"15 years old","Male","9th grade","Yes","Multiple - Hispanic / Latino",1.8,83.92,"Did not ride a bicycle","Always","I did not drive the past 30 days","0 times","No","No","No","0 days","0 days","Heterosexual (straight)","Slightly overweight","1 to 3 times","4 to 6 times","1 to 3 times","4 to 6 times","1 glass per day","7 days","1 day","Less than 1 hour per day","2 hours per day","0 teams","No","7 hours","1 to 3 times","2 times per day","0 times"
"18 years old or older","Male","12th grade","No","Black or African American",1.68,68.04,NA,"Never","I did not drive the past 30 days",NA,"No","No","No",NA,"1 or 2 days","bisexual","Slightly underweight","1 time per day","Did not eat fruit","Did not eat green salad","Did not drink soda or pop",NA,"1 day","2 days","No TV on average school day","2 hours per day",NA,NA,NA,NA,NA,NA
"15 years old","Male","10th grade","No","Black or African American",1.73,52.16,"Never wore a helmet","Most of the time","I did not drive the past 30 days","0 times","No","No","Yes","0 days","0 days","Heterosexual (straight)","About the right weight","3 times per day","4 to 6 times","1 to 3 times","1 to 3 times","Did not drink milk","4 days","3 days","4 hours per day","4 hours per day","1 team","No","7 hours","1 to 3 times","1 time per day","0 times"
"16 years old","Male","10th grade","No","Multiple - Non-Hispanic",1.7,57.61,"Did not ride a bicycle","Sometimes","0 days","0 times","No","No","Yes","0 days","0 days","Gay or lesbian","About the right weight","1 to 3 times","4 to 6 times","1 to 3 times","1 to 3 times","1 glass per day","5 days","1 day","2 hours per day","5 or more hours per day","0 teams","No","5 hours","Did not drink sports drink","3 times per day","0 times"
"15 years old","Male","9th grade","Yes","Multiple - Hispanic / Latino",1.7,54.89,"Never wore a helmet","Rarely",NA,"0 times","No","No","Yes","3 to 5 days","10 to 19 days","Heterosexual (straight)","About the right weight","4 or more times per day","4 or more times per day","2 times per day","1 to 3 times","3 glasses per day","3 days","4 days","3 hours per day","3 hours per day","0 teams","Yes","4 or less hours","2 times per day","4 or more times per day","0 times"
"16 years old","Female","11th grade","No","White",1.65,56.7,"Always wore a helmet","Most of the time","3 to 5 days","0 times","No","No","No","0 days","0 days","Heterosexual (straight)","About the right weight","1 to 3 times","2 times per day","2 times per day","Did not drink soda or pop","1 glass per day","3 days","5 days","2 hours per day","No playing video/computer game","2 teams","No","7 hours","Did not drink sports drink","4 or more times per day","5 or more times"
"17 years old","Female","11th grade","No","White",1.63,88,"Never wore a helmet","Most of the time","10 to 19 days","0 times","No","No","No",NA,"0 days","Heterosexual (straight)","Slightly overweight","Did not drink fruit juice","2 times per day","1 to 3 times","Did not drink soda or pop","4 to 6 glasses","7 days","3 days","2 hours per day","1 hour per day","0 teams","No","6 hours","Did not drink sports drink","4 or more times per day","5 or more times"
"17 years old","Male","11th grade","No","White",1.73,64.86,"Never wore a helmet","Always","10 to 19 days","0 times","No","No","No","0 days","3 to 5 days","Heterosexual (straight)","About the right weight","1 to 3 times","4 to 6 times","4 to 6 times","1 to 3 times","1 glass per day","7 days","2 days","Less than 1 hour per day","2 hours per day","0 teams","No","7 hours","Did not drink sports drink","4 or more times per day","0 times"
"16 years old","Male","11th grade","No","White",1.9,96.16,NA,NA,"I did not drive the past 30 days",NA,"Yes","Yes","No","0 days","0 days","Heterosexual (straight)","About the right weight","4 to 6 times","1 to 3 times","Did not eat green salad",NA,NA,NA,NA,NA,NA,NA,NA,NA,NA,NA,NA
"16 years old","Male","11th grade","Yes","Multiple - Hispanic / Latino",1.7,61.24,"Rarely wore a helmet","Always","I did not drive the past 30 days","0 times","No","No","Yes","0 days","0 days","Heterosexual (straight)","About the right weight","1 to 3 times","4 to 6 times","Did not eat green salad","4 to 6 times","2 glasses per day","6 days","3 days","1 hour per day","5 or more hours per day","1 team","No","7 hours","1 to 3 times","1 time per day","1 times"
"17 years old","Female","12th grade","No","White",1.63,53.52,NA,NA,"6 to 9 days",NA,"Yes","No","Yes","0 days","0 days","Heterosexual (straight)","About the right weight","1 to 3 times","1 to 3 times","1 to 3 times","Did not drink soda or pop",NA,NA,"0 days","Less than 1 hour per day","1 hour per day",NA,"Yes","7 hours",NA,NA,NA
"17 years old","Male","10th grade","No","Asian",1.7,68.04,"Did not ride a bicycle","Always","I did not drive the past 30 days","0 times","No","No","Yes","0 days","0 days",NA,"Slightly overweight","Did not drink fruit juice","1 to 3 times","Did not eat green salad","1 to 3 times","Did not drink milk","0 days","0 days","3 hours per day","3 hours per day","0 teams","No","4 or less hours","Did not drink sports drink","4 to 6 times","0 times"
"16 years old","Female","10th grade","No","White",NA,NA,NA,NA,NA,NA,"No","No","No","All 30 days","3 to 5 days","Heterosexual (straight)",NA,"Did not drink fruit juice","Did not eat fruit","Did not eat green salad","1 to 3 times",NA,NA,"7 days","No TV on average school day","5 or more hours per day",NA,"Yes","4 or less hours",NA,NA,NA
"18 years old or older","Male","12th grade","Yes","Hispanic/Latino",1.65,52.16,"Never wore a helmet","Most of the time","0 days","2 or 3 times","No","No","No","10 to 19 days","1 or 2 days","Heterosexual (straight)","Slightly underweight","1 time per day","1 time per day","Did not eat green salad","1 to 3 times","Did not drink milk","5 days","2 days","No TV on average school day","5 or more hours per day","0 teams","No","8 hours","1 to 3 times","3 times per day","1 times"
"17 years old","Male","12th grade","No","Black or African American",2.03,109.77,"Did not ride a bicycle","Most of the time","0 days","1 time","No","No","Yes","0 days","0 days","Heterosexual (straight)","About the right weight","4 or more times per day","2 times per day","1 to 3 times","1 to 3 times","1 to 3 glasses","5 days","7 days","2 hours per day","2 hours per day","2 teams","No","9 hours","1 to 3 times","1 to 3 times","0 times"
"16 years old","Male","11th grade","No","White",1.68,54.43,NA,NA,"0 days",NA,"No","No","No","0 days","0 days","Heterosexual (straight)","Slightly underweight","1 to 3 times","4 to 6 times","Did not eat green salad","1 to 3 times",NA,NA,"3 days","Less than 1 hour per day","3 hours per day",NA,"No","8 hours",NA,NA,NA
"16 years old","Male","10th grade","Yes","Hispanic/Latino",1.68,72.58,"Did not ride a bicycle","Always","I did not drive the past 30 days","0 times","No","No","No","0 days","0 days","Heterosexual (straight)","About the right weight","1 to 3 times","1 to 3 times","1 to 3 times","3 times per day","4 to 6 glasses","2 days","7 days","2 hours per day","Less than 1 hour per day","1 team",NA,"8 hours",NA,NA,NA
"14 years old","Female","9th grade","Yes","Multiple - Hispanic / Latino",1.5,55.79,"Never wore a helmet","Always","0 days","0 times","No","No","Yes","0 days","0 days","Heterosexual (straight)","About the right weight","1 to 3 times","4 or more times per day","1 time per day","1 to 3 times","4 or more glasses per day","1 day","1 day","2 hours per day","3 hours per day","0 teams","No","4 or less hours","1 to 3 times","2 times per day","0 times"
"16 years old","Female","11th grade","No","White",1.73,58.97,NA,NA,"0 days",NA,"No","No","No","0 days","0 days","Heterosexual (straight)","Slightly overweight","4 to 6 times","1 to 3 times","Did not eat green salad","1 to 3 times",NA,NA,"2 days","4 hours per day","2 hours per day",NA,"No","8 hours",NA,NA,NA
"15 years old","Male","10th grade","No","White",1.83,83.01,NA,NA,NA,NA,"No","No","No","0 days",NA,"Heterosexual (straight)","About the right weight","1 to 3 times","1 to 3 times","Did not eat green salad","4 to 6 times",NA,NA,"5 days","3 hours per day","5 or more hours per day",NA,"No","8 hours",NA,NA,NA
"16 years old","Female","10th grade","No","White",1.7,54.43,"Most of the time wore a helmet","Always","0 days","0 times","Yes","Yes","Yes","0 days","6 to 9 days","Heterosexual (straight)","About the right weight","Did not drink fruit juice","4 to 6 times","4 to 6 times","Did not drink soda or pop","1 to 3 glasses","4 days","4 days","Less than 1 hour per day","5 or more hours per day","1 team","Yes","5 hours","Did not drink sports drink","4 or more times per day","1 times"
"17 years old","Female","11th grade","No","White",1.63,58.97,"Never wore a helmet","Always","0 days","0 times","No","No","No","0 days","0 days","Heterosexual (straight)","About the right weight","4 to 6 times","4 to 6 times","1 to 3 times","1 to 3 times","1 glass per day","7 days","7 days","2 hours per day","1 hour per day","2 teams","Yes","6 hours","Did not drink sports drink","4 or more times per day","0 times"
"17 years old","Female","12th grade","No","Black or African American",1.6,49.9,"Did not ride a bicycle","Sometimes","0 days","0 times","No","No","No","0 days","1 or 2 days","Gay or lesbian","Slightly underweight","4 or more times per day","4 or more times per day","Did not eat green salad","2 times per day","Did not drink milk","2 days","3 days","2 hours per day","5 or more hours per day","0 teams","No","4 or less hours","4 or more times per day","4 or more times per day","2 times"
"16 years old","Female","10th grade","No","Black or African American",1.65,63.05,"Did not ride a bicycle","Sometimes","I did not drive the past 30 days","6 or 7 times","No","No","No","0 days","0 days","Heterosexual (straight)","About the right weight","1 to 3 times","1 to 3 times","1 to 3 times","4 to 6 times","Did not drink milk","7 days","0 days","2 hours per day","5 or more hours per day","1 team","No","8 hours","1 to 3 times","3 times per day","0 times"
"17 years old","Male","11th grade","No","White",1.8,66.23,NA,"Always","0 days","0 times","No","No","No","0 days","1 or 2 days","Heterosexual (straight)","About the right weight","1 to 3 times","1 to 3 times","4 to 6 times","2 times per day","4 to 6 glasses","6 days","7 days","2 hours per day","Less than 1 hour per day","2 teams","No","8 hours","4 to 6 times","4 or more times per day","1 times"
"18 years old or older","Male","11th grade","No","White",1.68,52.16,"Never wore a helmet","Always","1 or 2 days","0 times","No","No","Yes","0 days","0 days","Heterosexual (straight)","Very underweight","1 to 3 times","4 to 6 times","1 to 3 times","4 or more times per day","1 to 3 glasses","5 days","2 days","1 hour per day","5 or more hours per day","0 teams","Not sure","6 hours","Did not drink sports drink","1 time per day","3 times"
"17 years old","Male","11th grade","No","White",1.7,65.32,"Never wore a helmet","Always","I did not drive the past 30 days","0 times","No","No","No","0 days","0 days","Heterosexual (straight)","About the right weight","4 to 6 times","1 to 3 times","1 to 3 times","1 to 3 times","1 glass per day","2 days","1 day","3 hours per day","4 hours per day","1 team","No","5 hours","Did not drink sports drink","4 or more times per day","2 times"
"15 years old","Male","10th grade","No","Multiple - Non-Hispanic",1.55,45.36,NA,"Most of the time","All 30 days",NA,"No","No","No","0 days","1 or 2 days","Heterosexual (straight)","Very underweight","1 to 3 times","1 to 3 times","Did not eat green salad","2 times per day",NA,"4 days","1 day","5 or more hours per day","1 hour per day",NA,NA,NA,NA,NA,NA
"17 years old","Male","11th grade","No","White",1.7,68.04,"Never wore a helmet","Always","I did not drive the past 30 days","0 times","No","No","No","0 days","0 days","Heterosexual (straight)","About the right weight","Did not drink fruit juice","1 to 3 times","Did not eat green salad","4 to 6 times","4 to 6 glasses","7 days","4 days","1 hour per day","4 hours per day","0 teams","No","7 hours","Did not drink sports drink","1 time per day","0 times"
"15 years old","Male","10th grade","No","White",1.8,68.04,"Never wore a helmet","Most of the time","0 days","2 or 3 times","Yes","Yes","Yes","6 to 9 days","20 to 29 days","Heterosexual (straight)","About the right weight","1 to 3 times","1 to 3 times","1 to 3 times","4 to 6 times","2 glasses per day","2 days","7 days","2 hours per day","3 hours per day","3 or more teams","Yes","7 hours","1 to 3 times","4 to 6 times","5 or more times"
"18 years old or older","Male","12th grade","No","Black or African American",1.78,58.97,"Did not ride a bicycle","Always","All 30 days",NA,"No","Yes","Yes","3 to 5 days",NA,"Heterosexual (straight)","About the right weight","1 time per day","1 to 3 times","Did not eat green salad","4 or more times per day","Did not drink milk","1 day","7 days","No TV on average school day","No playing video/computer game","2 teams","No","4 or less hours","4 to 6 times","2 times per day","2 times"
"15 years old","Male","9th grade","No","White",1.83,61.24,"Always wore a helmet","Always","0 days","1 time","No","No","No","0 days","0 days","Heterosexual (straight)","About the right weight","4 to 6 times","1 time per day","Did not eat green salad","Did not drink soda or pop","Did not drink milk","3 days","3 days","No TV on average school day","2 hours per day","0 teams","No","6 hours","Did not drink sports drink","4 or more times per day","2 times"
"15 years old","Male","10th grade","No","White",1.73,115.21,NA,NA,"I did not drive the past 30 days",NA,"Yes","No","No","0 days","0 days","Heterosexual (straight)","Slightly overweight","4 to 6 times","1 time per day","Did not eat green salad","1 to 3 times",NA,NA,"5 days","Less than 1 hour per day","2 hours per day",NA,"Yes","6 hours",NA,NA,NA
"16 years old","Male","10th grade","No","Black or African American",1.73,68.04,"Never wore a helmet","Never",NA,"4 or 5 times",NA,NA,"No","0 days","0 days","Heterosexual (straight)","About the right weight","Did not drink fruit juice","4 or more times per day","4 or more times per day","4 or more times per day","4 or more glasses per day","7 days","7 days","5 or more hours per day","5 or more hours per day","3 or more teams","Yes","10 or more hours","4 or more times per day","4 or more times per day","0 times"
"16 years old","Female","10th grade","No","White",1.6,42.64,"Never wore a helmet","Always","0 days","0 times","No","No","No","0 days","0 days","Heterosexual (straight)","About the right weight","1 to 3 times","2 times per day","1 to 3 times","Did not drink soda or pop","1 glass per day","3 days","7 days","2 hours per day","Less than 1 hour per day","1 team","No","7 hours","1 to 3 times","1 time per day","0 times"
"15 years old","Female","9th grade","Yes","Multiple - Hispanic / Latino",1.65,58.06,"Did not ride a bicycle","Most of the time","0 days","12 or more times","No","No","Yes","0 days","1 or 2 days","Heterosexual (straight)","About the right weight","Did not drink fruit juice","Did not eat fruit","Did not eat green salad","4 or more times per day","Did not drink milk","3 days","0 days","1 hour per day","4 hours per day","0 teams","No","4 or less hours","Did not drink sports drink","Did not drink water","0 times"
"16 years old","Male","11th grade","No","White",1.78,110.68,"Never wore a helmet","Always","0 days","0 times","No","No","No","0 days","0 days","Heterosexual (straight)","Slightly overweight","1 to 3 times","Did not eat fruit","Did not eat green salad","1 to 3 times","1 glass per day","2 days","4 days","2 hours per day","3 hours per day","2 teams","Not sure","4 or less hours","1 to 3 times","4 to 6 times","0 times"
"18 years old or older","Female","12th grade","No","White",NA,NA,"Did not ride a bicycle","Always","0 days","0 times","No","Yes","Yes","0 days","0 days","Heterosexual (straight)","Very overweight","Did not drink fruit juice","4 to 6 times","1 to 3 times","1 to 3 times","Did not drink milk","7 days","1 day","4 hours per day","3 hours per day","1 team","No","5 hours","Did not drink sports drink","2 times per day","1 times"
"16 years old","Female","11th grade","No","White",1.65,62.6,"Never wore a helmet","Always","I did not drive the past 30 days","0 times","Yes","Yes","Yes","0 days","10 to 19 days","Heterosexual (straight)","About the right weight","1 to 3 times","1 to 3 times","4 to 6 times","1 to 3 times","1 to 3 glasses","7 days","3 days","1 hour per day","5 or more hours per day","0 teams","Yes","5 hours","Did not drink sports drink","4 to 6 times","4 times"
"15 years old","Male","10th grade","Yes","Multiple - Hispanic / Latino",2.08,65.77,NA,NA,"0 days",NA,"Yes","Yes","No",NA,"0 days","Heterosexual (straight)","About the right weight","1 to 3 times","1 to 3 times","Did not eat green salad","3 times per day",NA,NA,"7 days","Less than 1 hour per day","2 hours per day",NA,"No","7 hours",NA,NA,NA
"17 years old","Female","12th grade","No","White",1.68,74.84,NA,NA,"0 days",NA,"Yes","Yes","No","0 days","0 days","Heterosexual (straight)","Slightly overweight","1 to 3 times","2 times per day","1 to 3 times","1 to 3 times",NA,NA,"0 days","2 hours per day","No playing video/computer game",NA,"No","5 hours",NA,NA,NA
"15 years old","Female","9th grade","No","White",1.55,56.7,"Never wore a helmet","Sometimes","I did not drive the past 30 days","0 times","No","No","No","0 days","0 days","Heterosexual (straight)","Slightly overweight","Did not drink fruit juice","Did not eat fruit","Did not eat green salad","4 to 6 times","1 glass per day","7 days","0 days","3 hours per day","5 or more hours per day","0 teams","No","8 hours","Did not drink sports drink","4 or more times per day","3 times"
"15 years old","Female","10th grade","Yes","Hispanic/Latino",1.55,79.83,"Did not ride a bicycle","Sometimes",NA,"0 times","No","No","Yes","0 days","0 days",NA,"Very overweight","1 to 3 times","1 to 3 times","4 or more times per day","4 to 6 times","Did not drink milk","0 days","1 day","2 hours per day","5 or more hours per day","0 teams","No","6 hours","Did not drink sports drink","4 or more times per day","0 times"
"18 years old or older","Female","12th grade","No","Multiple - Non-Hispanic",1.55,65.77,NA,NA,"All 30 days",NA,"No","No","No",NA,"1 or 2 days","Heterosexual (straight)","Slightly overweight","1 to 3 times","1 to 3 times","1 to 3 times","4 to 6 times",NA,NA,"2 days","3 hours per day","No playing video/computer game",NA,"Yes","7 hours",NA,NA,NA
"18 years old or older","Female","12th grade","No","Black or African American",1.55,74.84,"Did not ride a bicycle","Sometimes","20 to 29 days","0 times","Yes","Yes","No","0 days","1 or 2 days","Heterosexual (straight)","Very overweight","1 to 3 times","3 times per day","2 times per day","1 to 3 times","Did not drink milk","4 days","5 days","Less than 1 hour per day","No playing video/computer game","3 or more teams","Yes","4 or less hours",NA,NA,NA
"18 years old or older","Male","12th grade","Yes","Multiple - Hispanic / Latino",1.78,83.92,"Did not ride a bicycle","Always","10 to 19 days","0 times","No","No","No","0 days","3 to 5 days","Heterosexual (straight)","About the right weight","Did not drink fruit juice","Did not eat fruit","Did not eat green salad","4 to 6 times","1 to 3 glasses","2 days","7 days","3 hours per day","1 hour per day","0 teams","No","6 hours","1 to 3 times","4 or more times per day","0 times"
"17 years old","Male","12th grade","No","White",1.78,63.5,"Most of the time wore a helmet","Always","1 or 2 days","0 times","No","No","No",NA,"0 days","Heterosexual (straight)","About the right weight","1 to 3 times","3 times per day","1 to 3 times","Did not drink soda or pop","1 glass per day","7 days","7 days","2 hours per day","1 hour per day","1 team","No","8 hours","1 to 3 times","4 or more times per day","0 times"
"15 years old","Male","9th grade","No","Black or African American",1.63,56.25,NA,"Always","I did not drive the past 30 days",NA,"No","No","No","0 days","0 days","Heterosexual (straight)","About the right weight","Did not drink fruit juice","4 to 6 times","Did not eat green salad","1 to 3 times",NA,"7 days","5 days","5 or more hours per day","4 hours per day",NA,NA,NA,NA,NA,NA
"14 years old","Female","9th grade","No","White",1.6,45.36,"Never wore a helmet","Always","I did not drive the past 30 days","0 times","Yes","No","No","0 days","0 days","Heterosexual (straight)","About the right weight","1 to 3 times","1 to 3 times","1 to 3 times","Did not drink soda or pop","2 glasses per day","7 days","6 days","2 hours per day","1 hour per day","2 teams","No","7 hours","1 to 3 times","3 times per day","5 or more times"
"14 years old","Male","9th grade","No","White",1.78,89.36,"Never wore a helmet","Always","0 days","1 time","No","No","Yes","0 days","0 days","Heterosexual (straight)","Slightly overweight","1 to 3 times","Did not eat fruit","1 to 3 times","1 time per day","4 to 6 glasses","2 days","4 days","Less than 1 hour per day","4 hours per day","3 or more teams","No","7 hours","Did not drink sports drink","3 times per day","2 times"
"15 years old","Male","9th grade",NA,NA,1.83,63.5,"Never wore a helmet","Most of the time","I did not drive the past 30 days","1 time","No","No","No","0 days","0 days","Heterosexual (straight)","Slightly underweight","1 to 3 times","1 time per day","1 to 3 times","4 to 6 times","3 glasses per day","5 days","7 days","3 hours per day","1 hour per day","2 teams","No","6 hours","1 to 3 times","4 to 6 times","1 times"
"18 years old or older","Male","12th grade","No","White",NA,NA,NA,"Always","I did not drive the past 30 days","0 times","No","No","No","0 days","0 days","Heterosexual (straight)","Slightly overweight","4 to 6 times","1 to 3 times","Did not eat green salad","1 time per day","2 glasses per day","7 days","3 days","2 hours per day","4 hours per day","0 teams","No","9 hours","1 to 3 times","3 times per day","1 times"
"14 years old","Female","9th grade","No","White",1.55,58.97,NA,NA,"I did not drive the past 30 days",NA,"No","No","Yes","0 days","0 days","Not sure","Slightly overweight","Did not drink fruit juice","1 to 3 times","Did not eat green salad","4 to 6 times",NA,NA,"0 days","2 hours per day","5 or more hours per day",NA,"No","7 hours",NA,NA,NA
"18 years old or older","Female","12th grade","No","White",1.75,63.5,"Always wore a helmet","Always","1 or 2 days","1 time","No","No","No","1 or 2 days","0 days","Heterosexual (straight)","About the right weight","Did not drink fruit juice","1 to 3 times","1 to 3 times","Did not drink soda or pop","Did not drink milk","0 days","7 days","1 hour per day","No playing video/computer game","0 teams","No","8 hours","Did not drink sports drink","1 time per day","0 times"
"17 years old","Female","11th grade","Yes","Hispanic/Latino",1.7,70.31,"Never wore a helmet","Always","1 or 2 days","0 times","No","Yes","Yes","0 days","0 days","bisexual","Slightly overweight","1 to 3 times","1 to 3 times","1 to 3 times","1 to 3 times","Did not drink milk","3 days","0 days","No TV on average school day","5 or more hours per day","0 teams","Yes","7 hours","Did not drink sports drink","3 times per day","1 times"
"14 years old","Male","9th grade","No","White",1.75,54.43,NA,NA,"0 days",NA,"No","No","No","0 days","0 days","Heterosexual (straight)","About the right weight","Did not drink fruit juice","4 to 6 times","1 to 3 times","4 to 6 times",NA,NA,"5 days","No TV on average school day","No playing video/computer game",NA,"No","8 hours",NA,NA,NA
"18 years old or older","Female","12th grade","No","White",1.55,54.43,"Never wore a helmet","Most of the time","All 30 days","0 times","No","No","Yes","0 days","0 days",NA,NA,NA,NA,NA,NA,NA,NA,NA,NA,NA,NA,NA,NA,NA,NA,NA
"18 years old or older","Male","12th grade","Yes","Hispanic/Latino",1.85,64.41,"Did not ride a bicycle","Always","I did not drive the past 30 days","0 times","No","No","No","0 days","0 days","Heterosexual (straight)","About the right weight","2 times per day","1 to 3 times","1 to 3 times","Did not drink soda or pop","Did not drink milk","7 days","0 days","No TV on average school day","5 or more hours per day","0 teams","Yes","4 or less hours","Did not drink sports drink","2 times per day","0 times"
"17 years old","Male","11th grade","No","White",1.8,68.04,"Did not ride a bicycle","Always","0 days","0 times","No","No","No","0 days","3 to 5 days","Heterosexual (straight)","About the right weight","4 to 6 times","3 times per day","4 to 6 times","4 to 6 times","2 glasses per day","4 days","4 days","1 hour per day","1 hour per day","1 team","No","5 hours","1 time per day","2 times per day","1 times"
"16 years old","Male","10th grade","Yes","Multiple - Hispanic / Latino",1.68,72.12,"Did not ride a bicycle","Always","I did not drive the past 30 days","1 time","No","No","Yes","0 days","1 or 2 days","Heterosexual (straight)","Slightly overweight","Did not drink fruit juice","1 to 3 times","Did not eat green salad","4 to 6 times","Did not drink milk","3 days","2 days","No TV on average school day","4 hours per day","0 teams","No","7 hours","Did not drink sports drink","1 to 3 times","0 times"
"16 years old","Female","10th grade","Yes","Multiple - Hispanic / Latino",1.65,54.43,"Never wore a helmet","Most of the time","All 30 days",NA,"No","No","No","0 days","0 days","Heterosexual (straight)","About the right weight","3 times per day","4 or more times per day","2 times per day","Did not drink soda or pop","Did not drink milk","0 days","7 days","2 hours per day","No playing video/computer game","0 teams","No","4 or less hours",NA,NA,NA
"18 years old or older","Female","12th grade","Yes","Multiple - Hispanic / Latino",1.57,62.14,"Did not ride a bicycle","Always","3 to 5 days","0 times","No","No","No","0 days","0 days","Heterosexual (straight)","Slightly overweight","4 to 6 times","1 to 3 times","1 time per day","1 to 3 times","1 to 3 glasses","2 days","2 days","2 hours per day","No playing video/computer game","0 teams","No","9 hours","1 to 3 times","3 times per day","0 times"
"18 years old or older","Female","12th grade","No","Multiple - Non-Hispanic",1.73,97.98,"Never wore a helmet","Always","0 days","0 times","Yes","Yes","Yes","1 or 2 days","1 or 2 days",NA,"Slightly overweight","1 to 3 times","1 to 3 times","Did not eat green salad","1 time per day","1 to 3 glasses","1 day","0 days","5 or more hours per day","5 or more hours per day","0 teams","No","5 hours","1 to 3 times","2 times per day","0 times"
"17 years old","Male","11th grade","No","White",1.75,65.77,"Never wore a helmet","Most of the time","All 30 days","0 times","No","No","No","1 or 2 days","6 to 9 days","Heterosexual (straight)","About the right weight","2 times per day","4 to 6 times","1 to 3 times","1 to 3 times","1 to 3 glasses","3 days","7 days","1 hour per day","Less than 1 hour per day","3 or more teams","No","7 hours","4 to 6 times","2 times per day","4 times"
"17 years old","Male","11th grade","Yes","Hispanic/Latino",1.75,63.5,"Never wore a helmet","Always","0 days","0 times","No","No","No","0 days","0 days","Heterosexual (straight)","About the right weight","1 to 3 times","4 to 6 times","Did not eat green salad","4 to 6 times","4 or more glasses per day","7 days","7 days","Less than 1 hour per day","5 or more hours per day","1 team","No","7 hours",NA,NA,NA
"18 years old or older","Female","12th grade","No","White",1.52,50.8,"Never wore a helmet","Always","0 days","0 times","No","No","No","0 days","0 days","Heterosexual (straight)","About the right weight","Did not drink fruit juice","1 to 3 times","Did not eat green salad","1 to 3 times","1 to 3 glasses","4 days","6 days","1 hour per day","Less than 1 hour per day","1 team","No","7 hours","Did not drink sports drink","3 times per day","2 times"
"16 years old","Female","10th grade","Yes","Multiple - Hispanic / Latino",1.73,95.26,"Always wore a helmet","Most of the time","I did not drive the past 30 days",NA,"No","No","No","0 days","0 days",NA,NA,NA,NA,NA,NA,"4 or more glasses per day","4 days","0 days","3 hours per day","1 hour per day","0 teams","Yes","10 or more hours",NA,"Did not drink water","0 times"
"17 years old","Male","12th grade","Yes","Multiple - Hispanic / Latino",1.88,95.26,"Never wore a helmet","Always","1 or 2 days","2 or 3 times","No","No","No","0 days","3 to 5 days",NA,"Slightly overweight","1 time per day","1 to 3 times","Did not eat green salad","1 to 3 times","1 glass per day","7 days","4 days","No TV on average school day","3 hours per day","2 teams","No","5 hours","4 to 6 times","2 times per day","0 times"
"14 years old","Female","9th grade","Yes","Hispanic/Latino",1.47,54.43,"Never wore a helmet","Rarely","0 days","0 times","No","No","No","0 days","0 days","Not sure","About the right weight","4 to 6 times","4 to 6 times","1 to 3 times","1 to 3 times","4 or more glasses per day","2 days","5 days","1 hour per day","3 hours per day","1 team","No","8 hours","4 to 6 times","4 to 6 times","0 times"
"16 years old","Female","11th grade","Yes","Hispanic/Latino",1.52,56.25,"Never wore a helmet","Sometimes","I did not drive the past 30 days","0 times","No","No","No","0 days","1 or 2 days","Heterosexual (straight)","Slightly overweight","1 to 3 times","4 to 6 times","1 to 3 times","1 to 3 times","4 to 6 glasses","1 day","0 days","3 hours per day","No playing video/computer game","1 team",NA,"6 hours",NA,NA,NA
"16 years old","Male","11th grade","No","White",1.85,81.65,NA,NA,"3 to 5 days",NA,"No","No","No","0 days","All 30 days","Heterosexual (straight)","About the right weight","Did not drink fruit juice","Did not eat fruit","1 to 3 times","1 time per day",NA,NA,"5 days","1 hour per day","2 hours per day",NA,"No","7 hours",NA,NA,NA
"15 years old","Male","10th grade","No","White",1.73,63.5,NA,NA,"I did not drive the past 30 days",NA,"No","No","No","0 days","1 or 2 days","Heterosexual (straight)","About the right weight","Did not drink fruit juice","Did not eat fruit","1 to 3 times","Did not drink soda or pop",NA,NA,"0 days","2 hours per day","3 hours per day",NA,"No","8 hours",NA,NA,NA
"16 years old","Male","11th grade","Yes","Hispanic/Latino",1.75,63.5,"Never wore a helmet","Most of the time","6 to 9 days","0 times","No","No","Yes","0 days","1 or 2 days","Heterosexual (straight)","About the right weight","4 to 6 times","1 to 3 times","Did not eat green salad","1 to 3 times","2 glasses per day","7 days","4 days","Less than 1 hour per day","4 hours per day","0 teams","No","7 hours","1 to 3 times","2 times per day","2 times"
"17 years old","Male","11th grade","Yes","Hispanic/Latino",1.8,86.18,"Rarely wore a helmet","Always","1 or 2 days","0 times","No","No","Yes","0 days","0 days","Heterosexual (straight)","About the right weight","4 to 6 times","1 to 3 times","1 to 3 times","Did not drink soda or pop","1 to 3 glasses","2 days","7 days","No TV on average school day","1 hour per day","3 or more teams","No","6 hours","4 to 6 times","2 times per day","0 times"
"14 years old","Female","9th grade","Yes","Multiple - Hispanic / Latino",1.55,44,"Never wore a helmet","Rarely","I did not drive the past 30 days","0 times","Yes","No","Yes","0 days","0 days","Heterosexual (straight)","Slightly underweight","4 to 6 times","1 to 3 times","1 to 3 times","4 to 6 times","1 to 3 glasses","5 days","2 days","2 hours per day",NA,NA,NA,NA,NA,NA,NA
"16 years old","Female","9th grade","Yes","Hispanic/Latino",1.5,57.61,"Rarely wore a helmet","Always","I did not drive the past 30 days","0 times","No","No","Yes","0 days","0 days","Heterosexual (straight)","Slightly overweight","2 times per day","1 to 3 times","1 to 3 times","1 to 3 times","1 to 3 glasses","5 days","5 days","5 or more hours per day","No playing video/computer game","1 team","No","7 hours",NA,NA,NA
"17 years old","Female","11th grade","Yes","Hispanic/Latino",1.47,40.37,"Did not ride a bicycle","Always","I did not drive the past 30 days","0 times","No","No","No","0 days","0 days","Heterosexual (straight)","About the right weight","Did not drink fruit juice","2 times per day","Did not eat green salad","Did not drink soda or pop","1 to 3 glasses","7 days","0 days","1 hour per day","3 hours per day","0 teams","No","9 hours","1 to 3 times","2 times per day","0 times"
"17 years old","Female","11th grade","No","White",1.7,55.79,"Did not ride a bicycle","Always","3 to 5 days","0 times","No","No","No","0 days","0 days","Heterosexual (straight)","Slightly underweight","4 to 6 times","4 to 6 times","4 or more times per day","Did not drink soda or pop","4 to 6 glasses","7 days","7 days","3 hours per day","No playing video/computer game","0 teams","No","10 or more hours","1 to 3 times","4 or more times per day","0 times"
"15 years old","Male","10th grade","No","White",1.8,79.38,"Always wore a helmet","Most of the time","I did not drive the past 30 days","0 times","Yes","No","No","0 days","0 days","Heterosexual (straight)","Slightly overweight","Did not drink fruit juice","4 to 6 times","4 to 6 times","4 to 6 times","2 glasses per day","1 day","7 days","No TV on average school day","4 hours per day","1 team","No","6 hours","1 to 3 times","4 or more times per day","5 or more times"
"18 years old or older","Female","12th grade","No","Black or African American",1.63,56.7,NA,"Rarely","I did not drive the past 30 days",NA,"No","No","No","0 days","0 days","Heterosexual (straight)","Slightly underweight","4 to 6 times","4 to 6 times","Did not eat green salad","1 to 3 times",NA,"1 day","4 days","5 or more hours per day","4 hours per day",NA,NA,NA,NA,NA,NA
"16 years old","Female","10th grade","No","White",1.73,67.59,"Always wore a helmet","Always","0 days","0 times","No","No","Yes","0 days","1 or 2 days","Heterosexual (straight)","About the right weight","1 to 3 times","4 to 6 times","Did not eat green salad","1 to 3 times","Did not drink milk","1 day","7 days","Less than 1 hour per day","1 hour per day","0 teams","No","9 hours","Did not drink sports drink","4 or more times per day","3 times"
"18 years old or older","Female","12th grade","Yes","Hispanic/Latino",1.5,48.08,"Did not ride a bicycle","Always","I did not drive the past 30 days","0 times","No","No","No","0 days","0 days","Heterosexual (straight)","About the right weight","1 to 3 times","1 to 3 times","1 to 3 times","4 to 6 times","1 glass per day","7 days","2 days","3 hours per day","2 hours per day","1 team","No","8 hours","1 to 3 times","4 to 6 times","1 times"
"14 years old","Female","9th grade","No","Multiple - Non-Hispanic",1.7,55.79,"Did not ride a bicycle","Always","I did not drive the past 30 days","0 times","Yes","No","Yes","0 days","0 days","Heterosexual (straight)","Slightly underweight","1 to 3 times","1 to 3 times","Did not eat green salad","4 to 6 times","1 to 3 glasses","6 days","0 days","Less than 1 hour per day","5 or more hours per day","0 teams","No","4 or less hours","1 to 3 times","Did not drink water","0 times"
"15 years old","Female","10th grade","No","White",1.7,72.58,NA,NA,"I did not drive the past 30 days",NA,"No","No","No","0 days","0 days","Heterosexual (straight)","Slightly overweight","Did not drink fruit juice","Did not eat fruit","Did not eat green salad","Did not drink soda or pop",NA,NA,"0 days","5 or more hours per day","5 or more hours per day",NA,"Yes","4 or less hours",NA,NA,NA
"16 years old","Male","10th grade","No","Black or African American",1.7,68.04,NA,"Never","6 to 9 days",NA,"No","Yes","Yes","0 days","0 days","Heterosexual (straight)","Slightly underweight","1 time per day","4 or more times per day","Did not eat green salad","1 to 3 times",NA,"2 days","2 days","Less than 1 hour per day","No playing video/computer game",NA,NA,NA,NA,NA,NA
"17 years old","Male","12th grade","No","Native Hawaiian/other PI",1.8,68.04,"Rarely wore a helmet","Always","3 to 5 days","0 times","Yes","Yes","No","0 days","1 or 2 days","Heterosexual (straight)","About the right weight","4 to 6 times","4 to 6 times","1 to 3 times","1 to 3 times","2 glasses per day","6 days","6 days","1 hour per day","3 hours per day","1 team","Yes","8 hours","Did not drink sports drink","4 or more times per day","1 times"
"15 years old","Female","9th grade","No","Black or African American",NA,NA,"Did not ride a bicycle","Most of the time","I did not drive the past 30 days","0 times","No","No","No","0 days","0 days","Heterosexual (straight)","About the right weight","1 to 3 times","1 to 3 times","Did not eat green salad","4 to 6 times","Did not drink milk","1 day","0 days","Less than 1 hour per day","5 or more hours per day","0 teams","No","4 or less hours","Did not drink sports drink","1 to 3 times","0 times"
NA,NA,NA,NA,NA,NA,NA,NA,"Never","0 days",NA,"No","No","No","0 days","1 or 2 days",NA,NA,NA,NA,NA,NA,NA,NA,NA,NA,NA,NA,NA,NA,NA,NA,NA
"18 years old or older","Female","12th grade","No","Black or African American",1.65,104.78,"Did not ride a bicycle","Always","0 days","0 times","No","No","Yes","0 days","0 days","Heterosexual (straight)","Slightly overweight","Did not drink fruit juice","Did not eat fruit","1 to 3 times","4 or more times per day","1 to 3 glasses","2 days","1 day","Less than 1 hour per day","5 or more hours per day","1 team","Yes","8 hours","1 to 3 times","4 or more times per day","0 times"
"16 years old","Female","11th grade","No","White",1.7,56.7,NA,NA,"6 to 9 days",NA,"No","No","No","0 days","0 days","Heterosexual (straight)","About the right weight","1 to 3 times","1 to 3 times","1 to 3 times","1 to 3 times",NA,NA,"4 days","3 hours per day","3 hours per day",NA,"No","8 hours",NA,NA,NA
"16 years old","Female","10th grade","Yes","Multiple - Hispanic / Latino",1.55,56.25,"Did not ride a bicycle","Rarely","I did not drive the past 30 days","0 times","No","No","Yes","0 days","1 or 2 days","Heterosexual (straight)","Slightly overweight","1 to 3 times","4 to 6 times","1 to 3 times","1 time per day","1 glass per day","7 days","7 days","3 hours per day","Less than 1 hour per day","0 teams","Yes","7 hours","1 time per day","2 times per day","0 times"
"16 years old","Male","10th grade","Yes","Multiple - Hispanic / Latino",1.68,67.59,NA,"Always","6 to 9 days","0 times","No","No","Yes","0 days","1 or 2 days","Heterosexual (straight)","About the right weight","2 times per day","2 times per day","4 to 6 times","4 to 6 times","2 glasses per day","7 days","7 days","No TV on average school day","No playing video/computer game","1 team","Yes","7 hours","3 times per day","3 times per day","0 times"
"17 years old","Female","11th grade","No","White",1.55,48.99,"Did not ride a bicycle","Sometimes","0 days","0 times","No","No","Yes","1 or 2 days","20 to 29 days","Heterosexual (straight)","Slightly underweight","1 to 3 times","Did not eat fruit","Did not eat green salad","4 or more times per day","Did not drink milk","3 days","2 days","2 hours per day","1 hour per day","0 teams","No","6 hours","1 to 3 times","1 to 3 times","2 times"
"17 years old","Female","11th grade","No","White",1.75,68.95,"Never wore a helmet","Always","All 30 days","0 times","No","No","Yes","0 days","All 30 days","bisexual","Slightly overweight","3 times per day","1 to 3 times","1 to 3 times","3 times per day","2 glasses per day","3 days","3 days","3 hours per day","5 or more hours per day","1 team","Yes","6 hours","Did not drink sports drink","1 to 3 times","0 times"
"14 years old","Female","10th grade","No","White",1.55,50.8,NA,NA,"I did not drive the past 30 days",NA,"No","Yes","No","0 days","0 days","Heterosexual (straight)","About the right weight","1 to 3 times","4 to 6 times","Did not eat green salad","Did not drink soda or pop",NA,NA,"6 days","1 hour per day","Less than 1 hour per day",NA,"No","7 hours",NA,NA,NA
"18 years old or older","Female","12th grade","No","Multiple - Non-Hispanic",NA,NA,NA,"Always","I did not drive the past 30 days",NA,"Yes","Yes","Yes","0 days","0 days","Heterosexual (straight)","Slightly overweight","1 to 3 times","4 to 6 times","Did not eat green salad","4 or more times per day",NA,"0 days","0 days","Less than 1 hour per day","No playing video/computer game",NA,NA,NA,NA,NA,NA
"15 years old","Male","9th grade","No","White",1.83,76.2,"Always wore a helmet","Always","I did not drive the past 30 days","0 times","No","No","No","0 days","0 days","Heterosexual (straight)","Slightly overweight","1 to 3 times","1 to 3 times","Did not eat green salad","1 to 3 times","2 glasses per day","7 days","2 days","3 hours per day","3 hours per day","0 teams","No","8 hours","Did not drink sports drink","3 times per day","0 times"
"15 years old","Male","9th grade","No","White",1.75,74.84,"Did not ride a bicycle","Sometimes","0 days","0 times","No","No","No",NA,"0 days","Heterosexual (straight)","About the right weight","1 to 3 times","1 to 3 times","Did not eat green salad","3 times per day","1 to 3 glasses","7 days","7 days","3 hours per day","5 or more hours per day","0 teams","No","7 hours","Did not drink sports drink","1 to 3 times","0 times"
"15 years old","Male","9th grade","No","Asian",1.7,70.31,"Did not ride a bicycle","Never","I did not drive the past 30 days","0 times","No","No","No","0 days","0 days","Heterosexual (straight)","Slightly underweight","Did not drink fruit juice","Did not eat fruit","Did not eat green salad","Did not drink soda or pop","1 to 3 glasses","1 day","0 days","Less than 1 hour per day","No playing video/computer game","1 team","No","7 hours",NA,NA,NA
"14 years old","Female","9th grade","No","Multiple - Non-Hispanic",1.57,54.43,"Never wore a helmet","Always","I did not drive the past 30 days","2 or 3 times","Yes","Yes","No","0 days","0 days","bisexual","About the right weight","1 to 3 times","Did not eat fruit","4 to 6 times","2 times per day","1 to 3 glasses","5 days","2 days","No TV on average school day","5 or more hours per day","0 teams","Yes","8 hours","1 to 3 times","4 to 6 times","0 times"
"16 years old","Female","11th grade","No","White",1.7,72.58,"Never wore a helmet","Always","I did not drive the past 30 days","0 times","No","No","No","0 days","0 days","Heterosexual (straight)","Slightly overweight","1 to 3 times","4 to 6 times","1 to 3 times","Did not drink soda or pop","4 to 6 glasses","3 days","7 days","3 hours per day","No playing video/computer game","1 team","No","8 hours","Did not drink sports drink","1 time per day","2 times"
"18 years old or older","Male","12th grade","Yes","Hispanic/Latino",1.83,90.72,"Rarely wore a helmet","Most of the time","I did not drive the past 30 days","0 times","No","No","No","0 days","0 days","Heterosexual (straight)","About the right weight","4 or more times per day","4 or more times per day","Did not eat green salad","4 or more times per day","Did not drink milk","7 days","0 days","No TV on average school day","No playing video/computer game","0 teams","No","8 hours","4 or more times per day","4 or more times per day","0 times"
"15 years old","Female","10th grade","Yes","Multiple - Hispanic / Latino",1.5,45.36,"Did not ride a bicycle","Always","I did not drive the past 30 days","0 times","No","No","Yes","0 days","1 or 2 days","Heterosexual (straight)","Slightly underweight","4 to 6 times","1 to 3 times","Did not eat green salad","1 to 3 times","Did not drink milk","2 days","0 days","2 hours per day","3 hours per day","0 teams","No","7 hours","4 to 6 times","1 to 3 times","0 times"
"17 years old","Female","11th grade","Yes","Hispanic/Latino",NA,NA,"Did not ride a bicycle","Always","0 days","0 times","No","No","No","0 days","0 days","Heterosexual (straight)","About the right weight","Did not drink fruit juice","1 to 3 times","1 to 3 times",NA,"1 to 3 glasses",NA,"4 days","2 hours per day","2 hours per day","0 teams","No","8 hours","1 to 3 times","4 or more times per day","0 times"
"14 years old","Male","9th grade","Yes","Multiple - Hispanic / Latino",NA,NA,"Never wore a helmet","Never","I did not drive the past 30 days","0 times","No","No","No","0 days","0 days","Heterosexual (straight)","About the right weight","1 to 3 times","4 to 6 times","Did not eat green salad","Did not drink soda or pop","1 to 3 glasses","0 days","3 days","No TV on average school day","Less than 1 hour per day","1 team","No","8 hours","Did not drink sports drink","4 or more times per day","0 times"
"17 years old","Male","12th grade","No","White",1.75,58.97,"Always wore a helmet","Always","0 days","0 times","No","No","No","0 days","0 days","Heterosexual (straight)","Slightly underweight","Did not drink fruit juice","4 to 6 times","1 to 3 times","1 to 3 times","Did not drink milk","7 days","5 days","2 hours per day","2 hours per day","0 teams","No","7 hours","Did not drink sports drink","4 or more times per day","0 times"
"16 years old","Female","10th grade","No","White",1.57,49.9,"Never wore a helmet","Most of the time","0 days","0 times","No","No","No","0 days","0 days","Heterosexual (straight)","About the right weight","Did not drink fruit juice","2 times per day","1 to 3 times","Did not drink soda or pop","1 to 3 glasses","6 days","7 days","Less than 1 hour per day","No playing video/computer game","2 teams","No","8 hours","Did not drink sports drink","3 times per day","4 times"
"14 years old","Female","9th grade","No","Multiple - Non-Hispanic",1.73,92.99,"Never wore a helmet","Most of the time","I did not drive the past 30 days","0 times","No","No","No","0 days","0 days","Heterosexual (straight)","Slightly overweight","4 to 6 times","4 to 6 times","1 to 3 times","1 to 3 times","1 to 3 glasses","7 days","7 days","2 hours per day","Less than 1 hour per day","1 team","No","7 hours","Did not drink sports drink","3 times per day","5 or more times"
"14 years old",NA,"10th grade",NA,NA,NA,NA,"Sometimes wore a helmet","Rarely","6 to 9 days",NA,NA,NA,"No",NA,"3 to 5 days","Not sure","Slightly underweight","4 to 6 times","2 times per day","4 to 6 times","2 times per day","4 to 6 glasses","3 days","3 days","3 hours per day","Less than 1 hour per day",NA,NA,"7 hours",NA,NA,NA
"14 years old","Female","9th grade","No","White",1.7,61.24,"Did not ride a bicycle","Most of the time","I did not drive the past 30 days","0 times","No","No","No","0 days","0 days","Heterosexual (straight)","About the right weight","4 to 6 times","1 to 3 times","Did not eat green salad","1 to 3 times","Did not drink milk","3 days","0 days","1 hour per day","5 or more hours per day","2 teams","Yes","6 hours","Did not drink sports drink","1 time per day","1 times"
"15 years old","Female","10th grade","No","White",1.65,58.97,"Never wore a helmet","Always","I did not drive the past 30 days","0 times","Yes","Yes","Yes","10 to 19 days","20 to 29 days","Heterosexual (straight)","About the right weight","4 to 6 times","1 to 3 times","4 to 6 times","1 time per day","4 to 6 glasses","2 days","7 days","Less than 1 hour per day","Less than 1 hour per day","0 teams","Yes","7 hours","4 to 6 times","1 time per day","0 times"
"16 years old","Female","11th grade","Yes","Multiple - Hispanic / Latino",1.6,48.54,"Did not ride a bicycle","Most of the time","0 days","0 times","No","No","Yes","0 days","All 30 days","Heterosexual (straight)","Slightly underweight","4 to 6 times","Did not eat fruit","Did not eat green salad","1 time per day","1 glass per day","3 days","7 days","4 hours per day","3 hours per day","0 teams","No","7 hours","Did not drink sports drink","4 or more times per day","1 times"
"14 years old","Male","9th grade","No","White",NA,NA,NA,NA,NA,NA,"No","No","No","0 days","0 days","Not sure","Slightly underweight","4 or more times per day","1 to 3 times","1 to 3 times","1 to 3 times",NA,NA,"7 days","No TV on average school day","3 hours per day",NA,"Yes","4 or less hours",NA,NA,NA
"17 years old","Female","12th grade","No","Multiple - Non-Hispanic",1.78,74.84,"Never wore a helmet","Always","0 days","0 times","Yes","No","Yes","0 days","0 days","Heterosexual (straight)","Slightly overweight","Did not drink fruit juice","1 to 3 times","Did not eat green salad","1 to 3 times","1 to 3 glasses","5 days","0 days","3 hours per day","2 hours per day","0 teams","No","9 hours","Did not drink sports drink","2 times per day","3 times"
"16 years old","Male","11th grade","Yes","Multiple - Hispanic / Latino",1.8,70.31,"Never wore a helmet","Always","0 days","0 times","Yes","No","No","0 days",NA,NA,NA,NA,NA,NA,NA,NA,NA,NA,NA,NA,NA,NA,NA,NA,NA,NA
"16 years old","Female","11th grade","Yes","Hispanic/Latino",1.65,68.04,"Did not ride a bicycle","Always",NA,"0 times","No","No","No","0 days","0 days","Heterosexual (straight)","About the right weight","1 to 3 times","4 to 6 times","1 to 3 times","1 to 3 times","4 to 6 glasses","0 days","0 days","Less than 1 hour per day","No playing video/computer game","0 teams","No","7 hours","1 to 3 times","1 time per day","0 times"
"15 years old","Male","10th grade","Yes","Hispanic/Latino",NA,NA,"Always wore a helmet","Always","I did not drive the past 30 days","0 times","No","No","No","0 days","0 days","Heterosexual (straight)","About the right weight","Did not drink fruit juice","1 time per day","1 to 3 times","1 to 3 times","2 glasses per day","7 days","7 days","No TV on average school day","No playing video/computer game","1 team","Not sure","7 hours","3 times per day","3 times per day","0 times"
"15 years old",NA,"10th grade","No","Multiple - Non-Hispanic",NA,NA,NA,"Rarely","0 days",NA,"No","No","Yes","0 days",NA,"Heterosexual (straight)","Very underweight","1 to 3 times","1 to 3 times","4 to 6 times","1 to 3 times",NA,"0 days","0 days","No TV on average school day","No playing video/computer game",NA,NA,NA,NA,NA,NA
"17 years old","Female","12th grade","Yes","Multiple - Hispanic / Latino",1.63,80.74,"Did not ride a bicycle","Always","I did not drive the past 30 days","2 or 3 times","No","No","Yes","1 or 2 days","1 or 2 days","Heterosexual (straight)","Very overweight","4 or more times per day","4 or more times per day","4 or more times per day","Did not drink soda or pop","Did not drink milk","0 days","3 days","4 hours per day","5 or more hours per day","0 teams","Not sure","4 or less hours","4 or more times per day","4 or more times per day","1 times"
"16 years old","Female","10th grade","No","Black or African American",1.6,63.5,NA,"Sometimes","3 to 5 days","0 times","No","No","Yes","0 days","0 days","Heterosexual (straight)","About the right weight","4 to 6 times","1 to 3 times","Did not eat green salad","2 times per day","Did not drink milk","3 days","3 days","Less than 1 hour per day","5 or more hours per day","1 team","Yes","8 hours","1 to 3 times","4 to 6 times","0 times"
"16 years old","Male","10th grade","No","White",1.73,104.33,"Most of the time wore a helmet","Always","0 days","0 times","No","No","No","0 days","0 days","Heterosexual (straight)","Slightly overweight","1 to 3 times","2 times per day","4 to 6 times","1 to 3 times","3 glasses per day","7 days","7 days","2 hours per day","No playing video/computer game","1 team","No","7 hours","1 to 3 times","4 or more times per day","1 times"
"17 years old","Female","12th grade","Yes","Hispanic/Latino",1.57,52.16,"Did not ride a bicycle","Always","I did not drive the past 30 days","0 times","No","No","No","0 days","0 days","Heterosexual (straight)","Slightly underweight","1 to 3 times","1 to 3 times","4 to 6 times","Did not drink soda or pop","4 to 6 glasses","0 days","2 days","Less than 1 hour per day","No playing video/computer game","1 team","No","6 hours","Did not drink sports drink","3 times per day","0 times"
"15 years old","Female","9th grade","No","White",1.57,45.81,"Rarely wore a helmet","Most of the time","I did not drive the past 30 days","0 times","Yes","No","No","0 days","0 days","Heterosexual (straight)","Slightly underweight","4 to 6 times","1 to 3 times","1 to 3 times","4 or more times per day","Did not drink milk","1 day","2 days","No TV on average school day","5 or more hours per day","1 team","No","4 or less hours","Did not drink sports drink","1 to 3 times","2 times"
"16 years old","Female","10th grade","No","White",1.57,58.06,"Always wore a helmet","Always","I did not drive the past 30 days","0 times","Yes","Yes","Yes","0 days","0 days","Not sure","About the right weight","Did not drink fruit juice","4 to 6 times","1 to 3 times","Did not drink soda or pop","4 to 6 glasses","2 days","3 days","2 hours per day","4 hours per day","1 team","No","6 hours","Did not drink sports drink","3 times per day","3 times"
"16 years old","Female","11th grade","No","Multiple - Non-Hispanic",1.63,58.97,"Did not ride a bicycle","Always","0 days","0 times","No","No","Yes","0 days","0 days","Heterosexual (straight)","Slightly overweight","4 to 6 times","4 to 6 times","Did not eat green salad","4 to 6 times","1 to 3 glasses","6 days","3 days","3 hours per day","5 or more hours per day","1 team","No","8 hours",NA,NA,NA
"15 years old","Female","10th grade","No","White",1.75,72.58,"Never wore a helmet","Most of the time","3 to 5 days","0 times","No","Yes","Yes","0 days","0 days","Heterosexual (straight)","About the right weight","2 times per day","1 to 3 times","4 to 6 times","4 to 6 times","1 to 3 glasses","4 days","0 days","1 hour per day","No playing video/computer game","1 team","No","8 hours","1 to 3 times","2 times per day","0 times"
"16 years old","Female","10th grade","No","White",1.73,65.77,"Never wore a helmet","Always","I did not drive the past 30 days","0 times",NA,NA,NA,NA,NA,"Heterosexual (straight)","Slightly overweight","1 to 3 times","1 to 3 times","1 to 3 times","1 to 3 times","4 to 6 glasses","2 days","3 days","3 hours per day","3 hours per day","0 teams","No","8 hours","Did not drink sports drink","4 or more times per day","0 times"
"16 years old","Male","9th grade","No","Asian",1.68,65.77,"Rarely wore a helmet","Always","0 days",NA,"No","No","No","0 days","0 days","Heterosexual (straight)","About the right weight","Did not drink fruit juice","Did not eat fruit","Did not eat green salad","1 to 3 times","Did not drink milk","0 days","0 days","Less than 1 hour per day","1 hour per day","1 team","Not sure","6 hours","1 to 3 times","4 or more times per day","1 times"
"15 years old","Male","10th grade","Yes","Hispanic/Latino",1.75,110.22,"Never wore a helmet","Most of the time","I did not drive the past 30 days","0 times","No","No","No","0 days","0 days","Heterosexual (straight)","Slightly overweight","Did not drink fruit juice","4 to 6 times","1 to 3 times","1 to 3 times","2 glasses per day","5 days","2 days","Less than 1 hour per day","4 hours per day","0 teams","No","8 hours","Did not drink sports drink","Did not drink water","0 times"
"18 years old or older","Male","12th grade",NA,NA,NA,NA,"Never wore a helmet","Most of the time","20 to 29 days","1 time","No","No","Yes","0 days","All 30 days","Heterosexual (straight)","About the right weight","4 to 6 times","4 or more times per day","1 to 3 times","Did not drink soda or pop","1 glass per day","0 days","5 days","No TV on average school day","No playing video/computer game","0 teams","No","4 or less hours","4 to 6 times","4 or more times per day","3 times"
"18 years old or older","Female","12th grade","No","Asian",NA,NA,"Did not ride a bicycle","Always","I did not drive the past 30 days","0 times","No","No","No","0 days","0 days","Heterosexual (straight)","Slightly overweight","1 to 3 times","1 to 3 times","Did not eat green salad","1 to 3 times","1 to 3 glasses","5 days","6 days","1 hour per day","4 hours per day","1 team","No","6 hours",NA,NA,NA
"16 years old","Male","10th grade","No","Black or African American",1.55,46.72,"Did not ride a bicycle","Never","I did not drive the past 30 days","0 times","No","No","No","0 days","0 days","Heterosexual (straight)","Slightly underweight","Did not drink fruit juice","1 to 3 times","Did not eat green salad","Did not drink soda or pop","Did not drink milk","1 day","0 days","5 or more hours per day","5 or more hours per day","0 teams","No","9 hours","Did not drink sports drink","1 to 3 times","0 times"
"16 years old","Female","11th grade","No","Asian",1.55,50.35,"Did not ride a bicycle","Most of the time","I did not drive the past 30 days","0 times","No","No","Yes","0 days","1 or 2 days","Heterosexual (straight)","Slightly overweight","1 to 3 times","4 to 6 times","1 to 3 times","1 to 3 times","1 to 3 glasses","7 days","3 days","1 hour per day","5 or more hours per day","0 teams",NA,"5 hours",NA,NA,NA
"14 years old","Male","9th grade","Yes","Multiple - Hispanic / Latino",1.7,56.7,NA,NA,"I did not drive the past 30 days",NA,"Yes","No","No","0 days","0 days","Heterosexual (straight)","About the right weight","4 or more times per day","1 to 3 times","Did not eat green salad","1 to 3 times",NA,"7 days","5 days","Less than 1 hour per day","4 hours per day",NA,NA,NA,NA,NA,NA
"16 years old","Female","10th grade","No","White",1.7,56.7,"Rarely wore a helmet","Rarely","1 or 2 days","0 times","No","Yes","Yes","0 days","0 days","Heterosexual (straight)","Slightly overweight","1 to 3 times","4 or more times per day","3 times per day","1 to 3 times","4 or more glasses per day","0 days","7 days","2 hours per day","3 hours per day","2 teams","No","7 hours","Did not drink sports drink","4 or more times per day","5 or more times"
"17 years old","Female","11th grade","No","White",1.55,55.34,NA,"Most of the time","I did not drive the past 30 days","0 times","No","No","No","0 days",NA,"Heterosexual (straight)","About the right weight","1 to 3 times","4 or more times per day","4 to 6 times","Did not drink soda or pop","4 to 6 glasses","5 days","4 days",NA,NA,NA,NA,"6 hours",NA,NA,NA
"15 years old","Female","9th grade","No","Asian",1.42,38.56,"Did not ride a bicycle","Always",NA,"0 times","No","No","No","0 days","0 days","Heterosexual (straight)","Slightly underweight","Did not drink fruit juice","2 times per day","1 to 3 times","1 to 3 times","2 glasses per day","7 days","7 days","4 hours per day","2 hours per day","0 teams","No","7 hours","Did not drink sports drink","Did not drink water","0 times"
"15 years old","Female","10th grade","No","White",1.75,63.05,"Most of the time wore a helmet","Always","I did not drive the past 30 days","0 times","No","No","No","0 days","0 days","Heterosexual (straight)","About the right weight","Did not drink fruit juice","4 to 6 times","1 to 3 times","Did not drink soda or pop","3 glasses per day","7 days","4 days","1 hour per day","1 hour per day","2 teams","No","7 hours","Did not drink sports drink","4 or more times per day","3 times"
"14 years old","Female","9th grade","Yes","Hispanic/Latino",1.6,57.15,"Never wore a helmet","Always","0 days","0 times","No","No","Yes","1 or 2 days","20 to 29 days","bisexual","Slightly overweight","2 times per day","4 to 6 times","1 time per day","Did not drink soda or pop","Did not drink milk","7 days","7 days","2 hours per day","5 or more hours per day","3 or more teams","Yes","5 hours","1 to 3 times","3 times per day","4 times"
"14 years old","Male","9th grade","Yes","Hispanic/Latino",1.73,55.34,"Did not ride a bicycle","Most of the time","I did not drive the past 30 days","0 times","No","No","No","0 days","0 days","Gay or lesbian","About the right weight","1 to 3 times","Did not eat fruit","Did not eat green salad","Did not drink soda or pop","Did not drink milk","2 days","1 day","No TV on average school day","3 hours per day","0 teams","Yes","7 hours","1 to 3 times","4 or more times per day","0 times"
"15 years old","Female","9th grade","No","White",1.57,61.24,"Rarely wore a helmet","Always","I did not drive the past 30 days","0 times","Yes","Yes","Yes","0 days","0 days","Heterosexual (straight)","About the right weight","1 to 3 times","1 time per day","1 to 3 times","2 times per day","3 glasses per day","6 days","3 days","3 hours per day","2 hours per day","2 teams","No","7 hours","Did not drink sports drink","1 to 3 times","2 times"
"16 years old","Male","10th grade","No","Multiple - Non-Hispanic",1.75,65.77,"Never wore a helmet","Most of the time","1 or 2 days","1 time","No","Yes","Yes","0 days","3 to 5 days","Heterosexual (straight)","About the right weight","2 times per day","1 time per day","1 to 3 times","1 to 3 times","1 glass per day","5 days","5 days","1 hour per day","1 hour per day","2 teams","No","7 hours","1 to 3 times","3 times per day","2 times"
"18 years old or older","Male","12th grade","No","White",1.78,79.38,"Most of the time wore a helmet","Always","0 days","0 times","Yes","No","Yes","0 days","0 days","Gay or lesbian",NA,"Did not drink fruit juice","1 to 3 times","1 to 3 times","1 to 3 times","1 glass per day","4 days","4 days","Less than 1 hour per day","1 hour per day","1 team","Not sure","6 hours","1 to 3 times","1 time per day","3 times"
NA,NA,NA,NA,NA,NA,NA,NA,"Always","I did not drive the past 30 days","0 times","No","No","Yes","0 days","0 days","bisexual","About the right weight","1 to 3 times","1 to 3 times","Did not eat green salad","1 to 3 times","Did not drink milk","2 days","2 days","Less than 1 hour per day","3 hours per day","1 team","Yes","6 hours","Did not drink sports drink","3 times per day","3 times"
"15 years old","Female","9th grade","No","Asian",1.45,46.72,"Never wore a helmet","Sometimes","I did not drive the past 30 days","0 times","No","No","No","0 days",NA,"Heterosexual (straight)","About the right weight","1 time per day","1 to 3 times","Did not eat green salad","Did not drink soda or pop","Did not drink milk","1 day","5 days","Less than 1 hour per day","No playing video/computer game","1 team","No","8 hours",NA,NA,NA
"15 years old","Female","10th grade","No","Black or African American",1.65,64.41,"Did not ride a bicycle","Always","I did not drive the past 30 days","0 times","No","No","No","0 days","0 days","Heterosexual (straight)","About the right weight","1 to 3 times","1 time per day","Did not eat green salad","1 time per day","1 to 3 glasses","7 days","1 day","5 or more hours per day","No playing video/computer game","0 teams","Yes","6 hours","Did not drink sports drink","1 to 3 times","0 times"
"15 years old","Female","9th grade","No","White",1.68,80.29,"Did not ride a bicycle","Always","I did not drive the past 30 days","0 times","No","No","No","0 days","0 days","Heterosexual (straight)","Very overweight","1 to 3 times","1 to 3 times","Did not eat green salad","Did not drink soda or pop","1 to 3 glasses","7 days","4 days","2 hours per day","1 hour per day","1 team","Not sure","7 hours","Did not drink sports drink","2 times per day","2 times"
"16 years old","Male","11th grade","No","Black or African American",1.63,78.47,"Did not ride a bicycle","Always","0 days","0 times","No","No","No","0 days","0 days","Heterosexual (straight)","About the right weight","1 time per day","1 time per day","Did not eat green salad","1 time per day","Did not drink milk","7 days","0 days","4 hours per day","Less than 1 hour per day","0 teams","No","6 hours","Did not drink sports drink","2 times per day","0 times"
"14 years old","Female","9th grade","No","White",1.68,65.32,"Always wore a helmet","Always","I did not drive the past 30 days","0 times","Yes","No","No","0 days","0 days","Not sure","About the right weight","1 to 3 times","1 to 3 times","Did not eat green salad","1 to 3 times","2 glasses per day","7 days","3 days","2 hours per day","2 hours per day","1 team","Not sure","8 hours","Did not drink sports drink","2 times per day","2 times"
"16 years old","Female","10th grade","No","White",1.57,53.52,"Never wore a helmet","Rarely","0 days","1 time","No","Yes","Yes",NA,"0 days","Heterosexual (straight)","About the right weight","Did not drink fruit juice","Did not eat fruit","Did not eat green salad","Did not drink soda or pop","Did not drink milk","0 days","0 days","No TV on average school day","No playing video/computer game","0 teams","No",NA,"Did not drink sports drink","Did not drink water",NA
"17 years old","Female","12th grade","Yes","Hispanic/Latino",1.57,68.04,"Did not ride a bicycle","Always","0 days","0 times","No","No","No","0 days","0 days","Heterosexual (straight)","Very overweight","Did not drink fruit juice","1 to 3 times","Did not eat green salad","Did not drink soda or pop","Did not drink milk","3 days","0 days","Less than 1 hour per day","No playing video/computer game","0 teams","No","8 hours","Did not drink sports drink","2 times per day","0 times"
"14 years old","Female","9th grade","No","White",1.78,95.26,"Always wore a helmet","Always","I did not drive the past 30 days","0 times","Yes","No","No","0 days","0 days","Heterosexual (straight)","Slightly overweight","1 to 3 times","1 time per day","4 to 6 times","Did not drink soda or pop","1 glass per day","1 day","7 days","1 hour per day","3 hours per day","3 or more teams","Yes","8 hours","1 to 3 times","4 or more times per day","5 or more times"
"16 years old",NA,"11th grade","No","White",NA,NA,"Most of the time wore a helmet","Always","I did not drive the past 30 days","12 or more times","No","No","Yes","0 days","0 days","Gay or lesbian","Slightly overweight","1 to 3 times","1 to 3 times","Did not eat green salad","Did not drink soda or pop","Did not drink milk","0 days","0 days","No TV on average school day","5 or more hours per day","0 teams","No","6 hours","Did not drink sports drink","4 to 6 times","0 times"
"15 years old","Male","9th grade","No","White",1.75,95.26,"Never wore a helmet","Most of the time","0 days","0 times","No","No","No","0 days","0 days","Heterosexual (straight)","Slightly overweight","4 to 6 times","1 to 3 times","1 to 3 times","1 to 3 times","1 to 3 glasses","7 days","5 days","3 hours per day","No playing video/computer game","0 teams","No","9 hours","Did not drink sports drink","4 to 6 times","0 times"
"15 years old","Male","10th grade","No","White",1.8,72.58,"Did not ride a bicycle","Always","0 days","0 times","No","No","No","0 days","0 days","Heterosexual (straight)","About the right weight","1 to 3 times","4 to 6 times","Did not eat green salad","1 time per day","4 to 6 glasses","0 days","7 days","3 hours per day","1 hour per day",NA,"No","8 hours","4 to 6 times","1 time per day","4 times"
"17 years old","Female","11th grade","No","White",1.73,70.31,"Never wore a helmet","Always","0 days","0 times","No","No","No","0 days","0 days","Heterosexual (straight)","Slightly overweight","1 to 3 times","1 time per day","4 to 6 times","Did not drink soda or pop",NA,NA,NA,NA,NA,NA,NA,NA,"Did not drink sports drink",NA,NA
"16 years old","Male","10th grade","Yes","Hispanic/Latino",NA,NA,"Did not ride a bicycle","Always","I did not drive the past 30 days","0 times","No","No","No","0 days","0 days","Heterosexual (straight)","Slightly underweight","1 to 3 times","1 to 3 times","1 to 3 times","1 to 3 times","1 to 3 glasses","1 day","1 day","No TV on average school day","5 or more hours per day","0 teams","Not sure","5 hours","1 to 3 times","4 or more times per day","0 times"
"16 years old","Female","11th grade","Yes","Hispanic/Latino",1.68,55.79,"Never wore a helmet","Always","I did not drive the past 30 days","0 times","No","No","Yes","0 days","0 days","Heterosexual (straight)","About the right weight","1 to 3 times","1 to 3 times","1 to 3 times","Did not drink soda or pop","1 glass per day","2 days","5 days","Less than 1 hour per day","No playing video/computer game","0 teams","Yes","7 hours","Did not drink sports drink","3 times per day","2 times"
"16 years old","Male","11th grade","No","White",1.83,72.58,"Sometimes wore a helmet","Always","0 days","0 times","Yes","Yes","No",NA,"1 or 2 days","Heterosexual (straight)","About the right weight","4 to 6 times","1 to 3 times","Did not eat green salad","1 to 3 times","1 to 3 glasses","4 days","7 days","1 hour per day","2 hours per day","3 or more teams","Yes","7 hours","1 to 3 times","4 or more times per day","3 times"
"15 years old","Female","10th grade","Yes","Hispanic/Latino",1.55,52.16,"Never wore a helmet","Always","0 days","0 times","No","No","No","0 days","0 days","Heterosexual (straight)","Slightly overweight","4 to 6 times","4 to 6 times","1 to 3 times","Did not drink soda or pop","2 glasses per day","0 days","6 days","No TV on average school day","4 hours per day","1 team","No","5 hours",NA,NA,NA
"16 years old","Female","11th grade","Yes","Hispanic/Latino",1.65,70.31,"Did not ride a bicycle","Always","0 days","0 times","No","No","Yes","0 days","0 days","Heterosexual (straight)","Slightly overweight","Did not drink fruit juice","4 to 6 times","Did not eat green salad","4 to 6 times","Did not drink milk","0 days","0 days","4 hours per day","No playing video/computer game","0 teams","Yes","8 hours","Did not drink sports drink","4 to 6 times","0 times"
"14 years old","Female","9th grade","Yes","Hispanic/Latino",NA,NA,"Did not ride a bicycle","Always","0 days","0 times","No","No","No","0 days","0 days","Heterosexual (straight)","About the right weight","1 to 3 times","4 to 6 times","1 to 3 times","1 to 3 times","1 glass per day","7 days","0 days","Less than 1 hour per day","2 hours per day","0 teams","No","8 hours","Did not drink sports drink","4 or more times per day","0 times"
"16 years old","Male","10th grade","No","White",1.8,90.72,"Did not ride a bicycle","Always","1 or 2 days","1 time","No","No","No","0 days","20 to 29 days","Heterosexual (straight)","About the right weight","Did not drink fruit juice","4 to 6 times","Did not eat green salad","2 times per day","3 glasses per day","7 days","7 days","Less than 1 hour per day",NA,"3 or more teams","No","6 hours","2 times per day","4 or more times per day","1 times"
"18 years old or older","Female","12th grade","Yes","Hispanic/Latino",1.57,68.04,"Did not ride a bicycle","Most of the time","0 days","0 times","No","No","No","0 days","0 days","Heterosexual (straight)","About the right weight","Did not drink fruit juice","3 times per day","1 time per day","1 to 3 times","Did not drink milk","0 days","3 days","2 hours per day","No playing video/computer game","0 teams","No","8 hours",NA,NA,NA
"15 years old","Female","9th grade","No","White",1.52,45.36,"Rarely wore a helmet","Most of the time","0 days","0 times","No","No","No","0 days","0 days","Heterosexual (straight)","Slightly underweight","1 to 3 times","4 to 6 times","1 to 3 times","4 to 6 times","3 glasses per day","3 days","5 days","2 hours per day","No playing video/computer game","3 or more teams",NA,"6 hours","Did not drink sports drink","1 time per day",NA
"14 years old","Female","9th grade","Yes","Hispanic/Latino",1.55,56.25,"Did not ride a bicycle","Always","I did not drive the past 30 days","0 times","No","No","No","0 days","0 days","Heterosexual (straight)","About the right weight","1 to 3 times","2 times per day","1 to 3 times","1 to 3 times","4 to 6 glasses","7 days","4 days","2 hours per day","3 hours per day","0 teams","No","7 hours",NA,NA,NA
"16 years old","Male","10th grade","Yes","Hispanic/Latino",1.75,102.06,"Never wore a helmet","Always",NA,"1 time","Yes","Yes","No","0 days","0 days","Heterosexual (straight)","Slightly overweight","1 to 3 times","1 to 3 times","Did not eat green salad","4 or more times per day","2 glasses per day","0 days","7 days","Less than 1 hour per day","3 hours per day","1 team","No","6 hours",NA,NA,NA
"15 years old","Female","9th grade","No","Multiple - Non-Hispanic",1.57,111.59,"Did not ride a bicycle","Always","I did not drive the past 30 days","1 time","Yes","No","Yes","0 days","0 days","Heterosexual (straight)","Very overweight","1 to 3 times","1 to 3 times","Did not eat green salad","1 to 3 times","Did not drink milk","7 days","0 days","5 or more hours per day","5 or more hours per day","0 teams","Yes","6 hours","Did not drink sports drink","1 to 3 times","1 times"
"17 years old","Female","12th grade","No","White",1.57,65.77,NA,NA,"0 days",NA,"Yes","No","Yes","0 days","0 days","Heterosexual (straight)","Slightly overweight","Did not drink fruit juice","2 times per day","1 to 3 times","Did not drink soda or pop",NA,NA,"5 days","No TV on average school day","No playing video/computer game",NA,"No","9 hours",NA,NA,NA
"16 years old","Female","10th grade","Yes","Multiple - Hispanic / Latino",1.55,58.97,"Did not ride a bicycle","Always","0 days","0 times","No","No","No","0 days","0 days","Heterosexual (straight)","About the right weight","Did not drink fruit juice","4 to 6 times","1 to 3 times","1 to 3 times","Did not drink milk","0 days","4 days","2 hours per day","Less than 1 hour per day","1 team","Yes","6 hours","1 to 3 times","3 times per day","0 times"
"16 years old","Female","11th grade","No","White",1.57,45.81,"Never wore a helmet","Rarely","1 or 2 days","0 times","No","No","No","1 or 2 days","20 to 29 days","Heterosexual (straight)","Very underweight","2 times per day","4 to 6 times","1 to 3 times","Did not drink soda or pop","Did not drink milk","5 days","7 days","No TV on average school day","No playing video/computer game","1 team","Yes","8 hours","Did not drink sports drink","Did not drink water","3 times"
"15 years old","Male","9th grade","No","White",1.7,63.5,NA,"Always","0 days",NA,"No","No","No","0 days","0 days",NA,"Slightly underweight","4 to 6 times","4 to 6 times","4 to 6 times","2 times per day","2 glasses per day","7 days","7 days","3 hours per day","4 hours per day","1 team","No","7 hours",NA,NA,NA
"16 years old","Male","11th grade","Yes","Multiple - Hispanic / Latino",1.65,52.16,"Did not ride a bicycle","Always","0 days","0 times","No","No","No","0 days","0 days","Heterosexual (straight)","Slightly underweight","4 to 6 times","1 time per day","1 to 3 times","1 to 3 times","1 to 3 glasses","5 days","2 days","No TV on average school day","3 hours per day","0 teams","No","8 hours",NA,NA,NA
"16 years old","Male","10th grade","No","White",1.83,93.9,"Always wore a helmet","Always","0 days","12 or more times","No","No","No","0 days","0 days","Heterosexual (straight)","About the right weight","Did not drink fruit juice","1 time per day","4 to 6 times","Did not drink soda or pop","4 or more glasses per day","3 days","6 days","3 hours per day","Less than 1 hour per day","2 teams","No","8 hours","Did not drink sports drink","4 or more times per day","5 or more times"
"17 years old","Male","11th grade","No","White",1.85,125.65,"Never wore a helmet","Always","0 days","6 or 7 times","No","No","Yes","All 30 days","0 days","Heterosexual (straight)","Very overweight","2 times per day","2 times per day","4 to 6 times","1 time per day","3 glasses per day","7 days","3 days","1 hour per day","3 hours per day","0 teams","Yes","6 hours","Did not drink sports drink","3 times per day","0 times"
"15 years old","Male","10th grade","No","Black or African American",1.75,89.36,"Rarely wore a helmet","Always","I did not drive the past 30 days","0 times","No","No","No",NA,"1 or 2 days","Heterosexual (straight)","About the right weight","4 to 6 times","4 to 6 times","1 to 3 times","4 to 6 times","1 to 3 glasses","7 days","5 days","3 hours per day","5 or more hours per day","1 team","No","8 hours",NA,"4 to 6 times","2 times"
"17 years old","Female","11th grade","Yes","Multiple - Hispanic / Latino",1.65,57.61,"Never wore a helmet","Always","0 days","1 time","No","No","No","0 days","1 or 2 days",NA,NA,NA,NA,NA,NA,NA,NA,NA,NA,NA,NA,NA,NA,NA,NA,NA
"15 years old","Female","10th grade","No","White",1.52,62.14,"Never wore a helmet","Always","I did not drive the past 30 days","1 time","No","No","Yes","1 or 2 days","0 days","Heterosexual (straight)","Slightly overweight","2 times per day","2 times per day","1 to 3 times","4 to 6 times","1 to 3 glasses","7 days","2 days","5 or more hours per day","5 or more hours per day","1 team","No","10 or more hours","Did not drink sports drink","4 or more times per day","2 times"
"17 years old","Male","11th grade","Yes","Hispanic/Latino",1.63,56.7,"Never wore a helmet","Always","0 days","0 times","No","No","No","0 days","0 days","Not sure","About the right weight","1 to 3 times","1 to 3 times","Did not eat green salad","1 to 3 times","1 to 3 glasses","4 days","3 days","2 hours per day","1 hour per day","2 teams","No","8 hours","1 to 3 times","1 to 3 times","1 times"
"15 years old","Male","9th grade","No","White",1.83,92.53,"Rarely wore a helmet","Always","I did not drive the past 30 days","0 times","No","No","No","0 days","0 days","Heterosexual (straight)","Slightly overweight","1 to 3 times","2 times per day","1 to 3 times","4 to 6 times","4 to 6 glasses","2 days","7 days","Less than 1 hour per day","2 hours per day","3 or more teams","Yes","7 hours","1 to 3 times","4 or more times per day","5 or more times"
"18 years old or older","Female","12th grade","No","Asian",1.65,55.34,"Did not ride a bicycle","Most of the time","I did not drive the past 30 days","0 times","No","No","No","0 days","0 days","Not sure","About the right weight","Did not drink fruit juice","1 to 3 times","1 to 3 times","1 to 3 times","1 to 3 glasses","7 days","0 days","No TV on average school day","4 hours per day","0 teams","No","6 hours","Did not drink sports drink","2 times per day","0 times"
"15 years old","Male","9th grade","No","White",1.63,70.76,NA,"Rarely","I did not drive the past 30 days","0 times","Yes","No","Yes","0 days",NA,NA,"Slightly overweight","1 to 3 times","1 to 3 times","Did not eat green salad","1 to 3 times",NA,"7 days","3 days","2 hours per day","5 or more hours per day",NA,NA,"6 hours",NA,"4 to 6 times",NA
NA,NA,NA,NA,NA,NA,NA,NA,"Always","I did not drive the past 30 days","0 times","No","No","No","0 days","0 days","Heterosexual (straight)","About the right weight","Did not drink fruit juice","1 to 3 times","4 to 6 times","1 to 3 times","4 to 6 glasses","3 days","5 days","1 hour per day","5 or more hours per day","3 or more teams","No","6 hours","Did not drink sports drink","4 to 6 times","3 times"
"17 years old","Male","11th grade","Yes","Multiple - Hispanic / Latino",1.88,83.46,"Never wore a helmet","Most of the time","0 days","0 times","Yes","No","No","0 days","0 days",NA,"About the right weight","1 time per day","Did not eat fruit","Did not eat green salad","Did not drink soda or pop","1 to 3 glasses","7 days","0 days","Less than 1 hour per day","5 or more hours per day","0 teams","Yes","6 hours","2 times per day","1 time per day","1 times"
"16 years old","Male","11th grade","No","White",1.78,61.24,"Never wore a helmet","Always","20 to 29 days","0 times","No","No","No",NA,"0 days","Heterosexual (straight)","About the right weight","3 times per day","2 times per day","4 to 6 times","2 times per day","2 glasses per day","7 days","5 days","4 hours per day","3 hours per day","2 teams","No","7 hours","1 to 3 times","3 times per day","0 times"
"18 years old or older","Female","11th grade","No","White",1.6,73.48,"Rarely wore a helmet","Sometimes","0 days","0 times","No","No","No","0 days","0 days","Heterosexual (straight)","About the right weight","Did not drink fruit juice","1 to 3 times","Did not eat green salad","4 to 6 times","4 to 6 glasses","2 days","0 days","1 hour per day","Less than 1 hour per day","1 team","Not sure","6 hours","1 to 3 times","2 times per day","0 times"
"17 years old","Male","12th grade","No","Black or African American",1.88,81.65,"Did not ride a bicycle","Always","I did not drive the past 30 days","1 time","No","No","No","0 days","0 days","Heterosexual (straight)","About the right weight","Did not drink fruit juice","4 or more times per day","Did not eat green salad","3 times per day","Did not drink milk","7 days","3 days","4 hours per day","2 hours per day","0 teams","No","6 hours","2 times per day","3 times per day","2 times"
"15 years old","Female","10th grade","Yes","Hispanic/Latino",NA,NA,"Did not ride a bicycle","Always","I did not drive the past 30 days","0 times","No","No","No","0 days","1 or 2 days","Heterosexual (straight)","About the right weight","4 to 6 times","4 to 6 times","1 to 3 times","Did not drink soda or pop","1 to 3 glasses","4 days","6 days","1 hour per day","2 hours per day","1 team","No","7 hours","1 to 3 times","2 times per day","0 times"
"15 years old","Male","9th grade","No","White",1.63,55.34,"Never wore a helmet","Always","I did not drive the past 30 days","1 time","No","No","No","0 days","6 to 9 days","Heterosexual (straight)","About the right weight","2 times per day","4 to 6 times","1 to 3 times","1 to 3 times","2 glasses per day","3 days",NA,NA,NA,NA,NA,NA,"4 to 6 times","1 time per day",NA
"15 years old","Male","10th grade","No","White",1.7,63.5,NA,NA,NA,NA,"Yes","No","Yes",NA,"0 days","Heterosexual (straight)","Slightly underweight","Did not drink fruit juice","Did not eat fruit","1 to 3 times","1 to 3 times",NA,NA,"1 day","No TV on average school day","No playing video/computer game",NA,"Yes","5 hours",NA,NA,NA
"12 years old or younger","Male","10th grade","Yes","Multiple - Hispanic / Latino",NA,NA,NA,NA,"I did not drive the past 30 days",NA,NA,NA,NA,"10 to 19 days",NA,NA,"Slightly underweight","4 to 6 times","4 to 6 times","Did not eat green salad","Did not drink soda or pop",NA,"0 days","1 day","1 hour per day","2 hours per day",NA,NA,NA,NA,NA,NA
"16 years old","Female","10th grade","No","White",1.73,63.5,"Did not ride a bicycle","Most of the time","I did not drive the past 30 days","0 times","Yes","No","Yes","0 days","0 days","Heterosexual (straight)","About the right weight","4 to 6 times","1 to 3 times","1 to 3 times","4 to 6 times","1 to 3 glasses","3 days","2 days","1 hour per day","No playing video/computer game","0 teams","No","6 hours","Did not drink sports drink","4 or more times per day","0 times"
"15 years old","Female","9th grade","No","Black or African American",1.55,54.43,"Never wore a helmet","Sometimes","I did not drive the past 30 days","2 or 3 times","No","No","Yes","0 days","0 days","Heterosexual (straight)","About the right weight","Did not drink fruit juice","Did not eat fruit","Did not eat green salad","1 to 3 times","1 to 3 glasses","7 days","2 days","No TV on average school day","No playing video/computer game","1 team","No","6 hours","Did not drink sports drink","4 to 6 times","0 times"
"15 years old","Male","10th grade","No","Asian",1.78,49.44,"Most of the time wore a helmet","Always","I did not drive the past 30 days","0 times","No","No","No","0 days","0 days","Heterosexual (straight)","Slightly underweight","1 time per day","1 to 3 times","2 times per day","1 to 3 times","2 glasses per day","6 days","3 days","1 hour per day","2 hours per day","0 teams","Yes","6 hours","Did not drink sports drink","4 or more times per day","0 times"
"15 years old","Male","10th grade","No","White",1.8,70.31,NA,NA,"0 days",NA,"No","No","No","0 days","0 days","Heterosexual (straight)","About the right weight","Did not drink fruit juice","1 to 3 times","Did not eat green salad","Did not drink soda or pop",NA,NA,"7 days","2 hours per day","Less than 1 hour per day",NA,"No","8 hours",NA,NA,NA
"18 years old or older","Female","12th grade","Yes","Multiple - Hispanic / Latino",1.55,48.08,"Did not ride a bicycle","Always","I did not drive the past 30 days","0 times","No","No","No","0 days","0 days","Heterosexual (straight)","About the right weight","1 to 3 times","Did not eat fruit","Did not eat green salad","1 to 3 times","Did not drink milk","7 days","5 days","2 hours per day","3 hours per day","0 teams","Yes","8 hours","1 to 3 times","4 to 6 times","2 times"
"16 years old","Male","12th grade","No","Asian",1.8,65.77,"Never wore a helmet","Always","1 or 2 days","0 times","No","No","No","0 days","0 days","Heterosexual (straight)","About the right weight","1 to 3 times","1 time per day","1 time per day","1 to 3 times","Did not drink milk","7 days","3 days","No TV on average school day","2 hours per day","0 teams","No","7 hours","Did not drink sports drink","4 or more times per day","0 times"
"17 years old","Female","12th grade","No","Multiple - Non-Hispanic",1.7,90.72,"Rarely wore a helmet","Always","0 days","0 times","No","Yes","Yes","0 days","0 days","Heterosexual (straight)","About the right weight","1 to 3 times","4 to 6 times","4 to 6 times","1 to 3 times","2 glasses per day","7 days","6 days","1 hour per day","2 hours per day","1 team","No","4 or less hours","1 to 3 times","4 or more times per day","0 times"
"15 years old","Male","9th grade","Yes","Multiple - Hispanic / Latino",1.7,53.98,"Never wore a helmet","Always","I did not drive the past 30 days","0 times","No","No","No","0 days","1 or 2 days","Heterosexual (straight)","Very underweight","4 to 6 times","4 or more times per day","2 times per day","1 to 3 times","1 to 3 glasses","2 days","7 days","3 hours per day","3 hours per day","3 or more teams","No",NA,"1 time per day","1 to 3 times","4 times"
"16 years old","Female","10th grade","No","White",1.63,54.43,"Did not ride a bicycle","Most of the time","I did not drive the past 30 days","0 times","Yes","Yes","Yes","0 days","0 days","Heterosexual (straight)","Very overweight","Did not drink fruit juice","1 to 3 times","1 to 3 times","Did not drink soda or pop","Did not drink milk","1 day","6 days","Less than 1 hour per day","3 hours per day","0 teams","No","6 hours","Did not drink sports drink","3 times per day","2 times"
"18 years old or older","Female","12th grade","No","White",1.63,119.75,"Never wore a helmet","Always","0 days","0 times","Yes","Yes","Yes","0 days","0 days","bisexual","Very overweight","1 to 3 times","4 to 6 times","1 to 3 times","3 times per day","1 glass per day","3 days","4 days","1 hour per day","4 hours per day","0 teams","No","7 hours","Did not drink sports drink","2 times per day","3 times"
"15 years old","Male","9th grade","No","White",1.7,70.76,NA,NA,"I did not drive the past 30 days",NA,"No","No","No","0 days","0 days","Heterosexual (straight)","About the right weight","3 times per day","2 times per day","1 to 3 times","2 times per day",NA,NA,"5 days","3 hours per day","2 hours per day",NA,"No","8 hours",NA,NA,NA
"17 years old","Female","11th grade","No","White",1.68,58.97,NA,NA,"0 days",NA,"No","No","No","0 days","0 days","Heterosexual (straight)","Slightly overweight","Did not drink fruit juice","Did not eat fruit","Did not eat green salad","Did not drink soda or pop",NA,NA,"1 day","5 or more hours per day","Less than 1 hour per day",NA,"No","9 hours",NA,NA,NA
"16 years old","Female","10th grade","Yes","Hispanic/Latino",1.65,60.78,"Never wore a helmet","Always","6 to 9 days","0 times","Yes","No","No","0 days","0 days","Heterosexual (straight)","About the right weight","4 to 6 times","4 to 6 times","1 to 3 times","1 to 3 times","Did not drink milk","5 days","7 days","4 hours per day","4 hours per day","1 team","Yes","8 hours","4 to 6 times","1 to 3 times","0 times"
"15 years old","Male","9th grade","Yes","Hispanic/Latino",NA,NA,"Did not ride a bicycle","Most of the time","0 days",NA,"Yes","Yes","No","0 days","0 days","Heterosexual (straight)",NA,"2 times per day","1 time per day","4 or more times per day","4 or more times per day","3 glasses per day","5 days","7 days","5 or more hours per day","3 hours per day","3 or more teams",NA,"10 or more hours","1 time per day","3 times per day","3 times"
"17 years old","Female","11th grade","Yes","Hispanic/Latino",1.47,52.16,"Never wore a helmet","Sometimes","I did not drive the past 30 days","0 times","Yes","No","No","0 days","0 days","Heterosexual (straight)","About the right weight","1 to 3 times","1 to 3 times","Did not eat green salad","4 to 6 times","1 to 3 glasses","4 days","0 days","5 or more hours per day","5 or more hours per day","0 teams","No","8 hours","1 to 3 times","Did not drink water","0 times"
"15 years old","Male","9th grade","No","White",1.8,68.04,"Most of the time wore a helmet","Always","I did not drive the past 30 days","0 times","No","No","No","0 days","0 days","Heterosexual (straight)","About the right weight","1 to 3 times","4 to 6 times","4 to 6 times","1 to 3 times","2 glasses per day","7 days","7 days","2 hours per day","1 hour per day","3 or more teams","No","10 or more hours","1 to 3 times","4 or more times per day","5 or more times"
"17 years old","Female","11th grade","No","White",1.63,54.43,"Did not ride a bicycle","Most of the time",NA,"0 times","No","No","Yes","0 days","0 days","Heterosexual (straight)","About the right weight","Did not drink fruit juice","1 to 3 times","1 to 3 times","2 times per day","1 to 3 glasses","2 days","1 day","2 hours per day","3 hours per day","0 teams","No","6 hours","1 to 3 times","1 to 3 times","2 times"
"14 years old","Female","9th grade","Yes","Multiple - Hispanic / Latino",1.8,104.33,NA,NA,"All 30 days",NA,"No","No","No","All 30 days","All 30 days","Heterosexual (straight)","Very overweight","1 time per day",NA,NA,NA,NA,NA,NA,NA,NA,NA,NA,NA,NA,NA,NA
"15 years old","Female","10th grade","Yes","Hispanic/Latino",1.52,90.72,"Never wore a helmet","Always","I did not drive the past 30 days","0 times","Yes","Yes","Yes","0 days","0 days","bisexual","Slightly overweight","4 to 6 times","1 time per day","Did not eat green salad","1 to 3 times","Did not drink milk","1 day","7 days","No TV on average school day","No playing video/computer game","0 teams","No","7 hours","1 to 3 times","4 or more times per day","2 times"
"15 years old","Female","9th grade","Yes","Multiple - Hispanic / Latino",1.52,44.91,"Never wore a helmet","Rarely","I did not drive the past 30 days","0 times","No","No","Yes","0 days","0 days","Heterosexual (straight)","Very underweight","1 to 3 times","1 time per day","Did not eat green salad","1 time per day","1 to 3 glasses","5 days","0 days","No TV on average school day","5 or more hours per day","0 teams","No","7 hours","Did not drink sports drink","1 time per day","0 times"
"16 years old","Female","11th grade","Yes","Hispanic/Latino",1.75,105.69,"Never wore a helmet","Most of the time","I did not drive the past 30 days","2 or 3 times","No","No","Yes","0 days","0 days","Not sure","Very overweight","1 to 3 times","1 to 3 times","1 to 3 times","4 to 6 times","1 to 3 glasses","1 day","0 days","1 hour per day","1 hour per day","0 teams","No","5 hours","Did not drink sports drink","4 to 6 times","2 times"
"14 years old","Male","9th grade","Yes","Multiple - Hispanic / Latino",1.7,65.77,"Rarely wore a helmet","Always","I did not drive the past 30 days","0 times","No","No","Yes","0 days","0 days","bisexual","About the right weight","1 time per day","4 to 6 times","1 to 3 times","1 to 3 times","1 to 3 glasses","4 days","5 days","No TV on average school day","3 hours per day","0 teams","Yes","8 hours","Did not drink sports drink","1 time per day","0 times"
"18 years old or older","Male","12th grade","No","Asian",1.68,56.7,"Did not ride a bicycle","Most of the time","I did not drive the past 30 days","0 times","No","Yes","Yes","0 days","1 or 2 days","Heterosexual (straight)","Slightly underweight","1 to 3 times","1 to 3 times","Did not eat green salad","4 to 6 times","4 to 6 glasses","2 days","5 days","No TV on average school day","4 hours per day","0 teams","No","6 hours",NA,NA,NA
"14 years old","Female","9th grade","No","White",1.73,50.8,NA,NA,"I did not drive the past 30 days",NA,"No","No","No","0 days","0 days","Heterosexual (straight)","Slightly underweight","Did not drink fruit juice","4 to 6 times","1 to 3 times","Did not drink soda or pop",NA,NA,"5 days","3 hours per day","4 hours per day",NA,"No","7 hours",NA,NA,NA
"16 years old","Female","9th grade","Yes","Hispanic/Latino",1.52,53.98,"Never wore a helmet","Rarely","I did not drive the past 30 days","0 times","No","No","Yes","0 days","0 days","Heterosexual (straight)","Very overweight","Did not drink fruit juice","Did not eat fruit","Did not eat green salad","Did not drink soda or pop","Did not drink milk","0 days","0 days","No TV on average school day","No playing video/computer game","0 teams","No","7 hours","Did not drink sports drink","Did not drink water","0 times"
"14 years old","Female","9th grade","No","White",1.63,46.27,"Most of the time wore a helmet","Sometimes","I did not drive the past 30 days","0 times","Yes","No","Yes","0 days","0 days","Heterosexual (straight)","Slightly underweight","Did not drink fruit juice","1 time per day","Did not eat green salad","3 times per day","1 to 3 glasses","3 days","5 days","3 hours per day","5 or more hours per day","2 teams","No","6 hours","1 to 3 times","1 time per day","5 or more times"
"16 years old","Female","11th grade","Yes","Multiple - Hispanic / Latino",1.7,60.33,"Never wore a helmet","Always","I did not drive the past 30 days","0 times","No","No","No","0 days","1 or 2 days","Heterosexual (straight)","About the right weight","2 times per day","1 to 3 times","1 to 3 times","Did not drink soda or pop","Did not drink milk","2 days","0 days","No TV on average school day","5 or more hours per day","1 team","No","6 hours","1 to 3 times","4 to 6 times","0 times"
"16 years old","Female","10th grade","No","White",1.52,65.77,"Never wore a helmet","Always","0 days","0 times","No","No","No","0 days","0 days","Heterosexual (straight)","Slightly overweight","4 to 6 times","1 to 3 times","1 to 3 times","1 to 3 times","1 to 3 glasses","4 days","4 days","1 hour per day","3 hours per day","1 team","No","7 hours","1 to 3 times","4 to 6 times","0 times"
"17 years old","Male","11th grade","Yes","Multiple - Hispanic / Latino",1.68,66.23,"Never wore a helmet","Sometimes","I did not drive the past 30 days","1 time","No","Yes","Yes","0 days","1 or 2 days","Heterosexual (straight)","About the right weight","1 to 3 times","4 to 6 times","1 to 3 times","3 times per day","2 glasses per day","7 days","7 days","4 hours per day","3 hours per day","2 teams",NA,"4 or less hours",NA,NA,NA
"17 years old","Female","12th grade","No","White",1.7,74.84,"Never wore a helmet","Always","1 or 2 days","0 times","No","No","No","0 days","0 days","Heterosexual (straight)","Slightly overweight","1 to 3 times","4 to 6 times","Did not eat green salad","Did not drink soda or pop","Did not drink milk","7 days","2 days","1 hour per day","No playing video/computer game","0 teams","No","6 hours","Did not drink sports drink","4 or more times per day","3 times"
"15 years old","Male","10th grade","Yes","Hispanic/Latino",1.68,55.79,"Never wore a helmet","Most of the time","0 days","1 time","No","No","Yes","0 days","0 days","Heterosexual (straight)","About the right weight","1 to 3 times","4 to 6 times","Did not eat green salad","Did not drink soda or pop","1 to 3 glasses","0 days","5 days","Less than 1 hour per day","1 hour per day","3 or more teams","No","6 hours","1 to 3 times","4 to 6 times","1 times"
"15 years old","Female","10th grade","Yes","Hispanic/Latino",1.65,70.31,"Never wore a helmet","Always","I did not drive the past 30 days","0 times","No","No","Yes","0 days","1 or 2 days","Heterosexual (straight)","Slightly overweight","1 time per day","3 times per day","Did not eat green salad","Did not drink soda or pop","1 glass per day","7 days","0 days","No TV on average school day","No playing video/computer game","0 teams","No","7 hours","Did not drink sports drink","4 or more times per day","2 times"
"17 years old","Female","11th grade","No","White",NA,NA,"Did not ride a bicycle","Always","All 30 days","0 times","No","Yes","No","0 days","0 days","Heterosexual (straight)","Slightly overweight","Did not drink fruit juice","4 to 6 times","1 to 3 times","1 to 3 times","2 glasses per day","7 days","4 days","3 hours per day","2 hours per day","3 or more teams","Yes","8 hours","1 to 3 times","2 times per day","3 times"
"16 years old","Male","11th grade","Yes","Multiple - Hispanic / Latino",1.78,67.13,"Did not ride a bicycle","Always",NA,"0 times","No","No","Yes","0 days","0 days","Heterosexual (straight)","About the right weight","1 to 3 times","1 to 3 times","1 to 3 times","2 times per day","1 glass per day","3 days","3 days","No TV on average school day","No playing video/computer game","0 teams","No","7 hours","1 to 3 times","4 or more times per day","0 times"
"17 years old","Male","11th grade","Yes","Multiple - Hispanic / Latino",1.83,68.04,"Did not ride a bicycle","Most of the time","I did not drive the past 30 days","0 times","No","No","No","0 days","0 days","Heterosexual (straight)","Slightly underweight","2 times per day","1 time per day","Did not eat green salad","1 to 3 times","Did not drink milk","4 days","7 days","2 hours per day","5 or more hours per day","1 team","No","8 hours","Did not drink sports drink","4 or more times per day","5 or more times"
"17 years old","Male","11th grade","No","White",1.83,74.84,"Sometimes wore a helmet","Always","I did not drive the past 30 days","0 times","Yes","No","No","0 days","0 days","Heterosexual (straight)","About the right weight","1 to 3 times","1 to 3 times","4 to 6 times","1 to 3 times","3 glasses per day","5 days","6 days","2 hours per day","1 hour per day","0 teams","No","8 hours","4 to 6 times","2 times per day","5 or more times"
"15 years old","Male","10th grade",NA,NA,NA,NA,"Always wore a helmet","Always","I did not drive the past 30 days","0 times","No","No","No","0 days","0 days","Heterosexual (straight)","About the right weight","4 to 6 times","4 to 6 times","1 to 3 times","1 to 3 times","1 glass per day","7 days","5 days","3 hours per day","4 hours per day","0 teams","No","8 hours","Did not drink sports drink","2 times per day","0 times"
"16 years old","Female","11th grade","No","White",1.65,61.24,NA,NA,"0 days",NA,"No","No","No","0 days","1 or 2 days","Heterosexual (straight)","About the right weight","1 to 3 times","4 or more times per day","4 or more times per day","Did not drink soda or pop",NA,NA,"7 days","2 hours per day","No playing video/computer game",NA,"No","8 hours",NA,NA,NA
"16 years old","Male","11th grade","No","White",1.85,54.43,NA,NA,"I did not drive the past 30 days",NA,NA,"No","No","All 30 days","0 days","bisexual","Very underweight","Did not drink fruit juice","1 to 3 times",NA,"4 to 6 times",NA,NA,"0 days","1 hour per day","Less than 1 hour per day",NA,"Yes","4 or less hours",NA,NA,NA
"15 years old","Female","9th grade","Yes","Hispanic/Latino",1.68,71.67,"Never wore a helmet","Always","I did not drive the past 30 days","0 times","No","No",NA,"0 days",NA,NA,"Slightly overweight","4 to 6 times","1 to 3 times","Did not eat green salad","1 to 3 times","1 to 3 glasses","7 days","4 days","4 hours per day","3 hours per day","1 team","No","6 hours","1 to 3 times","2 times per day","0 times"
"14 years old","Male","9th grade","No","White",1.6,53.52,NA,NA,"I did not drive the past 30 days",NA,"Yes","Yes","Yes","0 days","3 to 5 days","Heterosexual (straight)","About the right weight","4 or more times per day","4 to 6 times","Did not eat green salad","4 to 6 times",NA,NA,"7 days","2 hours per day","No playing video/computer game",NA,"No","8 hours",NA,NA,NA
"15 years old","Female","10th grade","No","Asian",1.65,54.43,"Did not ride a bicycle","Most of the time","0 days","0 times","No","No","Yes","0 days","1 or 2 days","Heterosexual (straight)","Slightly underweight","1 to 3 times","3 times per day","Did not eat green salad","1 to 3 times","1 to 3 glasses","7 days","0 days","No TV on average school day","5 or more hours per day","1 team","No","8 hours","Did not drink sports drink","2 times per day","0 times"
"17 years old","Female","11th grade","No","White",1.73,58.06,"Did not ride a bicycle","Always","0 days","2 or 3 times","Yes","No","Yes","All 30 days",NA,"Heterosexual (straight)","Slightly underweight","Did not drink fruit juice","1 time per day","2 times per day","3 times per day","1 to 3 glasses","0 days","7 days","No TV on average school day","No playing video/computer game","0 teams","Not sure",NA,"1 to 3 times","4 to 6 times","5 or more times"
"18 years old or older","Female","12th grade","Yes","Hispanic/Latino",1.7,54.89,"Did not ride a bicycle","Always","I did not drive the past 30 days","0 times","No","No","Yes","0 days","0 days","Heterosexual (straight)","About the right weight","1 to 3 times","1 to 3 times","1 to 3 times","Did not drink soda or pop","Did not drink milk","2 days","4 days","1 hour per day","5 or more hours per day","0 teams","Yes","5 hours","1 to 3 times","2 times per day","0 times"
"15 years old","Male","9th grade","No","White",1.73,56.7,"Never wore a helmet","Always","I did not drive the past 30 days","0 times","No","No","No","0 days","0 days","Heterosexual (straight)","About the right weight","Did not drink fruit juice","1 to 3 times","4 to 6 times","Did not drink soda or pop","4 to 6 glasses","7 days","7 days","1 hour per day",NA,NA,NA,NA,"Did not drink sports drink","4 to 6 times",NA
"17 years old","Female","11th grade","Yes","Multiple - Hispanic / Latino",1.73,72.58,"Did not ride a bicycle","Always","I did not drive the past 30 days","0 times","No","No","No","0 days","0 days","Heterosexual (straight)","Slightly overweight","4 to 6 times","4 to 6 times","1 to 3 times","Did not drink soda or pop","1 glass per day","7 days","3 days","3 hours per day","3 hours per day","0 teams","No","8 hours","Did not drink sports drink","3 times per day","1 times"
"16 years old","Male","10th grade","Yes","Multiple - Hispanic / Latino",1.83,111.13,"Never wore a helmet","Sometimes","0 days","0 times","No","No","No","0 days","0 days","Heterosexual (straight)","About the right weight","1 time per day","1 to 3 times","Did not eat green salad","4 to 6 times","1 to 3 glasses","7 days","3 days","3 hours per day","4 hours per day","0 teams","No","8 hours","1 to 3 times","3 times per day","0 times"
"14 years old","Female","9th grade","No","Black or African American",1.55,65.77,"Never wore a helmet","Always","I did not drive the past 30 days","12 or more times","No","No","Yes","0 days","All 30 days","Heterosexual (straight)","About the right weight","4 or more times per day","4 or more times per day","4 or more times per day","1 time per day","4 or more glasses per day","0 days","7 days","5 or more hours per day","5 or more hours per day","2 teams","Yes","7 hours","4 to 6 times","4 or more times per day","4 times"
"15 years old","Female","9th grade","No","White",1.5,63.5,"Did not ride a bicycle","Rarely","0 days","10 or 11 times","Yes","Yes","No","20 to 29 days","1 or 2 days","Heterosexual (straight)","About the right weight","Did not drink fruit juice","4 or more times per day","Did not eat green salad","2 times per day","1 to 3 glasses","3 days","1 day","1 hour per day","1 hour per day","0 teams","No","4 or less hours","4 to 6 times","1 time per day","0 times"
"15 years old","Female","10th grade","No","White",1.57,49.9,"Never wore a helmet","Sometimes","0 days","0 times","No","No","No","0 days","0 days","Heterosexual (straight)","About the right weight","1 to 3 times","1 to 3 times","Did not eat green salad","4 to 6 times","4 to 6 glasses","0 days","2 days","1 hour per day","2 hours per day","0 teams","No","7 hours","Did not drink sports drink","1 to 3 times","3 times"
"17 years old","Female","11th grade","No","Black or African American",1.45,49.9,"Did not ride a bicycle","Most of the time","1 or 2 days",NA,"No","No","Yes","0 days","0 days","Heterosexual (straight)","About the right weight","Did not drink fruit juice","Did not eat fruit","Did not eat green salad","4 to 6 times","1 to 3 glasses","3 days","5 days","1 hour per day","2 hours per day","1 team","No","5 hours",NA,NA,NA
"15 years old","Female","10th grade","No","Asian",1.52,45.36,"Always wore a helmet","Always","I did not drive the past 30 days","0 times","No","No","No","0 days","0 days",NA,"About the right weight","Did not drink fruit juice","3 times per day","3 times per day","Did not drink soda or pop","3 glasses per day","7 days","3 days","2 hours per day","No playing video/computer game","1 team","No","7 hours","1 to 3 times","4 or more times per day","0 times"
"16 years old","Female","11th grade","No","White",1.55,73.48,NA,"Always","0 days","0 times","No","No","No","0 days",NA,"Heterosexual (straight)","Slightly overweight","4 to 6 times","3 times per day","1 to 3 times","1 to 3 times","4 or more glasses per day","6 days","5 days",NA,NA,NA,NA,"4 or less hours",NA,NA,NA
"17 years old","Female","12th grade","No","Asian",1.57,54.89,"Did not ride a bicycle","Most of the time","0 days","0 times","No","No","No","0 days","0 days","Heterosexual (straight)","About the right weight","Did not drink fruit juice","1 to 3 times","1 to 3 times","Did not drink soda or pop","Did not drink milk","7 days","1 day","2 hours per day","2 hours per day","0 teams","Yes","7 hours",NA,NA,NA
"17 years old","Female","12th grade","Yes","Hispanic/Latino",1.6,67.13,"Did not ride a bicycle","Always","I did not drive the past 30 days","0 times","No","No","No","0 days","0 days","Heterosexual (straight)","Slightly overweight","Did not drink fruit juice","4 to 6 times","1 to 3 times","Did not drink soda or pop","1 to 3 glasses","7 days","2 days","2 hours per day","Less than 1 hour per day","0 teams","No","6 hours","Did not drink sports drink","4 or more times per day","0 times"
"18 years old or older","Male","12th grade","Yes","Multiple - Hispanic / Latino",1.8,81.65,"Did not ride a bicycle","Always","6 to 9 days","0 times","No","No","No","1 or 2 days","6 to 9 days","Heterosexual (straight)","About the right weight","Did not drink fruit juice","4 to 6 times","1 to 3 times","Did not drink soda or pop","1 glass per day","7 days","5 days","2 hours per day","Less than 1 hour per day","0 teams","No","8 hours","Did not drink sports drink","4 or more times per day","4 times"
"15 years old","Male","10th grade","No","White",1.8,68.95,"Did not ride a bicycle","Always","0 days","0 times","Yes","Yes","No","0 days","0 days",NA,"Slightly overweight","1 time per day","4 to 6 times","1 to 3 times","1 to 3 times","1 to 3 glasses","0 days","7 days","2 hours per day","3 hours per day","0 teams","Not sure","5 hours","1 to 3 times","4 or more times per day","5 or more times"
"17 years old","Male","10th grade","No","White",NA,NA,"Never wore a helmet","Always","3 to 5 days","0 times","No","No","No","0 days","0 days","Heterosexual (straight)","About the right weight","1 to 3 times","1 to 3 times","Did not eat green salad","Did not drink soda or pop","1 glass per day","7 days","7 days","2 hours per day","No playing video/computer game","2 teams","No","8 hours","4 to 6 times","2 times per day","0 times"
"15 years old","Male","10th grade","Yes","Multiple - Hispanic / Latino",1.6,61.24,"Never wore a helmet","Always","I did not drive the past 30 days","0 times","No","No","No","0 days","0 days","Heterosexual (straight)","About the right weight","4 to 6 times","4 to 6 times","4 to 6 times","4 to 6 times","Did not drink milk","3 days","5 days","3 hours per day","1 hour per day","1 team","Yes","6 hours","1 to 3 times","4 or more times per day","2 times"
"14 years old","Male","9th grade","No","White",1.93,104.33,"Never wore a helmet","Most of the time","0 days","0 times","No","No","No","0 days","0 days","Heterosexual (straight)","Slightly overweight","1 to 3 times","Did not eat fruit","Did not eat green salad","4 or more times per day","2 glasses per day","7 days","5 days","5 or more hours per day","No playing video/computer game","0 teams","No","8 hours","Did not drink sports drink","1 to 3 times","0 times"
"15 years old","Female","10th grade","Yes","Multiple - Hispanic / Latino",1.68,76.2,"Never wore a helmet","Most of the time","I did not drive the past 30 days","0 times","No","No","No","0 days","0 days","bisexual","Slightly overweight","Did not drink fruit juice","4 to 6 times","Did not eat green salad","1 to 3 times","1 to 3 glasses","3 days","0 days","2 hours per day","5 or more hours per day","0 teams","No","7 hours","1 to 3 times","4 to 6 times","1 times"
"17 years old","Male","11th grade","Yes","Multiple - Hispanic / Latino",1.8,76.2,"Never wore a helmet","Always","0 days","0 times","No","No","No","0 days","0 days",NA,"About the right weight","1 to 3 times","1 to 3 times","Did not eat green salad","4 to 6 times","1 glass per day","7 days","3 days","Less than 1 hour per day","3 hours per day","0 teams","Yes","7 hours","4 to 6 times","3 times per day","2 times"
"16 years old","Male","10th grade","No","White",1.73,90.72,NA,"Always","0 days","2 or 3 times","Yes","No","Yes","0 days","6 to 9 days",NA,"Slightly overweight","4 to 6 times","1 to 3 times","1 to 3 times","1 to 3 times","1 glass per day","5 days","6 days","No TV on average school day","3 hours per day","1 team","No","5 hours","Did not drink sports drink","4 or more times per day","2 times"
"15 years old","Female","9th grade","Yes","Hispanic/Latino",1.52,51.71,"Never wore a helmet","Always","I did not drive the past 30 days","0 times","No","No","Yes","0 days","0 days","Heterosexual (straight)","About the right weight","1 to 3 times","4 to 6 times","Did not eat green salad","4 to 6 times","1 to 3 glasses","0 days","3 days","No TV on average school day","5 or more hours per day","0 teams","No","8 hours",NA,NA,NA
"16 years old","Male","10th grade","Yes","Multiple - Hispanic / Latino",1.68,70.31,"Did not ride a bicycle","Always","3 to 5 days","0 times",NA,NA,NA,NA,NA,NA,"Slightly underweight","Did not drink fruit juice","1 to 3 times","4 to 6 times","1 to 3 times","1 glass per day","7 days","7 days","1 hour per day","No playing video/computer game","1 team","No","7 hours","4 to 6 times","4 or more times per day","2 times"
"16 years old","Male","11th grade","No","White",1.75,73.48,"Most of the time wore a helmet","Always","0 days","2 or 3 times","Yes","No","Yes","10 to 19 days","0 days","Not sure","About the right weight","1 to 3 times","4 to 6 times","4 to 6 times","1 to 3 times","Did not drink milk","4 days","3 days","2 hours per day","2 hours per day","1 team","No","8 hours","Did not drink sports drink","2 times per day","2 times"
"16 years old","Male","11th grade","No","White",1.73,65.32,"Did not ride a bicycle","Always","I did not drive the past 30 days","0 times","No","Yes","No","0 days","0 days","bisexual","About the right weight","4 to 6 times","1 time per day","1 to 3 times","1 to 3 times","1 glass per day","4 days","7 days","1 hour per day","2 hours per day","1 team","Yes","6 hours","Did not drink sports drink","3 times per day","1 times"
"18 years old or older","Male","12th grade","No","White",1.78,74.84,"Never wore a helmet","Most of the time","3 to 5 days","2 or 3 times","No","No","No","0 days","0 days","Heterosexual (straight)","About the right weight","1 to 3 times","Did not eat fruit","Did not eat green salad","4 or more times per day","1 to 3 glasses","2 days","7 days","No TV on average school day","No playing video/computer game","0 teams","No","7 hours","4 or more times per day","4 or more times per day","2 times"
"17 years old","Male","11th grade","No","White",1.63,54.43,"Most of the time wore a helmet","Always","0 days","0 times","No","No","No","0 days","0 days","Heterosexual (straight)","About the right weight","1 time per day","2 times per day","Did not eat green salad","Did not drink soda or pop","1 glass per day","0 days","3 days","4 hours per day","5 or more hours per day","0 teams","No","7 hours","Did not drink sports drink","4 or more times per day","0 times"
"16 years old","Male","11th grade","No","Asian",1.83,113.4,"Never wore a helmet","Always","0 days","0 times","No","No","Yes","0 days","0 days","Heterosexual (straight)","About the right weight","Did not drink fruit juice","1 time per day","1 time per day","1 time per day","Did not drink milk","3 days","5 days","1 hour per day","1 hour per day","1 team","Yes","8 hours","1 time per day","4 or more times per day","0 times"
"16 years old","Male","11th grade","Yes","Multiple - Hispanic / Latino",1.8,74.39,"Rarely wore a helmet","Always","1 or 2 days","2 or 3 times","Yes","Yes","No","0 days","0 days","bisexual","About the right weight","4 to 6 times","4 to 6 times","1 to 3 times","2 times per day","1 to 3 glasses","2 days","6 days","2 hours per day","5 or more hours per day",NA,"No","7 hours","1 to 3 times","4 to 6 times","1 times"
"18 years old or older","Male","12th grade","No","White",1.78,79.38,NA,NA,"10 to 19 days",NA,"No","Yes","No","10 to 19 days","All 30 days","Heterosexual (straight)","About the right weight","4 to 6 times","3 times per day","Did not eat green salad","3 times per day",NA,NA,"7 days","2 hours per day","Less than 1 hour per day",NA,"No","7 hours",NA,NA,NA
"16 years old","Female","11th grade","No","White",NA,NA,"Always wore a helmet","Always","0 days","0 times","Yes","Yes","Yes","0 days","0 days","bisexual","Very overweight","1 to 3 times","1 to 3 times","Did not eat green salad","4 to 6 times","Did not drink milk","5 days","3 days","1 hour per day","3 hours per day","1 team","Yes","6 hours","Did not drink sports drink","1 time per day","3 times"
"14 years old","Female","9th grade","Yes","Multiple - Hispanic / Latino",1.57,48.08,NA,NA,"I did not drive the past 30 days",NA,"No","No","Yes","0 days","0 days","Heterosexual (straight)","About the right weight","1 to 3 times","4 to 6 times","1 to 3 times","1 to 3 times",NA,NA,"4 days","No TV on average school day","3 hours per day",NA,"No","7 hours",NA,NA,NA
"18 years old or older","Male","12th grade","No","White",NA,NA,"Never wore a helmet","Always","0 days","12 or more times","No","No","Yes",NA,"1 or 2 days",NA,"About the right weight","1 to 3 times","4 to 6 times","4 to 6 times","1 to 3 times","1 to 3 glasses","5 days","0 days","No TV on average school day","No playing video/computer game","1 team","No","5 hours","1 to 3 times","1 time per day","3 times"
"14 years old","Male","10th grade","No","White",1.63,50.8,NA,NA,"I did not drive the past 30 days",NA,"No","No","No","0 days","0 days","Heterosexual (straight)","About the right weight","Did not drink fruit juice","4 or more times per day","4 or more times per day","Did not drink soda or pop",NA,NA,"7 days","3 hours per day","Less than 1 hour per day",NA,"No","6 hours",NA,NA,NA
"18 years old or older","Male","12th grade","Yes","Multiple - Hispanic / Latino",1.7,79.38,"Did not ride a bicycle","Sometimes","All 30 days","0 times","No","No","No","0 days","10 to 19 days","Heterosexual (straight)","Slightly overweight","1 to 3 times","2 times per day","1 to 3 times","1 to 3 times","2 glasses per day","4 days","4 days","1 hour per day","Less than 1 hour per day","3 or more teams","No","8 hours","1 to 3 times","3 times per day","1 times"
"15 years old","Female","9th grade","Yes","Multiple - Hispanic / Latino",1.57,63.5,"Never wore a helmet","Most of the time","I did not drive the past 30 days","0 times","No","No",NA,"0 days","0 days","Heterosexual (straight)","Slightly overweight","1 to 3 times","1 time per day","Did not eat green salad","1 to 3 times","1 to 3 glasses","5 days","5 days","3 hours per day","Less than 1 hour per day","3 or more teams","Yes","7 hours","Did not drink sports drink","2 times per day","2 times"
"16 years old","Female","10th grade","No","Black or African American",1.55,56.7,"Never wore a helmet","Most of the time","1 or 2 days","0 times","No","No","Yes","0 days","0 days","Not sure","Slightly overweight","Did not drink fruit juice","Did not eat fruit","Did not eat green salad","Did not drink soda or pop","Did not drink milk","0 days","7 days","1 hour per day","No playing video/computer game","1 team","No","5 hours","Did not drink sports drink","4 or more times per day","0 times"
"17 years old","Male","11th grade","Yes","Multiple - Hispanic / Latino",1.8,100.25,"Never wore a helmet","Always","0 days","0 times","No","No","No","0 days","3 to 5 days","Heterosexual (straight)","About the right weight","2 times per day","4 to 6 times","Did not eat green salad","1 time per day","Did not drink milk","6 days","3 days","4 hours per day","Less than 1 hour per day","1 team","No","7 hours",NA,NA,NA
"17 years old","Male","12th grade","No","White",1.8,68.04,"Did not ride a bicycle","Sometimes","I did not drive the past 30 days","0 times","No","No","No","All 30 days","All 30 days","Heterosexual (straight)","About the right weight","Did not drink fruit juice","4 to 6 times","1 to 3 times","2 times per day","1 glass per day","0 days","2 days","No TV on average school day","5 or more hours per day","0 teams","Yes","7 hours","Did not drink sports drink","2 times per day","0 times"
"17 years old","Female","11th grade","Yes","Multiple - Hispanic / Latino",1.5,44,"Did not ride a bicycle","Always","0 days","0 times","No","No","No","0 days","0 days","Heterosexual (straight)","Slightly underweight","Did not drink fruit juice","1 to 3 times","1 to 3 times","1 to 3 times","4 to 6 glasses","6 days","2 days","No TV on average school day","No playing video/computer game","2 teams","No","6 hours","Did not drink sports drink","1 time per day","0 times"
"17 years old","Male","11th grade","Yes","Multiple - Hispanic / Latino",1.5,47.63,"Never wore a helmet","Most of the time","0 days","12 or more times","Yes","Yes","Yes","0 days","0 days","Not sure","About the right weight","2 times per day","4 or more times per day","Did not eat green salad","1 to 3 times","1 glass per day","5 days","5 days","Less than 1 hour per day","5 or more hours per day","1 team",NA,"7 hours",NA,NA,NA
"15 years old","Female","10th grade","Yes","Hispanic/Latino",1.75,79.38,"Did not ride a bicycle","Always","I did not drive the past 30 days","0 times","No","No","No","0 days","0 days","Heterosexual (straight)","Slightly overweight","1 to 3 times","1 to 3 times","1 to 3 times","4 to 6 times","1 to 3 glasses","4 days","3 days","3 hours per day","Less than 1 hour per day","2 teams","No","8 hours","Did not drink sports drink","2 times per day","0 times"
"15 years old","Female","9th grade","Yes","Multiple - Hispanic / Latino",1.55,56.7,"Did not ride a bicycle","Most of the time","I did not drive the past 30 days","0 times","No","Yes","Yes","0 days","0 days","Not sure","About the right weight","1 to 3 times","4 to 6 times","Did not eat green salad","1 to 3 times","1 to 3 glasses","5 days","0 days","1 hour per day","5 or more hours per day","0 teams","No","5 hours",NA,NA,NA
"15 years old","Male","10th grade","No","White",1.7,59.88,"Never wore a helmet","Always","I did not drive the past 30 days",NA,"Yes","No","Yes","0 days","0 days","Heterosexual (straight)","About the right weight","1 to 3 times","1 to 3 times","Did not eat green salad","1 time per day","4 or more glasses per day","7 days","7 days","1 hour per day","5 or more hours per day","1 team","Yes","8 hours","1 time per day","4 or more times per day","1 times"
"16 years old","Male","11th grade","No","White",NA,NA,NA,NA,"3 to 5 days",NA,"Yes","No","No",NA,"All 30 days","Heterosexual (straight)","Slightly overweight","4 to 6 times","1 time per day","1 to 3 times","4 to 6 times",NA,NA,"0 days","No TV on average school day","Less than 1 hour per day",NA,"Not sure","4 or less hours",NA,NA,NA
"18 years old or older","Female","12th grade","Yes","Hispanic/Latino",1.63,89.81,"Did not ride a bicycle","Most of the time","10 to 19 days","0 times","No","No","Yes","0 days","0 days","Gay or lesbian","Very overweight","Did not drink fruit juice","1 to 3 times","1 to 3 times","1 to 3 times","1 to 3 glasses","2 days","1 day","No TV on average school day","5 or more hours per day","0 teams","Yes","5 hours","Did not drink sports drink","3 times per day","0 times"
"17 years old","Female","11th grade","No","Black or African American",NA,NA,"Never wore a helmet","Never",NA,"4 or 5 times","No","No","No","0 days","10 to 19 days","Heterosexual (straight)","About the right weight","4 or more times per day","2 times per day","Did not eat green salad",NA,"1 glass per day","7 days","6 days","5 or more hours per day","3 hours per day","1 team","No","4 or less hours",NA,NA,NA
"17 years old","Male","12th grade","No","White",1.85,74.84,"Most of the time wore a helmet","Always","10 to 19 days","2 or 3 times","No","No","No","0 days","0 days","Heterosexual (straight)","Slightly underweight","1 to 3 times","1 to 3 times","4 or more times per day","1 to 3 times","1 to 3 glasses","4 days","7 days","Less than 1 hour per day","3 hours per day","2 teams","Yes",NA,"Did not drink sports drink","3 times per day","3 times"
"17 years old","Male","12th grade","Yes","Multiple - Hispanic / Latino",1.57,47.17,"Never wore a helmet","Most of the time","I did not drive the past 30 days","0 times","No","No","No","0 days","0 days","Heterosexual (straight)","Slightly underweight","Did not drink fruit juice","1 to 3 times","Did not eat green salad","4 to 6 times","Did not drink milk","4 days","0 days","5 or more hours per day","5 or more hours per day","0 teams","Yes","6 hours","Did not drink sports drink","4 to 6 times","0 times"
"15 years old","Female","10th grade","Yes","Hispanic/Latino",1.6,65.77,"Did not ride a bicycle","Always","I did not drive the past 30 days","0 times","No","No","No","0 days","0 days","Heterosexual (straight)","About the right weight","1 to 3 times","2 times per day","Did not eat green salad","1 to 3 times","4 to 6 glasses","4 days","0 days","1 hour per day","3 hours per day","1 team","No","7 hours","Did not drink sports drink","2 times per day","0 times"
"15 years old","Female","10th grade","No","Multiple - Non-Hispanic",1.7,68.04,"Did not ride a bicycle","Always","I did not drive the past 30 days","0 times","No","No","Yes","0 days","0 days","Heterosexual (straight)","Slightly overweight","Did not drink fruit juice","4 to 6 times","1 to 3 times","1 to 3 times","Did not drink milk","3 days","7 days","Less than 1 hour per day","2 hours per day","1 team","No","6 hours","1 to 3 times","4 or more times per day","1 times"
"18 years old or older","Male","12th grade","No","White",1.85,81.65,"Did not ride a bicycle","Always","0 days","0 times","No","No","No","0 days","0 days",NA,"About the right weight","1 time per day","2 times per day","4 to 6 times","4 to 6 times","2 glasses per day","5 days","5 days","2 hours per day","2 hours per day","3 or more teams","No","9 hours","4 to 6 times","2 times per day","0 times"
"18 years old or older","Female","12th grade","No","White",1.7,61.24,"Did not ride a bicycle","Most of the time","1 or 2 days","0 times","Yes","Yes","Yes","0 days","1 or 2 days","Heterosexual (straight)","About the right weight","1 to 3 times","4 to 6 times","1 to 3 times","Did not drink soda or pop","4 to 6 glasses","0 days","7 days","Less than 1 hour per day","No playing video/computer game","3 or more teams","Yes","6 hours","1 to 3 times","4 to 6 times","5 or more times"
"18 years old or older","Female","12th grade","Yes","Hispanic/Latino",1.6,65.32,"Did not ride a bicycle","Rarely",NA,"0 times","No","No","Yes","0 days","1 or 2 days","Heterosexual (straight)","Slightly overweight","1 to 3 times","1 to 3 times","1 to 3 times","Did not drink soda or pop","1 to 3 glasses","2 days","7 days","Less than 1 hour per day","1 hour per day","0 teams","No","6 hours","Did not drink sports drink","4 or more times per day","0 times"
"16 years old","Male","10th grade","Yes","Multiple - Hispanic / Latino",1.93,99.79,"Never wore a helmet","Always","I did not drive the past 30 days","1 time","No","No","No",NA,"1 or 2 days","Heterosexual (straight)","About the right weight","1 to 3 times","3 times per day","1 to 3 times","2 times per day","4 or more glasses per day","3 days","7 days","1 hour per day","2 hours per day","1 team","No","8 hours","1 to 3 times","1 to 3 times","2 times"
"14 years old","Female","9th grade","No","White",NA,NA,"Always wore a helmet","Always","0 days","0 times","No","No","No","0 days","0 days","Heterosexual (straight)","About the right weight","Did not drink fruit juice","4 to 6 times","1 to 3 times","1 to 3 times","4 to 6 glasses","7 days","5 days","No TV on average school day","1 hour per day","1 team","No","7 hours","Did not drink sports drink","3 times per day","0 times"
"18 years old or older","Female","12th grade","No","White",1.73,65.77,"Did not ride a bicycle","Always","3 to 5 days","2 or 3 times","No","No","No",NA,"1 or 2 days","Heterosexual (straight)","About the right weight","Did not drink fruit juice","1 to 3 times","1 to 3 times","4 to 6 times","4 to 6 glasses","0 days","2 days","5 or more hours per day","5 or more hours per day","2 teams","No","7 hours","4 to 6 times","4 to 6 times","3 times"
"16 years old","Female","9th grade","No","White",1.63,52.62,"Never wore a helmet","Most of the time","1 or 2 days","1 time","Yes","Yes","Yes","0 days","1 or 2 days","Heterosexual (straight)","Slightly overweight","4 to 6 times","1 time per day","1 to 3 times","1 to 3 times","Did not drink milk","0 days","3 days","1 hour per day","No playing video/computer game","0 teams","Yes","5 hours","4 to 6 times","1 time per day","2 times"
"18 years old or older","Male","12th grade","Yes","Multiple - Hispanic / Latino",1.8,56.7,"Never wore a helmet","Always","0 days","0 times","No","No","No","0 days","0 days","Heterosexual (straight)","About the right weight","4 or more times per day","3 times per day","4 to 6 times","4 to 6 times","4 or more glasses per day","7 days","7 days","2 hours per day","1 hour per day","1 team","Yes","7 hours","Did not drink sports drink","4 or more times per day","0 times"
"15 years old","Female","10th grade","Yes","Hispanic/Latino",1.57,45.36,"Always wore a helmet","Always","I did not drive the past 30 days","0 times","No","No","No","0 days","0 days","bisexual","About the right weight","4 to 6 times","4 to 6 times","1 to 3 times","2 times per day","1 to 3 glasses","5 days","0 days","2 hours per day","3 hours per day","0 teams","Yes","8 hours","1 to 3 times","3 times per day","0 times"
"17 years old","Male","11th grade","Yes","Multiple - Hispanic / Latino",1.7,52.16,"Never wore a helmet","Always","I did not drive the past 30 days","0 times","No","No","No","0 days","0 days","Heterosexual (straight)","About the right weight","1 to 3 times","4 to 6 times","Did not eat green salad","1 to 3 times","4 to 6 glasses","7 days","1 day","No TV on average school day","3 hours per day","0 teams","No","8 hours","1 to 3 times","1 to 3 times","0 times"
"16 years old","Female","10th grade","No","Multiple - Non-Hispanic",1.68,58.97,"Never wore a helmet","Always","3 to 5 days","1 time","Yes","Yes","Yes","0 days","0 days","Heterosexual (straight)","About the right weight","2 times per day","1 time per day","1 to 3 times","Did not drink soda or pop","4 to 6 glasses","4 days","6 days","1 hour per day","Less than 1 hour per day","1 team","Yes","7 hours","Did not drink sports drink","2 times per day","1 times"
"14 years old","Female","9th grade","Yes","Multiple - Hispanic / Latino",1.6,57.15,"Never wore a helmet","Always","0 days","0 times","No","No","Yes","0 days","0 days","Heterosexual (straight)","Slightly overweight","Did not drink fruit juice","Did not eat fruit","Did not eat green salad","4 to 6 times","1 to 3 glasses","1 day","1 day","5 or more hours per day","3 hours per day","0 teams","Yes","4 or less hours","Did not drink sports drink","1 to 3 times","0 times"
"16 years old","Male","10th grade","Yes","Hispanic/Latino",1.6,49.9,"Never wore a helmet","Always","1 or 2 days","1 time","No","No","Yes",NA,"1 or 2 days","Heterosexual (straight)","Slightly underweight","2 times per day","1 time per day","Did not eat green salad","1 to 3 times","2 glasses per day","7 days","7 days","3 hours per day","5 or more hours per day","0 teams","No","6 hours","2 times per day","2 times per day","4 times"
"14 years old","Male","9th grade","Yes","Hispanic/Latino",1.75,70.31,"Never wore a helmet","Always","0 days","0 times","No","No","No","0 days","0 days","Heterosexual (straight)","About the right weight","Did not drink fruit juice","1 to 3 times","Did not eat green salad","2 times per day","1 to 3 glasses","7 days","7 days","Less than 1 hour per day","3 hours per day",NA,"No","8 hours","3 times per day","2 times per day","0 times"
"18 years old or older","Female","12th grade","Yes","Multiple - Hispanic / Latino",1.6,95.26,"Never wore a helmet","Always","0 days",NA,"No","Yes","Yes","0 days","0 days","Heterosexual (straight)","Slightly overweight","1 to 3 times","Did not eat fruit","Did not eat green salad","4 or more times per day","4 to 6 glasses","2 days","7 days","5 or more hours per day","5 or more hours per day","1 team","No","5 hours",NA,NA,NA
"17 years old","Female","11th grade","No","White",1.63,68.04,"Always wore a helmet","Most of the time","0 days","0 times","No","No","No","0 days","0 days","Heterosexual (straight)","About the right weight","Did not drink fruit juice","1 to 3 times","1 to 3 times","Did not drink soda or pop","1 glass per day","7 days","5 days","Less than 1 hour per day","1 hour per day","0 teams","No","6 hours",NA,NA,NA
"15 years old","Male","9th grade","No","White",1.9,79.38,"Never wore a helmet","Most of the time","6 to 9 days","0 times","No","No","No","6 to 9 days","3 to 5 days","Heterosexual (straight)","About the right weight","4 to 6 times","1 to 3 times","Did not eat green salad","1 time per day","4 to 6 glasses","5 days","7 days","4 hours per day","3 hours per day","3 or more teams","No","7 hours","2 times per day","4 or more times per day","2 times"
"15 years old","Female","9th grade","Yes","Multiple - Hispanic / Latino",1.6,91.17,"Did not ride a bicycle","Always","0 days","0 times","No","No","No","0 days","0 days","Heterosexual (straight)","Very overweight","Did not drink fruit juice","1 to 3 times","1 to 3 times","Did not drink soda or pop","Did not drink milk","0 days","0 days","No TV on average school day","5 or more hours per day","0 teams","Yes","6 hours","Did not drink sports drink","4 or more times per day","1 times"
"16 years old","Female","11th grade","No","Black or African American",NA,NA,NA,"Always","0 days",NA,"Yes","Yes","Yes","0 days","0 days","Heterosexual (straight)","Very overweight","1 to 3 times","1 to 3 times","1 to 3 times","1 to 3 times",NA,"6 days","7 days","2 hours per day","Less than 1 hour per day",NA,NA,NA,NA,NA,NA
"16 years old","Female","10th grade","No","Black or African American",1.7,79.38,"Never wore a helmet","Always","0 days","2 or 3 times","No","No","No","0 days","1 or 2 days","bisexual","Slightly overweight","1 time per day","1 to 3 times","1 to 3 times","1 to 3 times","Did not drink milk","5 days","3 days","1 hour per day","4 hours per day","0 teams","No","8 hours","Did not drink sports drink","1 time per day","0 times"
"14 years old","Male","9th grade","No","Black or African American",1.73,53.52,NA,NA,"I did not drive the past 30 days",NA,"No","No","No","0 days","0 days","Heterosexual (straight)","About the right weight","Did not drink fruit juice","1 to 3 times","Did not eat green salad","1 to 3 times",NA,NA,"2 days","1 hour per day","2 hours per day",NA,"Yes","8 hours",NA,NA,NA
"16 years old","Female","10th grade","Yes","Hispanic/Latino",1.57,65.77,"Never wore a helmet","Always",NA,"2 or 3 times","Yes","No","Yes","1 or 2 days","10 to 19 days","Heterosexual (straight)","Slightly overweight","4 to 6 times","2 times per day","Did not eat green salad","4 to 6 times","Did not drink milk","2 days","7 days","2 hours per day","No playing video/computer game","0 teams","No","8 hours","1 to 3 times","1 to 3 times","0 times"
"15 years old","Male","10th grade","No","Asian",1.7,68.04,"Sometimes wore a helmet","Always","0 days","0 times","No","No","No","0 days","0 days","Heterosexual (straight)","About the right weight","Did not drink fruit juice","2 times per day","Did not eat green salad","4 to 6 times","1 glass per day","7 days","0 days","Less than 1 hour per day","No playing video/computer game","0 teams","No","7 hours","Did not drink sports drink","4 or more times per day","0 times"
"18 years old or older","Male","12th grade","No","White",1.88,78.02,"Never wore a helmet","Most of the time","All 30 days","0 times","No","No","No","0 days","0 days","Heterosexual (straight)","About the right weight","1 to 3 times","1 to 3 times","1 to 3 times","1 to 3 times","1 to 3 glasses","2 days","7 days","2 hours per day","Less than 1 hour per day","1 team","No","7 hours","1 to 3 times","1 to 3 times","5 or more times"
"17 years old","Female","12th grade","Yes","Multiple - Hispanic / Latino",1.65,51.26,NA,"Always","I did not drive the past 30 days",NA,"No","No","No","0 days","0 days","Heterosexual (straight)","About the right weight","1 to 3 times","Did not eat fruit","4 to 6 times","1 to 3 times",NA,"7 days","1 day","No TV on average school day","1 hour per day",NA,NA,NA,NA,NA,NA
"15 years old","Female","10th grade","No","White",1.7,55.79,"Never wore a helmet","Always","I did not drive the past 30 days","0 times","No","No","No","0 days","0 days","Heterosexual (straight)","About the right weight","Did not drink fruit juice","4 to 6 times","1 to 3 times","1 to 3 times","4 to 6 glasses","5 days","3 days","3 hours per day","Less than 1 hour per day","1 team","No","6 hours","Did not drink sports drink","2 times per day","3 times"
"14 years old","Female","9th grade","No","White",1.6,56.7,"Never wore a helmet","Most of the time","3 to 5 days","1 time","Yes","Yes","No","0 days","0 days","Heterosexual (straight)","About the right weight","1 to 3 times","2 times per day","1 time per day","1 to 3 times","Did not drink milk","7 days","5 days","Less than 1 hour per day","4 hours per day","3 or more teams","Yes","6 hours","1 to 3 times","1 time per day","0 times"
"16 years old","Female","10th grade","Yes","Multiple - Hispanic / Latino",1.57,67.13,"Never wore a helmet","Always","I did not drive the past 30 days","0 times","No","No","No","0 days","0 days","Heterosexual (straight)","Slightly overweight","4 to 6 times","1 to 3 times","1 to 3 times","4 to 6 times","1 to 3 glasses","2 days","5 days","No TV on average school day","2 hours per day","3 or more teams","No","7 hours","1 to 3 times","4 or more times per day","3 times"
"17 years old","Male","12th grade","Yes","Hispanic/Latino",1.68,81.65,"Did not ride a bicycle","Always","I did not drive the past 30 days","0 times","No","No","Yes","0 days","0 days","Heterosexual (straight)","Slightly overweight","4 to 6 times","1 to 3 times","Did not eat green salad","4 to 6 times","4 to 6 glasses","5 days","2 days","1 hour per day","5 or more hours per day","0 teams","No","8 hours","1 to 3 times","1 to 3 times","1 times"
"15 years old","Male","11th grade","No","White",1.85,83.92,"Never wore a helmet","Most of the time","0 days","2 or 3 times","No","No","Yes","3 to 5 days","3 to 5 days","Heterosexual (straight)","Slightly overweight","1 to 3 times","4 to 6 times","1 to 3 times","Did not drink soda or pop","1 glass per day","6 days","1 day","1 hour per day","1 hour per day","0 teams","Yes","5 hours","Did not drink sports drink","4 or more times per day","0 times"
"16 years old","Female","10th grade","No","White",NA,NA,"Never wore a helmet","Rarely","0 days","0 times","Yes","No","No","0 days","0 days","Heterosexual (straight)","About the right weight","1 to 3 times","4 or more times per day","1 to 3 times","1 time per day","Did not drink milk","4 days","7 days","3 hours per day","2 hours per day","0 teams","No","7 hours","1 to 3 times","1 to 3 times","3 times"
"18 years old or older","Female","12th grade","No","White",1.63,65.77,"Sometimes wore a helmet","Always","3 to 5 days","0 times","No","No","No","0 days","1 or 2 days","Not sure","Slightly underweight","Did not drink fruit juice","1 to 3 times","1 to 3 times","4 to 6 times","1 to 3 glasses","0 days","1 day","5 or more hours per day","5 or more hours per day","0 teams","No","7 hours","4 to 6 times","3 times per day","3 times"
NA,NA,NA,NA,NA,NA,NA,NA,"Never","0 days","2 or 3 times","No","No","No","6 to 9 days","0 days",NA,"Very underweight","1 to 3 times",NA,"4 or more times per day","Did not drink soda or pop","Did not drink milk","0 days",NA,NA,"No playing video/computer game","0 teams",NA,"4 or less hours","Did not drink sports drink","Did not drink water",NA
"18 years old or older","Female","11th grade","Yes","Multiple - Hispanic / Latino",1.6,68.04,"Did not ride a bicycle","Rarely","I did not drive the past 30 days","0 times","Yes","Yes","Yes","All 30 days","0 days","bisexual","Very overweight","Did not drink fruit juice","4 to 6 times","4 to 6 times","Did not drink soda or pop","Did not drink milk","7 days","2 days","No TV on average school day","5 or more hours per day","0 teams",NA,"7 hours",NA,NA,NA
"18 years old or older","Female","11th grade","No","Black or African American",1.93,76.66,NA,"Always",NA,"4 or 5 times","No","No","Yes","All 30 days","6 to 9 days","Not sure","About the right weight","4 to 6 times","4 to 6 times","1 to 3 times","1 to 3 times","1 glass per day","4 days","1 day","Less than 1 hour per day","5 or more hours per day","1 team","No","7 hours","1 to 3 times","3 times per day","1 times"
"17 years old","Male","11th grade","No","Black or African American",1.78,71.67,"Most of the time wore a helmet","Always","1 or 2 days","12 or more times","No","No","No","0 days","0 days","Heterosexual (straight)","About the right weight","1 to 3 times","4 or more times per day","Did not eat green salad","1 to 3 times","2 glasses per day","7 days","6 days","1 hour per day","No playing video/computer game","1 team","Yes","6 hours","1 to 3 times","4 to 6 times","0 times"
"15 years old","Male","10th grade","Yes","Multiple - Hispanic / Latino",NA,NA,"Did not ride a bicycle","Always","0 days","0 times","No","No","No","0 days","0 days","Heterosexual (straight)","About the right weight","Did not drink fruit juice","4 to 6 times","1 to 3 times","1 to 3 times","4 to 6 glasses","7 days","5 days","No TV on average school day","5 or more hours per day","1 team","Yes","8 hours","Did not drink sports drink","2 times per day","0 times"
"15 years old","Female","10th grade","Yes","Hispanic/Latino",1.57,45.36,"Rarely wore a helmet","Never","I did not drive the past 30 days","0 times","No","No","No","0 days","1 or 2 days","Heterosexual (straight)","Very underweight","4 to 6 times","4 to 6 times","1 to 3 times","1 to 3 times","1 to 3 glasses","4 days","3 days","Less than 1 hour per day","Less than 1 hour per day","1 team","Not sure","6 hours","1 to 3 times","4 to 6 times","0 times"
"18 years old or older","Female","11th grade","Yes","Multiple - Hispanic / Latino",1.68,83.01,"Sometimes wore a helmet","Always","0 days","1 time","Yes","No","No","0 days","0 days","Heterosexual (straight)","Slightly overweight","Did not drink fruit juice","4 to 6 times","4 to 6 times","Did not drink soda or pop","1 to 3 glasses","7 days","7 days","Less than 1 hour per day","4 hours per day","0 teams","No","7 hours","Did not drink sports drink","4 to 6 times","1 times"
"18 years old or older","Female","12th grade","No","White",1.78,104.33,"Never wore a helmet","Always","0 days","0 times","No","No","No","0 days","0 days","Heterosexual (straight)","Very overweight","1 to 3 times","1 time per day","1 to 3 times","1 to 3 times","1 to 3 glasses","2 days","0 days","3 hours per day","4 hours per day","1 team","No","7 hours","Did not drink sports drink","3 times per day","0 times"
"15 years old","Male","9th grade","Yes","Multiple - Hispanic / Latino",1.75,68.04,NA,"Most of the time","I did not drive the past 30 days",NA,"No","No","No","0 days","0 days","Heterosexual (straight)","About the right weight","1 to 3 times","1 to 3 times","Did not eat green salad","1 to 3 times",NA,"1 day","0 days","Less than 1 hour per day",NA,NA,NA,NA,NA,NA,NA
"17 years old","Female","11th grade","Yes","Multiple - Hispanic / Latino",1.63,70.31,"Did not ride a bicycle","Always","I did not drive the past 30 days","6 or 7 times","Yes","No","Yes","0 days","0 days","Heterosexual (straight)","Slightly overweight","1 to 3 times","3 times per day","4 to 6 times","1 to 3 times","2 glasses per day","0 days","7 days","Less than 1 hour per day","5 or more hours per day","2 teams","No","8 hours",NA,NA,NA
"15 years old","Female","9th grade","No","White",1.63,72.12,"Rarely wore a helmet","Always","0 days","0 times","No","No","No","0 days","0 days","Heterosexual (straight)","Slightly overweight","1 to 3 times","4 to 6 times","Did not eat green salad","Did not drink soda or pop","Did not drink milk","1 day","6 days","Less than 1 hour per day","No playing video/computer game","2 teams","No","7 hours","1 to 3 times","4 or more times per day","5 or more times"
"16 years old","Male","11th grade","No","White",1.88,81.65,"Did not ride a bicycle","Always","0 days","0 times","No","No","No","0 days","0 days","Heterosexual (straight)","About the right weight","4 to 6 times","4 to 6 times","Did not eat green salad","4 to 6 times","4 to 6 glasses","3 days","7 days","1 hour per day","1 hour per day","1 team","No","7 hours","1 to 3 times","4 to 6 times","0 times"
"14 years old","Male","Ungraded or other grade","No","Black or African American",1.8,136.08,NA,NA,NA,NA,"Yes","No","No",NA,NA,NA,"Very underweight",NA,NA,NA,"4 to 6 times",NA,NA,"1 day",NA,"2 hours per day",NA,NA,NA,NA,NA,NA
"16 years old","Male","11th grade","Yes","Multiple - Hispanic / Latino",1.8,58.06,"Did not ride a bicycle","Most of the time","10 to 19 days","0 times","No","No","No","0 days","1 or 2 days","Heterosexual (straight)","About the right weight","1 to 3 times","1 to 3 times","1 to 3 times","4 or more times per day","2 glasses per day","1 day","7 days","Less than 1 hour per day","5 or more hours per day","1 team","Yes","7 hours","4 or more times per day","2 times per day","0 times"
"15 years old","Female","9th grade","No","White",1.6,73.03,"Never wore a helmet","Always","I did not drive the past 30 days","0 times","Yes","No","Yes","1 or 2 days","0 days","bisexual","Slightly overweight","Did not drink fruit juice","1 to 3 times","Did not eat green salad","1 to 3 times","Did not drink milk","0 days","2 days","4 hours per day","5 or more hours per day","0 teams","No","7 hours","Did not drink sports drink","1 to 3 times","0 times"
"18 years old or older","Female","12th grade","Yes","Hispanic/Latino",1.52,45.36,"Did not ride a bicycle","Always","I did not drive the past 30 days","0 times","No","No","Yes","1 or 2 days","1 or 2 days","Heterosexual (straight)","About the right weight","1 time per day","1 to 3 times","Did not eat green salad","1 to 3 times","1 glass per day","5 days","1 day","1 hour per day","No playing video/computer game","0 teams","Yes","6 hours","1 to 3 times","4 or more times per day","1 times"
"15 years old","Female",NA,"No",NA,NA,NA,NA,NA,"0 days",NA,NA,"No","Yes",NA,"20 to 29 days","Gay or lesbian","Slightly underweight","4 to 6 times","4 to 6 times","4 to 6 times","2 times per day",NA,NA,"4 days","3 hours per day","4 hours per day",NA,NA,"10 or more hours",NA,NA,NA
"17 years old","Female","11th grade","No","White",1.55,52.16,NA,"Always","0 days","0 times","No","No","No","0 days","0 days","Heterosexual (straight)","About the right weight","1 to 3 times","2 times per day","1 to 3 times","1 to 3 times","2 glasses per day","4 days","2 days","Less than 1 hour per day","2 hours per day","0 teams","No","8 hours","Did not drink sports drink","4 or more times per day","4 times"
"14 years old","Female","9th grade","No","White",1.7,48.99,"Did not ride a bicycle","Always","I did not drive the past 30 days","0 times","Yes","Yes","Yes","0 days","0 days","bisexual","Slightly underweight","1 to 3 times","4 to 6 times","1 time per day","Did not drink soda or pop","4 to 6 glasses","4 days","2 days","Less than 1 hour per day","4 hours per day","0 teams","No","9 hours","Did not drink sports drink","1 to 3 times","2 times"
"14 years old","Male","9th grade","No","Asian",1.73,67.13,"Never wore a helmet","Sometimes","0 days","6 or 7 times","Yes","No","No","0 days","0 days","Heterosexual (straight)","About the right weight","1 to 3 times","4 to 6 times","Did not eat green salad","4 to 6 times","4 or more glasses per day","3 days","5 days","No TV on average school day","Less than 1 hour per day","0 teams","Yes","5 hours","1 to 3 times","4 or more times per day","0 times"
"17 years old","Female","11th grade","Yes","Multiple - Hispanic / Latino",1.63,56.7,"Never wore a helmet","Most of the time","0 days","0 times","No","No","No","0 days","3 to 5 days","Heterosexual (straight)","Slightly overweight","1 to 3 times","1 to 3 times","1 to 3 times","3 times per day","Did not drink milk","7 days","4 days","4 hours per day","No playing video/computer game","0 teams","No","7 hours","1 to 3 times","Did not drink water","2 times"
"15 years old","Male","9th grade","No","White",1.68,62.6,NA,NA,"I did not drive the past 30 days",NA,"No","No","No","0 days","0 days","Heterosexual (straight)","About the right weight","Did not drink fruit juice","4 to 6 times","Did not eat green salad","1 to 3 times",NA,NA,"7 days","2 hours per day","4 hours per day",NA,"No","7 hours",NA,NA,NA
"17 years old","Female","11th grade","No","White",1.68,63.5,"Did not ride a bicycle","Always","6 to 9 days","1 time","No","No","No","0 days","0 days","Heterosexual (straight)","About the right weight","4 to 6 times","2 times per day","1 to 3 times","1 time per day","2 glasses per day","7 days","0 days","Less than 1 hour per day","No playing video/computer game","0 teams","No","7 hours","Did not drink sports drink","2 times per day","2 times"
"14 years old","Female","9th grade","Yes","Hispanic/Latino",1.68,59.88,"Never wore a helmet","Always","0 days","0 times","No","No","No","0 days","1 or 2 days","Heterosexual (straight)","About the right weight","4 to 6 times","1 time per day","1 to 3 times","1 to 3 times","4 to 6 glasses","5 days","7 days","Less than 1 hour per day","2 hours per day","2 teams","No","7 hours",NA,NA,NA
"17 years old","Male","12th grade","No","Asian",1.73,66.68,"Never wore a helmet","Sometimes","I did not drive the past 30 days","12 or more times","No","No","No","0 days","0 days","Heterosexual (straight)","About the right weight","4 to 6 times","3 times per day","Did not eat green salad","2 times per day","1 to 3 glasses","4 days","2 days","No TV on average school day","3 hours per day","0 teams","No","6 hours","1 to 3 times","3 times per day","1 times"
"15 years old","Female","9th grade","Yes","Multiple - Hispanic / Latino",1.52,52.62,"Never wore a helmet","Most of the time",NA,"4 or 5 times","No","No","Yes","0 days","0 days","Not sure","Slightly overweight","1 to 3 times","1 to 3 times","Did not eat green salad","1 to 3 times","1 to 3 glasses","2 days","5 days","2 hours per day","5 or more hours per day","0 teams","No","6 hours","Did not drink sports drink","Did not drink water","0 times"
"17 years old","Female","12th grade","No","White",1.65,104.33,"Never wore a helmet","Most of the time","10 to 19 days","0 times","No","Yes","No","0 days","10 to 19 days","Heterosexual (straight)","Slightly overweight","1 to 3 times","4 to 6 times","Did not eat green salad","1 to 3 times","4 or more glasses per day","4 days","1 day","5 or more hours per day","3 hours per day","1 team","Yes","4 or less hours","Did not drink sports drink","3 times per day","4 times"
"15 years old","Female","10th grade","No","Multiple - Non-Hispanic",NA,NA,"Never wore a helmet","Most of the time","0 days","0 times","Yes","Yes","Yes","0 days","0 days","Heterosexual (straight)","Slightly overweight","1 to 3 times","2 times per day","Did not eat green salad","1 to 3 times","1 to 3 glasses","2 days","5 days","No TV on average school day","5 or more hours per day","0 teams","No","7 hours","Did not drink sports drink","4 or more times per day","0 times"
"17 years old","Male","11th grade",NA,NA,NA,NA,"Never wore a helmet","Always","I did not drive the past 30 days","0 times","No","No","No","0 days","0 days","Heterosexual (straight)","About the right weight","Did not drink fruit juice","4 to 6 times","Did not eat green salad","1 time per day","Did not drink milk","7 days","4 days","Less than 1 hour per day","3 hours per day","0 teams",NA,"7 hours","1 time per day","1 time per day",NA
"14 years old","Male","9th grade","Yes","Hispanic/Latino",1.68,42.64,"Did not ride a bicycle","Never","6 to 9 days","0 times","No","No","No","0 days","0 days","Heterosexual (straight)","Very underweight","Did not drink fruit juice","4 to 6 times","Did not eat green salad","Did not drink soda or pop","4 to 6 glasses","7 days","0 days","2 hours per day","1 hour per day","0 teams","No","7 hours","4 to 6 times","Did not drink water","2 times"
"15 years old","Male","9th grade","Yes","Hispanic/Latino",1.65,66.68,"Never wore a helmet","Always","0 days","0 times","No","Yes","No","0 days","0 days","Heterosexual (straight)","Slightly overweight","1 to 3 times","1 time per day","1 to 3 times","4 to 6 times","4 to 6 glasses","3 days","7 days","No TV on average school day","Less than 1 hour per day","0 teams","No","5 hours","1 to 3 times","4 or more times per day","0 times"
"17 years old","Female","11th grade","No","White",1.65,95.26,"Did not ride a bicycle","Always","20 to 29 days","0 times","Yes","No","Yes","10 to 19 days","0 days","bisexual","Very overweight","Did not drink fruit juice","2 times per day","1 time per day","4 or more times per day","Did not drink milk","2 days","3 days","No TV on average school day","No playing video/computer game","0 teams","No","6 hours","Did not drink sports drink","1 time per day","0 times"
"17 years old","Male","11th grade","No","White",1.75,62.6,"Never wore a helmet","Rarely","0 days","2 or 3 times","No","No","No","10 to 19 days","All 30 days","Heterosexual (straight)","About the right weight","4 or more times per day","4 or more times per day","4 or more times per day","Did not drink soda or pop","1 to 3 glasses","7 days","0 days","No TV on average school day","5 or more hours per day","2 teams","Yes","7 hours","Did not drink sports drink","4 or more times per day","1 times"
"16 years old",NA,"10th grade","No","White",NA,NA,"Did not ride a bicycle","Always","All 30 days","0 times","Yes","Yes","No","0 days","0 days",NA,"About the right weight","4 to 6 times","1 time per day","1 time per day","1 to 3 times","1 glass per day","7 days","7 days","1 hour per day","Less than 1 hour per day","3 or more teams","Yes","6 hours","1 to 3 times","4 or more times per day","2 times"
"17 years old","Female","12th grade","No","White",1.52,61.24,"Did not ride a bicycle","Always","I did not drive the past 30 days","0 times","Yes","No","No","0 days","0 days","Heterosexual (straight)","Slightly overweight","Did not drink fruit juice","Did not eat fruit","1 to 3 times","4 to 6 times","Did not drink milk","1 day","0 days","2 hours per day","5 or more hours per day","3 or more teams","No","7 hours","Did not drink sports drink","4 or more times per day","3 times"
"17 years old","Male","12th grade","No","White",1.75,83.92,NA,NA,"0 days",NA,"No","No","Yes","0 days","0 days","Heterosexual (straight)","Very overweight","1 to 3 times","1 to 3 times","4 to 6 times","Did not drink soda or pop",NA,NA,"4 days","No TV on average school day","5 or more hours per day",NA,"No","4 or less hours",NA,NA,NA
"15 years old","Male","10th grade","Yes","Hispanic/Latino",1.7,71.67,"Never wore a helmet","Most of the time","I did not drive the past 30 days","0 times","No","No","No","0 days","0 days","Heterosexual (straight)","About the right weight","1 to 3 times","Did not eat fruit","1 to 3 times","1 to 3 times","1 to 3 glasses","0 days","5 days","4 hours per day","2 hours per day","1 team","Yes","6 hours","Did not drink sports drink","3 times per day","3 times"
"16 years old","Male","10th grade","No","White",NA,NA,"Sometimes wore a helmet","Sometimes","10 to 19 days","4 or 5 times","No","No","No",NA,NA,"Heterosexual (straight)","Slightly overweight","2 times per day","2 times per day","Did not eat green salad","4 or more times per day","4 or more glasses per day","7 days","1 day","Less than 1 hour per day","2 hours per day","2 teams","Yes","10 or more hours","1 time per day","1 to 3 times","0 times"
"17 years old","Female","12th grade","No","White",1.63,47.17,"Did not ride a bicycle","Most of the time","6 to 9 days","0 times","Yes","Yes","No","0 days","0 days","Heterosexual (straight)","Slightly underweight","4 to 6 times","4 to 6 times","1 to 3 times","4 to 6 times","1 to 3 glasses","0 days","2 days","Less than 1 hour per day","No playing video/computer game","2 teams","Yes","6 hours","4 to 6 times","4 to 6 times","2 times"
"15 years old","Female","10th grade","No","White",1.7,57.15,"Never wore a helmet","Always","0 days","0 times","No","No","No","0 days","0 days","Heterosexual (straight)","About the right weight","4 to 6 times","1 to 3 times","Did not eat green salad","Did not drink soda or pop","4 to 6 glasses","2 days","6 days","1 hour per day","1 hour per day","3 or more teams","No","8 hours","1 to 3 times","1 time per day","2 times"
"15 years old","Female","10th grade","No",NA,1.7,90.72,"Never wore a helmet","Never","I did not drive the past 30 days","0 times","No","No","No","0 days","0 days","Heterosexual (straight)","Very overweight","Did not drink fruit juice","3 times per day","Did not eat green salad","Did not drink soda or pop","1 to 3 glasses","7 days","2 days","No TV on average school day","4 hours per day","0 teams","Yes","7 hours","1 to 3 times","1 to 3 times","0 times"
"16 years old","Female","11th grade","No","White",1.63,88.45,NA,NA,"0 days",NA,"No","Yes","Yes","6 to 9 days","All 30 days","Heterosexual (straight)","Slightly overweight","1 to 3 times","1 time per day","1 to 3 times","3 times per day",NA,NA,"1 day","5 or more hours per day","1 hour per day",NA,"No","5 hours",NA,NA,NA
"14 years old","Male","9th grade","Yes","Hispanic/Latino",1.68,49.9,"Never wore a helmet","Most of the time","0 days","2 or 3 times","No","No","No","0 days","0 days","Heterosexual (straight)","About the right weight","1 to 3 times","1 to 3 times","Did not eat green salad","1 to 3 times","1 to 3 glasses","5 days","2 days","3 hours per day","Less than 1 hour per day","1 team","No","8 hours",NA,NA,NA
"16 years old","Female","11th grade","No","White",NA,NA,"Did not ride a bicycle","Always","I did not drive the past 30 days","0 times","No","No","No","0 days","0 days","Not sure","About the right weight","4 to 6 times","Did not eat fruit","1 to 3 times","1 to 3 times","Did not drink milk","3 days","1 day","3 hours per day","4 hours per day","0 teams","No","8 hours","Did not drink sports drink","4 or more times per day","2 times"
"15 years old","Male","9th grade","Yes","Hispanic/Latino",1.7,86.18,NA,"Never","0 days","0 times","No","No","Yes","0 days","0 days","Heterosexual (straight)","Slightly overweight","1 to 3 times","Did not eat fruit","Did not eat green salad","4 to 6 times","1 to 3 glasses","7 days","0 days","2 hours per day","Less than 1 hour per day","0 teams","No","7 hours","Did not drink sports drink","1 to 3 times","0 times"
"14 years old","Female","9th grade","No","White",1.7,70.31,"Never wore a helmet","Most of the time","I did not drive the past 30 days","2 or 3 times","No","No","Yes","0 days","1 or 2 days","Heterosexual (straight)","About the right weight","1 time per day","1 time per day","1 time per day","2 times per day","1 to 3 glasses","3 days","7 days","No TV on average school day","3 hours per day","2 teams","Yes","6 hours","2 times per day","1 to 3 times","2 times"
"18 years old or older","Female","12th grade","No","White",1.68,52.16,"Did not ride a bicycle","Always","0 days","0 times","No","No","No","0 days","0 days","Heterosexual (straight)","About the right weight","4 to 6 times","2 times per day","4 to 6 times","Did not drink soda or pop","Did not drink milk","6 days","6 days","No TV on average school day","No playing video/computer game","1 team","No","8 hours","Did not drink sports drink","4 or more times per day","1 times"
"17 years old","Male","11th grade","No","Am Indian / Alaska Native",NA,NA,"Never wore a helmet","Never","All 30 days","12 or more times","No","No","No","0 days","All 30 days",NA,NA,NA,NA,NA,NA,NA,NA,NA,NA,NA,NA,NA,NA,NA,NA,NA
"18 years old or older","Male","12th grade","No","Black or African American",1.73,77.11,"Did not ride a bicycle","Rarely","All 30 days","0 times","No","No","No","0 days","0 days","Heterosexual (straight)","About the right weight","4 to 6 times","1 to 3 times","Did not eat green salad","4 to 6 times","1 to 3 glasses","0 days","7 days","No TV on average school day","3 hours per day","3 or more teams","No","5 hours",NA,NA,NA
"17 years old","Male","12th grade","No","Asian",1.7,58.97,"Did not ride a bicycle","Always","All 30 days","0 times","No","No","No","0 days","1 or 2 days","Heterosexual (straight)","About the right weight","1 to 3 times","4 or more times per day","Did not eat green salad","Did not drink soda or pop","2 glasses per day","7 days","3 days","Less than 1 hour per day","2 hours per day","1 team","No","6 hours","Did not drink sports drink","4 or more times per day","0 times"
"15 years old","Female","10th grade","No","White",NA,NA,NA,NA,"I did not drive the past 30 days",NA,"No","No","No","0 days","0 days","Heterosexual (straight)","Slightly overweight","4 to 6 times","2 times per day","1 to 3 times","Did not drink soda or pop",NA,NA,"3 days","1 hour per day","3 hours per day",NA,"Yes","8 hours",NA,NA,NA
"17 years old","Male","12th grade","Yes","Multiple - Hispanic / Latino",1.68,61.24,"Did not ride a bicycle","Always","20 to 29 days","0 times","No","No","No","0 days","0 days","Heterosexual (straight)","About the right weight","Did not drink fruit juice","1 to 3 times","Did not eat green salad","1 to 3 times","4 to 6 glasses","1 day","7 days","Less than 1 hour per day","1 hour per day","0 teams","No","6 hours","4 to 6 times","1 to 3 times","0 times"
"15 years old","Male","10th grade","No","White",1.68,49.9,NA,NA,"I did not drive the past 30 days",NA,"No","No","No","All 30 days","All 30 days",NA,NA,"4 or more times per day","1 time per day","2 times per day","1 to 3 times",NA,NA,"2 days","1 hour per day","3 hours per day",NA,NA,"9 hours",NA,NA,NA
"17 years old","Female","11th grade","Yes","Multiple - Hispanic / Latino",1.57,73.94,"Did not ride a bicycle","Sometimes","I did not drive the past 30 days","0 times","No","No","No","0 days","0 days","Heterosexual (straight)","Slightly overweight","1 to 3 times","4 to 6 times","Did not eat green salad","1 to 3 times","1 to 3 glasses","7 days","3 days","2 hours per day","5 or more hours per day","0 teams","No","5 hours","1 to 3 times","4 to 6 times","0 times"
"15 years old","Female","10th grade","No","White",1.63,53.52,NA,NA,NA,NA,"No","No","No","0 days","0 days","Heterosexual (straight)","About the right weight","1 to 3 times","1 to 3 times","1 to 3 times","Did not drink soda or pop",NA,NA,"7 days","No TV on average school day","No playing video/computer game",NA,"Yes","7 hours",NA,NA,NA
"18 years old or older","Female","11th grade","No","Multiple - Non-Hispanic",NA,NA,"Did not ride a bicycle","Sometimes","I did not drive the past 30 days","0 times","No","No","Yes","0 days","0 days",NA,"About the right weight","Did not drink fruit juice","1 to 3 times","Did not eat green salad","1 to 3 times","1 to 3 glasses","5 days","3 days","No TV on average school day","No playing video/computer game",NA,NA,NA,"1 to 3 times","1 to 3 times",NA
"16 years old","Female","11th grade","Yes","Hispanic/Latino",1.65,74.84,"Did not ride a bicycle","Always","0 days","0 times","Yes","Yes","No","0 days","0 days","bisexual","Very overweight","2 times per day","1 to 3 times","Did not eat green salad","1 to 3 times","4 to 6 glasses","7 days","7 days","1 hour per day","2 hours per day","0 teams","No","8 hours","1 to 3 times","4 or more times per day","0 times"
"16 years old","Male","9th grade","Yes","Multiple - Hispanic / Latino",1.73,56.7,"Rarely wore a helmet","Most of the time","0 days","0 times","No","No","No","0 days","0 days","Heterosexual (straight)","About the right weight","2 times per day","3 times per day","Did not eat green salad","Did not drink soda or pop","3 glasses per day","4 days","5 days","2 hours per day","3 hours per day","2 teams","No","8 hours","3 times per day","4 or more times per day","3 times"
"16 years old","Male","11th grade","No","White",1.85,90.72,"Never wore a helmet","Most of the time","20 to 29 days","0 times","No","No","No","0 days","1 or 2 days","Heterosexual (straight)","About the right weight","4 to 6 times","1 to 3 times","1 to 3 times","4 to 6 times","1 to 3 glasses","7 days","7 days","3 hours per day","1 hour per day","2 teams","No","8 hours","2 times per day","4 to 6 times","5 or more times"
"18 years old or older","Female","12th grade","No","White",1.65,52.16,"Did not ride a bicycle","Always","0 days","0 times","Yes","Yes","No","0 days","0 days","Heterosexual (straight)","About the right weight","1 time per day","1 to 3 times","1 to 3 times","4 to 6 times","4 to 6 glasses","3 days","3 days","2 hours per day","Less than 1 hour per day","1 team","Not sure","8 hours","1 to 3 times","4 to 6 times","0 times"
"17 years old","Female","12th grade","No","Black or African American",1.73,63.5,NA,"Always","1 or 2 days",NA,"No","No","No","0 days","0 days","Heterosexual (straight)","About the right weight","1 time per day","1 to 3 times","Did not eat green salad","1 to 3 times",NA,"7 days","5 days","2 hours per day","No playing video/computer game",NA,NA,NA,NA,NA,NA
"18 years old or older","Male","12th grade","No","White",NA,NA,"Did not ride a bicycle","Always","1 or 2 days","0 times","No","No","No","0 days","0 days","Heterosexual (straight)","Slightly underweight","3 times per day","Did not eat fruit","Did not eat green salad","1 to 3 times","3 glasses per day","5 days","5 days","Less than 1 hour per day","2 hours per day","1 team","No","5 hours","Did not drink sports drink","4 to 6 times","3 times"
"18 years old or older","Male","12th grade","Yes","Multiple - Hispanic / Latino",1.7,61.24,"Never wore a helmet","Always","3 to 5 days","0 times","Yes","Yes","No","0 days","1 or 2 days","Heterosexual (straight)","Slightly underweight","4 to 6 times","4 to 6 times","4 to 6 times","Did not drink soda or pop","4 to 6 glasses","7 days","4 days","3 hours per day","No playing video/computer game","0 teams","No","6 hours","1 to 3 times","4 to 6 times","2 times"
"16 years old","Female","10th grade","No","White",1.63,54.43,"Never wore a helmet","Always","I did not drive the past 30 days","0 times","Yes","No","No","0 days","0 days","Heterosexual (straight)","About the right weight","1 to 3 times","1 time per day","4 to 6 times","1 to 3 times","1 to 3 glasses","7 days","6 days","1 hour per day","3 hours per day","2 teams","No","7 hours","1 to 3 times","2 times per day","2 times"
"18 years old or older","Female","12th grade","Yes","Hispanic/Latino",1.65,110.68,"Did not ride a bicycle","Always","1 or 2 days","0 times","No","No","Yes","0 days","3 to 5 days","Heterosexual (straight)","Very overweight","1 to 3 times","4 to 6 times","4 to 6 times","Did not drink soda or pop","1 to 3 glasses","2 days","4 days","2 hours per day","Less than 1 hour per day","3 or more teams","No","6 hours","1 to 3 times","4 to 6 times","2 times"
"18 years old or older","Female","12th grade","No","White",1.68,68.04,"Never wore a helmet","Always","1 or 2 days","0 times","Yes","Yes","Yes","0 days","0 days","Heterosexual (straight)","About the right weight","1 to 3 times","1 to 3 times","1 to 3 times","1 time per day","2 glasses per day","5 days","7 days","1 hour per day","1 hour per day","3 or more teams","No","7 hours","1 time per day","2 times per day","0 times"
"17 years old","Female","11th grade","No","White",NA,NA,"Never wore a helmet","Always","0 days","0 times","No","No","Yes","0 days","0 days","Heterosexual (straight)","About the right weight","1 to 3 times","4 to 6 times","4 to 6 times","Did not drink soda or pop","1 glass per day","7 days","7 days","1 hour per day","Less than 1 hour per day","2 teams","No","7 hours","Did not drink sports drink","2 times per day","3 times"
"17 years old","Female","11th grade","No","White",1.55,48.54,"Did not ride a bicycle","Always","0 days","0 times","No","No","Yes","0 days","0 days","Heterosexual (straight)","About the right weight","4 to 6 times","4 to 6 times","Did not eat green salad","1 to 3 times","4 to 6 glasses","1 day","4 days","5 or more hours per day","5 or more hours per day","0 teams","No","7 hours","Did not drink sports drink","1 time per day","0 times"
"17 years old","Female","11th grade","Yes","Hispanic/Latino",1.52,44.91,"Rarely wore a helmet","Always","0 days","0 times","No","No","No","0 days","0 days","Heterosexual (straight)","Slightly underweight","4 to 6 times","1 to 3 times","1 to 3 times","1 time per day","1 glass per day","6 days","3 days","Less than 1 hour per day","1 hour per day","0 teams","No","6 hours","3 times per day","4 or more times per day","1 times"
"15 years old","Male","9th grade","No","White",1.88,127.01,"Never wore a helmet","Always","I did not drive the past 30 days","1 time","Yes","No","No","0 days","0 days","Heterosexual (straight)","Slightly overweight","Did not drink fruit juice","2 times per day","4 to 6 times","1 to 3 times","4 to 6 glasses","7 days","7 days","2 hours per day","Less than 1 hour per day","3 or more teams","No","7 hours","1 to 3 times","4 or more times per day","5 or more times"
"16 years old","Male","10th grade","Yes","Multiple - Hispanic / Latino",1.78,102.06,"Never wore a helmet","Most of the time","0 days","1 time","No","No","No","0 days","0 days","Heterosexual (straight)","Slightly overweight","1 to 3 times","4 or more times per day","Did not eat green salad","Did not drink soda or pop","4 or more glasses per day","7 days","7 days","3 hours per day","4 hours per day","3 or more teams","No","6 hours",NA,NA,NA
"15 years old","Female","9th grade","No","White",1.65,57.61,"Always wore a helmet","Always","0 days","0 times","No","Yes","Yes","0 days","0 days","Heterosexual (straight)","About the right weight","1 to 3 times","1 time per day","1 to 3 times","Did not drink soda or pop","4 to 6 glasses","7 days","0 days","3 hours per day","Less than 1 hour per day","2 teams","Yes","7 hours","Did not drink sports drink","4 or more times per day","3 times"
"17 years old","Male","11th grade","No","White",1.88,115.67,"Did not ride a bicycle","Always","0 days","0 times","No","No","No","0 days","0 days","Heterosexual (straight)","Slightly overweight","1 to 3 times","1 time per day","Did not eat green salad","2 times per day","Did not drink milk","7 days","0 days","No TV on average school day","5 or more hours per day","1 team","No","7 hours","1 to 3 times","1 to 3 times","3 times"
"15 years old","Female","9th grade","No","White",1.6,56.7,NA,"Most of the time","0 days",NA,"No","No","No","0 days","1 or 2 days",NA,"About the right weight","4 to 6 times","1 to 3 times","1 to 3 times","1 to 3 times","Did not drink milk","0 days","7 days","3 hours per day","2 hours per day","2 teams","Yes","7 hours",NA,NA,NA
"15 years old","Male","10th grade","No","Black or African American",1.68,59.42,"Did not ride a bicycle","Always","I did not drive the past 30 days","0 times","No","No","No","0 days","0 days",NA,"About the right weight",NA,NA,NA,"1 to 3 times","1 to 3 glasses","2 days","0 days","Less than 1 hour per day","5 or more hours per day",NA,"No","5 hours",NA,"3 times per day","0 times"
"15 years old","Female","10th grade","Yes","Multiple - Hispanic / Latino",1.57,44.45,"Never wore a helmet","Always","I did not drive the past 30 days","0 times","No","No","No","0 days","0 days","Heterosexual (straight)","Very underweight","1 to 3 times","4 to 6 times","Did not eat green salad","4 to 6 times","1 to 3 glasses","6 days","2 days","2 hours per day","5 or more hours per day","1 team","No","6 hours","Did not drink sports drink","4 or more times per day","1 times"
"16 years old","Female","11th grade","No","White",1.57,51.71,"Never wore a helmet","Always","0 days","0 times","No","No","No","0 days","0 days","Heterosexual (straight)","About the right weight","Did not drink fruit juice","4 to 6 times","Did not eat green salad","Did not drink soda or pop","Did not drink milk","7 days","1 day","2 hours per day","3 hours per day","0 teams","No","6 hours","Did not drink sports drink","2 times per day","3 times"
"15 years old","Male","10th grade","Yes","Hispanic/Latino",1.75,72.58,"Never wore a helmet","Always","I did not drive the past 30 days","0 times","No","No","No","0 days","0 days","Heterosexual (straight)","About the right weight","2 times per day","4 to 6 times","1 to 3 times","1 to 3 times","1 glass per day","4 days","7 days","1 hour per day","2 hours per day","1 team","Yes","7 hours","1 to 3 times","2 times per day","3 times"
"17 years old","Female","12th grade","Yes","Hispanic/Latino",1.57,87.09,"Did not ride a bicycle","Always","0 days","0 times","No","No","No","0 days","0 days","Heterosexual (straight)","Slightly overweight","Did not drink fruit juice","1 to 3 times","4 to 6 times","1 to 3 times","Did not drink milk","0 days","7 days","2 hours per day","No playing video/computer game","3 or more teams","No","7 hours",NA,NA,NA
"17 years old","Female","11th grade","No","White",1.7,58.97,"Did not ride a bicycle","Always","0 days","0 times","No","No","No","0 days","0 days","Heterosexual (straight)","Slightly overweight","4 to 6 times","1 to 3 times","Did not eat green salad","1 to 3 times","1 to 3 glasses","3 days","2 days","5 or more hours per day","No playing video/computer game","0 teams","No","5 hours","Did not drink sports drink","4 to 6 times","2 times"
"17 years old","Male","11th grade","No","Black or African American",1.88,102.06,"Never wore a helmet","Most of the time","0 days","0 times","No","No","No","0 days","0 days","Heterosexual (straight)","Slightly overweight","Did not drink fruit juice","Did not eat fruit","Did not eat green salad","4 to 6 times","Did not drink milk","4 days","2 days","2 hours per day","1 hour per day","1 team","No","5 hours","1 to 3 times","2 times per day","0 times"
"15 years old","Female","9th grade","Yes","Multiple - Hispanic / Latino",1.7,74.84,"Did not ride a bicycle","Always","I did not drive the past 30 days","0 times","No","No","No","0 days","0 days","Heterosexual (straight)","Very overweight","Did not drink fruit juice","Did not eat fruit","Did not eat green salad","Did not drink soda or pop","Did not drink milk","0 days","0 days","No TV on average school day","No playing video/computer game","3 or more teams","Not sure","7 hours","Did not drink sports drink","Did not drink water","0 times"
"15 years old","Female","9th grade","Yes","Hispanic/Latino",1.65,95.26,"Rarely wore a helmet","Most of the time","I did not drive the past 30 days","1 time","No","No","No","0 days","0 days","Heterosexual (straight)","Very overweight","Did not drink fruit juice","1 to 3 times","Did not eat green salad","4 to 6 times","1 to 3 glasses","4 days","5 days","2 hours per day","1 hour per day","0 teams","No","6 hours","1 to 3 times","4 to 6 times","2 times"
"16 years old","Male","10th grade","No",NA,NA,NA,"Never wore a helmet","Sometimes",NA,"2 or 3 times","No","Yes","No","0 days","6 to 9 days","Heterosexual (straight)","Slightly underweight","2 times per day","1 to 3 times",NA,NA,NA,NA,NA,NA,NA,NA,NA,NA,NA,NA,NA
"17 years old","Male","12th grade","No","Black or African American",1.85,83.92,"Never wore a helmet","Most of the time","All 30 days","0 times","No","No","No","0 days",NA,"Heterosexual (straight)","About the right weight","1 to 3 times","1 to 3 times","Did not eat green salad","1 to 3 times","Did not drink milk","1 day","7 days","Less than 1 hour per day","1 hour per day","2 teams","No","5 hours","1 to 3 times","4 or more times per day","0 times"
"17 years old","Male","10th grade","No","Black or African American",1.73,61.24,"Never wore a helmet","Never","0 days","6 or 7 times","No","No","No","0 days",NA,"bisexual","Slightly overweight",NA,NA,"4 or more times per day","1 time per day",NA,NA,"7 days","4 hours per day","2 hours per day","1 team",NA,"9 hours",NA,NA,NA
"14 years old","Male","9th grade","No","White",1.78,108.86,NA,"Always","I did not drive the past 30 days",NA,"No","No","No","0 days","0 days","Heterosexual (straight)","Very overweight","1 to 3 times","4 to 6 times","Did not eat green salad","Did not drink soda or pop",NA,"3 days","0 days","2 hours per day","5 or more hours per day",NA,NA,NA,NA,NA,NA
"14 years old","Female","9th grade","Yes","Hispanic/Latino",1.57,47.17,"Never wore a helmet","Most of the time","I did not drive the past 30 days","0 times","No","No","No","0 days","0 days","Heterosexual (straight)","About the right weight","1 to 3 times","1 to 3 times","1 to 3 times","1 to 3 times","3 glasses per day","2 days","6 days","2 hours per day","2 hours per day","1 team","Yes","7 hours","Did not drink sports drink","4 to 6 times","0 times"
"17 years old","Female","11th grade","No","Multiple - Non-Hispanic",1.75,101.15,"Never wore a helmet","Always","6 to 9 days","0 times","No","No","Yes","1 or 2 days","10 to 19 days","Heterosexual (straight)","Very overweight","Did not drink fruit juice","2 times per day","2 times per day","4 to 6 times","4 to 6 glasses","7 days","6 days","Less than 1 hour per day","3 hours per day","0 teams","No","5 hours","4 to 6 times","3 times per day","1 times"
"15 years old","Male","9th grade","No","White",1.83,63.5,"Rarely wore a helmet","Always","I did not drive the past 30 days","0 times","Yes","No","No","0 days","0 days","Heterosexual (straight)","About the right weight","Did not drink fruit juice","4 to 6 times","Did not eat green salad","1 to 3 times","4 to 6 glasses","7 days","5 days","2 hours per day","2 hours per day","3 or more teams","No","9 hours","Did not drink sports drink","4 to 6 times","0 times"
"17 years old","Male","12th grade","No","White",1.88,78.02,"Always wore a helmet","Always",NA,"0 times","No","No","No","0 days","0 days","Not sure","About the right weight","1 to 3 times","1 to 3 times","4 to 6 times","1 time per day","Did not drink milk","4 days","0 days","3 hours per day","4 hours per day","0 teams","No","9 hours","1 to 3 times","1 time per day","0 times"
"17 years old","Male","11th grade","Yes","Hispanic/Latino",1.68,79.83,"Rarely wore a helmet","Always","I did not drive the past 30 days","0 times","No","No","No","0 days","1 or 2 days","Heterosexual (straight)","Slightly overweight","4 to 6 times","4 to 6 times","1 to 3 times","1 to 3 times","3 glasses per day","4 days","7 days","1 hour per day","5 or more hours per day","0 teams","No","7 hours","4 to 6 times","3 times per day","3 times"
"17 years old","Male","12th grade","No","Asian",1.68,63.05,"Did not ride a bicycle","Always","I did not drive the past 30 days","0 times","No","No","No","0 days","0 days","Heterosexual (straight)","About the right weight","1 to 3 times","4 to 6 times","4 to 6 times","Did not drink soda or pop","Did not drink milk","6 days","4 days","Less than 1 hour per day","5 or more hours per day","2 teams","Yes","6 hours","Did not drink sports drink","4 or more times per day","1 times"
"17 years old","Male","12th grade","No","White",1.78,83.92,"Did not ride a bicycle","Always","6 to 9 days","0 times","No","No","No","0 days","0 days","Heterosexual (straight)","Slightly overweight","1 to 3 times","1 time per day","2 times per day","4 to 6 times","2 glasses per day","4 days","5 days","3 hours per day","2 hours per day","1 team","No","7 hours","1 to 3 times","3 times per day","0 times"
"17 years old","Female","11th grade","No","White",1.78,102.06,NA,NA,"I did not drive the past 30 days",NA,"No","No","No",NA,"1 or 2 days","bisexual","Slightly overweight","Did not drink fruit juice","4 to 6 times","1 to 3 times","1 to 3 times",NA,NA,"2 days","4 hours per day","1 hour per day",NA,"Yes","7 hours",NA,NA,NA
"14 years old","Female","9th grade","Yes","Hispanic/Latino",1.57,81.19,"Never wore a helmet","Always","I did not drive the past 30 days","1 time","No","No","Yes","0 days","3 to 5 days","Heterosexual (straight)","Slightly overweight","1 to 3 times","4 to 6 times","4 to 6 times","4 to 6 times","1 to 3 glasses","4 days","7 days","3 hours per day","4 hours per day","3 or more teams","No","7 hours","4 to 6 times","4 to 6 times","2 times"
"16 years old","Female","11th grade","No","White",1.7,54.43,NA,NA,"1 or 2 days",NA,"No","No","No","0 days","0 days","Heterosexual (straight)","About the right weight","2 times per day","2 times per day","1 time per day","Did not drink soda or pop",NA,NA,"7 days","1 hour per day","1 hour per day",NA,"No","7 hours",NA,NA,NA
"14 years old","Female","9th grade","No","Black or African American",1.63,52.16,"Never wore a helmet","Sometimes","0 days","0 times","Yes","No","Yes","3 to 5 days","0 days","bisexual","About the right weight","4 or more times per day","4 to 6 times","1 time per day","4 to 6 times","4 or more glasses per day","5 days","0 days","4 hours per day","No playing video/computer game","0 teams","No","10 or more hours","4 to 6 times","4 to 6 times","0 times"
"17 years old","Male","12th grade","Yes","Hispanic/Latino",1.7,63.5,"Did not ride a bicycle","Always","I did not drive the past 30 days","0 times","No","No","Yes","0 days","0 days","Heterosexual (straight)","About the right weight","1 to 3 times","1 to 3 times","Did not eat green salad","1 to 3 times","1 to 3 glasses","7 days","7 days","5 or more hours per day","5 or more hours per day","0 teams","No","6 hours",NA,NA,NA
"15 years old","Female","10th grade","Yes","Multiple - Hispanic / Latino",1.63,63.96,"Never wore a helmet","Always","0 days","0 times","No","No","No","0 days","0 days","Not sure","About the right weight","Did not drink fruit juice","4 to 6 times","1 to 3 times","1 time per day","4 to 6 glasses","0 days","0 days","1 hour per day","5 or more hours per day","1 team","No","5 hours","3 times per day","4 or more times per day","0 times"
"17 years old","Male","11th grade","Yes","Hispanic/Latino",NA,NA,"Did not ride a bicycle","Always","I did not drive the past 30 days","0 times","No","No","No","0 days","0 days","Heterosexual (straight)","About the right weight","1 to 3 times","4 or more times per day","1 to 3 times","4 or more times per day","1 glass per day","0 days","3 days","2 hours per day","No playing video/computer game","0 teams",NA,NA,"1 to 3 times","4 to 6 times",NA
"15 years old","Male","9th grade","No","White",1.7,70.31,"Never wore a helmet","Always","0 days",NA,"No","No","No","0 days","1 or 2 days","Heterosexual (straight)","About the right weight","3 times per day","2 times per day","1 time per day","1 to 3 times","4 to 6 glasses","6 days","7 days","Less than 1 hour per day","No playing video/computer game","1 team","No","8 hours",NA,NA,NA
"18 years old or older","Female","12th grade","Yes","Multiple - Hispanic / Latino",1.5,50.8,"Never wore a helmet","Always","6 to 9 days","0 times","No","No","No","0 days","0 days","Heterosexual (straight)","Slightly overweight","Did not drink fruit juice","1 time per day","Did not eat green salad","4 to 6 times","1 to 3 glasses","6 days","3 days","4 hours per day","4 hours per day","1 team","Yes","7 hours","1 to 3 times","1 to 3 times","2 times"
"16 years old","Male","10th grade","No","White",1.8,58.97,"Never wore a helmet","Most of the time","I did not drive the past 30 days","0 times","No","No","No","0 days","0 days","Heterosexual (straight)","Slightly underweight","4 to 6 times","4 to 6 times","1 to 3 times","2 times per day","2 glasses per day","7 days","4 days","5 or more hours per day","5 or more hours per day",NA,"Yes","6 hours","Did not drink sports drink","4 to 6 times",NA
"16 years old","Female","10th grade","No","White",1.75,90.72,"Did not ride a bicycle","Most of the time","1 or 2 days","1 time","Yes","No","Yes","0 days","10 to 19 days","Heterosexual (straight)","Slightly overweight","2 times per day","1 to 3 times","1 to 3 times","Did not drink soda or pop","1 to 3 glasses","3 days","1 day","Less than 1 hour per day","Less than 1 hour per day","1 team","Yes","8 hours","Did not drink sports drink","4 or more times per day","2 times"
"14 years old","Male","9th grade","No","Multiple - Non-Hispanic",1.7,68.95,NA,NA,"I did not drive the past 30 days",NA,"Yes","No","No","0 days","0 days","Heterosexual (straight)","Slightly overweight","Did not drink fruit juice","1 to 3 times","Did not eat green salad","4 or more times per day",NA,NA,"0 days","5 or more hours per day","5 or more hours per day",NA,"No","6 hours",NA,NA,NA
"17 years old","Female","11th grade","Yes","Hispanic/Latino",1.55,63.5,"Never wore a helmet","Always","I did not drive the past 30 days","0 times","No","No","No",NA,"1 or 2 days","Heterosexual (straight)","Slightly overweight","1 to 3 times","1 time per day","1 to 3 times","1 to 3 times","1 to 3 glasses","6 days","5 days","Less than 1 hour per day","1 hour per day","2 teams","No","8 hours",NA,NA,NA
"16 years old","Male","11th grade","No","White",1.8,74.84,NA,NA,"0 days",NA,"No","No","No","0 days","0 days","Heterosexual (straight)","About the right weight","1 to 3 times","2 times per day","1 time per day","1 to 3 times",NA,NA,"7 days","Less than 1 hour per day","Less than 1 hour per day",NA,"No","7 hours",NA,NA,NA
"17 years old","Male","12th grade","No","White",1.7,108.86,NA,"Always","I did not drive the past 30 days","0 times","No","No","No","0 days",NA,NA,"Slightly overweight","Did not drink fruit juice","2 times per day","1 time per day","2 times per day",NA,"7 days","0 days","3 hours per day","2 hours per day",NA,NA,"7 hours",NA,"4 or more times per day",NA
"18 years old or older","Male","11th grade","Yes","Hispanic/Latino",1.73,65.77,"Never wore a helmet","Most of the time","All 30 days","2 or 3 times","Yes","Yes","Yes","0 days","All 30 days","Heterosexual (straight)","About the right weight","1 time per day","1 time per day","1 time per day","4 or more times per day","4 or more glasses per day","7 days","7 days","3 hours per day","4 hours per day","0 teams","No","6 hours","4 or more times per day","4 or more times per day","2 times"
"15 years old","Female","10th grade","No","White",1.68,72.58,"Never wore a helmet","Most of the time","1 or 2 days","0 times","No","Yes","No","6 to 9 days","3 to 5 days","Heterosexual (straight)","About the right weight","4 to 6 times","4 to 6 times","4 to 6 times","1 to 3 times","4 to 6 glasses","5 days","2 days","Less than 1 hour per day","5 or more hours per day","0 teams","No","8 hours","4 to 6 times","4 or more times per day","0 times"
"16 years old","Female","10th grade","No","White",1.63,90.72,"Did not ride a bicycle","Always","I did not drive the past 30 days","0 times","Yes","No","Yes","0 days","0 days",NA,"Slightly overweight","1 to 3 times","1 to 3 times","4 to 6 times","1 to 3 times","1 to 3 glasses","0 days","3 days","No TV on average school day","5 or more hours per day","1 team","Yes","4 or less hours","1 to 3 times","4 or more times per day","5 or more times"
"16 years old","Female","10th grade","No","White",1.63,46.72,"Never wore a helmet","Sometimes","I did not drive the past 30 days","0 times","Yes","Yes","Yes","6 to 9 days","6 to 9 days","Heterosexual (straight)","Slightly underweight","4 or more times per day","1 time per day","1 time per day","4 to 6 times","1 glass per day","4 days","7 days","1 hour per day","Less than 1 hour per day","1 team","Yes","8 hours","2 times per day","4 or more times per day","3 times"
"14 years old","Male","9th grade","No","White",1.68,52.16,"Rarely wore a helmet","Most of the time","I did not drive the past 30 days","0 times","No","No","No","0 days","0 days","Heterosexual (straight)","About the right weight","1 time per day","1 time per day","1 to 3 times","1 to 3 times","1 glass per day","5 days","7 days","2 hours per day","3 hours per day","3 or more teams","Yes","6 hours","4 to 6 times","2 times per day","4 times"
"14 years old","Male","9th grade","Yes","Hispanic/Latino",1.57,56.7,"Never wore a helmet","Always","I did not drive the past 30 days","1 time","No","No","Yes","0 days","0 days","Heterosexual (straight)","About the right weight","1 time per day","1 time per day","4 to 6 times","1 to 3 times","4 to 6 glasses","7 days","4 days","Less than 1 hour per day","2 hours per day","1 team","Yes","8 hours","1 to 3 times","4 to 6 times","1 times"
"17 years old","Male","11th grade","Yes","Multiple - Hispanic / Latino",1.6,57.15,"Did not ride a bicycle","Most of the time","I did not drive the past 30 days","0 times","No","No","No","0 days","0 days","Heterosexual (straight)","About the right weight","1 to 3 times","1 to 3 times","Did not eat green salad","1 to 3 times","4 to 6 glasses","2 days","5 days","2 hours per day","5 or more hours per day","1 team","Yes","5 hours",NA,NA,NA
"18 years old or older","Male","11th grade","No","Black or African American",1.3,54.43,"Never wore a helmet","Sometimes","I did not drive the past 30 days","1 time","No","No","No",NA,"0 days",NA,NA,NA,NA,NA,NA,NA,NA,NA,NA,NA,NA,NA,NA,NA,NA,NA
"16 years old","Male","10th grade","No","Multiple - Non-Hispanic",1.85,86.18,"Never wore a helmet","Most of the time","6 to 9 days","0 times","No","No","No","0 days","1 or 2 days","Heterosexual (straight)","About the right weight","Did not drink fruit juice","4 or more times per day","4 to 6 times","1 to 3 times","Did not drink milk","3 days","7 days","3 hours per day","3 hours per day","3 or more teams","No","8 hours","4 to 6 times","4 or more times per day","2 times"
"18 years old or older","Female","12th grade","Yes","Multiple - Hispanic / Latino",1.8,67.59,"Never wore a helmet","Most of the time","1 or 2 days","0 times","No","No","Yes","0 days","0 days","Heterosexual (straight)","About the right weight","4 to 6 times","3 times per day","Did not eat green salad","4 to 6 times","1 glass per day","6 days","7 days","Less than 1 hour per day","4 hours per day","1 team","No","6 hours",NA,NA,NA
"15 years old","Female","9th grade","Yes","Multiple - Hispanic / Latino",1.55,58.97,"Rarely wore a helmet","Always","0 days","0 times","No","No","Yes","0 days","0 days","Heterosexual (straight)","About the right weight","1 to 3 times","1 to 3 times","1 to 3 times","1 to 3 times","1 to 3 glasses","2 days","2 days","1 hour per day","1 hour per day","0 teams",NA,"7 hours",NA,NA,NA
"14 years old","Male","9th grade","No","Asian",1.75,58.97,"Rarely wore a helmet","Always","I did not drive the past 30 days","0 times","No","No","No","0 days","0 days","Heterosexual (straight)","About the right weight","Did not drink fruit juice","1 time per day","1 to 3 times","Did not drink soda or pop","4 or more glasses per day","3 days","7 days","No TV on average school day","5 or more hours per day","0 teams","Yes","6 hours","Did not drink sports drink","2 times per day","0 times"
"16 years old",NA,NA,"No","Native Hawaiian/other PI",NA,NA,"Rarely wore a helmet","Always","3 to 5 days","1 time","No","No","No","0 days","0 days","Heterosexual (straight)","About the right weight","1 to 3 times","1 to 3 times","1 to 3 times","4 to 6 times","4 or more glasses per day","1 day","6 days","2 hours per day","1 hour per day","3 or more teams","No","5 hours","4 to 6 times","1 time per day","4 times"
"18 years old or older","Female","12th grade","Yes","Hispanic/Latino",1.63,71.22,"Sometimes wore a helmet","Always","1 or 2 days","0 times","Yes","Yes","No","0 days","0 days","Heterosexual (straight)","Slightly overweight","1 to 3 times","3 times per day","1 to 3 times","1 to 3 times","1 to 3 glasses","7 days","3 days","Less than 1 hour per day","3 hours per day","1 team","No","8 hours","Did not drink sports drink","4 or more times per day","0 times"
"18 years old or older","Male","12th grade","No","Asian",1.68,57.15,"Rarely wore a helmet","Always","0 days","0 times","No","No","No","0 days","0 days","Heterosexual (straight)","About the right weight","4 or more times per day","3 times per day","Did not eat green salad","4 to 6 times","1 to 3 glasses","5 days","7 days","No TV on average school day","3 hours per day","1 team","No","8 hours","4 to 6 times","4 or more times per day","0 times"
"16 years old","Female","10th grade","Yes","Hispanic/Latino",1.5,60.33,"Did not ride a bicycle","Sometimes","I did not drive the past 30 days","0 times","No","No","Yes","0 days","0 days","Heterosexual (straight)","Slightly overweight","Did not drink fruit juice","Did not eat fruit","Did not eat green salad","4 to 6 times","1 to 3 glasses","0 days","1 day","Less than 1 hour per day","5 or more hours per day","0 teams","No","5 hours",NA,NA,NA
"15 years old","Male","10th grade","No","White",1.85,66.23,"Most of the time wore a helmet","Always","0 days","0 times","No","No","No","0 days","0 days","Heterosexual (straight)","Very underweight","4 or more times per day","4 or more times per day","2 times per day","1 time per day","4 or more glasses per day","7 days","7 days","1 hour per day","Less than 1 hour per day","3 or more teams","Yes","7 hours","1 to 3 times","4 or more times per day","1 times"
"15 years old","Female","10th grade","No","White",NA,NA,NA,NA,"I did not drive the past 30 days",NA,"No","No","No","0 days","0 days","Heterosexual (straight)","About the right weight","Did not drink fruit juice","2 times per day","4 to 6 times","1 to 3 times",NA,NA,"4 days","No TV on average school day","2 hours per day",NA,"No","7 hours",NA,NA,NA
"14 years old","Male","9th grade","Yes","Multiple - Hispanic / Latino",1.57,69.85,"Rarely wore a helmet","Most of the time","I did not drive the past 30 days","0 times","No","No","No","0 days","6 to 9 days","Heterosexual (straight)","Slightly overweight","1 to 3 times","4 or more times per day","4 or more times per day","Did not drink soda or pop","1 to 3 glasses","6 days","7 days","Less than 1 hour per day","1 hour per day","3 or more teams","No","7 hours","Did not drink sports drink","3 times per day","0 times"
"17 years old","Male","10th grade","No","White",1.83,88.91,"Never wore a helmet","Always",NA,"1 time","Yes","No","No","0 days","10 to 19 days","Heterosexual (straight)","About the right weight","1 to 3 times","4 or more times per day","3 times per day","Did not drink soda or pop","4 or more glasses per day","6 days","6 days","Less than 1 hour per day","Less than 1 hour per day","3 or more teams","No","6 hours","Did not drink sports drink","4 or more times per day","0 times"
"15 years old","Male","9th grade","No","White",1.6,45.36,"Never wore a helmet","Rarely","I did not drive the past 30 days","0 times","No","No","No","0 days","0 days","Heterosexual (straight)","Very underweight","Did not drink fruit juice","1 to 3 times","Did not eat green salad","1 to 3 times","1 to 3 glasses","7 days","5 days","1 hour per day","5 or more hours per day","3 or more teams","No","7 hours","1 time per day","1 time per day","0 times"
"17 years old","Female","11th grade","No","White",1.6,69.4,"Never wore a helmet","Most of the time","0 days","0 times","No","No","No","0 days","0 days","Heterosexual (straight)","About the right weight","Did not drink fruit juice","4 to 6 times","1 to 3 times","Did not drink soda or pop","Did not drink milk","7 days","6 days","Less than 1 hour per day","No playing video/computer game","1 team","No","7 hours","1 to 3 times","4 or more times per day","5 or more times"
"15 years old","Female","9th grade","Yes","Multiple - Hispanic / Latino",1.55,52.16,"Rarely wore a helmet",NA,"I did not drive the past 30 days","0 times","No","No","No","0 days","0 days","Heterosexual (straight)","About the right weight","1 to 3 times","4 to 6 times","4 to 6 times","1 to 3 times","Did not drink milk","7 days","4 days","5 or more hours per day","No playing video/computer game","1 team","Yes","7 hours",NA,NA,NA
"15 years old","Male","10th grade","Yes","Multiple - Hispanic / Latino",1.73,73.03,"Never wore a helmet","Always","I did not drive the past 30 days","0 times","No","No","No","0 days","0 days","Heterosexual (straight)","Slightly overweight","Did not drink fruit juice","Did not eat fruit","Did not eat green salad","Did not drink soda or pop","1 glass per day","5 days","0 days","3 hours per day","3 hours per day","0 teams","Yes","8 hours","1 to 3 times","3 times per day","1 times"
"15 years old","Male","10th grade","No","Multiple - Non-Hispanic",1.7,72.58,"Rarely wore a helmet","Always","0 days","0 times","No","Yes","No","0 days","1 or 2 days","Heterosexual (straight)","About the right weight","4 to 6 times","1 to 3 times","Did not eat green salad","4 to 6 times","4 to 6 glasses","7 days","7 days","1 hour per day","1 hour per day","1 team","No","8 hours",NA,NA,NA
"17 years old","Male","11th grade","No","White",1.73,117.94,"Did not ride a bicycle","Always","I did not drive the past 30 days","1 time","No","No","No","0 days","0 days","Heterosexual (straight)","Very overweight",NA,"1 to 3 times","Did not eat green salad","Did not drink soda or pop","2 glasses per day","7 days","2 days","No TV on average school day","5 or more hours per day","0 teams","No","7 hours","1 to 3 times","4 or more times per day","5 or more times"
"14 years old","Female","9th grade","No","White",1.68,58.06,"Rarely wore a helmet","Always","I did not drive the past 30 days","0 times","No","No","No","0 days","0 days","Heterosexual (straight)","About the right weight","Did not drink fruit juice","2 times per day","1 time per day","Did not drink soda or pop","4 to 6 glasses","5 days","6 days","Less than 1 hour per day","2 hours per day","3 or more teams","No","6 hours","1 to 3 times","4 or more times per day","4 times"
"14 years old","Male","9th grade",NA,NA,1.75,63.5,"Never wore a helmet","Most of the time",NA,"0 times","No","No","Yes","0 days","0 days","Heterosexual (straight)","About the right weight","1 to 3 times","1 to 3 times","Did not eat green salad","4 to 6 times","4 to 6 glasses","4 days","2 days","1 hour per day","5 or more hours per day","0 teams","No","6 hours","1 to 3 times","1 to 3 times","0 times"
"15 years old","Male","9th grade","No","White",1.78,54.43,"Did not ride a bicycle","Always","I did not drive the past 30 days","0 times","No","No","No","0 days","0 days","Heterosexual (straight)","Slightly underweight","1 to 3 times","4 or more times per day","1 to 3 times","1 time per day","1 glass per day","5 days","0 days","2 hours per day","4 hours per day","0 teams","No","4 or less hours","1 to 3 times","4 or more times per day","4 times"
"14 years old","Male","9th grade","No","White",1.7,50.35,"Always wore a helmet","Always","0 days","1 time","No","No","No","0 days","0 days","Heterosexual (straight)","About the right weight","Did not drink fruit juice","1 time per day","1 to 3 times","Did not drink soda or pop","1 glass per day","7 days","7 days","1 hour per day","No playing video/computer game","1 team","No","8 hours","Did not drink sports drink","4 or more times per day","0 times"
"15 years old","Female","9th grade","Yes","Hispanic/Latino",1.6,54.43,"Never wore a helmet","Always","0 days","0 times","Yes","Yes","Yes","3 to 5 days","0 days","Heterosexual (straight)","Slightly overweight","Did not drink fruit juice","Did not eat fruit","Did not eat green salad","3 times per day","Did not drink milk","2 days","7 days","1 hour per day","5 or more hours per day","3 or more teams","No","8 hours","Did not drink sports drink","2 times per day","1 times"
"17 years old","Female","11th grade","No","Asian",1.55,51.26,"Never wore a helmet","Always","I did not drive the past 30 days","0 times",NA,"No","Yes","0 days","0 days","bisexual","About the right weight","Did not drink fruit juice","4 to 6 times","1 to 3 times","Did not drink soda or pop","Did not drink milk","7 days","1 day","Less than 1 hour per day","3 hours per day","1 team","No","6 hours",NA,NA,NA
"16 years old","Female","10th grade","Yes","Hispanic/Latino",1.55,59.88,"Never wore a helmet","Always","I did not drive the past 30 days","0 times","No","No","No","0 days","3 to 5 days","Heterosexual (straight)","Slightly overweight","3 times per day","4 to 6 times","1 to 3 times","Did not drink soda or pop","Did not drink milk","3 days","3 days","3 hours per day","No playing video/computer game","0 teams","Yes","8 hours","1 to 3 times","1 to 3 times","0 times"
"17 years old","Male","12th grade","No","White",1.7,90.72,NA,NA,"0 days",NA,"No","No","No","0 days","0 days","Heterosexual (straight)","Slightly overweight","Did not drink fruit juice","Did not eat fruit","Did not eat green salad","4 to 6 times",NA,NA,"0 days","1 hour per day","2 hours per day",NA,"No","7 hours",NA,NA,NA
"18 years old or older","Male","12th grade","Yes","Multiple - Hispanic / Latino",1.75,97.52,NA,"Most of the time","0 days","0 times","No","No","Yes","0 days","0 days","Heterosexual (straight)","Slightly overweight","2 times per day","1 time per day","Did not eat green salad","1 to 3 times","3 glasses per day","5 days","0 days","3 hours per day","3 hours per day","3 or more teams","No","6 hours",NA,NA,NA
"18 years old or older","Female","12th grade","No","White",1.47,48.54,"Did not ride a bicycle","Always","I did not drive the past 30 days","0 times","No","No","Yes","0 days","0 days","Heterosexual (straight)","Slightly underweight","1 time per day","1 to 3 times","4 to 6 times","1 time per day","1 glass per day","4 days","3 days","2 hours per day","2 hours per day","0 teams","No","6 hours","1 to 3 times","2 times per day","2 times"
"16 years old","Female","10th grade","Yes","Multiple - Hispanic / Latino",1.65,57.15,"Never wore a helmet","Always","All 30 days","2 or 3 times","No","No","Yes","6 to 9 days","10 to 19 days","Heterosexual (straight)","Slightly underweight","1 to 3 times","4 or more times per day","Did not eat green salad","2 times per day","2 glasses per day","2 days","7 days","1 hour per day","5 or more hours per day","2 teams","Yes","4 or less hours","2 times per day","4 or more times per day","2 times"
"16 years old","Female","10th grade","No","Black or African American",1.68,79.83,"Rarely wore a helmet","Always",NA,NA,"No","No","No",NA,"0 days","Heterosexual (straight)","Slightly overweight","1 to 3 times","4 to 6 times","1 to 3 times","1 to 3 times","Did not drink milk","3 days","3 days","No TV on average school day","No playing video/computer game","0 teams","Yes","8 hours",NA,NA,NA
"15 years old","Male","9th grade","No","White",1.8,68.04,NA,NA,"I did not drive the past 30 days",NA,"No","No","No","0 days","0 days","Heterosexual (straight)","About the right weight","1 to 3 times","1 to 3 times","1 time per day","1 to 3 times",NA,NA,"7 days","No TV on average school day","4 hours per day",NA,"No","7 hours",NA,NA,NA
"15 years old","Female","10th grade","Yes","Hispanic/Latino",1.55,56.7,"Never wore a helmet","Always","0 days","0 times","No","No","No","0 days","0 days","Heterosexual (straight)","About the right weight","4 to 6 times","1 time per day","1 to 3 times","1 time per day","1 glass per day","0 days","4 days","No TV on average school day","No playing video/computer game","1 team","No","7 hours","1 to 3 times","1 time per day","0 times"
"17 years old","Female","10th grade","No","Black or African American",1.65,54.43,"Did not ride a bicycle","Most of the time","I did not drive the past 30 days","1 time","No","No","No","0 days","0 days","Heterosexual (straight)","About the right weight","4 to 6 times","4 to 6 times","1 to 3 times","4 to 6 times","4 to 6 glasses","7 days","0 days","2 hours per day","2 hours per day","0 teams","No","7 hours","Did not drink sports drink","4 to 6 times","0 times"
"14 years old","Female","9th grade","Yes","Hispanic/Latino",1.7,71.67,"Never wore a helmet","Always","I did not drive the past 30 days","0 times","Yes","No","No","0 days","0 days","Heterosexual (straight)","Slightly overweight","Did not drink fruit juice","1 to 3 times","1 to 3 times","1 to 3 times","4 to 6 glasses","2 days","2 days","2 hours per day","Less than 1 hour per day","0 teams","No","7 hours",NA,NA,NA
"15 years old","Male","10th grade","No","White",1.78,64.86,"Never wore a helmet","Most of the time","0 days","0 times","No","No","No","0 days","0 days","Heterosexual (straight)","About the right weight","1 to 3 times","2 times per day","1 to 3 times","Did not drink soda or pop","4 to 6 glasses","0 days","4 days","1 hour per day","3 hours per day","1 team","No","6 hours","1 to 3 times","3 times per day","2 times"
"17 years old","Female","12th grade","Yes","Multiple - Hispanic / Latino",1.63,58.97,"Never wore a helmet","Most of the time","6 to 9 days","0 times","No","No","Yes","0 days","0 days","Gay or lesbian","Slightly overweight","1 to 3 times","1 to 3 times","Did not eat green salad","4 or more times per day","1 to 3 glasses","6 days","0 days","No TV on average school day","No playing video/computer game","0 teams","No","6 hours","Did not drink sports drink","1 to 3 times","2 times"
"16 years old","Female","10th grade","No","White",1.6,46.27,"Rarely wore a helmet","Always","0 days","0 times","No","No","No","0 days","0 days","Heterosexual (straight)","About the right weight","Did not drink fruit juice","1 to 3 times","1 to 3 times","1 to 3 times","Did not drink milk","7 days","6 days","1 hour per day","Less than 1 hour per day","1 team","No","6 hours","Did not drink sports drink","3 times per day","3 times"
"18 years old or older","Female","12th grade","Yes","Multiple - Hispanic / Latino",1.65,81.65,"Did not ride a bicycle","Always","3 to 5 days","0 times","No","No","No","0 days","0 days","Heterosexual (straight)","Slightly overweight","1 time per day","2 times per day","2 times per day","3 times per day","2 glasses per day","1 day","7 days","4 hours per day","No playing video/computer game","1 team","Yes","6 hours","2 times per day","2 times per day","0 times"
"14 years old","Female","9th grade","No","White",1.6,54.43,NA,NA,"0 days",NA,"No","No","No","0 days","1 or 2 days","Heterosexual (straight)","About the right weight","1 to 3 times","1 time per day","1 to 3 times","1 to 3 times",NA,NA,"6 days","1 hour per day","No playing video/computer game",NA,"No","7 hours",NA,NA,NA
"17 years old","Female","12th grade","Yes","Multiple - Hispanic / Latino",1.63,68.04,"Rarely wore a helmet","Always","0 days","2 or 3 times","No","No","Yes","0 days","3 to 5 days","Heterosexual (straight)","Slightly overweight","4 to 6 times","1 to 3 times","Did not eat green salad","1 to 3 times","1 glass per day","7 days","6 days","3 hours per day","5 or more hours per day","2 teams","Yes",NA,"4 to 6 times","4 or more times per day","2 times"
"18 years old or older","Male","12th grade","No","White",1.8,77.11,"Never wore a helmet","Always","10 to 19 days","0 times","No","No","Yes","3 to 5 days","10 to 19 days","Heterosexual (straight)","Slightly overweight","1 to 3 times","1 to 3 times","1 to 3 times","4 to 6 times","1 glass per day","1 day","3 days","2 hours per day","1 hour per day","1 team","No","7 hours",NA,NA,NA
"17 years old","Female","11th grade","No","White",1.68,63.5,"Did not ride a bicycle","Always","I did not drive the past 30 days","0 times","No","No","Yes","0 days","0 days","Heterosexual (straight)","About the right weight","1 to 3 times","1 time per day","4 to 6 times","Did not drink soda or pop","Did not drink milk","6 days","3 days","No TV on average school day","2 hours per day","0 teams","No","7 hours","Did not drink sports drink","4 or more times per day","5 or more times"
"18 years old or older","Male","12th grade","Yes","Multiple - Hispanic / Latino",1.8,102.97,"Never wore a helmet","Always","All 30 days",NA,"No","No","Yes","0 days","1 or 2 days","Heterosexual (straight)","Very overweight","3 times per day","1 to 3 times","4 to 6 times","4 or more times per day","4 to 6 glasses","7 days","7 days","5 or more hours per day","5 or more hours per day","1 team","No","5 hours",NA,NA,NA
"16 years old","Male","10th grade","No","White",1.9,54.43,"Did not ride a bicycle","Rarely","0 days","1 time","No","No","No","0 days","0 days","Heterosexual (straight)","About the right weight","1 to 3 times",NA,NA,"Did not drink soda or pop","4 or more glasses per day","0 days","7 days","1 hour per day","No playing video/computer game","0 teams","No","6 hours","Did not drink sports drink","4 to 6 times","2 times"
"16 years old","Male","11th grade","No","Black or African American",1.68,83.92,"Never wore a helmet","Always","0 days","0 times","Yes","No","No","0 days","0 days","Heterosexual (straight)","About the right weight","4 to 6 times","1 to 3 times","Did not eat green salad","Did not drink soda or pop","1 glass per day","7 days","7 days","No TV on average school day","Less than 1 hour per day","2 teams","Yes","6 hours","4 to 6 times","4 or more times per day","0 times"
"17 years old","Male","11th grade","No","White",1.78,77.11,"Never wore a helmet","Always","20 to 29 days","0 times","No","No","No","0 days","0 days","Heterosexual (straight)","About the right weight","4 to 6 times","2 times per day","1 to 3 times","1 to 3 times","1 to 3 glasses","7 days","7 days","Less than 1 hour per day","1 hour per day","2 teams","No","9 hours","1 to 3 times","3 times per day","5 or more times"
"17 years old","Female","11th grade","No","White",NA,NA,"Did not ride a bicycle","Always","6 to 9 days","0 times","No","No","Yes","0 days","0 days","bisexual","Slightly overweight","4 to 6 times","1 to 3 times","Did not eat green salad","Did not drink soda or pop","Did not drink milk","0 days","0 days","2 hours per day","4 hours per day","0 teams","No","8 hours","Did not drink sports drink","3 times per day","5 or more times"
"18 years old or older","Male","12th grade","No","White",1.9,120.2,"Did not ride a bicycle","Most of the time","All 30 days","8 or 9 times","Yes","No","No","All 30 days","3 to 5 days","Heterosexual (straight)","About the right weight","3 times per day","1 time per day","1 to 3 times","1 to 3 times","Did not drink milk","2 days","0 days","No TV on average school day","Less than 1 hour per day","1 team","Yes","7 hours","Did not drink sports drink","1 to 3 times","1 times"
"17 years old","Male","11th grade","No","White",1.68,94.35,"Did not ride a bicycle","Always","I did not drive the past 30 days","0 times","No","No","Yes","0 days","0 days","Heterosexual (straight)","Slightly overweight","Did not drink fruit juice","1 to 3 times","Did not eat green salad","1 to 3 times","4 to 6 glasses","1 day","0 days","No TV on average school day","2 hours per day","0 teams","No","7 hours","Did not drink sports drink","2 times per day","3 times"
"16 years old","Male","12th grade","Yes","Multiple - Hispanic / Latino",1.88,102.06,NA,NA,"I did not drive the past 30 days",NA,"No","No","No","0 days",NA,"bisexual","Slightly overweight","1 to 3 times","Did not eat fruit","Did not eat green salad","4 to 6 times",NA,NA,"1 day","1 hour per day","5 or more hours per day",NA,"No","7 hours",NA,NA,NA
"15 years old","Female","9th grade","No","White",1.7,68.95,"Rarely wore a helmet","Most of the time","3 to 5 days","10 or 11 times","Yes","No","Yes",NA,NA,NA,"Slightly underweight","2 times per day","1 time per day","1 time per day","2 times per day","1 glass per day","1 day","4 days","1 hour per day","5 or more hours per day","1 team","Yes","4 or less hours","1 time per day","3 times per day","3 times"
"18 years old or older","Female","12th grade","No","White",1.7,100.25,"Never wore a helmet","Always","All 30 days","0 times","No","No","No","0 days","0 days","Heterosexual (straight)","Slightly overweight","Did not drink fruit juice","Did not eat fruit","Did not eat green salad","Did not drink soda or pop","1 to 3 glasses","7 days","6 days","1 hour per day","2 hours per day","0 teams","No","7 hours","Did not drink sports drink","4 or more times per day","0 times"
"17 years old","Male","12th grade","No","Black or African American",1.88,79.38,"Did not ride a bicycle","Most of the time","0 days","0 times","No","No","No","0 days","0 days","Not sure","About the right weight","4 or more times per day","1 to 3 times","Did not eat green salad","3 times per day","4 to 6 glasses","0 days","0 days","4 hours per day","3 hours per day","0 teams","No","4 or less hours","1 to 3 times","Did not drink water","0 times"
"18 years old or older","Male","12th grade","No","Multiple - Non-Hispanic",1.88,113.4,"Did not ride a bicycle","Sometimes","All 30 days","0 times","No","Yes","No","1 or 2 days","0 days","Heterosexual (straight)","Slightly overweight","4 to 6 times","1 time per day","1 to 3 times","4 to 6 times","2 glasses per day","3 days","2 days","2 hours per day","1 hour per day","1 team","Yes","7 hours","Did not drink sports drink","2 times per day","2 times"
"16 years old","Male","10th grade","No","Black or African American",1.73,65.77,"Did not ride a bicycle","Most of the time","All 30 days","0 times","No","No","No","0 days","0 days","Heterosexual (straight)","Slightly underweight","1 to 3 times","4 or more times per day","2 times per day","4 to 6 times","4 or more glasses per day","1 day","7 days","Less than 1 hour per day","Less than 1 hour per day","1 team","No","8 hours","4 to 6 times","4 or more times per day","0 times"
"16 years old","Male","10th grade","No","Multiple - Non-Hispanic",1.73,92.99,"Did not ride a bicycle","Always","I did not drive the past 30 days","0 times","No","No","No","0 days","0 days","Heterosexual (straight)","Slightly overweight","1 to 3 times","3 times per day","1 to 3 times","4 or more times per day","1 to 3 glasses","0 days","3 days","Less than 1 hour per day","1 hour per day","0 teams","Yes","8 hours","2 times per day","4 or more times per day","0 times"
"17 years old","Female","12th grade","Yes","Hispanic/Latino",1.57,47.63,"Did not ride a bicycle","Most of the time","I did not drive the past 30 days","0 times","No","No","Yes","0 days","6 to 9 days","Heterosexual (straight)","About the right weight","Did not drink fruit juice","1 to 3 times","Did not eat green salad","1 to 3 times","Did not drink milk","3 days","2 days","Less than 1 hour per day","1 hour per day","0 teams","No","6 hours","Did not drink sports drink","1 to 3 times","0 times"
"14 years old","Male","9th grade","No","White",1.55,46.27,"Never wore a helmet","Always","I did not drive the past 30 days","1 time","Yes","No","Yes","0 days","0 days","Heterosexual (straight)","About the right weight","1 time per day","1 to 3 times","1 to 3 times","1 to 3 times","1 to 3 glasses","1 day","7 days","1 hour per day","3 hours per day","1 team","No","7 hours","1 to 3 times","3 times per day","0 times"
"17 years old","Male","10th grade","Yes","Hispanic/Latino",1.7,106.6,"Never wore a helmet","Sometimes","1 or 2 days","0 times","No","No","Yes",NA,"1 or 2 days","Heterosexual (straight)","Slightly overweight","4 to 6 times","3 times per day","Did not eat green salad","1 to 3 times","Did not drink milk","0 days","7 days","2 hours per day","No playing video/computer game","1 team","No","7 hours","1 time per day","1 time per day","0 times"
"17 years old","Male","10th grade","No","Black or African American",1.8,66.23,"Never wore a helmet","Always","I did not drive the past 30 days","2 or 3 times","Yes","No","Yes","0 days","20 to 29 days","Heterosexual (straight)","Slightly underweight","4 or more times per day","4 to 6 times",NA,NA,NA,NA,NA,NA,NA,"0 teams",NA,NA,NA,NA,NA
"16 years old","Female","11th grade","Yes","Hispanic/Latino",1.57,74.84,"Most of the time wore a helmet","Always","0 days","0 times","No","No","No","0 days","1 or 2 days",NA,"About the right weight","4 to 6 times","1 to 3 times","1 to 3 times","1 to 3 times","1 to 3 glasses","7 days","5 days","1 hour per day","1 hour per day","0 teams","No","6 hours","1 to 3 times","4 or more times per day","0 times"
"17 years old","Female","11th grade","No","White",1.75,83.92,"Did not ride a bicycle","Always","All 30 days","2 or 3 times","No","Yes","Yes","10 to 19 days","10 to 19 days","Heterosexual (straight)","Slightly overweight","4 or more times per day","3 times per day","1 to 3 times","1 time per day","3 glasses per day","5 days","7 days","Less than 1 hour per day","3 hours per day","3 or more teams","No","5 hours","3 times per day","4 or more times per day","4 times"
"17 years old","Female","12th grade","No","White",1.6,56.7,"Never wore a helmet","Always","0 days","0 times","No","No","Yes","0 days","0 days","Heterosexual (straight)","About the right weight","1 to 3 times","2 times per day","1 to 3 times","1 to 3 times","3 glasses per day","7 days","0 days","1 hour per day","No playing video/computer game","0 teams","No","6 hours","Did not drink sports drink","3 times per day","0 times"
"16 years old","Female","10th grade","No","White",1.68,63.5,"Did not ride a bicycle","Always","20 to 29 days","0 times","Yes","Yes","No","0 days","0 days","Heterosexual (straight)","About the right weight","1 to 3 times","1 to 3 times","4 to 6 times","1 to 3 times","1 to 3 glasses","7 days","5 days","1 hour per day","3 hours per day","2 teams","Yes","5 hours","1 to 3 times","3 times per day","3 times"
"18 years old or older","Female","12th grade","No","White",1.7,113.4,NA,"Always","I did not drive the past 30 days",NA,"No","No","No","0 days","0 days",NA,"Very overweight","4 to 6 times","1 to 3 times","Did not eat green salad","4 or more times per day","4 to 6 glasses","7 days","0 days","4 hours per day","3 hours per day","0 teams","No","8 hours",NA,NA,NA
"18 years old or older","Male","12th grade","No","White",1.88,95.26,"Did not ride a bicycle","Always","I did not drive the past 30 days","0 times","No","No","No","0 days","0 days","Heterosexual (straight)","About the right weight","4 to 6 times","1 to 3 times","Did not eat green salad","Did not drink soda or pop","3 glasses per day","7 days","0 days","No TV on average school day","No playing video/computer game","3 or more teams","No","7 hours","Did not drink sports drink","4 to 6 times","0 times"
"17 years old","Male","11th grade","No","White",1.78,64.86,"Never wore a helmet","Always","I did not drive the past 30 days","0 times","No","No","Yes","0 days","0 days","bisexual","Slightly underweight","1 to 3 times","Did not eat fruit","Did not eat green salad","1 to 3 times","Did not drink milk","5 days","0 days","5 or more hours per day","5 or more hours per day","0 teams","Yes","6 hours","1 to 3 times","1 to 3 times","0 times"
"18 years old or older","Female","12th grade","No","White",NA,NA,"Did not ride a bicycle","Always","1 or 2 days","4 or 5 times","Yes","No","No","1 or 2 days","All 30 days","Heterosexual (straight)","Slightly overweight","1 to 3 times","1 to 3 times","1 to 3 times","1 to 3 times","Did not drink milk","3 days","1 day","No TV on average school day","No playing video/computer game","0 teams","No","5 hours","1 to 3 times","1 time per day","4 times"
"17 years old","Female","10th grade","Yes","Multiple - Hispanic / Latino",1.52,57.15,"Rarely wore a helmet","Always","I did not drive the past 30 days","0 times","Yes","Yes","Yes","0 days","0 days","Heterosexual (straight)","About the right weight","1 to 3 times","4 to 6 times","Did not eat green salad","1 to 3 times","1 to 3 glasses","0 days","0 days","3 hours per day","Less than 1 hour per day","0 teams","Yes","7 hours","Did not drink sports drink","1 to 3 times","3 times"
"16 years old","Male","10th grade","No","White",1.83,104.33,"Never wore a helmet","Most of the time","0 days","0 times","No","No","No","20 to 29 days","1 or 2 days","Heterosexual (straight)","About the right weight","1 to 3 times","1 to 3 times","1 to 3 times","4 to 6 times","4 or more glasses per day","0 days","5 days","3 hours per day","3 hours per day","0 teams","Not sure","8 hours","1 to 3 times","4 or more times per day","2 times"
"15 years old","Female","10th grade","Yes","Multiple - Hispanic / Latino",1.55,65.77,"Did not ride a bicycle","Always","I did not drive the past 30 days","0 times","No","No","No","0 days","0 days","Heterosexual (straight)","Slightly overweight","4 to 6 times","4 to 6 times","1 to 3 times","Did not drink soda or pop","Did not drink milk","0 days","5 days","No TV on average school day","No playing video/computer game","0 teams","No","8 hours","1 to 3 times","3 times per day","1 times"
"16 years old","Female","11th grade","No","White",1.7,70.31,"Never wore a helmet","Most of the time","20 to 29 days","1 time","No","No","No","0 days","0 days","Heterosexual (straight)","Slightly overweight","1 to 3 times","1 to 3 times","1 to 3 times","4 to 6 times","2 glasses per day","0 days","2 days","Less than 1 hour per day","Less than 1 hour per day","0 teams","No","6 hours","4 to 6 times","3 times per day","5 or more times"
"17 years old","Female","11th grade","Yes","Multiple - Hispanic / Latino",1.63,50.35,"Did not ride a bicycle","Always","I did not drive the past 30 days","0 times","No","No","No","0 days","0 days","Heterosexual (straight)","About the right weight","Did not drink fruit juice","Did not eat fruit","Did not eat green salad","2 times per day","1 to 3 glasses","0 days","5 days","1 hour per day","Less than 1 hour per day","2 teams","No","5 hours","1 to 3 times","1 time per day","4 times"
"16 years old","Female","11th grade","No","White",NA,NA,"Never wore a helmet","Always","0 days","0 times","No","No","No","0 days","1 or 2 days","Heterosexual (straight)","About the right weight","1 to 3 times","1 to 3 times","1 to 3 times","1 to 3 times","1 to 3 glasses","7 days","5 days","5 or more hours per day","2 hours per day","2 teams","No","5 hours","Did not drink sports drink","2 times per day","1 times"
"12 years old or younger","Female","Ungraded or other grade","Yes","Multiple - Hispanic / Latino",NA,NA,"Never wore a helmet","Always","1 or 2 days","4 or 5 times","No","No","No","0 days","6 to 9 days","Heterosexual (straight)","Very overweight","1 to 3 times","Did not eat fruit","4 or more times per day","4 or more times per day","Did not drink milk","0 days","0 days","Less than 1 hour per day","5 or more hours per day","0 teams","Yes","4 or less hours","1 to 3 times","4 or more times per day","4 times"
"18 years old or older","Male","12th grade","No","White",1.8,88,"Never wore a helmet","Sometimes","10 to 19 days","0 times","No","No","No",NA,"6 to 9 days","Heterosexual (straight)","About the right weight","4 to 6 times","1 to 3 times","Did not eat green salad","1 to 3 times","1 glass per day","2 days","4 days","Less than 1 hour per day","Less than 1 hour per day","0 teams","No","7 hours","1 time per day","3 times per day","1 times"
"16 years old","Female","11th grade","Yes","Multiple - Hispanic / Latino",1.7,69.4,"Did not ride a bicycle","Most of the time","1 or 2 days","0 times","Yes","No","Yes","0 days","0 days","Heterosexual (straight)","About the right weight","1 to 3 times","2 times per day","1 to 3 times","1 to 3 times","Did not drink milk","3 days","4 days","3 hours per day","Less than 1 hour per day","0 teams","No","7 hours","1 to 3 times","1 to 3 times","0 times"
"15 years old","Female","10th grade","Yes","Hispanic/Latino",1.68,60.78,"Never wore a helmet","Most of the time","I did not drive the past 30 days","0 times","No","No","Yes","0 days","0 days","bisexual",NA,"Did not drink fruit juice","1 to 3 times","4 to 6 times",NA,NA,NA,NA,NA,NA,NA,NA,NA,NA,NA,NA
"14 years old","Male","9th grade","Yes","Hispanic/Latino",1.65,64.41,"Never wore a helmet","Always","0 days",NA,"No","No","No","0 days","0 days","Heterosexual (straight)","About the right weight","4 to 6 times","4 to 6 times","Did not eat green salad","4 or more times per day","1 glass per day","1 day","3 days","No TV on average school day","1 hour per day","0 teams","Yes","6 hours","1 time per day","4 or more times per day","2 times"
"15 years old","Male","9th grade","No","White",1.88,86.18,NA,NA,"0 days",NA,"No","No","No","0 days","0 days","Heterosexual (straight)","About the right weight","Did not drink fruit juice","Did not eat fruit","1 to 3 times","1 to 3 times",NA,NA,"4 days","1 hour per day","2 hours per day",NA,"No","7 hours",NA,NA,NA
"18 years old or older","Male","12th grade","No","White",1.8,121.11,NA,"Always","I did not drive the past 30 days","0 times","Yes","Yes","Yes","0 days","0 days","Heterosexual (straight)","About the right weight","4 to 6 times","4 to 6 times","Did not eat green salad","3 times per day","Did not drink milk","0 days","4 days","No TV on average school day","5 or more hours per day","0 teams","Yes","6 hours","Did not drink sports drink","3 times per day","2 times"
"18 years old or older","Male","12th grade","No","White",1.85,86.18,"Rarely wore a helmet","Always","10 to 19 days","0 times","No","No","No","0 days","1 or 2 days","Heterosexual (straight)","About the right weight","1 to 3 times","4 to 6 times","Did not eat green salad","1 to 3 times","2 glasses per day","6 days","5 days","1 hour per day","3 hours per day","3 or more teams","No","8 hours","Did not drink sports drink","4 or more times per day","5 or more times"
"17 years old","Female","12th grade","No","White",1.65,51.71,"Always wore a helmet","Always","I did not drive the past 30 days","0 times","No","No","No","0 days","0 days",NA,"About the right weight","1 time per day","2 times per day","1 time per day","Did not drink soda or pop","1 glass per day","7 days","3 days","Less than 1 hour per day","No playing video/computer game","1 team","No","8 hours","1 time per day","4 or more times per day","1 times"
"17 years old","Female","12th grade","No","White",1.65,74.84,"Did not ride a bicycle","Always","10 to 19 days","0 times","Yes","Yes","Yes","6 to 9 days","1 or 2 days",NA,NA,NA,NA,NA,NA,NA,NA,NA,NA,NA,NA,NA,NA,NA,NA,NA
"17 years old","Female","12th grade","Yes","Multiple - Hispanic / Latino",1.65,61.24,"Never wore a helmet","Always","I did not drive the past 30 days","0 times","No","No","Yes","0 days","0 days","Heterosexual (straight)","About the right weight","1 to 3 times","4 or more times per day","1 to 3 times","Did not drink soda or pop","2 glasses per day","7 days","7 days","Less than 1 hour per day","Less than 1 hour per day","1 team","No","7 hours",NA,NA,NA
"15 years old","Male","9th grade","No","Black or African American",NA,NA,"Never wore a helmet","Always",NA,"0 times","No","No","No","0 days","0 days","Not sure","About the right weight","3 times per day","3 times per day","1 to 3 times","Did not drink soda or pop","1 to 3 glasses","0 days","0 days","1 hour per day","No playing video/computer game","0 teams","No","8 hours","Did not drink sports drink","1 to 3 times","0 times"
"17 years old","Male","11th grade","No","White",1.73,68.04,"Never wore a helmet","Most of the time","1 or 2 days","0 times","No","No","No",NA,"0 days","Heterosexual (straight)","About the right weight","1 to 3 times","4 to 6 times","1 to 3 times","4 to 6 times","4 to 6 glasses","6 days","6 days","3 hours per day","No playing video/computer game","2 teams","No","8 hours","4 to 6 times","4 to 6 times","3 times"
"17 years old","Male","11th grade","No","White",1.7,68.04,"Never wore a helmet","Always","0 days","0 times","No","No","Yes","0 days","0 days","Heterosexual (straight)","About the right weight","4 to 6 times","4 to 6 times","1 to 3 times","4 to 6 times","1 glass per day","2 days","2 days","1 hour per day","1 hour per day","0 teams","No","6 hours","Did not drink sports drink","1 time per day","0 times"
"16 years old","Male","11th grade","No","Black or African American",1.68,87.09,"Never wore a helmet","Most of the time",NA,NA,"No","Yes","Yes","0 days","0 days",NA,NA,NA,NA,NA,NA,NA,NA,NA,NA,NA,NA,NA,NA,NA,NA,NA
"15 years old","Male","9th grade","No",NA,1.83,64.86,"Did not ride a bicycle",NA,NA,"0 times","No","No","No","0 days","0 days","Heterosexual (straight)","About the right weight","1 to 3 times","3 times per day","Did not eat green salad","Did not drink soda or pop","1 to 3 glasses","7 days","7 days","Less than 1 hour per day","5 or more hours per day","0 teams","No","4 or less hours","Did not drink sports drink","4 or more times per day","0 times"
"16 years old","Male","9th grade","No","White",1.73,50.8,"Never wore a helmet","Always","0 days","1 time","No","No","No","0 days","0 days","Heterosexual (straight)","Slightly underweight","1 to 3 times","1 to 3 times","Did not eat green salad","1 to 3 times","1 to 3 glasses","7 days","5 days","3 hours per day","2 hours per day","1 team","Yes","8 hours","1 to 3 times","4 to 6 times","1 times"
"15 years old","Female","9th grade","Yes","Hispanic/Latino",1.55,51.71,"Never wore a helmet","Sometimes","6 to 9 days","12 or more times","Yes","No","Yes","3 to 5 days","All 30 days","Heterosexual (straight)","About the right weight","1 to 3 times","4 or more times per day","4 or more times per day","1 to 3 times","3 glasses per day","0 days","6 days","Less than 1 hour per day","5 or more hours per day","3 or more teams","No","4 or less hours","4 to 6 times","4 or more times per day","3 times"
"18 years old or older","Male","12th grade","No","White",1.8,70.76,"Most of the time wore a helmet","Always","0 days","10 or 11 times","No","Yes","No","1 or 2 days","All 30 days","Heterosexual (straight)","About the right weight","3 times per day","4 to 6 times","1 to 3 times","1 to 3 times","3 glasses per day","7 days","7 days","Less than 1 hour per day","No playing video/computer game","0 teams","No","7 hours","4 to 6 times","4 or more times per day","2 times"
"16 years old","Female","10th grade","No","Black or African American",1.55,104.33,NA,"Most of the time","I did not drive the past 30 days",NA,"No","No","Yes","0 days","0 days","bisexual","About the right weight","1 to 3 times","1 to 3 times","1 to 3 times","4 or more times per day",NA,"0 days","3 days","No TV on average school day","4 hours per day",NA,NA,NA,NA,NA,NA
"15 years old","Male","10th grade","No","White",NA,NA,NA,"Always","I did not drive the past 30 days","0 times","Yes","Yes","No","0 days","1 or 2 days","Heterosexual (straight)","Slightly underweight","1 to 3 times","1 to 3 times","Did not eat green salad","4 to 6 times","Did not drink milk","5 days","2 days","3 hours per day","3 hours per day","1 team","No","7 hours","Did not drink sports drink","2 times per day","3 times"
"15 years old","Male","9th grade","Yes","Multiple - Hispanic / Latino",1.78,58.51,"Sometimes wore a helmet","Always","I did not drive the past 30 days","1 time","No","No","No","0 days","0 days","Heterosexual (straight)","About the right weight","1 to 3 times","1 to 3 times","4 to 6 times","Did not drink soda or pop","4 to 6 glasses","7 days","6 days","Less than 1 hour per day","3 hours per day","3 or more teams","Yes","7 hours",NA,NA,NA
"17 years old","Male","11th grade","No","Black or African American",1.85,117.94,"Never wore a helmet","Most of the time","6 to 9 days","0 times","No","No","No","0 days","6 to 9 days","Heterosexual (straight)","Slightly overweight","4 to 6 times","2 times per day","Did not eat green salad","Did not drink soda or pop","Did not drink milk","2 days","4 days","4 hours per day","5 or more hours per day","0 teams",NA,"4 or less hours",NA,NA,NA
"18 years old or older","Male","12th grade","No","White",1.73,82.1,NA,"Always","0 days",NA,"No","No","No","0 days","0 days","Heterosexual (straight)","About the right weight","2 times per day","1 to 3 times","1 to 3 times","1 to 3 times",NA,"5 days","5 days","No TV on average school day","2 hours per day",NA,NA,NA,NA,NA,NA
"17 years old","Male","12th grade","No","White",1.8,92.99,"Never wore a helmet","Always","All 30 days","0 times","No","No","No","0 days","All 30 days","Heterosexual (straight)","About the right weight","2 times per day","4 to 6 times","4 to 6 times","Did not drink soda or pop","1 to 3 glasses","7 days","7 days","Less than 1 hour per day","No playing video/computer game","2 teams","No","6 hours","1 to 3 times","3 times per day","2 times"
"17 years old","Female","11th grade","No","Black or African American",1.6,61.24,"Never wore a helmet","Most of the time","I did not drive the past 30 days","0 times","No","No","No","0 days","0 days","Heterosexual (straight)","About the right weight","1 to 3 times","1 to 3 times","1 time per day","4 to 6 times","1 to 3 glasses","3 days","4 days","2 hours per day","Less than 1 hour per day","0 teams","No","6 hours","4 to 6 times","4 or more times per day","0 times"
"15 years old","Female","10th grade","No","Black or African American",1.63,72.58,NA,"Always","I did not drive the past 30 days",NA,"No","No","No","0 days","0 days","Heterosexual (straight)","Slightly overweight","1 to 3 times","Did not eat fruit","1 to 3 times","Did not drink soda or pop",NA,"0 days","0 days","2 hours per day","5 or more hours per day",NA,NA,NA,NA,NA,NA
"18 years old or older","Female","12th grade","No","Black or African American",NA,NA,"Did not ride a bicycle","Most of the time","I did not drive the past 30 days","0 times","No","No","No","0 days","1 or 2 days","Not sure","Slightly overweight","1 to 3 times","1 to 3 times","Did not eat green salad","1 to 3 times","1 glass per day","0 days","4 days","3 hours per day","4 hours per day","0 teams","No","5 hours","3 times per day","3 times per day","0 times"
"16 years old","Female","9th grade","Yes","Hispanic/Latino",1.63,65.77,"Never wore a helmet","Always","0 days","1 time","Yes","No","Yes","0 days","0 days",NA,"About the right weight","4 to 6 times","4 or more times per day","1 to 3 times","1 to 3 times","1 to 3 glasses","1 day","0 days","No TV on average school day","No playing video/computer game",NA,NA,NA,"1 to 3 times","4 to 6 times",NA
"17 years old","Male","12th grade","No","White",1.65,50.8,"Did not ride a bicycle","Always","I did not drive the past 30 days","0 times","No","No","Yes","0 days","0 days","Heterosexual (straight)","Slightly underweight","1 to 3 times","1 to 3 times","Did not eat green salad","1 to 3 times","4 to 6 glasses","3 days","2 days","No TV on average school day","5 or more hours per day","0 teams","Yes","6 hours","Did not drink sports drink","4 to 6 times","0 times"
"15 years old","Male","9th grade","No","Multiple - Non-Hispanic",1.7,49.9,"Never wore a helmet","Rarely","0 days","4 or 5 times","No","No","No","0 days","0 days","Heterosexual (straight)","About the right weight","4 or more times per day","1 to 3 times","Did not eat green salad","3 times per day","3 glasses per day","7 days","7 days","No TV on average school day","5 or more hours per day","0 teams","No","8 hours","4 to 6 times","1 to 3 times","5 or more times"
"15 years old","Female","10th grade","No","Black or African American",1.63,41.73,"Did not ride a bicycle","Always","I did not drive the past 30 days","0 times","No","No","No","0 days","0 days","Heterosexual (straight)","Slightly underweight","Did not drink fruit juice","4 to 6 times","Did not eat green salad","Did not drink soda or pop","1 to 3 glasses","7 days","2 days","No TV on average school day","2 hours per day","1 team",NA,"5 hours",NA,NA,NA
"16 years old","Female","11th grade","No","Am Indian / Alaska Native",1.7,56.7,NA,"Always","0 days","0 times","No","No","No","0 days",NA,"bisexual","About the right weight","3 times per day","3 times per day","4 to 6 times","Did not drink soda or pop","2 glasses per day","7 days","7 days",NA,NA,NA,NA,"5 hours",NA,NA,NA
"16 years old","Male","11th grade","No","White",1.78,70.31,NA,NA,"I did not drive the past 30 days",NA,"No","No","No","0 days","0 days","Heterosexual (straight)","About the right weight","1 to 3 times","1 to 3 times","Did not eat green salad","3 times per day",NA,NA,"2 days","5 or more hours per day","5 or more hours per day",NA,"Not sure","8 hours",NA,NA,NA
"16 years old","Male","10th grade","No","White",1.7,115.67,NA,NA,"0 days",NA,"No","No","No","0 days","0 days","Heterosexual (straight)","Very overweight","1 to 3 times","1 time per day","Did not eat green salad","3 times per day",NA,NA,"7 days","3 hours per day","2 hours per day",NA,"No","8 hours",NA,NA,NA
"17 years old","Male","12th grade","No","White",1.78,81.65,"Never wore a helmet","Rarely","3 to 5 days","2 or 3 times","No","No","No","0 days","1 or 2 days","Heterosexual (straight)","Slightly overweight","Did not drink fruit juice","Did not eat fruit","1 to 3 times","Did not drink soda or pop","4 to 6 glasses","2 days","3 days","Less than 1 hour per day","4 hours per day","0 teams","Yes","7 hours",NA,NA,NA
"14 years old","Female","9th grade","Yes","Multiple - Hispanic / Latino",1.65,56.25,"Did not ride a bicycle","Always","0 days","0 times","No","No","No","0 days","0 days","Heterosexual (straight)","About the right weight","1 time per day","4 or more times per day","1 time per day","1 time per day","1 glass per day","3 days","4 days","No TV on average school day","No playing video/computer game","2 teams","No","6 hours",NA,NA,NA
"15 years old","Female","9th grade","No","White",1.57,47.17,"Did not ride a bicycle","Most of the time","I did not drive the past 30 days","0 times","No","No","No","0 days","1 or 2 days","Heterosexual (straight)","About the right weight","1 to 3 times","Did not eat fruit","1 to 3 times","Did not drink soda or pop","Did not drink milk","7 days","5 days","No TV on average school day","3 hours per day","3 or more teams","No","7 hours","1 to 3 times","2 times per day","0 times"
"17 years old","Female","11th grade","No","White",1.6,52.16,"Always wore a helmet","Always","0 days","0 times","No","No","No","0 days","0 days","Heterosexual (straight)","About the right weight","1 to 3 times","4 to 6 times","1 to 3 times","Did not drink soda or pop","1 glass per day","3 days","6 days","2 hours per day","1 hour per day","3 or more teams","No","6 hours","1 time per day","2 times per day","5 or more times"
"17 years old","Male","12th grade","Yes","Hispanic/Latino",1.75,96.62,"Never wore a helmet","Always","All 30 days","6 or 7 times","No","No","No","0 days","20 to 29 days","Heterosexual (straight)","About the right weight","Did not drink fruit juice","2 times per day","Did not eat green salad","Did not drink soda or pop","1 to 3 glasses","3 days","7 days","3 hours per day","1 hour per day","1 team","No","9 hours","1 time per day","4 or more times per day","0 times"
"14 years old","Female","9th grade","No","Multiple - Non-Hispanic",1.55,44.91,"Did not ride a bicycle","Always","I did not drive the past 30 days","0 times","Yes","Yes","Yes","0 days","0 days","Heterosexual (straight)","Slightly underweight","4 to 6 times","2 times per day","Did not eat green salad","3 times per day","Did not drink milk","4 days","0 days","5 or more hours per day","5 or more hours per day","1 team","No","8 hours","Did not drink sports drink","1 time per day","0 times"
"17 years old","Male","11th grade","Yes","Multiple - Hispanic / Latino",1.73,53.52,"Never wore a helmet","Always","0 days","1 time","No","No","No","0 days","0 days","Heterosexual (straight)","Slightly underweight","1 to 3 times","1 to 3 times","Did not eat green salad",NA,"4 to 6 glasses","6 days","3 days","2 hours per day","4 hours per day","0 teams","No","6 hours","1 to 3 times","4 or more times per day",NA
"16 years old","Female","11th grade","No","White",1.57,54.43,"Sometimes wore a helmet","Always","20 to 29 days","0 times","No","No","No","0 days","3 to 5 days","Heterosexual (straight)","Slightly overweight","2 times per day","2 times per day","4 to 6 times","Did not drink soda or pop","4 to 6 glasses","3 days","3 days","Less than 1 hour per day","3 hours per day","0 teams","No","5 hours","Did not drink sports drink","3 times per day","5 or more times"
"15 years old","Female","10th grade","No","White",1.55,56.7,NA,"Most of the time","0 days",NA,"No","No","No","0 days","0 days","Heterosexual (straight)","About the right weight","1 to 3 times","4 to 6 times","4 to 6 times","1 to 3 times",NA,"2 days","3 days","1 hour per day","Less than 1 hour per day",NA,NA,NA,NA,NA,NA
"15 years old","Male","9th grade","No","Multiple - Non-Hispanic",1.65,63.5,"Never wore a helmet","Most of the time","0 days","0 times","No","No","No","0 days","3 to 5 days","Heterosexual (straight)","About the right weight","2 times per day","1 time per day","1 to 3 times","Did not drink soda or pop","1 to 3 glasses","7 days","7 days","Less than 1 hour per day","1 hour per day","3 or more teams","No","8 hours","1 to 3 times","4 or more times per day","0 times"
"14 years old","Female","9th grade","No","Black or African American",1.73,54.43,"Never wore a helmet","Always","I did not drive the past 30 days","1 time","Yes","No","Yes","1 or 2 days","0 days","bisexual","About the right weight","1 to 3 times","3 times per day","1 to 3 times","4 or more times per day","3 glasses per day","7 days","0 days","5 or more hours per day","No playing video/computer game","0 teams","Yes","9 hours","2 times per day","3 times per day","0 times"
"16 years old","Female","10th grade","No","White",1.57,57.61,"Did not ride a bicycle","Most of the time","I did not drive the past 30 days","0 times","Yes","Yes","No","3 to 5 days","0 days","Not sure","About the right weight","Did not drink fruit juice","1 to 3 times","1 to 3 times","1 to 3 times","1 glass per day","2 days","7 days","No TV on average school day","No playing video/computer game","3 or more teams","No","4 or less hours","1 to 3 times","1 time per day","4 times"
"15 years old","Male","9th grade","No","White",1.68,58.97,NA,"Always","0 days",NA,"No","No","No","0 days","0 days","Heterosexual (straight)","About the right weight","1 to 3 times","1 to 3 times","Did not eat green salad","1 to 3 times",NA,"7 days","7 days","1 hour per day","Less than 1 hour per day",NA,NA,NA,NA,NA,NA
"16 years old","Female","10th grade","No","Black or African American",1.63,71.67,"Did not ride a bicycle","Most of the time","I did not drive the past 30 days","2 or 3 times","No","No","Yes","0 days","0 days","Heterosexual (straight)","Very overweight","4 to 6 times","1 to 3 times","1 to 3 times","1 to 3 times","4 to 6 glasses","0 days","0 days","Less than 1 hour per day","5 or more hours per day","0 teams","Not sure","5 hours","Did not drink sports drink","2 times per day","0 times"
"14 years old","Female","9th grade","No","Black or African American",1.63,44.45,"Never wore a helmet","Most of the time","0 days","1 time","No","Yes","Yes","0 days","1 or 2 days","bisexual","Very underweight","1 to 3 times","1 to 3 times","Did not eat green salad","1 to 3 times","1 glass per day","7 days","3 days","No TV on average school day","4 hours per day","1 team","No","6 hours","2 times per day","4 to 6 times","0 times"
"16 years old","Female","10th grade","No","White",1.55,87.54,NA,"Always","0 days","0 times","Yes","Yes","Yes","0 days","0 days","bisexual","About the right weight","Did not drink fruit juice","1 to 3 times","Did not eat green salad","4 to 6 times","1 to 3 glasses","3 days","5 days","4 hours per day","No playing video/computer game","0 teams","No","5 hours","1 to 3 times","4 to 6 times","1 times"
"16 years old","Female","11th grade","No","White",1.63,56.7,NA,NA,"0 days",NA,"No","No","No","0 days","0 days","Heterosexual (straight)","About the right weight","4 to 6 times","2 times per day","Did not eat green salad","1 to 3 times",NA,NA,"3 days","2 hours per day","3 hours per day",NA,"No","8 hours",NA,NA,NA
"15 years old","Female","9th grade","No","White",1.57,56.25,"Rarely wore a helmet","Always","0 days","0 times","No","No","No","0 days","0 days","Heterosexual (straight)","About the right weight","1 time per day","1 time per day","1 to 3 times","1 to 3 times","1 glass per day","0 days","3 days","Less than 1 hour per day","3 hours per day","0 teams","No","8 hours","Did not drink sports drink","1 time per day","3 times"
"16 years old","Female","10th grade","No","White",1.63,52.16,"Never wore a helmet","Most of the time","0 days","2 or 3 times","No","Yes","Yes","6 to 9 days","10 to 19 days","Heterosexual (straight)","Slightly underweight","1 to 3 times","1 time per day","Did not eat green salad","1 time per day","1 glass per day","5 days","6 days",NA,NA,NA,NA,NA,"1 to 3 times","4 or more times per day",NA
"16 years old","Male","9th grade","Yes","Hispanic/Latino",1.85,108.86,"Never wore a helmet","Sometimes","0 days","1 time","No","No","No","1 or 2 days","All 30 days","Heterosexual (straight)","Slightly overweight","4 to 6 times","4 to 6 times","1 time per day","1 time per day","Did not drink milk","4 days","7 days","No TV on average school day","1 hour per day","0 teams","Yes","6 hours","2 times per day","4 or more times per day","0 times"
"18 years old or older","Male","12th grade","No","White",1.83,75.3,"Did not ride a bicycle","Sometimes","All 30 days","8 or 9 times","Yes","Yes","Yes","0 days","0 days","Heterosexual (straight)","About the right weight","1 to 3 times","1 to 3 times","1 to 3 times","Did not drink soda or pop","4 to 6 glasses","7 days","7 days","Less than 1 hour per day","1 hour per day","1 team","No","5 hours","4 to 6 times","4 to 6 times","4 times"
"14 years old","Male","9th grade","Yes","Hispanic/Latino",1.7,61.24,"Did not ride a bicycle","Most of the time","1 or 2 days","1 time","No","No","Yes","0 days","0 days","Heterosexual (straight)","About the right weight","Did not drink fruit juice","1 to 3 times","Did not eat green salad","1 to 3 times","1 to 3 glasses","3 days","5 days","2 hours per day","5 or more hours per day","1 team","No","7 hours",NA,NA,NA
"17 years old","Female","12th grade","No","Multiple - Non-Hispanic",1.6,72.58,"Did not ride a bicycle","Always","I did not drive the past 30 days","0 times","No","No","Yes","0 days","0 days","Heterosexual (straight)","About the right weight","Did not drink fruit juice","1 to 3 times","Did not eat green salad","1 to 3 times","4 to 6 glasses","4 days","2 days","3 hours per day","No playing video/computer game","0 teams","No","6 hours","Did not drink sports drink","4 to 6 times","4 times"
"18 years old or older","Male","12th grade","No","White",1.9,74.84,"Never wore a helmet","Always","0 days","0 times","No","No","No","0 days","1 or 2 days",NA,"About the right weight","1 to 3 times","4 to 6 times","1 to 3 times","4 to 6 times","1 glass per day","2 days","7 days","4 hours per day","4 hours per day","0 teams","No","6 hours","1 to 3 times","4 or more times per day","3 times"
"17 years old","Male","12th grade","No","White",1.75,63.5,"Never wore a helmet","Always","0 days","0 times","No","No","No","0 days","0 days","Heterosexual (straight)","About the right weight","Did not drink fruit juice","Did not eat fruit","Did not eat green salad","2 times per day","Did not drink milk","3 days","1 day","4 hours per day","4 hours per day","0 teams","No","7 hours","Did not drink sports drink","2 times per day","0 times"
"17 years old","Female","12th grade","No",NA,1.68,74.84,"Sometimes wore a helmet","Always","I did not drive the past 30 days","1 time","Yes","No","No","0 days","0 days",NA,NA,"Did not drink fruit juice","Did not eat fruit","Did not eat green salad","Did not drink soda or pop","1 glass per day","5 days","5 days","3 hours per day","No playing video/computer game","0 teams","No","8 hours","3 times per day","4 or more times per day","0 times"
"15 years old","Male","9th grade","No","White",1.73,65.77,"Never wore a helmet","Most of the time","I did not drive the past 30 days","0 times","No","No","No","0 days","1 or 2 days","Heterosexual (straight)","About the right weight","Did not drink fruit juice","1 to 3 times","Did not eat green salad","4 to 6 times","1 to 3 glasses","0 days","1 day","Less than 1 hour per day","5 or more hours per day","0 teams",NA,NA,"Did not drink sports drink","4 to 6 times",NA
"16 years old","Male","11th grade","Yes","Hispanic/Latino",1.63,71.22,"Never wore a helmet","Most of the time","0 days","0 times",NA,"No","Yes","0 days","1 or 2 days","Heterosexual (straight)","About the right weight","1 to 3 times","1 to 3 times","Did not eat green salad","1 to 3 times","Did not drink milk","7 days","7 days","3 hours per day","No playing video/computer game","3 or more teams",NA,"5 hours",NA,NA,NA
"17 years old","Female","12th grade","Yes","Multiple - Hispanic / Latino",1.65,45.36,"Never wore a helmet","Always","3 to 5 days","0 times",NA,NA,NA,NA,NA,"Heterosexual (straight)","About the right weight","1 to 3 times","1 to 3 times","1 to 3 times","4 or more times per day","1 to 3 glasses","1 day","0 days","2 hours per day","1 hour per day","0 teams","Not sure","4 or less hours","Did not drink sports drink","Did not drink water","2 times"
"15 years old","Male","10th grade","No","Black or African American",1.78,74.84,NA,"Sometimes","0 days",NA,"No","No","No","0 days","0 days","Heterosexual (straight)","Very underweight","Did not drink fruit juice","Did not eat fruit","1 to 3 times","Did not drink soda or pop",NA,"0 days","0 days","Less than 1 hour per day",NA,NA,NA,NA,NA,NA,NA
"16 years old","Male","11th grade","No","White",1.7,111.13,"Did not ride a bicycle","Always","1 or 2 days","0 times","No","No","No","0 days","0 days","Heterosexual (straight)","Very overweight","Did not drink fruit juice","Did not eat fruit","Did not eat green salad","4 to 6 times","3 glasses per day","0 days","6 days","4 hours per day","4 hours per day","2 teams","No","7 hours","1 to 3 times","2 times per day","0 times"
"15 years old","Female","10th grade","Yes","Hispanic/Latino",1.52,47.63,"Did not ride a bicycle","Sometimes","I did not drive the past 30 days","0 times","No","No","Yes","0 days","0 days","Heterosexual (straight)","About the right weight","1 to 3 times","4 to 6 times","1 to 3 times","4 to 6 times","2 glasses per day","1 day","3 days","Less than 1 hour per day","4 hours per day","1 team","No","4 or less hours","1 to 3 times","1 to 3 times","0 times"
"17 years old","Male","11th grade","Yes","Hispanic/Latino",1.83,77.11,"Never wore a helmet","Sometimes","1 or 2 days","2 or 3 times","No","No","No","0 days","6 to 9 days","Heterosexual (straight)","About the right weight","1 time per day","4 to 6 times","4 to 6 times","4 to 6 times","1 to 3 glasses","2 days","7 days","2 hours per day","Less than 1 hour per day","1 team","No","8 hours","1 time per day","2 times per day","0 times"
"16 years old","Female","11th grade","No","White",1.73,85.28,"Rarely wore a helmet","Always","I did not drive the past 30 days","0 times","No","No","No","0 days","0 days","bisexual","Slightly overweight","Did not drink fruit juice","3 times per day","1 to 3 times","Did not drink soda or pop","3 glasses per day","7 days","7 days","1 hour per day","4 hours per day","0 teams","No","4 or less hours","Did not drink sports drink","3 times per day","4 times"
"18 years old or older","Female","12th grade","No","White",1.55,58.97,"Never wore a helmet","Always","6 to 9 days","0 times","No","No","No","0 days","All 30 days","Heterosexual (straight)","Slightly overweight","1 to 3 times","1 to 3 times","1 to 3 times","1 to 3 times","1 to 3 glasses","3 days","0 days","Less than 1 hour per day","3 hours per day","0 teams","No","7 hours","Did not drink sports drink","1 time per day","0 times"
"16 years old","Male","11th grade","Yes","Multiple - Hispanic / Latino",1.8,92.99,"Did not ride a bicycle","Always","0 days","0 times","No","No","No","0 days","0 days","Heterosexual (straight)","About the right weight","3 times per day","1 time per day","1 time per day","Did not drink soda or pop","1 to 3 glasses","7 days","7 days","Less than 1 hour per day","Less than 1 hour per day","2 teams","No","8 hours","4 to 6 times","4 or more times per day","0 times"
"14 years old","Female","9th grade","No","Am Indian / Alaska Native",1.57,55.79,"Did not ride a bicycle","Always","I did not drive the past 30 days","0 times","No","Yes","Yes","0 days","6 to 9 days","Heterosexual (straight)","About the right weight","2 times per day","4 to 6 times","Did not eat green salad","2 times per day","2 glasses per day","7 days","5 days","Less than 1 hour per day","No playing video/computer game","1 team","No","8 hours","Did not drink sports drink","1 time per day","3 times"
"18 years old or older","Female","12th grade","No","White",1.6,56.25,"Rarely wore a helmet","Sometimes","All 30 days","0 times","Yes","No","No","All 30 days","1 or 2 days","Heterosexual (straight)","About the right weight","1 to 3 times","1 to 3 times","Did not eat green salad","1 time per day","1 to 3 glasses","5 days","4 days","Less than 1 hour per day","2 hours per day","0 teams","Yes","6 hours","1 to 3 times","1 to 3 times","2 times"
"16 years old","Male","11th grade","Yes","Hispanic/Latino",1.68,65.77,"Never wore a helmet","Always","0 days","0 times","Yes","No","No","0 days","0 days","Heterosexual (straight)","About the right weight","1 to 3 times","1 to 3 times","1 to 3 times","Did not drink soda or pop","1 to 3 glasses","3 days","2 days","Less than 1 hour per day","3 hours per day","0 teams","No","7 hours","1 to 3 times","2 times per day","1 times"
"17 years old","Female","12th grade","Yes","Multiple - Hispanic / Latino",1.65,78.47,"Did not ride a bicycle","Rarely","0 days","0 times","No","No","Yes","0 days","0 days","Heterosexual (straight)","Slightly overweight","4 to 6 times","4 or more times per day","Did not eat green salad","4 to 6 times","3 glasses per day","7 days","7 days","1 hour per day","Less than 1 hour per day","0 teams","No","8 hours","1 time per day","4 or more times per day","1 times"
"15 years old","Female","10th grade","No","White",1.7,54.43,NA,NA,"I did not drive the past 30 days",NA,"Yes","Yes","No",NA,"0 days","Heterosexual (straight)","About the right weight","1 to 3 times","4 to 6 times","1 to 3 times","Did not drink soda or pop",NA,NA,"1 day","Less than 1 hour per day","3 hours per day",NA,"No","9 hours",NA,NA,NA
"15 years old","Male","10th grade","Yes","Hispanic/Latino",1.7,51.71,"Never wore a helmet","Always","I did not drive the past 30 days","0 times","No","No","No","0 days","0 days","Heterosexual (straight)","Slightly underweight","4 to 6 times","4 to 6 times","Did not eat green salad","1 to 3 times","4 or more glasses per day","7 days","7 days","2 hours per day","5 or more hours per day","3 or more teams","Not sure","10 or more hours","1 to 3 times","4 to 6 times","2 times"
"16 years old","Male","10th grade","No","White",1.68,54.43,"Did not ride a bicycle","Always","I did not drive the past 30 days","0 times","No","No","No","0 days","0 days",NA,NA,NA,NA,NA,NA,NA,NA,NA,NA,NA,NA,NA,NA,NA,NA,NA
"18 years old or older","Female","12th grade","Yes","Multiple - Hispanic / Latino",1.52,73.94,"Never wore a helmet","Always","I did not drive the past 30 days","0 times","No","No","No","All 30 days","1 or 2 days","Gay or lesbian","Slightly overweight","1 to 3 times","Did not eat fruit","Did not eat green salad","1 to 3 times","Did not drink milk","6 days","5 days","2 hours per day","Less than 1 hour per day","1 team","Yes","6 hours","1 to 3 times","4 to 6 times","0 times"
"17 years old","Male","12th grade","Yes","Hispanic/Latino",1.83,63.5,"Did not ride a bicycle","Sometimes","I did not drive the past 30 days","0 times","No","No","No","0 days","1 or 2 days","Heterosexual (straight)","About the right weight","Did not drink fruit juice","4 or more times per day","Did not eat green salad","Did not drink soda or pop","4 to 6 glasses","7 days","3 days","1 hour per day","5 or more hours per day","1 team","No","6 hours","1 to 3 times","4 to 6 times","1 times"
"15 years old","Female","10th grade","Yes","Multiple - Hispanic / Latino",1.73,65.77,"Did not ride a bicycle","Always","I did not drive the past 30 days","0 times","Yes","Yes","Yes","0 days","0 days","bisexual","Slightly overweight","1 to 3 times","1 to 3 times","1 to 3 times","1 time per day","4 to 6 glasses","2 days","5 days","No TV on average school day","4 hours per day","0 teams","No","5 hours","Did not drink sports drink","4 to 6 times","3 times"
"16 years old","Female","10th grade","No","White",1.75,72.12,"Never wore a helmet","Most of the time","0 days","0 times","Yes","No","Yes","0 days","0 days","Heterosexual (straight)","Slightly overweight","1 to 3 times","2 times per day","1 to 3 times","Did not drink soda or pop","3 glasses per day","0 days","7 days","4 hours per day","3 hours per day","2 teams","No","9 hours","Did not drink sports drink","3 times per day","4 times"
"16 years old","Male","11th grade","No","White",1.9,81.65,NA,NA,"10 to 19 days",NA,"No","No","Yes","0 days","6 to 9 days","Heterosexual (straight)","Slightly overweight","1 to 3 times","1 to 3 times","Did not eat green salad","2 times per day",NA,NA,"0 days","No TV on average school day","No playing video/computer game",NA,"Yes","8 hours",NA,NA,NA
"16 years old","Female","11th grade","Yes","Hispanic/Latino",1.63,55.34,"Never wore a helmet","Always","0 days","0 times","No","No","No","0 days","0 days","Heterosexual (straight)","About the right weight","4 to 6 times","4 to 6 times","Did not eat green salad","1 to 3 times","1 to 3 glasses","4 days","4 days","Less than 1 hour per day","3 hours per day","1 team","No","5 hours","Did not drink sports drink","2 times per day","0 times"
"18 years old or older","Female","12th grade","No","Asian",1.55,62.14,"Did not ride a bicycle","Always","0 days","0 times","No","Yes","No","0 days","1 or 2 days","Heterosexual (straight)","About the right weight","1 time per day","1 time per day","2 times per day","Did not drink soda or pop","Did not drink milk","7 days","4 days","No TV on average school day","No playing video/computer game","2 teams","No","7 hours","Did not drink sports drink","3 times per day","3 times"
"18 years old or older","Female","12th grade","Yes","Multiple - Hispanic / Latino",1.63,74.84,"Did not ride a bicycle","Most of the time","All 30 days","2 or 3 times","No","No","Yes","0 days","0 days","bisexual","Slightly overweight","Did not drink fruit juice","1 to 3 times","Did not eat green salad","4 or more times per day","1 to 3 glasses","2 days","7 days","No TV on average school day","No playing video/computer game","0 teams","Yes","5 hours","4 or more times per day","4 to 6 times","0 times"
"16 years old","Male","10th grade","Yes","Hispanic/Latino",1.7,68.04,"Did not ride a bicycle","Most of the time","I did not drive the past 30 days","0 times","No","Yes","No","0 days","0 days","Heterosexual (straight)","About the right weight","1 time per day","4 to 6 times","Did not eat green salad","1 to 3 times","1 glass per day","3 days","0 days","Less than 1 hour per day","4 hours per day","0 teams","Yes","7 hours",NA,NA,NA
"15 years old","Female","10th grade","No","White",1.68,51.26,"Did not ride a bicycle","Always","I did not drive the past 30 days","0 times","No","No","Yes","0 days","0 days","Not sure","Slightly underweight","1 to 3 times","4 to 6 times","1 to 3 times","1 time per day","Did not drink milk","7 days","0 days","1 hour per day","No playing video/computer game","0 teams","Yes","5 hours","Did not drink sports drink","4 or more times per day","5 or more times"
"16 years old","Male","11th grade","No","Multiple - Non-Hispanic",1.73,77.57,"Did not ride a bicycle","Most of the time","I did not drive the past 30 days","0 times","No","No","Yes","0 days",NA,NA,NA,NA,NA,NA,NA,NA,NA,NA,NA,NA,NA,NA,NA,NA,NA,NA
"16 years old","Female","10th grade","No","White",NA,NA,"Did not ride a bicycle","Most of the time","I did not drive the past 30 days","0 times","No","No","Yes","0 days","0 days","Heterosexual (straight)","About the right weight","Did not drink fruit juice","1 to 3 times","Did not eat green salad","3 times per day","1 to 3 glasses","3 days","5 days","No TV on average school day","4 hours per day","0 teams","No","6 hours","Did not drink sports drink","1 to 3 times","3 times"
"16 years old","Female","11th grade","Yes","Hispanic/Latino",1.52,55.34,"Did not ride a bicycle","Always","I did not drive the past 30 days","0 times","No","No","No","0 days","0 days","Heterosexual (straight)","About the right weight","3 times per day","1 to 3 times","1 to 3 times","3 times per day","1 to 3 glasses","7 days","0 days","No TV on average school day","3 hours per day","0 teams","Not sure","6 hours","3 times per day","4 to 6 times","0 times"
"17 years old","Male","12th grade","No","Asian",1.63,55.34,"Did not ride a bicycle","Always","I did not drive the past 30 days","0 times","No","No","No","0 days","0 days","Heterosexual (straight)","About the right weight","1 to 3 times","4 to 6 times","4 to 6 times","1 to 3 times","4 to 6 glasses","4 days","3 days","2 hours per day","2 hours per day","0 teams","No","7 hours","4 to 6 times","3 times per day","1 times"
"18 years old or older","Male","12th grade","No","White",1.8,67.13,"Never wore a helmet","Most of the time","All 30 days","0 times","No","No","No","20 to 29 days","3 to 5 days","Heterosexual (straight)","About the right weight","1 to 3 times","Did not eat fruit","Did not eat green salad","4 or more times per day","4 or more glasses per day","2 days","6 days","5 or more hours per day","5 or more hours per day","1 team","No","6 hours","4 or more times per day","1 to 3 times","5 or more times"
"16 years old","Female","10th grade","No","Multiple - Non-Hispanic",1.68,64.86,"Never wore a helmet","Always","0 days","2 or 3 times","Yes","No","Yes","0 days","0 days","Heterosexual (straight)","About the right weight","2 times per day","4 or more times per day","4 to 6 times","Did not drink soda or pop","2 glasses per day","7 days","7 days","3 hours per day","1 hour per day","2 teams","No","7 hours","4 to 6 times","4 or more times per day","2 times"
"14 years old","Male","9th grade",NA,NA,1.6,49.9,"Never wore a helmet","Always","0 days","1 time","No","No","No","0 days","0 days","Heterosexual (straight)","About the right weight","4 or more times per day","4 or more times per day","4 or more times per day","4 or more times per day","4 or more glasses per day","7 days","7 days","1 hour per day","5 or more hours per day",NA,"No","10 or more hours",NA,NA,NA
"16 years old","Female","10th grade","No","Black or African American",1.65,59.88,"Rarely wore a helmet","Always","0 days","1 time","No","No","No","0 days","0 days","Heterosexual (straight)","About the right weight","2 times per day","2 times per day","1 to 3 times","2 times per day","1 to 3 glasses","7 days","3 days","Less than 1 hour per day","2 hours per day","0 teams","Yes","7 hours","2 times per day","2 times per day","0 times"
"17 years old","Female","12th grade","Yes","Multiple - Hispanic / Latino",1.47,47.63,"Never wore a helmet","Always","0 days","0 times","No","No","No","0 days","0 days","Heterosexual (straight)","About the right weight","1 to 3 times","1 time per day","1 to 3 times","1 to 3 times","4 to 6 glasses","6 days","5 days","No TV on average school day","Less than 1 hour per day","0 teams","No","7 hours",NA,NA,NA
"17 years old","Male","10th grade","No","Black or African American",1.8,79.38,"Never wore a helmet","Rarely","I did not drive the past 30 days","4 or 5 times","No","No","No","0 days","0 days","Heterosexual (straight)","About the right weight","1 to 3 times","4 to 6 times","Did not eat green salad","1 to 3 times","1 glass per day","2 days","2 days","3 hours per day","3 hours per day","0 teams","No","5 hours","Did not drink sports drink","2 times per day","0 times"
"17 years old","Female","12th grade","No","Multiple - Non-Hispanic",1.5,44.45,"Did not ride a bicycle","Always","0 days","0 times","No","No","No","0 days","0 days","Heterosexual (straight)","About the right weight","1 to 3 times","4 to 6 times","Did not eat green salad","Did not drink soda or pop","Did not drink milk","3 days","1 day","No TV on average school day","4 hours per day","0 teams","No","7 hours","Did not drink sports drink","2 times per day","0 times"
"16 years old","Male","10th grade","No","White",1.73,97.52,"Never wore a helmet","Rarely","All 30 days","0 times","No","No","No","1 or 2 days","0 days","Heterosexual (straight)","Slightly overweight","1 time per day","1 time per day","2 times per day","1 to 3 times","4 or more glasses per day","1 day","7 days","2 hours per day","1 hour per day","2 teams","No","7 hours","Did not drink sports drink","4 or more times per day","5 or more times"
"15 years old","Male","10th grade","No","White",1.73,91.63,NA,"Always","I did not drive the past 30 days",NA,"No","No","No","0 days","0 days","Heterosexual (straight)","Slightly overweight","1 to 3 times","4 or more times per day","4 or more times per day","Did not drink soda or pop",NA,"7 days","7 days","1 hour per day","No playing video/computer game",NA,NA,NA,NA,NA,NA
"16 years old","Female","11th grade","Yes","Hispanic/Latino",1.5,54.89,"Never wore a helmet","Always",NA,"0 times","No","No","Yes","0 days","0 days","Heterosexual (straight)","About the right weight","3 times per day","1 to 3 times","Did not eat green salad","1 to 3 times","1 to 3 glasses","0 days","2 days","1 hour per day","No playing video/computer game","2 teams","No","5 hours",NA,NA,NA
"15 years old","Female","9th grade","No","White",1.78,56.7,"Sometimes wore a helmet","Most of the time",NA,"0 times","No","No","No","0 days","0 days","Heterosexual (straight)","Slightly underweight","4 to 6 times","1 time per day","Did not eat green salad","Did not drink soda or pop","2 glasses per day","7 days","7 days","1 hour per day","Less than 1 hour per day","2 teams","No","8 hours",NA,NA,NA
"16 years old","Male","9th grade","No","Multiple - Non-Hispanic",1.88,81.65,"Rarely wore a helmet","Always","I did not drive the past 30 days","0 times","No","No","No","0 days","0 days","Heterosexual (straight)","Slightly overweight","Did not drink fruit juice","2 times per day","Did not eat green salad","2 times per day","3 glasses per day","2 days","5 days","Less than 1 hour per day","4 hours per day","1 team","Yes","8 hours","Did not drink sports drink","3 times per day","0 times"
"16 years old","Male","11th grade","Yes","Hispanic/Latino",1.73,81.65,"Never wore a helmet","Always","1 or 2 days","2 or 3 times","Yes","Yes",NA,"0 days","0 days","Heterosexual (straight)","Slightly overweight","4 or more times per day","3 times per day","2 times per day","1 time per day","Did not drink milk","7 days","1 day","2 hours per day","No playing video/computer game","1 team","Yes","7 hours","1 time per day","3 times per day","2 times"
"15 years old","Female","10th grade","Yes","Multiple - Hispanic / Latino",1.73,66.23,"Never wore a helmet","Always","0 days","0 times","No","No","Yes","0 days","0 days","Heterosexual (straight)","Slightly overweight","1 to 3 times","Did not eat fruit","1 to 3 times","Did not drink soda or pop","3 glasses per day","1 day","2 days","1 hour per day","3 hours per day","0 teams","No","8 hours","Did not drink sports drink","4 or more times per day","0 times"
"17 years old","Female","12th grade","No","White",1.68,99.79,"Did not ride a bicycle","Most of the time","6 to 9 days","0 times","No","No","Yes","0 days","0 days","Heterosexual (straight)","Very overweight","Did not drink fruit juice","Did not eat fruit","1 to 3 times","2 times per day","1 glass per day","0 days","0 days","2 hours per day","5 or more hours per day","0 teams","No","6 hours","Did not drink sports drink","2 times per day","2 times"
"16 years old","Female","11th grade","Yes","Hispanic/Latino",1.55,54.43,"Did not ride a bicycle","Always","0 days","0 times","No","No","No","0 days","0 days","Heterosexual (straight)","About the right weight","1 to 3 times","4 to 6 times","Did not eat green salad","4 to 6 times","Did not drink milk","3 days","2 days","3 hours per day","3 hours per day","0 teams","No","8 hours","4 to 6 times","1 to 3 times","0 times"
"16 years old","Female","10th grade","Yes","Multiple - Hispanic / Latino",1.55,54.43,"Never wore a helmet","Always","0 days","0 times","No","No","Yes",NA,"0 days","Heterosexual (straight)","Very underweight","1 to 3 times","1 to 3 times","Did not eat green salad","4 to 6 times","1 to 3 glasses","7 days","0 days","3 hours per day","4 hours per day","0 teams","No","8 hours","4 to 6 times","3 times per day","2 times"
"16 years old","Female","10th grade","No","Black or African American",1.78,61.69,NA,"Always","I did not drive the past 30 days",NA,"Yes","Yes","No","0 days","0 days","Heterosexual (straight)","Slightly underweight","3 times per day","2 times per day","Did not eat green salad","1 to 3 times",NA,"2 days","4 days","5 or more hours per day","No playing video/computer game",NA,NA,NA,NA,NA,NA
"16 years old","Male","10th grade","Yes","Multiple - Hispanic / Latino",1.68,64.86,"Did not ride a bicycle","Always",NA,"0 times","No","No","No","0 days","0 days","Heterosexual (straight)","About the right weight","Did not drink fruit juice","4 to 6 times","Did not eat green salad","1 time per day","Did not drink milk","3 days","0 days","No TV on average school day","5 or more hours per day","0 teams","No","7 hours","Did not drink sports drink","4 or more times per day","0 times"
"17 years old","Male","11th grade","No","White",1.78,58.97,"Never wore a helmet","Always","6 to 9 days","0 times","Yes","No","Yes","0 days","All 30 days","Heterosexual (straight)","Slightly underweight","1 to 3 times","1 time per day","1 to 3 times","1 to 3 times","3 glasses per day","4 days","5 days","Less than 1 hour per day","4 hours per day","2 teams","No","7 hours","Did not drink sports drink","3 times per day","0 times"
"14 years old","Female","9th grade","No","White",1.7,77.11,"Always wore a helmet","Always","I did not drive the past 30 days","1 time","Yes","No","No","0 days","0 days","Heterosexual (straight)","About the right weight","1 to 3 times","1 time per day","Did not eat green salad","4 to 6 times","2 glasses per day","5 days","5 days","2 hours per day","1 hour per day","0 teams","Yes","9 hours","1 time per day","2 times per day","4 times"
"14 years old","Female","9th grade","No","White",1.63,84.82,"Never wore a helmet","Always","0 days","1 time","Yes","Yes","No",NA,"0 days","Heterosexual (straight)","About the right weight","1 to 3 times","4 to 6 times","Did not eat green salad","1 to 3 times","4 or more glasses per day","0 days","7 days","1 hour per day","Less than 1 hour per day","2 teams","No","8 hours","Did not drink sports drink","4 or more times per day","3 times"
"17 years old","Male","11th grade","Yes","Hispanic/Latino",1.8,97.52,"Never wore a helmet","Always","3 to 5 days","0 times","Yes","Yes","Yes","0 days","0 days","Heterosexual (straight)","Slightly overweight","1 to 3 times","3 times per day","1 to 3 times","Did not drink soda or pop","3 glasses per day","7 days","6 days","Less than 1 hour per day","Less than 1 hour per day","3 or more teams","No","7 hours",NA,NA,NA
"17 years old","Female","11th grade","No","White",1.55,42.64,"Did not ride a bicycle","Most of the time","I did not drive the past 30 days","1 time","Yes","No","No","0 days","0 days","Not sure","Very underweight","4 to 6 times","1 to 3 times","1 to 3 times","4 to 6 times","4 to 6 glasses","2 days","2 days","5 or more hours per day","2 hours per day","0 teams","Yes","6 hours","4 to 6 times","1 to 3 times","0 times"
"18 years old or older","Male","12th grade","No","Black or African American",1.75,77.11,"Did not ride a bicycle","Most of the time","3 to 5 days","0 times","No","No","No",NA,"All 30 days",NA,NA,NA,NA,NA,NA,NA,"2 days",NA,NA,NA,"3 or more teams",NA,NA,NA,NA,NA
"18 years old or older","Female","12th grade","Yes","Hispanic/Latino",1.47,49.44,"Most of the time wore a helmet","Never","I did not drive the past 30 days","0 times","No","No","No","0 days","0 days","Heterosexual (straight)","Very overweight","1 time per day","Did not eat fruit","Did not eat green salad","Did not drink soda or pop","3 glasses per day","0 days","0 days","Less than 1 hour per day","Less than 1 hour per day","0 teams","Not sure","9 hours","Did not drink sports drink","Did not drink water","0 times"
"17 years old","Male","11th grade","No","White",1.8,86.18,"Never wore a helmet","Always","3 to 5 days","0 times","No","No","No","0 days","0 days","Heterosexual (straight)","About the right weight","1 to 3 times","2 times per day","Did not eat green salad","1 to 3 times","4 or more glasses per day","7 days","7 days","Less than 1 hour per day","Less than 1 hour per day","3 or more teams","No","9 hours","4 to 6 times","4 or more times per day","1 times"
"18 years old or older","Female","12th grade","No","White",1.55,58.97,"Did not ride a bicycle","Sometimes","All 30 days","1 time","No","Yes","Yes","0 days","0 days","Heterosexual (straight)","Slightly overweight","1 to 3 times","1 to 3 times","1 to 3 times","2 times per day","1 to 3 glasses","6 days","2 days","5 or more hours per day","5 or more hours per day","0 teams","No","5 hours","1 to 3 times","2 times per day","5 or more times"
"18 years old or older","Female","12th grade","No","Asian",1.63,88.91,"Did not ride a bicycle","Always","0 days","0 times","No","No","No","0 days","0 days","Heterosexual (straight)","Very overweight","Did not drink fruit juice","1 to 3 times","1 to 3 times","Did not drink soda or pop","1 to 3 glasses","7 days","2 days","5 or more hours per day","2 hours per day","0 teams","No","7 hours",NA,NA,NA
"17 years old","Male","11th grade","No","White",1.7,67.59,"Never wore a helmet","Most of the time","All 30 days","2 or 3 times","Yes","Yes","No","0 days","0 days","Heterosexual (straight)","About the right weight","4 to 6 times","1 time per day","1 time per day","2 times per day","1 glass per day","5 days","7 days","Less than 1 hour per day","1 hour per day","3 or more teams","No","6 hours","2 times per day","2 times per day","1 times"
"18 years old or older","Female","12th grade","Yes","Hispanic/Latino",1.68,68.49,"Never wore a helmet","Sometimes","6 to 9 days","4 or 5 times","No","No","No",NA,"0 days","Not sure","About the right weight","4 to 6 times",NA,"1 to 3 times","Did not drink soda or pop","1 to 3 glasses","7 days","0 days","1 hour per day","3 hours per day","1 team","No","6 hours","Did not drink sports drink","4 or more times per day","1 times"
"15 years old","Female","9th grade","No","Black or African American",1.57,48.99,"Never wore a helmet","Most of the time","I did not drive the past 30 days","2 or 3 times","No","Yes","No","0 days","0 days","Heterosexual (straight)","About the right weight","1 to 3 times","4 to 6 times","1 to 3 times","4 or more times per day","1 to 3 glasses","7 days","3 days","1 hour per day","5 or more hours per day","0 teams","No","7 hours","1 to 3 times","1 to 3 times","0 times"
"16 years old","Female","10th grade","No","Black or African American",1.65,95.26,"Never wore a helmet","Always","0 days","0 times","Yes","No","Yes","0 days","0 days","bisexual","Slightly overweight","1 to 3 times","1 to 3 times","1 to 3 times","1 to 3 times","1 to 3 glasses","2 days","2 days","No TV on average school day","No playing video/computer game","2 teams","No","9 hours","1 to 3 times","1 to 3 times","1 times"
"18 years old or older","Male","12th grade","No","White",1.85,84.82,"Never wore a helmet","Most of the time","I did not drive the past 30 days","2 or 3 times","No","No","Yes","All 30 days","0 days","Heterosexual (straight)","Slightly overweight","Did not drink fruit juice","4 to 6 times","Did not eat green salad","2 times per day","Did not drink milk","0 days","7 days","5 or more hours per day","2 hours per day","0 teams","No","7 hours","Did not drink sports drink","Did not drink water","0 times"
"14 years old","Male","9th grade","Yes","Multiple - Hispanic / Latino",1.65,49.44,NA,NA,"0 days",NA,"No","No","No","0 days","0 days","Heterosexual (straight)","Slightly underweight","Did not drink fruit juice","Did not eat fruit","Did not eat green salad","2 times per day",NA,NA,"0 days","Less than 1 hour per day","Less than 1 hour per day",NA,"No","7 hours",NA,NA,NA
"16 years old","Male","10th grade","Yes","Multiple - Hispanic / Latino",1.65,76.2,"Never wore a helmet","Most of the time","1 or 2 days","0 times","No","No","Yes","0 days","0 days","Heterosexual (straight)","Slightly overweight","1 to 3 times","4 to 6 times","Did not eat green salad","4 or more times per day","1 to 3 glasses","7 days","0 days","3 hours per day","2 hours per day","1 team","Yes","6 hours","1 to 3 times","1 to 3 times","2 times"
"15 years old","Female","10th grade","No","Black or African American",1.45,41.73,"Did not ride a bicycle","Most of the time","I did not drive the past 30 days","2 or 3 times","Yes","Yes","No","0 days","0 days","Heterosexual (straight)","About the right weight","1 to 3 times","1 to 3 times","1 to 3 times","4 to 6 times","1 to 3 glasses","4 days","7 days","5 or more hours per day","5 or more hours per day","0 teams","No","4 or less hours","Did not drink sports drink","2 times per day","0 times"
"15 years old","Female","9th grade","Yes","Multiple - Hispanic / Latino",1.65,54.43,"Never wore a helmet","Always","I did not drive the past 30 days",NA,"No","No","No","0 days","1 or 2 days","Heterosexual (straight)","Slightly underweight","Did not drink fruit juice","1 to 3 times","Did not eat green salad","2 times per day","4 to 6 glasses","3 days","2 days","No TV on average school day","5 or more hours per day","0 teams","Yes","7 hours",NA,NA,NA
"16 years old","Female","9th grade","Yes","Hispanic/Latino",NA,NA,"Never wore a helmet","Always","0 days","0 times","No","No","No","0 days","0 days","Heterosexual (straight)","Slightly overweight","1 to 3 times","1 time per day","Did not eat green salad","1 to 3 times","Did not drink milk","0 days","0 days","2 hours per day","No playing video/computer game","0 teams","Yes","8 hours","Did not drink sports drink","4 or more times per day","0 times"
"15 years old","Female","10th grade","No","White",1.83,71.67,NA,NA,"0 days",NA,"No","No","No","0 days","0 days","Heterosexual (straight)","About the right weight","1 to 3 times","1 to 3 times","1 to 3 times","4 to 6 times",NA,NA,"5 days","Less than 1 hour per day","3 hours per day",NA,"Yes","7 hours",NA,NA,NA
"17 years old","Female","12th grade","No","Black or African American",1.73,52.16,"Never wore a helmet","Most of the time","I did not drive the past 30 days","0 times","No","No","No","0 days","0 days","Heterosexual (straight)","Slightly underweight","1 to 3 times","1 to 3 times","Did not eat green salad","Did not drink soda or pop","1 glass per day","4 days","0 days","4 hours per day","3 hours per day","0 teams","No","7 hours","1 to 3 times","3 times per day","0 times"
"14 years old","Male","9th grade","No","White",1.73,58.51,"Always wore a helmet","Always","I did not drive the past 30 days","0 times","No","No","No","0 days","0 days","Heterosexual (straight)","About the right weight","1 to 3 times","1 to 3 times","Did not eat green salad","Did not drink soda or pop","2 glasses per day","7 days","4 days","2 hours per day","3 hours per day","0 teams","Yes","6 hours","Did not drink sports drink","1 to 3 times","0 times"
"15 years old","Male","9th grade","Yes","Hispanic/Latino",1.57,49.9,"Never wore a helmet","Rarely","I did not drive the past 30 days",NA,"No","No","No","0 days","3 to 5 days","Heterosexual (straight)","About the right weight","1 to 3 times","1 to 3 times","Did not eat green salad","1 to 3 times","4 to 6 glasses","2 days","1 day","1 hour per day","1 hour per day","0 teams","No","7 hours","1 to 3 times","1 to 3 times","2 times"
"15 years old","Male","10th grade","No","White",1.8,61.24,"Did not ride a bicycle","Always","0 days","0 times","No","No","No","0 days","0 days","Heterosexual (straight)","About the right weight","4 to 6 times","4 or more times per day","4 or more times per day","1 to 3 times","4 or more glasses per day","0 days","2 days","2 hours per day","5 or more hours per day","1 team","No","8 hours","1 to 3 times","3 times per day","2 times"
"15 years old","Male","9th grade","No","Asian",1.78,70.31,NA,NA,"I did not drive the past 30 days","2 or 3 times","No","No","No","0 days","0 days","Not sure","Slightly overweight","4 to 6 times","1 time per day","Did not eat green salad","Did not drink soda or pop","Did not drink milk","5 days","1 day",NA,"Less than 1 hour per day","0 teams",NA,"8 hours",NA,NA,NA
"15 years old","Male","10th grade","Yes","Hispanic/Latino",1.78,89.36,"Did not ride a bicycle","Most of the time","0 days","0 times","No","No","No","0 days","0 days","Heterosexual (straight)","Slightly overweight","4 or more times per day","3 times per day","1 to 3 times","4 to 6 times","3 glasses per day","7 days","7 days","4 hours per day","4 hours per day","3 or more teams","No","8 hours","4 to 6 times","4 or more times per day","1 times"
"16 years old","Female","10th grade","Yes","Multiple - Hispanic / Latino",1.55,71.67,"Never wore a helmet","Always","I did not drive the past 30 days","4 or 5 times","No","No","Yes","0 days","10 to 19 days","bisexual","Slightly overweight","3 times per day","1 time per day","1 time per day","Did not drink soda or pop","3 glasses per day","5 days","4 days","2 hours per day","No playing video/computer game","2 teams","Yes","7 hours","Did not drink sports drink","4 or more times per day","0 times"
"18 years old or older","Male","12th grade","No","White",1.73,77.11,"Never wore a helmet","Always","All 30 days","6 or 7 times","No","No","Yes","0 days","All 30 days","Heterosexual (straight)","About the right weight","1 to 3 times","1 time per day","Did not eat green salad","1 to 3 times","4 to 6 glasses","7 days","7 days","2 hours per day","No playing video/computer game","1 team","No","7 hours","4 to 6 times","3 times per day","5 or more times"
"16 years old","Male","10th grade","Yes","Multiple - Hispanic / Latino",1.73,94.8,NA,"Always","I did not drive the past 30 days",NA,"No","No","No","0 days","0 days","Heterosexual (straight)","Slightly overweight","1 to 3 times","1 to 3 times","1 to 3 times","1 to 3 times",NA,"7 days","4 days","3 hours per day","3 hours per day",NA,NA,NA,NA,NA,NA
"16 years old","Male","11th grade","No","White",1.83,70.31,"Did not ride a bicycle","Most of the time","0 days","0 times","No","No","No","0 days","0 days","Heterosexual (straight)","About the right weight","1 to 3 times","1 to 3 times","1 to 3 times","1 time per day","1 to 3 glasses","7 days","7 days","1 hour per day","2 hours per day","1 team","No","7 hours","1 time per day","1 to 3 times","1 times"
"17 years old","Male","11th grade","No","White",1.8,90.72,"Did not ride a bicycle","Sometimes","10 to 19 days","2 or 3 times","No","No","No","0 days","0 days","Heterosexual (straight)","About the right weight","Did not drink fruit juice","Did not eat fruit","Did not eat green salad","4 or more times per day","1 glass per day","0 days","3 days","5 or more hours per day","2 hours per day","1 team","Not sure","5 hours","2 times per day","4 or more times per day","2 times"
"16 years old","Female","11th grade","No","White",1.57,57.15,NA,NA,"3 to 5 days",NA,"No","No","No","0 days","6 to 9 days","Heterosexual (straight)","About the right weight","4 to 6 times","2 times per day","1 to 3 times","4 to 6 times",NA,NA,"2 days","Less than 1 hour per day","1 hour per day",NA,"No","8 hours",NA,NA,NA
"18 years old or older","Female","12th grade","No","Black or African American",1.52,90.72,"Never wore a helmet","Never","0 days","0 times","No","No","No","0 days","1 or 2 days","Heterosexual (straight)","Slightly overweight","4 to 6 times","1 to 3 times","1 to 3 times","4 to 6 times","1 to 3 glasses","4 days","1 day","2 hours per day","2 hours per day","0 teams","Yes","6 hours","Did not drink sports drink","1 to 3 times","0 times"
"16 years old","Male","10th grade","No","White",1.7,49.9,"Never wore a helmet","Always","0 days","0 times","No","No","No","0 days","0 days","Heterosexual (straight)","About the right weight","1 to 3 times","4 to 6 times","Did not eat green salad","Did not drink soda or pop","1 to 3 glasses","4 days","5 days","4 hours per day","5 or more hours per day","0 teams","No","6 hours","2 times per day","4 or more times per day","0 times"
"15 years old","Male","10th grade","Yes","Multiple - Hispanic / Latino",1.83,56.7,"Did not ride a bicycle","Always","I did not drive the past 30 days","12 or more times","No","No","No","0 days","0 days","Heterosexual (straight)","About the right weight","Did not drink fruit juice","1 to 3 times","1 to 3 times","1 to 3 times","1 glass per day","7 days","4 days","5 or more hours per day","5 or more hours per day","3 or more teams","No","8 hours","Did not drink sports drink","4 or more times per day","1 times"
"16 years old","Female","9th grade","Yes","Multiple - Hispanic / Latino",1.6,89.81,"Never wore a helmet","Always","20 to 29 days","0 times","No","No","Yes","0 days","0 days","Heterosexual (straight)","Slightly overweight","4 to 6 times","4 or more times per day","Did not eat green salad","2 times per day","Did not drink milk","0 days","2 days","1 hour per day","3 hours per day","0 teams","No","6 hours","4 or more times per day","4 or more times per day","1 times"
"16 years old","Male","10th grade","No","White",1.83,72.58,NA,"Never","All 30 days",NA,"No","Yes","No","0 days","All 30 days","Heterosexual (straight)","Slightly underweight","Did not drink fruit juice","1 to 3 times","Did not eat green salad","Did not drink soda or pop",NA,"7 days","5 days","1 hour per day","2 hours per day",NA,NA,NA,NA,NA,NA
"15 years old","Male","9th grade","Yes",NA,1.68,52.62,"Never wore a helmet","Always","I did not drive the past 30 days","0 times","No","Yes","No","0 days","0 days","Heterosexual (straight)","About the right weight","Did not drink fruit juice","1 time per day","1 to 3 times","1 to 3 times","2 glasses per day","7 days","5 days","Less than 1 hour per day","1 hour per day","2 teams",NA,"7 hours",NA,NA,NA
"17 years old",NA,NA,"Yes","Multiple - Hispanic / Latino",NA,NA,"Never wore a helmet","Always","0 days","0 times","No","No","Yes","0 days","1 or 2 days","Heterosexual (straight)",NA,NA,NA,NA,"4 to 6 times","4 to 6 glasses","6 days","3 days","2 hours per day","No playing video/computer game","0 teams","No","7 hours","4 to 6 times","3 times per day","0 times"
"14 years old","Male","9th grade","Yes","Multiple - Hispanic / Latino",1.78,70.76,"Rarely wore a helmet","Most of the time","I did not drive the past 30 days","0 times","No","No","No","0 days","1 or 2 days","Heterosexual (straight)","About the right weight","1 to 3 times","1 to 3 times","1 time per day","1 to 3 times","Did not drink milk","3 days","5 days","3 hours per day","3 hours per day","3 or more teams","Yes","8 hours","1 to 3 times","1 to 3 times","0 times"
"18 years old or older","Male","12th grade","No","White",1.78,95.26,"Never wore a helmet","Always","1 or 2 days","0 times","No","No","No","0 days","0 days","Heterosexual (straight)","Slightly overweight","4 to 6 times","1 to 3 times","1 to 3 times","3 times per day","3 glasses per day","0 days","5 days","3 hours per day","2 hours per day","1 team","No","4 or less hours","1 time per day","1 time per day","3 times"
"16 years old","Male","11th grade","No","Black or African American",1.83,77.11,"Never wore a helmet","Most of the time","I did not drive the past 30 days","2 or 3 times","Yes","Yes","Yes","0 days","0 days","Heterosexual (straight)","About the right weight","Did not drink fruit juice","1 to 3 times","Did not eat green salad","4 to 6 times","4 to 6 glasses",NA,"3 days","1 hour per day","2 hours per day","0 teams","No","7 hours",NA,NA,NA
"15 years old","Male","10th grade","No","Multiple - Non-Hispanic",1.83,68.49,"Sometimes wore a helmet","Always","I did not drive the past 30 days","0 times","No","No","No","0 days","1 or 2 days","Heterosexual (straight)","About the right weight","1 to 3 times","3 times per day","1 time per day","1 to 3 times","1 glass per day","7 days","5 days","2 hours per day","4 hours per day","1 team","No","7 hours","1 to 3 times","2 times per day","0 times"
"16 years old","Female","11th grade","Yes","Hispanic/Latino",NA,NA,"Never wore a helmet","Most of the time","All 30 days","2 or 3 times","Yes","Yes","Yes","0 days","3 to 5 days","Gay or lesbian","About the right weight","4 to 6 times","1 to 3 times","1 to 3 times","4 to 6 times","1 to 3 glasses","0 days","0 days","3 hours per day","2 hours per day","2 teams","Yes","4 or less hours","1 to 3 times","1 to 3 times","0 times"
NA,NA,NA,NA,NA,NA,NA,"Did not ride a bicycle","Always","I did not drive the past 30 days",NA,NA,NA,"No","0 days","0 days",NA,NA,"1 to 3 times","1 time per day","1 to 3 times","1 to 3 times","1 glass per day","7 days","3 days","2 hours per day","Less than 1 hour per day","0 teams","No","7 hours","Did not drink sports drink","1 time per day","2 times"
"15 years old","Female","9th grade","Yes","Hispanic/Latino",1.5,48.99,"Never wore a helmet","Always","0 days","4 or 5 times","Yes","Yes","Yes","0 days","3 to 5 days","Heterosexual (straight)","Slightly underweight","Did not drink fruit juice",NA,"Did not eat green salad","Did not drink soda or pop","Did not drink milk","3 days","7 days","3 hours per day","No playing video/computer game","2 teams","No","7 hours","Did not drink sports drink","Did not drink water","0 times"
"15 years old","Male","9th grade","No","Black or African American",1.7,64.86,"Always wore a helmet","Always",NA,NA,"Yes","Yes","No","0 days",NA,"Heterosexual (straight)","About the right weight","1 to 3 times","4 or more times per day","4 or more times per day","1 time per day","2 glasses per day","7 days","7 days","3 hours per day","5 or more hours per day","1 team","No","10 or more hours","1 time per day","4 or more times per day","0 times"
"15 years old","Male","11th grade","No","White",1.75,61.24,NA,NA,"0 days",NA,"No","No","Yes","1 or 2 days","10 to 19 days","Heterosexual (straight)","Slightly underweight","Did not drink fruit juice","1 time per day","Did not eat green salad","1 to 3 times",NA,NA,"2 days","Less than 1 hour per day","2 hours per day",NA,"Yes","6 hours",NA,NA,NA
"16 years old","Female","11th grade","No","Black or African American",1.68,65.32,"Did not ride a bicycle","Always","0 days",NA,"Yes","Yes","No",NA,"6 to 9 days","Heterosexual (straight)","About the right weight","1 time per day","2 times per day","4 to 6 times","1 to 3 times","1 glass per day","7 days","2 days","No TV on average school day","No playing video/computer game","0 teams","No","6 hours",NA,NA,NA
"16 years old","Male","Ungraded or other grade","Yes","Multiple - Hispanic / Latino",1.78,71.67,"Did not ride a bicycle","Always","I did not drive the past 30 days","2 or 3 times","Yes","Yes","Yes","0 days","0 days","Heterosexual (straight)","About the right weight","3 times per day","Did not eat fruit","Did not eat green salad","Did not drink soda or pop","1 to 3 glasses","4 days","5 days","No TV on average school day","5 or more hours per day","0 teams","Yes","9 hours","Did not drink sports drink","4 or more times per day","0 times"
"16 years old","Female","10th grade","No","White",1.6,55.79,"Never wore a helmet","Sometimes","0 days","0 times","No","No","No","0 days","0 days","Heterosexual (straight)","About the right weight","Did not drink fruit juice","1 to 3 times","Did not eat green salad","1 to 3 times","1 to 3 glasses","2 days","0 days","4 hours per day","5 or more hours per day","0 teams","No","7 hours","Did not drink sports drink","Did not drink water","5 or more times"
"17 years old","Female","12th grade","No","Black or African American",1.68,113.4,"Never wore a helmet","Rarely","I did not drive the past 30 days","0 times","Yes","Yes","Yes","3 to 5 days","0 days","bisexual","Very overweight","1 to 3 times","1 to 3 times","1 to 3 times","4 to 6 times","1 to 3 glasses","1 day","0 days","2 hours per day","No playing video/computer game","0 teams","No","4 or less hours",NA,NA,NA
"17 years old","Female","11th grade","No","White",1.55,47.17,NA,NA,"0 days",NA,"Yes","Yes","No","0 days","0 days","Heterosexual (straight)","About the right weight","1 to 3 times","1 to 3 times","1 to 3 times","1 to 3 times",NA,NA,"3 days","1 hour per day","No playing video/computer game",NA,"No","7 hours",NA,NA,NA
"16 years old","Female","11th grade","No","White",1.55,58.97,NA,NA,"I did not drive the past 30 days",NA,"Yes","Yes","Yes","0 days","3 to 5 days","Heterosexual (straight)","About the right weight","Did not drink fruit juice","1 to 3 times","Did not eat green salad","1 time per day",NA,NA,"3 days","2 hours per day","1 hour per day",NA,"No","8 hours",NA,NA,NA
"17 years old","Male","11th grade","No","White",1.8,68.04,"Did not ride a bicycle","Sometimes","0 days","0 times","No","No","No","1 or 2 days","0 days","bisexual","Slightly overweight","Did not drink fruit juice","4 to 6 times","1 to 3 times","Did not drink soda or pop","4 to 6 glasses","7 days","7 days","5 or more hours per day","No playing video/computer game","0 teams","Yes","6 hours","Did not drink sports drink","4 to 6 times","0 times"
"18 years old or older","Female","12th grade","No","Black or African American",1.4,46.72,"Never wore a helmet","Always","I did not drive the past 30 days","0 times","No","No","Yes","0 days",NA,"Heterosexual (straight)","About the right weight","1 to 3 times","4 to 6 times","1 to 3 times","Did not drink soda or pop","1 to 3 glasses","4 days","1 day","2 hours per day","3 hours per day","1 team","No","7 hours","Did not drink sports drink","1 to 3 times","0 times"
"14 years old","Male","9th grade","Yes","Hispanic/Latino",1.65,86.18,"Never wore a helmet","Always","1 or 2 days","0 times","No","No","No","0 days","0 days","Heterosexual (straight)","Slightly overweight","1 time per day","2 times per day","1 to 3 times","Did not drink soda or pop","4 to 6 glasses","4 days","5 days","No TV on average school day","2 hours per day","0 teams","No","9 hours",NA,NA,NA
"15 years old","Male","9th grade","No","Black or African American",1.75,66.68,"Rarely wore a helmet","Always","0 days","0 times","No","No","No","0 days","0 days","Heterosexual (straight)","About the right weight","2 times per day","3 times per day","1 time per day","1 to 3 times","1 glass per day","3 days","5 days","Less than 1 hour per day","1 hour per day","2 teams","No","9 hours","1 to 3 times","3 times per day","1 times"
"15 years old","Male","9th grade","No","White",1.85,78.93,"Never wore a helmet","Rarely","1 or 2 days","0 times","Yes","Yes","Yes","1 or 2 days","0 days","Heterosexual (straight)","About the right weight","3 times per day","4 to 6 times","Did not eat green salad","4 to 6 times","4 to 6 glasses","4 days","5 days","4 hours per day","3 hours per day","3 or more teams","Yes","5 hours","4 to 6 times","4 to 6 times","1 times"
"16 years old","Male","10th grade","No","White",1.83,83.92,"Did not ride a bicycle","Always","1 or 2 days","0 times","No","No","No","0 days","0 days","Heterosexual (straight)","About the right weight","2 times per day","2 times per day","1 to 3 times","1 time per day",NA,"4 days","7 days","2 hours per day","Less than 1 hour per day","3 or more teams","Yes","7 hours","1 time per day","4 or more times per day","1 times"
"18 years old or older","Male","12th grade","Yes","Multiple - Hispanic / Latino",1.6,56.7,"Did not ride a bicycle","Always","All 30 days","1 time","Yes","Yes","Yes","0 days","20 to 29 days","Heterosexual (straight)","About the right weight","4 or more times per day","4 or more times per day","4 or more times per day","4 or more times per day","4 or more glasses per day","7 days","0 days","5 or more hours per day","5 or more hours per day","0 teams","No","9 hours","4 or more times per day","4 or more times per day","0 times"
"16 years old","Female","10th grade","No","Multiple - Non-Hispanic",1.55,56.25,"Did not ride a bicycle","Always","I did not drive the past 30 days","0 times","No","No","No","0 days","0 days","Heterosexual (straight)","About the right weight","1 to 3 times","1 to 3 times","Did not eat green salad","1 time per day","1 glass per day","7 days","5 days","1 hour per day","3 hours per day","0 teams","Yes","7 hours","Did not drink sports drink","1 to 3 times","0 times"
"17 years old","Female","12th grade","Yes","Multiple - Hispanic / Latino",NA,NA,"Did not ride a bicycle","Most of the time","I did not drive the past 30 days","0 times","No","No","No","0 days","0 days","Heterosexual (straight)","Very overweight","Did not drink fruit juice","Did not eat fruit","Did not eat green salad","Did not drink soda or pop","Did not drink milk","0 days","0 days","No TV on average school day","Less than 1 hour per day","0 teams","Yes","4 or less hours","Did not drink sports drink",NA,"0 times"
"18 years old or older","Female","12th grade","No","White",1.68,70.76,"Did not ride a bicycle","Always","3 to 5 days","0 times","Yes","Yes","No","0 days","0 days","Heterosexual (straight)","Slightly overweight","1 to 3 times","2 times per day","Did not eat green salad","2 times per day","Did not drink milk","3 days","3 days","2 hours per day","No playing video/computer game","0 teams","No","5 hours","Did not drink sports drink","1 to 3 times","1 times"
"16 years old","Female","10th grade","No","White",1.5,45.36,NA,"Always","0 days","0 times","No","No","No","0 days",NA,NA,"Slightly underweight","1 to 3 times","3 times per day","4 to 6 times","Did not drink soda or pop",NA,"7 days","2 days","No TV on average school day","No playing video/computer game",NA,NA,"8 hours",NA,"4 or more times per day",NA
"17 years old","Male","11th grade","No","Black or African American",1.8,72.58,NA,"Always","0 days","0 times","No","No","No","0 days","0 days","Heterosexual (straight)","About the right weight","1 to 3 times","1 to 3 times","4 to 6 times","Did not drink soda or pop","2 glasses per day","5 days","5 days","Less than 1 hour per day","No playing video/computer game","2 teams","No","8 hours","1 to 3 times","3 times per day","0 times"
"14 years old","Female","10th grade","No","White",1.73,72.58,NA,NA,NA,NA,"No","No","No","All 30 days","0 days","Heterosexual (straight)","About the right weight","Did not drink fruit juice","Did not eat fruit","1 to 3 times","1 to 3 times",NA,NA,"1 day","Less than 1 hour per day","Less than 1 hour per day",NA,"Not sure","10 or more hours",NA,NA,NA
"15 years old","Female","10th grade","Yes","Multiple - Hispanic / Latino",1.6,56.7,"Did not ride a bicycle","Always","I did not drive the past 30 days","0 times","No","No","No","0 days","3 to 5 days","Heterosexual (straight)","About the right weight","4 to 6 times","4 to 6 times","Did not eat green salad","4 to 6 times","1 to 3 glasses","4 days","0 days","3 hours per day","3 hours per day","0 teams","No","5 hours","Did not drink sports drink","1 to 3 times","0 times"
"14 years old","Female","9th grade","No","White",1.55,39.92,"Never wore a helmet","Always","I did not drive the past 30 days","0 times","No","No","No","0 days","0 days","Heterosexual (straight)","Slightly underweight","4 to 6 times","4 to 6 times","Did not eat green salad","1 to 3 times","2 glasses per day","7 days","4 days","Less than 1 hour per day","2 hours per day","1 team","No","7 hours","Did not drink sports drink","1 to 3 times","0 times"
"17 years old","Female","11th grade","Yes","Multiple - Hispanic / Latino",1.6,64.86,"Did not ride a bicycle","Always","3 to 5 days","0 times","No","No","Yes","0 days","0 days","Heterosexual (straight)","About the right weight","Did not drink fruit juice","2 times per day",NA,"Did not drink soda or pop","1 to 3 glasses","3 days","5 days","Less than 1 hour per day","No playing video/computer game","0 teams","Yes","6 hours","Did not drink sports drink","4 or more times per day","0 times"
"16 years old","Female","11th grade","Yes","Multiple - Hispanic / Latino",1.5,53.07,"Did not ride a bicycle","Most of the time","I did not drive the past 30 days","0 times","No","No","Yes","0 days","0 days","Heterosexual (straight)","Slightly overweight","Did not drink fruit juice","1 to 3 times","Did not eat green salad","1 to 3 times","Did not drink milk","0 days","0 days","No TV on average school day","2 hours per day","1 team","No","6 hours",NA,NA,NA
"16 years old","Male","10th grade","No","White",1.68,61.69,"Never wore a helmet","Always","6 to 9 days","8 or 9 times","No","Yes","No",NA,"0 days","Heterosexual (straight)","About the right weight","2 times per day","1 to 3 times","Did not eat green salad","4 to 6 times","3 glasses per day","5 days","6 days","Less than 1 hour per day","1 hour per day","1 team","No","7 hours","4 to 6 times","2 times per day","5 or more times"
"16 years old","Female","10th grade","No","Am Indian / Alaska Native",1.57,53.52,"Did not ride a bicycle","Sometimes","I did not drive the past 30 days","0 times","No","No","Yes","0 days","1 or 2 days","Heterosexual (straight)","About the right weight","Did not drink fruit juice","1 to 3 times","Did not eat green salad","1 to 3 times","Did not drink milk","0 days","0 days","2 hours per day","No playing video/computer game","0 teams","Yes","7 hours","1 to 3 times","4 to 6 times","0 times"
"15 years old","Female","10th grade","No","Black or African American",1.68,56.25,"Never wore a helmet","Most of the time","I did not drive the past 30 days","0 times","No","No","Yes","0 days","0 days","Heterosexual (straight)","About the right weight","1 to 3 times","4 to 6 times","1 to 3 times","4 to 6 times","4 to 6 glasses","5 days","7 days","5 or more hours per day","5 or more hours per day","2 teams","No","5 hours","Did not drink sports drink","3 times per day","0 times"
"17 years old","Female","11th grade","No","White",1.78,55.79,"Did not ride a bicycle","Most of the time","0 days","1 time","Yes","Yes","No","1 or 2 days","6 to 9 days","Heterosexual (straight)","About the right weight","1 to 3 times","4 or more times per day","3 times per day","1 to 3 times","1 glass per day","7 days","5 days","1 hour per day","No playing video/computer game","1 team","Yes","4 or less hours","4 to 6 times","4 or more times per day","5 or more times"
"16 years old","Male","9th grade","No","Black or African American",1.57,47.17,NA,"Most of the time","I did not drive the past 30 days",NA,"No","No","No","0 days","1 or 2 days","Heterosexual (straight)","About the right weight","4 to 6 times","1 to 3 times","Did not eat green salad","1 to 3 times",NA,"3 days","0 days","5 or more hours per day","5 or more hours per day",NA,NA,NA,NA,NA,NA
"14 years old","Female","9th grade","No","Asian",1.57,45.36,"Did not ride a bicycle","Always","I did not drive the past 30 days","0 times","No","No","No","0 days","0 days","Heterosexual (straight)","About the right weight","1 to 3 times","1 to 3 times","1 to 3 times","2 times per day","4 to 6 glasses","3 days","5 days","No TV on average school day","No playing video/computer game","1 team","No","7 hours","1 to 3 times","1 to 3 times","1 times"
"17 years old","Female","11th grade","No","Asian",1.6,56.25,"Did not ride a bicycle","Always","I did not drive the past 30 days","0 times","No","No","No","0 days","0 days","Heterosexual (straight)","About the right weight","1 to 3 times","2 times per day","1 to 3 times","Did not drink soda or pop","Did not drink milk","6 days","5 days","1 hour per day","3 hours per day","0 teams","No","7 hours",NA,NA,NA
"17 years old","Male","11th grade","No","White",1.88,88.45,"Never wore a helmet","Always","20 to 29 days","1 time","Yes","No","No","0 days","0 days","Heterosexual (straight)","Slightly overweight","4 to 6 times","4 to 6 times","1 to 3 times","1 time per day","4 to 6 glasses","4 days","6 days","1 hour per day","No playing video/computer game","3 or more teams","No","6 hours","1 to 3 times","4 or more times per day","4 times"
"15 years old","Female","10th grade","No","White",1.7,56.7,NA,"Most of the time","I did not drive the past 30 days",NA,"No","No","No","0 days","0 days","Heterosexual (straight)","About the right weight","1 time per day","1 to 3 times","1 to 3 times","Did not drink soda or pop",NA,"3 days","2 days","3 hours per day","1 hour per day",NA,NA,NA,NA,NA,NA
"16 years old","Male","10th grade","No","White",1.73,63.5,NA,"Always","0 days",NA,"No","No","No","0 days","0 days","Heterosexual (straight)","About the right weight","1 time per day","1 time per day","1 to 3 times","1 to 3 times",NA,"7 days","5 days","2 hours per day","3 hours per day",NA,NA,NA,NA,NA,NA
"17 years old","Male","11th grade","No","White",1.68,39.92,"Never wore a helmet","Always","0 days","1 time","No","Yes","No","0 days","0 days","Heterosexual (straight)","Very underweight","1 to 3 times","4 to 6 times","Did not eat green salad","Did not drink soda or pop",NA,"7 days","0 days","No TV on average school day","3 hours per day","0 teams","No","6 hours","Did not drink sports drink","3 times per day","2 times"
"17 years old","Female","12th grade","No","White",1.57,57.61,NA,NA,"I did not drive the past 30 days",NA,"Yes","No","No","0 days","0 days","Heterosexual (straight)","Slightly overweight","Did not drink fruit juice","Did not eat fruit","Did not eat green salad","3 times per day",NA,NA,"1 day","5 or more hours per day","No playing video/computer game",NA,"No","7 hours",NA,NA,NA
"14 years old","Male","9th grade","No","Black or African American",1.73,68.04,"Never wore a helmet","Sometimes","0 days","0 times","No","No","No","0 days","0 days","Heterosexual (straight)","About the right weight","4 to 6 times","4 to 6 times","Did not eat green salad","4 to 6 times","1 to 3 glasses","7 days","0 days","5 or more hours per day","No playing video/computer game","1 team","No","5 hours","4 to 6 times","Did not drink water","0 times"
"16 years old","Female","11th grade","No","Black or African American",1.52,63.5,"Did not ride a bicycle","Most of the time","0 days","0 times","Yes","Yes","Yes","0 days","0 days","Heterosexual (straight)","Slightly overweight","4 to 6 times","1 to 3 times","1 time per day","4 to 6 times","Did not drink milk","3 days","4 days","4 hours per day","Less than 1 hour per day","0 teams","No","6 hours","1 to 3 times","4 to 6 times","0 times"
"15 years old","Female","10th grade","No","Multiple - Non-Hispanic",1.65,53.98,"Never wore a helmet","Most of the time","I did not drive the past 30 days","2 or 3 times","Yes","Yes","Yes","All 30 days","6 to 9 days",NA,"Slightly overweight","3 times per day","1 to 3 times","Did not eat green salad","1 to 3 times","4 to 6 glasses","4 days","5 days","2 hours per day","No playing video/computer game","1 team","Yes","6 hours","1 to 3 times","1 to 3 times","0 times"
"15 years old","Female","9th grade","No","Black or African American",1.7,58.51,"Did not ride a bicycle","Always","I did not drive the past 30 days","12 or more times","Yes","Yes","No","0 days","0 days","bisexual","About the right weight","1 to 3 times","1 to 3 times","Did not eat green salad","1 to 3 times","1 to 3 glasses","0 days","6 days","5 or more hours per day","4 hours per day","2 teams","Yes","7 hours","4 or more times per day","4 or more times per day","0 times"
"16 years old","Male","11th grade","Yes","Hispanic/Latino",1.78,60.33,"Never wore a helmet","Rarely","0 days","0 times","No","No","Yes","0 days","1 or 2 days","Heterosexual (straight)","Very underweight","1 to 3 times","1 time per day","1 to 3 times","4 to 6 times","4 to 6 glasses","4 days","1 day","5 or more hours per day","5 or more hours per day","0 teams","No","7 hours","1 to 3 times","4 to 6 times","1 times"
"17 years old","Male","11th grade","No","White",1.88,77.11,"Never wore a helmet","Sometimes","All 30 days","0 times","No","No","No","0 days","0 days","Heterosexual (straight)","Slightly underweight","Did not drink fruit juice","Did not eat fruit","1 to 3 times","1 time per day","4 to 6 glasses","3 days","2 days","No TV on average school day","Less than 1 hour per day","0 teams","No","7 hours","Did not drink sports drink","1 to 3 times","2 times"
"16 years old","Female","11th grade","No","White",1.63,74.39,"Did not ride a bicycle","Most of the time","0 days","0 times","Yes","No","Yes","1 or 2 days","0 days","Heterosexual (straight)","About the right weight","2 times per day","2 times per day","Did not eat green salad","4 or more times per day","4 or more glasses per day","3 days","1 day","2 hours per day","No playing video/computer game","0 teams","No","6 hours","4 or more times per day","2 times per day","4 times"
"17 years old","Female","12th grade","No","White",1.75,63.5,"Never wore a helmet","Always","3 to 5 days","0 times","Yes","No","Yes","0 days","0 days","bisexual","About the right weight","1 to 3 times","1 time per day","Did not eat green salad","1 to 3 times","4 to 6 glasses","7 days","3 days","2 hours per day","2 hours per day","0 teams","No","9 hours","Did not drink sports drink","1 time per day","0 times"
"17 years old","Male","12th grade","Yes","Hispanic/Latino",1.7,72.58,"Rarely wore a helmet","Sometimes",NA,"0 times","No","No","No","0 days","1 or 2 days","Heterosexual (straight)","About the right weight","4 or more times per day","4 or more times per day","4 or more times per day","1 to 3 times","1 to 3 glasses","7 days","5 days","5 or more hours per day","5 or more hours per day","1 team","No","6 hours","1 to 3 times","4 or more times per day","0 times"
"16 years old","Male","10th grade","Yes","Hispanic/Latino",1.7,62.6,"Never wore a helmet","Always","I did not drive the past 30 days","0 times","No","No","No","0 days","0 days","Heterosexual (straight)","About the right weight","4 to 6 times","1 time per day","Did not eat green salad","1 to 3 times","1 to 3 glasses","7 days","5 days","1 hour per day","2 hours per day","1 team","No","6 hours","1 to 3 times","4 to 6 times","0 times"
"15 years old","Male","10th grade","No","White",1.8,72.58,NA,NA,"I did not drive the past 30 days",NA,"No","No","No","0 days","0 days","Heterosexual (straight)","About the right weight","2 times per day","Did not eat fruit","Did not eat green salad","1 to 3 times",NA,NA,"7 days","No TV on average school day","2 hours per day",NA,"No","7 hours",NA,NA,NA
"16 years old","Female","10th grade","No","White",1.57,61.24,"Did not ride a bicycle","Most of the time","0 days","0 times","No","No","No","0 days","0 days","Heterosexual (straight)","Slightly overweight","4 to 6 times","4 to 6 times","Did not eat green salad","1 to 3 times","3 glasses per day","7 days","7 days","Less than 1 hour per day","Less than 1 hour per day","2 teams","No","5 hours","1 to 3 times","4 or more times per day","1 times"
"16 years old","Female","11th grade","No","White",1.7,56.7,"Never wore a helmet","Always","All 30 days","0 times","No","No","Yes","0 days","0 days","Heterosexual (straight)","Slightly underweight","1 to 3 times","Did not eat fruit","1 to 3 times","2 times per day","Did not drink milk","0 days","2 days","Less than 1 hour per day","No playing video/computer game","0 teams","No","7 hours","1 to 3 times","Did not drink water","5 or more times"
"15 years old","Male","10th grade","No","White",1.68,90.72,NA,NA,"0 days",NA,"No","No","No","0 days","0 days","Heterosexual (straight)","Slightly overweight","1 to 3 times","1 to 3 times","1 to 3 times","Did not drink soda or pop",NA,NA,"5 days","1 hour per day","No playing video/computer game",NA,"Yes","7 hours",NA,NA,NA
"18 years old or older","Male","12th grade","No","White",1.83,74.84,"Most of the time wore a helmet","Always","3 to 5 days","0 times","No","No",NA,"0 days","0 days","Heterosexual (straight)","About the right weight","1 to 3 times","1 to 3 times","1 to 3 times","1 to 3 times","1 glass per day","4 days","0 days","1 hour per day","Less than 1 hour per day","1 team","Yes","7 hours","Did not drink sports drink","2 times per day","1 times"
"15 years old","Female","9th grade","No","Black or African American",1.73,95.26,"Never wore a helmet","Always","0 days",NA,"No","No","No","0 days","0 days","Not sure","Very overweight","1 time per day","4 to 6 times","1 to 3 times","1 to 3 times","1 glass per day","6 days","4 days","Less than 1 hour per day","Less than 1 hour per day","0 teams","No","8 hours",NA,NA,NA
"17 years old","Female","12th grade","No","White",1.52,49.9,"Did not ride a bicycle","Sometimes","0 days","0 times","No","No","No","6 to 9 days","3 to 5 days","Heterosexual (straight)","About the right weight","1 to 3 times","4 to 6 times","1 to 3 times","1 to 3 times","Did not drink milk","2 days","1 day","2 hours per day","3 hours per day","1 team","Yes","5 hours","Did not drink sports drink","Did not drink water","3 times"
"15 years old","Male","10th grade","Yes","Multiple - Hispanic / Latino",1.75,58.97,"Did not ride a bicycle","Most of the time","I did not drive the past 30 days","0 times","No","No","No","0 days",NA,"Heterosexual (straight)","About the right weight","Did not drink fruit juice","3 times per day","Did not eat green salad","Did not drink soda or pop","Did not drink milk","7 days","7 days","No TV on average school day","Less than 1 hour per day","3 or more teams","Yes","9 hours","Did not drink sports drink","3 times per day","0 times"
"17 years old","Female","11th grade","Yes","Multiple - Hispanic / Latino",1.63,49.9,"Never wore a helmet","Most of the time","All 30 days","0 times","No","Yes","Yes","0 days","1 or 2 days","Heterosexual (straight)","About the right weight","1 time per day","1 time per day","1 time per day","1 to 3 times","1 glass per day","3 days","1 day","2 hours per day","5 or more hours per day","0 teams","No","8 hours",NA,NA,NA
"15 years old","Male","10th grade","No","White",1.78,68.04,NA,NA,"0 days",NA,"No","No","Yes",NA,"3 to 5 days","Heterosexual (straight)","About the right weight","Did not drink fruit juice","2 times per day","Did not eat green salad","2 times per day",NA,NA,"5 days","4 hours per day","4 hours per day",NA,"No","8 hours",NA,NA,NA
"15 years old","Female","10th grade","Yes","Multiple - Hispanic / Latino",1.63,51.71,"Never wore a helmet","Most of the time","I did not drive the past 30 days","0 times","Yes","No","Yes","0 days","1 or 2 days","Heterosexual (straight)","Slightly underweight","1 to 3 times","4 to 6 times","1 to 3 times","Did not drink soda or pop","Did not drink milk","0 days","7 days","No TV on average school day","4 hours per day","2 teams","Yes","6 hours","2 times per day","1 time per day","5 or more times"
"15 years old","Female","9th grade","No","White",1.65,56.7,NA,"Always","I did not drive the past 30 days","0 times","Yes","Yes","No","0 days",NA,"Heterosexual (straight)","About the right weight","1 to 3 times","4 to 6 times","Did not eat green salad","1 to 3 times","1 to 3 glasses","4 days","2 days",NA,NA,NA,NA,"6 hours",NA,NA,NA
"15 years old","Male","9th grade","No","White",1.73,68.04,"Never wore a helmet","Always","0 days","0 times","No","No","No","0 days","0 days","Gay or lesbian","About the right weight","Did not drink fruit juice","1 to 3 times","Did not eat green salad","Did not drink soda or pop","Did not drink milk","0 days","2 days","2 hours per day","3 hours per day","0 teams","No","7 hours","Did not drink sports drink","2 times per day","0 times"
"17 years old","Female","12th grade","No","White",1.73,65.77,"Did not ride a bicycle","Always","All 30 days","0 times","No","No","No","0 days","0 days","Heterosexual (straight)","About the right weight","1 to 3 times","1 to 3 times","1 to 3 times","1 to 3 times","1 to 3 glasses","3 days","5 days","3 hours per day","No playing video/computer game","1 team","No","7 hours","Did not drink sports drink","4 to 6 times","4 times"
"16 years old","Male","11th grade","No","White",1.85,97.98,NA,NA,"I did not drive the past 30 days",NA,"No","No","No","0 days","1 or 2 days","Heterosexual (straight)","Slightly overweight","Did not drink fruit juice","Did not eat fruit","Did not eat green salad","2 times per day",NA,NA,"7 days","5 or more hours per day","3 hours per day",NA,"No","5 hours",NA,NA,NA
"16 years old","Male","10th grade","No",NA,1.75,79.38,"Never wore a helmet","Never","0 days","0 times","No","No","No","0 days","0 days","Heterosexual (straight)","Slightly overweight","4 to 6 times","4 to 6 times","1 to 3 times","1 to 3 times","Did not drink milk","2 days","4 days","1 hour per day","2 hours per day","1 team","No","7 hours","Did not drink sports drink","3 times per day","0 times"
"17 years old","Female","11th grade","Yes","Multiple - Hispanic / Latino",1.5,61.24,"Did not ride a bicycle","Always","1 or 2 days","0 times","Yes","Yes","Yes","0 days","1 or 2 days","bisexual","Slightly overweight","1 to 3 times","3 times per day","1 to 3 times","Did not drink soda or pop","Did not drink milk","1 day","0 days","1 hour per day","5 or more hours per day","0 teams","No","8 hours","1 to 3 times","4 or more times per day","3 times"
"16 years old","Male","11th grade","Yes","Multiple - Hispanic / Latino",1.75,84.82,"Never wore a helmet","Always","I did not drive the past 30 days","0 times","No","No","No","0 days","1 or 2 days","Heterosexual (straight)","About the right weight","1 to 3 times","4 to 6 times","1 to 3 times","1 to 3 times","2 glasses per day","7 days","7 days","1 hour per day","3 hours per day","1 team","No","7 hours",NA,NA,NA
"18 years old or older","Female","12th grade","No","Black or African American",1.63,54.89,NA,"Most of the time","0 days",NA,"No","No","Yes","0 days","0 days","Heterosexual (straight)","About the right weight","3 times per day","1 time per day","1 to 3 times","1 time per day",NA,"0 days","0 days","5 or more hours per day","5 or more hours per day",NA,NA,NA,NA,NA,NA
"14 years old","Female","9th grade","No","Am Indian / Alaska Native",1.68,52.16,NA,NA,"I did not drive the past 30 days",NA,"No","No","No","0 days","0 days","Heterosexual (straight)","About the right weight","2 times per day","4 to 6 times","4 to 6 times","1 to 3 times",NA,NA,"5 days","1 hour per day","Less than 1 hour per day",NA,"No","7 hours",NA,NA,NA
"17 years old","Male","11th grade","Yes","Multiple - Hispanic / Latino",1.6,58.97,"Did not ride a bicycle","Always",NA,"0 times","No","No","No","0 days","0 days","Heterosexual (straight)","Slightly overweight","4 to 6 times","1 to 3 times","1 to 3 times","4 to 6 times","1 to 3 glasses","6 days","3 days","No TV on average school day","No playing video/computer game","0 teams","No","7 hours","1 to 3 times","4 or more times per day","0 times"
"16 years old","Male","10th grade","No","White",1.75,54.43,"Never wore a helmet","Always","0 days","0 times","No","No","No","0 days","0 days","Heterosexual (straight)","Slightly underweight","1 to 3 times","1 to 3 times","Did not eat green salad","1 time per day","1 glass per day","7 days","7 days","3 hours per day","5 or more hours per day","2 teams","No","5 hours","1 time per day","4 to 6 times","1 times"
"16 years old","Female","10th grade","No","White",1.55,56.7,NA,"Always","0 days",NA,"No","Yes","No","0 days","0 days","Heterosexual (straight)","Slightly overweight","Did not drink fruit juice","2 times per day","1 to 3 times","Did not drink soda or pop",NA,"7 days","3 days","Less than 1 hour per day","No playing video/computer game",NA,NA,NA,NA,NA,NA
"14 years old","Female","9th grade","Yes","Hispanic/Latino",1.52,56.7,NA,"Rarely","I did not drive the past 30 days",NA,"No","No","No","0 days",NA,"Heterosexual (straight)","About the right weight","Did not drink fruit juice","2 times per day","Did not eat green salad","2 times per day",NA,"2 days","0 days","Less than 1 hour per day","Less than 1 hour per day",NA,NA,NA,NA,NA,NA
"17 years old","Male","12th grade","Yes","Hispanic/Latino",1.65,99.34,"Never wore a helmet","Never","I did not drive the past 30 days","2 or 3 times","No","No","No","0 days","0 days","Heterosexual (straight)","Slightly overweight","4 to 6 times","Did not eat fruit","Did not eat green salad","Did not drink soda or pop","4 to 6 glasses","4 days","0 days","1 hour per day","Less than 1 hour per day","0 teams","No","4 or less hours","4 to 6 times","4 to 6 times","0 times"
"18 years old or older","Female","Ungraded or other grade","No","White",1.65,64.41,"Always wore a helmet","Always","20 to 29 days","0 times","Yes","No","No","0 days","0 days",NA,"Slightly overweight","Did not drink fruit juice","1 to 3 times","1 to 3 times","1 to 3 times","1 glass per day","7 days","7 days","Less than 1 hour per day","1 hour per day","0 teams","No","7 hours","Did not drink sports drink","3 times per day","5 or more times"
"14 years old","Male","9th grade","No","White",1.73,53.52,NA,NA,"0 days",NA,"No","Yes","No","0 days","3 to 5 days","Heterosexual (straight)","About the right weight","4 to 6 times","1 to 3 times","Did not eat green salad","4 to 6 times",NA,NA,"5 days","2 hours per day","2 hours per day",NA,"No","8 hours",NA,NA,NA
"15 years old","Female","10th grade","No","Am Indian / Alaska Native",1.63,56.7,"Never wore a helmet","Most of the time",NA,"12 or more times","No","No","No","0 days","0 days","Heterosexual (straight)","Slightly overweight","1 to 3 times","4 to 6 times","Did not eat green salad","1 to 3 times","2 glasses per day","7 days","0 days","2 hours per day","4 hours per day","1 team","No","8 hours","Did not drink sports drink","2 times per day","1 times"
"16 years old","Female","10th grade","Yes","Hispanic/Latino",1.75,74.39,"Never wore a helmet","Always","I did not drive the past 30 days","0 times","No","No","No","0 days","0 days","Heterosexual (straight)","About the right weight","1 to 3 times","4 to 6 times","1 to 3 times","1 to 3 times","1 to 3 glasses","7 days","1 day","Less than 1 hour per day","Less than 1 hour per day","0 teams","No","4 or less hours","1 to 3 times","1 to 3 times","0 times"
"18 years old or older","Female","12th grade",NA,NA,NA,NA,"Did not ride a bicycle","Sometimes","I did not drive the past 30 days","0 times","No","No","No","0 days","0 days","Heterosexual (straight)",NA,"Did not drink fruit juice","1 to 3 times","1 to 3 times","1 to 3 times","4 to 6 glasses","7 days","0 days","No TV on average school day","3 hours per day","0 teams","No","6 hours","Did not drink sports drink","4 or more times per day","0 times"
"14 years old","Female","9th grade","No","White",1.6,64.41,NA,NA,"I did not drive the past 30 days",NA,"No","No","Yes","1 or 2 days","1 or 2 days","Heterosexual (straight)","About the right weight","4 to 6 times","1 time per day","1 to 3 times","Did not drink soda or pop",NA,NA,"5 days","1 hour per day","No playing video/computer game",NA,"No","7 hours",NA,NA,NA
"17 years old","Female","11th grade","Yes","Multiple - Hispanic / Latino",1.7,86.18,"Did not ride a bicycle","Sometimes","1 or 2 days","1 time","Yes","Yes","Yes","3 to 5 days","All 30 days","Heterosexual (straight)","Slightly overweight","4 or more times per day","4 or more times per day","4 or more times per day","Did not drink soda or pop","Did not drink milk","7 days","3 days","Less than 1 hour per day","5 or more hours per day","0 teams","No","10 or more hours","Did not drink sports drink","4 or more times per day","0 times"
"17 years old","Male","11th grade","Yes","Hispanic/Latino",1.75,55.79,"Never wore a helmet","Always","I did not drive the past 30 days","0 times","No","No","Yes","0 days","0 days","Heterosexual (straight)","Slightly underweight","4 to 6 times","1 to 3 times","Did not eat green salad","1 to 3 times","2 glasses per day","7 days","1 day","No TV on average school day","4 hours per day","3 or more teams","No","6 hours","Did not drink sports drink","1 time per day","3 times"
"14 years old","Male","9th grade","No","White",1.68,65.77,"Did not ride a bicycle","Always","I did not drive the past 30 days","1 time","Yes","No","No","0 days","0 days",NA,"About the right weight","2 times per day","4 to 6 times","4 to 6 times","1 to 3 times","4 to 6 glasses","7 days","5 days","Less than 1 hour per day","4 hours per day","1 team","No","7 hours","Did not drink sports drink","3 times per day","0 times"
"16 years old","Male","11th grade","Yes","Hispanic/Latino",1.57,77.11,"Never wore a helmet","Always","I did not drive the past 30 days","0 times","No","No","Yes","0 days","3 to 5 days","Heterosexual (straight)","Slightly overweight","1 to 3 times","1 time per day","1 to 3 times","1 to 3 times","Did not drink milk","0 days","5 days","No TV on average school day","5 or more hours per day","0 teams","No","7 hours",NA,NA,NA
"14 years old","Male","9th grade","No","Multiple - Non-Hispanic",1.83,61.69,"Never wore a helmet","Always","0 days","0 times","No","No","No","0 days","0 days","Heterosexual (straight)","About the right weight","1 to 3 times","1 to 3 times","1 to 3 times","1 to 3 times","4 to 6 glasses","7 days","7 days","2 hours per day","2 hours per day","1 team","No","6 hours","4 or more times per day","Did not drink water","1 times"
"15 years old","Male","9th grade","No","Black or African American",1.68,56.7,"Never wore a helmet","Sometimes","0 days","0 times","No","No","No","0 days","0 days","Heterosexual (straight)","About the right weight","Did not drink fruit juice","1 to 3 times","Did not eat green salad","4 to 6 times","Did not drink milk","5 days","0 days","No TV on average school day","5 or more hours per day","2 teams","Yes","7 hours","1 to 3 times","1 to 3 times","0 times"
"17 years old","Male","11th grade","No","White",1.7,89.36,NA,"Always","I did not drive the past 30 days",NA,"No","No","No","0 days","0 days","Heterosexual (straight)","Slightly overweight","1 to 3 times","4 to 6 times","1 to 3 times","1 to 3 times",NA,"7 days","7 days","2 hours per day","1 hour per day",NA,NA,NA,NA,NA,NA
"15 years old","Female","9th grade","No","Multiple - Non-Hispanic",1.65,48.99,"Never wore a helmet","Always","I did not drive the past 30 days","0 times","No","No","No","0 days","0 days","Heterosexual (straight)","About the right weight","1 to 3 times","1 to 3 times","4 to 6 times","2 times per day","4 to 6 glasses","5 days","7 days","4 hours per day","5 or more hours per day","2 teams","No","8 hours","4 or more times per day","1 to 3 times","5 or more times"
"14 years old","Female","9th grade","No","Black or African American",1.47,48.08,"Never wore a helmet","Most of the time","I did not drive the past 30 days","0 times","No","No","No","0 days","0 days","bisexual","About the right weight","Did not drink fruit juice","1 to 3 times","1 to 3 times","1 to 3 times","1 to 3 glasses","0 days","0 days","No TV on average school day","No playing video/computer game","1 team","No","8 hours",NA,NA,NA
"16 years old","Male","10th grade","No","Multiple - Non-Hispanic",1.83,100.7,"Always wore a helmet","Always","I did not drive the past 30 days","0 times","No","No","No","0 days","0 days","Heterosexual (straight)","Slightly overweight","4 to 6 times","4 to 6 times","Did not eat green salad","1 to 3 times","4 to 6 glasses","3 days","7 days","Less than 1 hour per day","4 hours per day","1 team","No","8 hours","1 to 3 times","4 to 6 times","2 times"
"18 years old or older","Female","12th grade","No","White",1.65,79.38,"Did not ride a bicycle","Always","1 or 2 days","0 times","No","No","Yes","1 or 2 days","10 to 19 days","Heterosexual (straight)","Slightly overweight","Did not drink fruit juice","1 to 3 times","Did not eat green salad","1 to 3 times","4 to 6 glasses","2 days","3 days","1 hour per day","No playing video/computer game","0 teams","No","6 hours","Did not drink sports drink","1 time per day","1 times"
"14 years old","Male","9th grade","Yes","Hispanic/Latino",1.68,73.48,"Never wore a helmet","Most of the time","0 days","4 or 5 times","No","No","No","0 days","3 to 5 days","Heterosexual (straight)","Slightly overweight","1 to 3 times","4 to 6 times","1 to 3 times","1 to 3 times","1 to 3 glasses","7 days","4 days","Less than 1 hour per day","Less than 1 hour per day","3 or more teams","No","6 hours",NA,NA,NA
"14 years old","Male","9th grade","No","Native Hawaiian/other PI",1.65,79.38,"Did not ride a bicycle","Most of the time","I did not drive the past 30 days","0 times","Yes","Yes","No","0 days","1 or 2 days","Heterosexual (straight)","Very overweight","2 times per day","4 to 6 times","Did not eat green salad","4 to 6 times","Did not drink milk","5 days","1 day","Less than 1 hour per day","No playing video/computer game","1 team","Not sure","6 hours",NA,NA,NA
"15 years old","Female","10th grade","No","White",1.68,58.51,NA,NA,"I did not drive the past 30 days",NA,"No","No","No","0 days","0 days","bisexual","About the right weight","Did not drink fruit juice","1 to 3 times","1 to 3 times","Did not drink soda or pop",NA,NA,"0 days","3 hours per day","Less than 1 hour per day",NA,"No","8 hours",NA,NA,NA
"14 years old","Male","9th grade","No","White",1.6,50.8,"Did not ride a bicycle","Most of the time","0 days","1 time","No","No","No","0 days","0 days",NA,"Slightly underweight","4 to 6 times","1 to 3 times","1 to 3 times","2 times per day","3 glasses per day","3 days","7 days","1 hour per day","5 or more hours per day","3 or more teams","Yes","7 hours","4 to 6 times","4 or more times per day","5 or more times"
"15 years old","Male","9th grade","No","White",1.73,89.81,"Most of the time wore a helmet","Always","I did not drive the past 30 days","0 times","No","No","No","0 days","0 days","Heterosexual (straight)","Slightly overweight","Did not drink fruit juice","4 to 6 times","1 to 3 times","1 to 3 times","3 glasses per day","7 days","6 days","3 hours per day","4 hours per day","0 teams","Yes","7 hours","Did not drink sports drink","4 to 6 times","0 times"
"15 years old","Male","9th grade","No","Black or African American",1.75,52.16,"Did not ride a bicycle","Always","I did not drive the past 30 days","1 time","No","No","No","0 days","0 days",NA,"Slightly underweight","4 to 6 times","1 to 3 times","Did not eat green salad","1 to 3 times","1 to 3 glasses","7 days","5 days","2 hours per day","5 or more hours per day","0 teams","Yes","8 hours","Did not drink sports drink","1 to 3 times","0 times"
"18 years old or older","Male","12th grade","No","Black or African American",NA,NA,"Never wore a helmet","Most of the time",NA,"0 times","No","No","No","0 days","0 days","Heterosexual (straight)","About the right weight","1 to 3 times","1 to 3 times","Did not eat green salad","1 to 3 times",NA,"0 days","5 days","No TV on average school day","3 hours per day","0 teams","No","6 hours","1 to 3 times","1 to 3 times","0 times"
"18 years old or older","Male","12th grade","Yes","Hispanic/Latino",NA,NA,"Never wore a helmet","Always","6 to 9 days","0 times","No","No","No","1 or 2 days","10 to 19 days","Heterosexual (straight)","Very overweight","1 to 3 times","4 to 6 times","Did not eat green salad","4 to 6 times","Did not drink milk","4 days","4 days","2 hours per day","5 or more hours per day","0 teams","No","7 hours","4 to 6 times","4 to 6 times","0 times"
"17 years old","Male","10th grade","No","White",1.93,77.11,"Never wore a helmet","Always","1 or 2 days","0 times","No","No","No","0 days","0 days","Heterosexual (straight)","Slightly underweight","4 to 6 times","4 to 6 times","Did not eat green salad","4 or more times per day","1 to 3 glasses","0 days","6 days","No TV on average school day","3 hours per day","2 teams","No","6 hours","1 to 3 times","1 to 3 times","2 times"
"16 years old","Female","11th grade","No","White",1.7,55.34,"Sometimes wore a helmet","Always","0 days","0 times","No","No","Yes","0 days","1 or 2 days","Heterosexual (straight)","Slightly underweight","1 to 3 times","4 to 6 times","1 time per day","Did not drink soda or pop","1 glass per day","4 days","4 days","No TV on average school day","2 hours per day","2 teams","No","7 hours","1 to 3 times","3 times per day","2 times"
"18 years old or older","Female","11th grade","No","Asian",NA,NA,"Did not ride a bicycle","Always","I did not drive the past 30 days","0 times","No","No","No","0 days","0 days","Heterosexual (straight)","About the right weight","1 to 3 times","1 to 3 times","1 to 3 times","1 to 3 times","1 to 3 glasses","0 days","0 days","2 hours per day","2 hours per day","0 teams","Yes","6 hours","1 to 3 times","1 time per day","0 times"
"14 years old","Male","9th grade","No","Multiple - Non-Hispanic",1.65,73.03,"Always wore a helmet","Always","I did not drive the past 30 days","1 time","No","No","Yes","0 days","0 days","Heterosexual (straight)","Slightly overweight","Did not drink fruit juice","Did not eat fruit","1 to 3 times","1 time per day","1 to 3 glasses","6 days","6 days","Less than 1 hour per day","5 or more hours per day","0 teams","Yes","5 hours","Did not drink sports drink","1 time per day","0 times"
"16 years old","Male","10th grade","Yes","Multiple - Hispanic / Latino",1.8,74.84,NA,NA,"I did not drive the past 30 days",NA,NA,NA,"Yes",NA,NA,NA,"Slightly overweight","Did not drink fruit juice","2 times per day","1 to 3 times","4 to 6 times",NA,NA,"0 days","Less than 1 hour per day","5 or more hours per day",NA,NA,"6 hours",NA,NA,NA
"17 years old","Female","12th grade","No","White",1.57,48.54,NA,NA,"I did not drive the past 30 days",NA,"No","No","Yes","All 30 days","6 to 9 days","Not sure","Slightly underweight","4 or more times per day","4 or more times per day","1 to 3 times","4 to 6 times",NA,NA,"0 days","No TV on average school day","1 hour per day",NA,"Yes","8 hours",NA,NA,NA
"16 years old","Male","10th grade","Yes","Hispanic/Latino",1.65,54.43,"Did not ride a bicycle","Always","0 days","0 times","No","No","Yes","0 days","0 days","Heterosexual (straight)","About the right weight","1 to 3 times","1 to 3 times","Did not eat green salad","1 to 3 times","4 to 6 glasses","2 days","4 days","Less than 1 hour per day","Less than 1 hour per day","2 teams","No","4 or less hours","4 to 6 times","3 times per day","1 times"
"17 years old","Male","11th grade","Yes","Hispanic/Latino",1.75,73.48,"Never wore a helmet","Always","0 days","0 times","No","No","No",NA,"0 days","Heterosexual (straight)","Slightly overweight","1 to 3 times","3 times per day","1 to 3 times","4 to 6 times","3 glasses per day","0 days","4 days","2 hours per day","1 hour per day","1 team","No","7 hours","1 to 3 times","4 or more times per day","1 times"
"16 years old","Female","10th grade","Yes","Multiple - Hispanic / Latino",1.63,96.62,"Never wore a helmet","Sometimes","0 days","0 times","No","No","No","0 days","0 days","Heterosexual (straight)","Very overweight","1 to 3 times","4 to 6 times","4 to 6 times","Did not drink soda or pop","Did not drink milk","0 days","7 days","3 hours per day","No playing video/computer game","0 teams","Yes","8 hours","4 to 6 times","4 to 6 times","0 times"
"17 years old","Female","12th grade","No","White",1.63,65.77,NA,NA,"3 to 5 days",NA,"No","No","No","0 days","0 days","Heterosexual (straight)","Very overweight","1 to 3 times","Did not eat fruit","4 to 6 times","1 to 3 times",NA,NA,"4 days","2 hours per day","No playing video/computer game",NA,"No","7 hours",NA,NA,NA
"15 years old","Male","10th grade","Yes","Hispanic/Latino",1.7,95.26,"Sometimes wore a helmet","Always","0 days","0 times","No","No","No","0 days","0 days","Heterosexual (straight)","Slightly overweight","Did not drink fruit juice","1 time per day","1 time per day","1 time per day","4 or more glasses per day","4 days","7 days","5 or more hours per day","5 or more hours per day","0 teams","Yes","6 hours","Did not drink sports drink","2 times per day","1 times"
"14 years old","Male","9th grade","No","Black or African American",1.63,59.42,"Did not ride a bicycle","Always","I did not drive the past 30 days",NA,"No","No","Yes","0 days","3 to 5 days","Heterosexual (straight)","About the right weight","4 or more times per day","3 times per day","Did not eat green salad","3 times per day","Did not drink milk","5 days","7 days","Less than 1 hour per day","5 or more hours per day","1 team","No","8 hours","2 times per day","2 times per day","0 times"
"16 years old","Male","10th grade","Yes","Hispanic/Latino",1.8,72.58,"Never wore a helmet","Most of the time","0 days","0 times","No","No","No","0 days","All 30 days","Heterosexual (straight)","Slightly underweight","Did not drink fruit juice","1 to 3 times","Did not eat green salad","4 to 6 times","1 to 3 glasses","7 days","7 days","5 or more hours per day","Less than 1 hour per day","3 or more teams","No","5 hours","1 to 3 times","4 or more times per day","0 times"
"14 years old","Female","9th grade","No","White",1.55,41.28,NA,"Always","I did not drive the past 30 days","0 times","No","No","No","0 days",NA,NA,"About the right weight","Did not drink fruit juice","1 time per day","4 to 6 times","Did not drink soda or pop",NA,"7 days","3 days","Less than 1 hour per day","Less than 1 hour per day",NA,NA,"7 hours",NA,"2 times per day",NA
"17 years old","Male","11th grade","No","White",1.7,63.5,"Always wore a helmet","Always","0 days","0 times","No","No","No","0 days","0 days","Heterosexual (straight)","About the right weight","4 to 6 times","1 time per day","1 to 3 times","Did not drink soda or pop","2 glasses per day","7 days","5 days","No TV on average school day","2 hours per day","3 or more teams","Yes","5 hours","Did not drink sports drink","3 times per day","3 times"
"17 years old","Male","11th grade","No","White",1.73,53.52,"Always wore a helmet","Always","0 days","0 times","No","No","No","0 days","0 days","Heterosexual (straight)","Slightly underweight",NA,NA,NA,NA,"4 to 6 glasses","7 days",NA,NA,NA,NA,"No","8 hours",NA,"4 to 6 times","0 times"
"16 years old","Female","11th grade","Yes","Multiple - Hispanic / Latino",1.63,78.47,"Did not ride a bicycle","Always",NA,"0 times","No","Yes","No","0 days","0 days","Heterosexual (straight)","About the right weight","1 to 3 times","4 to 6 times","Did not eat green salad","4 to 6 times","1 glass per day","5 days","1 day","2 hours per day","Less than 1 hour per day","3 or more teams","Yes","7 hours","1 to 3 times","4 or more times per day","1 times"
"16 years old","Male","11th grade","No","White",1.8,120.2,"Never wore a helmet","Sometimes",NA,"2 or 3 times","No","No","Yes","1 or 2 days","0 days","bisexual","Very overweight","1 to 3 times","1 to 3 times","1 to 3 times","2 times per day","1 to 3 glasses","6 days","1 day","3 hours per day","1 hour per day","0 teams","No","6 hours","4 to 6 times","1 to 3 times","0 times"
"14 years old","Female","9th grade","No","Black or African American",1.57,72.58,"Never wore a helmet","Sometimes","I did not drive the past 30 days","1 time","No","No","No","0 days","0 days","Heterosexual (straight)","Slightly overweight","Did not drink fruit juice","1 to 3 times","Did not eat green salad","1 to 3 times","Did not drink milk","1 day","1 day","3 hours per day","No playing video/computer game","2 teams","Yes","6 hours","1 to 3 times","4 to 6 times","0 times"
"15 years old","Female","10th grade","No",NA,NA,NA,"Never wore a helmet","Most of the time","I did not drive the past 30 days","2 or 3 times","No","No","Yes","0 days","6 to 9 days","Heterosexual (straight)","Very overweight","Did not drink fruit juice","1 to 3 times","Did not eat green salad","Did not drink soda or pop","Did not drink milk","5 days","0 days","Less than 1 hour per day","No playing video/computer game","0 teams","No","5 hours",NA,"2 times per day","2 times"
"16 years old","Female","10th grade","No","White",1.55,44.45,"Rarely wore a helmet","Most of the time","6 to 9 days","2 or 3 times","Yes","No","Yes","3 to 5 days","All 30 days","Heterosexual (straight)","Slightly underweight","1 to 3 times","3 times per day","1 to 3 times","1 time per day","1 to 3 glasses","2 days","5 days","Less than 1 hour per day","No playing video/computer game","1 team","Yes","4 or less hours","1 time per day","2 times per day","5 or more times"
"17 years old","Male","11th grade","No","White",NA,NA,"Never wore a helmet","Always","I did not drive the past 30 days","0 times","Yes","No","Yes","0 days","0 days","Heterosexual (straight)","Very underweight","1 to 3 times","Did not eat fruit","Did not eat green salad","4 to 6 times","1 glass per day","3 days","0 days","No TV on average school day","4 hours per day","0 teams","No","6 hours","Did not drink sports drink","Did not drink water","0 times"
"17 years old","Male","11th grade","Yes","Multiple - Hispanic / Latino",1.65,50.35,NA,"Never","I did not drive the past 30 days",NA,NA,"No","Yes",NA,"0 days","Not sure","Very overweight","Did not drink fruit juice","Did not eat fruit","Did not eat green salad","Did not drink soda or pop",NA,"0 days","0 days","No TV on average school day","No playing video/computer game",NA,NA,NA,NA,NA,NA
"15 years old","Female","9th grade","Yes","Multiple - Hispanic / Latino",1.7,61.24,"Never wore a helmet","Sometimes","I did not drive the past 30 days","2 or 3 times","Yes","Yes","Yes","0 days","0 days","Heterosexual (straight)","About the right weight","1 to 3 times","1 to 3 times","1 to 3 times","4 to 6 times","1 to 3 glasses","7 days","0 days","Less than 1 hour per day","5 or more hours per day","1 team","Yes","6 hours","4 to 6 times","3 times per day","1 times"
"14 years old","Female","9th grade","No","White",1.63,47.63,"Never wore a helmet","Always","I did not drive the past 30 days","1 time","Yes","Yes","Yes","1 or 2 days","3 to 5 days","Heterosexual (straight)","About the right weight","4 to 6 times","2 times per day","Did not eat green salad","2 times per day","1 glass per day","0 days","1 day","5 or more hours per day","5 or more hours per day","1 team","No","4 or less hours","2 times per day","4 to 6 times","5 or more times"
"17 years old","Female","11th grade","No","Black or African American",1.6,52.16,NA,"Always","I did not drive the past 30 days",NA,"No","No","Yes","0 days","0 days","bisexual","Very underweight","4 to 6 times","Did not eat fruit","Did not eat green salad","4 to 6 times",NA,"1 day","0 days","1 hour per day","No playing video/computer game",NA,NA,NA,NA,NA,NA
"16 years old","Male","11th grade","No","White",1.93,74.84,"Did not ride a bicycle","Most of the time","0 days","0 times","Yes","No","No","0 days","1 or 2 days","Heterosexual (straight)","About the right weight","Did not drink fruit juice","4 or more times per day","Did not eat green salad","1 to 3 times","4 or more glasses per day","7 days","5 days","5 or more hours per day","5 or more hours per day","0 teams","No","7 hours","4 or more times per day","4 or more times per day","0 times"
"16 years old","Female","10th grade","Yes","Hispanic/Latino",NA,NA,"Never wore a helmet","Most of the time","I did not drive the past 30 days","2 or 3 times","No","No","No","0 days","0 days","Heterosexual (straight)","About the right weight","1 to 3 times","2 times per day","1 to 3 times","1 to 3 times","4 to 6 glasses","4 days","5 days","No TV on average school day","Less than 1 hour per day","0 teams","No","7 hours","1 to 3 times","2 times per day","0 times"
"15 years old","Female","10th grade","No","Multiple - Non-Hispanic",1.65,58.97,"Did not ride a bicycle","Sometimes","I did not drive the past 30 days","2 or 3 times","No","No","Yes","20 to 29 days","All 30 days","Gay or lesbian","About the right weight","2 times per day","1 time per day","Did not eat green salad","4 to 6 times","1 to 3 glasses","2 days","2 days","1 hour per day","5 or more hours per day","0 teams","No","6 hours","Did not drink sports drink","1 to 3 times","0 times"
"17 years old","Male","11th grade","Yes","Multiple - Hispanic / Latino",1.75,80.74,"Never wore a helmet","Always","0 days","0 times","No","No","Yes","0 days","0 days","Heterosexual (straight)","Slightly overweight","1 time per day","1 to 3 times","1 to 3 times","Did not drink soda or pop","4 to 6 glasses","7 days","0 days","2 hours per day","Less than 1 hour per day","0 teams","No","7 hours",NA,NA,NA
"14 years old","Female","9th grade","No","Multiple - Non-Hispanic",1.57,91.17,"Never wore a helmet","Always","0 days","2 or 3 times","Yes","Yes","Yes","0 days","0 days","Not sure","Slightly overweight","Did not drink fruit juice","Did not eat fruit","1 to 3 times","1 to 3 times","1 to 3 glasses","7 days","2 days","No TV on average school day","No playing video/computer game","0 teams","Yes","9 hours","Did not drink sports drink","4 or more times per day","2 times"
"14 years old","Male","10th grade","Yes","Hispanic/Latino",NA,NA,NA,"Rarely","0 days",NA,"No","No","No","0 days","0 days","Heterosexual (straight)","Slightly overweight","2 times per day","Did not eat fruit","Did not eat green salad","4 to 6 times","Did not drink milk","2 days","7 days","1 hour per day","5 or more hours per day","0 teams","No","6 hours","Did not drink sports drink","3 times per day","2 times"
"15 years old","Female","10th grade","No","White",1.55,68.04,"Rarely wore a helmet","Sometimes",NA,"0 times","No","Yes","No","0 days","3 to 5 days","Heterosexual (straight)","Slightly overweight","1 to 3 times","2 times per day","1 to 3 times","1 to 3 times","1 to 3 glasses","5 days","5 days","2 hours per day","5 or more hours per day","2 teams","No","7 hours","1 to 3 times","2 times per day","3 times"
"17 years old","Female","12th grade","No","White",1.52,52.16,"Never wore a helmet","Always","1 or 2 days","0 times","No","No","Yes","0 days","0 days","Heterosexual (straight)","About the right weight","1 to 3 times","1 to 3 times","1 to 3 times","Did not drink soda or pop","2 glasses per day","7 days","7 days","No TV on average school day","No playing video/computer game","1 team","No","4 or less hours","Did not drink sports drink","4 or more times per day","0 times"
"16 years old","Female","10th grade","Yes","Hispanic/Latino",1.55,45.36,"Never wore a helmet","Most of the time","I did not drive the past 30 days","0 times","No","No","No","0 days","0 days","Heterosexual (straight)","Very overweight","4 to 6 times","1 to 3 times","1 time per day","Did not drink soda or pop","Did not drink milk","3 days","7 days","2 hours per day","No playing video/computer game","0 teams","Yes","6 hours","1 to 3 times","4 to 6 times","0 times"
"15 years old","Male","9th grade","No","White",1.7,61.24,NA,NA,"0 days",NA,"Yes","No","Yes","10 to 19 days","20 to 29 days","Heterosexual (straight)","About the right weight","Did not drink fruit juice","1 to 3 times","Did not eat green salad","4 or more times per day",NA,NA,"2 days","No TV on average school day","1 hour per day",NA,"No",NA,NA,NA,NA
"18 years old or older","Male","12th grade","No","Am Indian / Alaska Native",1.7,77.57,"Never wore a helmet","Rarely","0 days","10 or 11 times","No","No","No","All 30 days","1 or 2 days","Heterosexual (straight)","About the right weight","1 time per day","Did not eat fruit","Did not eat green salad","4 to 6 times","4 or more glasses per day","5 days","7 days","2 hours per day","No playing video/computer game","0 teams","No","7 hours","Did not drink sports drink","1 time per day","0 times"
"17 years old","Female","11th grade","No","Black or African American",1.65,64.41,"Did not ride a bicycle","Most of the time","6 to 9 days","0 times","No","No","Yes","0 days","0 days","Heterosexual (straight)","About the right weight","1 time per day","1 time per day","1 to 3 times","2 times per day","Did not drink milk","7 days","0 days","2 hours per day","No playing video/computer game","1 team","Yes","5 hours","Did not drink sports drink","1 to 3 times","0 times"
"16 years old","Male","11th grade","Yes","Hispanic/Latino",NA,NA,"Did not ride a bicycle","Always","I did not drive the past 30 days","0 times","Yes","No","No","0 days","0 days","Heterosexual (straight)","About the right weight","Did not drink fruit juice","2 times per day","Did not eat green salad","Did not drink soda or pop","2 glasses per day","7 days","6 days","No TV on average school day","5 or more hours per day","1 team","No","7 hours","Did not drink sports drink","4 or more times per day","1 times"
"15 years old","Female","10th grade","Yes","Hispanic/Latino",NA,NA,"Did not ride a bicycle","Always","I did not drive the past 30 days","0 times","No","Yes","Yes","0 days","6 to 9 days","bisexual","Slightly overweight","4 to 6 times","2 times per day","1 to 3 times","1 to 3 times","2 glasses per day","0 days","4 days","1 hour per day","2 hours per day","0 teams","No","5 hours","1 to 3 times","3 times per day","0 times"
"14 years old","Female","9th grade","Yes","Multiple - Hispanic / Latino",1.52,40.82,"Did not ride a bicycle","Always","I did not drive the past 30 days","0 times","Yes","No","No","0 days","0 days","Heterosexual (straight)","About the right weight","1 time per day","1 time per day","1 time per day","Did not drink soda or pop","Did not drink milk","1 day","5 days","5 or more hours per day","5 or more hours per day","1 team","No","7 hours","1 time per day","1 time per day","0 times"
"17 years old","Female","11th grade","No","White",1.7,74.84,"Did not ride a bicycle","Most of the time","All 30 days","1 time","No","No","No","1 or 2 days","0 days","Heterosexual (straight)","Slightly overweight","Did not drink fruit juice","1 to 3 times","Did not eat green salad","4 to 6 times","Did not drink milk","0 days","5 days","2 hours per day","1 hour per day","0 teams","No","5 hours","4 to 6 times","4 to 6 times","2 times"
"14 years old","Male","9th grade","Yes","Multiple - Hispanic / Latino",1.57,49.9,"Never wore a helmet","Most of the time","I did not drive the past 30 days","0 times","No","No","No","0 days","0 days","Heterosexual (straight)","About the right weight","1 to 3 times","4 to 6 times","Did not eat green salad","Did not drink soda or pop","1 glass per day","1 day","5 days","1 hour per day","3 hours per day","0 teams","No","8 hours","1 time per day","1 to 3 times","0 times"
"15 years old","Male","9th grade","No","White",1.78,63.5,"Sometimes wore a helmet","Most of the time","I did not drive the past 30 days","1 time","No","No","No","0 days","0 days","Heterosexual (straight)","About the right weight","1 to 3 times","4 to 6 times","Did not eat green salad","1 to 3 times","4 to 6 glasses","0 days","7 days","Less than 1 hour per day","3 hours per day","1 team","No","6 hours","1 to 3 times","4 or more times per day","0 times"
"14 years old","Male","9th grade","No","White",1.73,68.04,NA,NA,NA,NA,NA,NA,"Yes",NA,"3 to 5 days","bisexual","Very underweight","1 to 3 times","4 to 6 times","4 to 6 times","Did not drink soda or pop",NA,NA,"1 day","1 hour per day","Less than 1 hour per day",NA,NA,"6 hours",NA,NA,NA
"17 years old","Female","11th grade","No","White",1.5,47.63,"Never wore a helmet","Always","0 days","0 times","No","No","Yes","0 days","0 days","Not sure","Slightly underweight","1 to 3 times","1 to 3 times","4 or more times per day","4 or more times per day","Did not drink milk","0 days","4 days","5 or more hours per day","5 or more hours per day","0 teams","No","4 or less hours","Did not drink sports drink","4 or more times per day","0 times"
"16 years old","Female","10th grade","Yes","Hispanic/Latino",1.7,98.43,"Never wore a helmet","Most of the time","1 or 2 days","1 time","No","No","Yes","0 days","1 or 2 days","Heterosexual (straight)","About the right weight","1 to 3 times","4 to 6 times","1 time per day","2 times per day","1 glass per day","4 days","5 days","5 or more hours per day","5 or more hours per day","0 teams","No","7 hours","1 to 3 times","4 or more times per day","3 times"
"17 years old","Male","11th grade","Yes","Hispanic/Latino",1.65,55.79,NA,"Sometimes","I did not drive the past 30 days",NA,"No","No","Yes","0 days","0 days","Heterosexual (straight)","About the right weight","1 to 3 times","1 to 3 times","Did not eat green salad","1 to 3 times",NA,"0 days","3 days","No TV on average school day","No playing video/computer game",NA,NA,NA,NA,NA,NA
"15 years old","Female","9th grade","No","White",1.52,51.71,"Never wore a helmet","Most of the time",NA,"0 times","Yes","Yes","Yes","3 to 5 days","0 days","bisexual","About the right weight","1 to 3 times","4 to 6 times","Did not eat green salad","4 to 6 times","4 or more glasses per day","4 days","3 days","2 hours per day","4 hours per day","0 teams","No","7 hours","Did not drink sports drink","3 times per day","2 times"
"15 years old","Male","10th grade","Yes","Multiple - Hispanic / Latino",1.6,65.77,NA,NA,"I did not drive the past 30 days",NA,"Yes","No","Yes","0 days","0 days","Heterosexual (straight)","Slightly overweight","4 to 6 times","4 to 6 times","Did not eat green salad","1 to 3 times",NA,NA,"1 day","5 or more hours per day","Less than 1 hour per day",NA,"No","6 hours",NA,NA,NA
"16 years old","Male","11th grade","No","White",1.75,59.88,"Did not ride a bicycle","Always","I did not drive the past 30 days","4 or 5 times","No","No","No","0 days","0 days","Heterosexual (straight)","Slightly underweight","1 time per day","4 to 6 times","Did not eat green salad","4 to 6 times","1 glass per day","7 days","0 days","No TV on average school day","3 hours per day","0 teams","No","8 hours","Did not drink sports drink","3 times per day","0 times"
"14 years old","Female","9th grade","No","White",1.65,53.52,"Never wore a helmet","Most of the time","I did not drive the past 30 days","0 times","No","No","No","0 days","0 days","Heterosexual (straight)","About the right weight","1 to 3 times","1 to 3 times","1 to 3 times","Did not drink soda or pop","4 to 6 glasses","7 days","7 days","2 hours per day","2 hours per day","2 teams","No","7 hours","4 to 6 times","4 or more times per day","1 times"
"17 years old","Female","11th grade","No","Black or African American",1.52,78.02,"Did not ride a bicycle","Most of the time","0 days","0 times","No","No","No","0 days","0 days","Heterosexual (straight)","About the right weight","1 to 3 times","4 to 6 times","4 to 6 times","2 times per day","Did not drink milk","7 days","0 days","1 hour per day","No playing video/computer game","0 teams","No","7 hours","Did not drink sports drink","3 times per day","0 times"
"17 years old","Male","11th grade","No","White",1.8,77.11,NA,"Always","1 or 2 days","0 times","No","No","No","0 days","6 to 9 days","Heterosexual (straight)","About the right weight","1 to 3 times","4 or more times per day","1 to 3 times","Did not drink soda or pop","2 glasses per day","4 days","7 days",NA,"Less than 1 hour per day","2 teams","No","8 hours","2 times per day",NA,"2 times"
"17 years old","Male","11th grade","Yes",NA,1.75,79.38,"Never wore a helmet","Always","0 days","0 times","No","No","No","0 days","0 days","Heterosexual (straight)","About the right weight","1 to 3 times","1 to 3 times","1 to 3 times","1 to 3 times","4 to 6 glasses","7 days","7 days","4 hours per day","4 hours per day","1 team","No","7 hours",NA,NA,NA
"17 years old","Female","11th grade","No","Black or African American",NA,NA,"Did not ride a bicycle","Always","I did not drive the past 30 days","0 times","No","No","No","0 days","0 days","Not sure","Slightly overweight","4 to 6 times","Did not eat fruit","Did not eat green salad","1 to 3 times","Did not drink milk","2 days","7 days","No TV on average school day","5 or more hours per day","0 teams","No","6 hours","Did not drink sports drink","3 times per day","0 times"
"17 years old","Male","11th grade","Yes","Hispanic/Latino",1.6,61.24,"Did not ride a bicycle","Always","I did not drive the past 30 days","0 times","No","No","No","0 days","0 days","Heterosexual (straight)","About the right weight","4 to 6 times","1 to 3 times","Did not eat green salad","4 to 6 times","3 glasses per day","4 days","3 days","Less than 1 hour per day","5 or more hours per day","0 teams","No","6 hours","4 to 6 times","3 times per day","0 times"
"15 years old","Male","10th grade","Yes","Multiple - Hispanic / Latino",1.65,102.51,"Did not ride a bicycle","Always","I did not drive the past 30 days","0 times","No","No","No","0 days","0 days","Heterosexual (straight)","Very overweight","Did not drink fruit juice","Did not eat fruit","Did not eat green salad","1 to 3 times","Did not drink milk","7 days","3 days","No TV on average school day","5 or more hours per day","0 teams","Yes","9 hours","Did not drink sports drink","1 to 3 times","0 times"
"15 years old","Male","10th grade","Yes","Multiple - Hispanic / Latino",1.68,59.88,"Never wore a helmet","Always","I did not drive the past 30 days","0 times","No","No","No","0 days","0 days","Heterosexual (straight)","About the right weight","1 time per day","2 times per day","2 times per day","2 times per day","2 glasses per day","7 days","7 days","1 hour per day","2 hours per day","1 team","Not sure","7 hours","3 times per day","4 or more times per day","5 or more times"
"16 years old","Female","11th grade","No","Black or African American",1.57,81.65,"Never wore a helmet","Always","0 days","0 times","No","No","No","0 days","0 days","Heterosexual (straight)","Slightly overweight","1 to 3 times","1 time per day","4 to 6 times","Did not drink soda or pop","1 to 3 glasses","5 days","3 days","2 hours per day","2 hours per day","0 teams","No","8 hours","1 to 3 times","1 time per day","0 times"
"18 years old or older","Female","10th grade","Yes","Multiple - Hispanic / Latino",1.65,77.11,"Always wore a helmet","Always","I did not drive the past 30 days","0 times","Yes","No","No","0 days","0 days","Heterosexual (straight)","Slightly overweight","1 time per day","1 time per day","Did not eat green salad","Did not drink soda or pop","Did not drink milk","5 days","3 days","No TV on average school day","5 or more hours per day","0 teams","No","4 or less hours","Did not drink sports drink","4 to 6 times","0 times"
"18 years old or older","Male","12th grade","No","White",1.75,70.31,"Never wore a helmet","Sometimes","0 days","1 time","No","No","No","0 days","0 days","Heterosexual (straight)","About the right weight","1 time per day","1 to 3 times","1 to 3 times","3 times per day","2 glasses per day","7 days","3 days","2 hours per day","No playing video/computer game","1 team","No","7 hours","1 time per day","4 or more times per day","1 times"
"16 years old","Female","10th grade","No","White",1.65,54.89,"Never wore a helmet","Always","1 or 2 days","0 times","Yes","Yes","Yes","0 days","1 or 2 days",NA,"About the right weight","1 to 3 times","1 to 3 times","Did not eat green salad","1 to 3 times","1 to 3 glasses","5 days","4 days","Less than 1 hour per day","4 hours per day","2 teams","No","6 hours","1 to 3 times","1 time per day","2 times"
"17 years old","Female","12th grade","Yes","Hispanic/Latino",1.57,54.43,"Most of the time wore a helmet","Always","0 days","0 times","No","No","No","0 days","0 days","Heterosexual (straight)","About the right weight","1 to 3 times","4 or more times per day","1 time per day","1 to 3 times","2 glasses per day","5 days","0 days","Less than 1 hour per day","Less than 1 hour per day","0 teams","No","8 hours","1 to 3 times","3 times per day","1 times"
"16 years old","Male","10th grade","Yes","Hispanic/Latino",1.73,56.7,"Never wore a helmet","Most of the time","0 days","0 times","No","No","No","0 days","0 days","Heterosexual (straight)","About the right weight","4 to 6 times","1 time per day","1 to 3 times","3 times per day","1 glass per day","7 days","7 days","Less than 1 hour per day","1 hour per day","0 teams","No",NA,"2 times per day","3 times per day","0 times"
"15 years old","Female","10th grade","No","White",1.6,51.26,"Rarely wore a helmet","Always","I did not drive the past 30 days","0 times","No","No","No","0 days","0 days","Heterosexual (straight)","About the right weight","2 times per day","1 time per day","1 to 3 times","1 to 3 times","3 glasses per day","3 days","3 days","Less than 1 hour per day","Less than 1 hour per day","0 teams","No","6 hours","Did not drink sports drink","2 times per day","2 times"
"17 years old","Female","11th grade","No","White",1.57,56.25,NA,NA,"0 days",NA,"No","No","No","0 days","0 days","Heterosexual (straight)","About the right weight","1 to 3 times","1 time per day","Did not eat green salad","1 to 3 times",NA,NA,"0 days","Less than 1 hour per day","Less than 1 hour per day",NA,"No","7 hours",NA,NA,NA
"17 years old","Female","11th grade","Yes","Multiple - Hispanic / Latino",1.55,49.9,"Sometimes wore a helmet","Always","0 days","0 times","No","No","No","0 days","0 days","Heterosexual (straight)","About the right weight","1 to 3 times","4 to 6 times","1 to 3 times","1 to 3 times","1 to 3 glasses","2 days","4 days","1 hour per day","No playing video/computer game","1 team","No","8 hours","1 to 3 times","3 times per day","0 times"
"16 years old","Male","10th grade","No","White",1.85,60.78,"Rarely wore a helmet","Always","0 days","1 time","No","No","No","0 days","0 days","Heterosexual (straight)","Slightly underweight","3 times per day","2 times per day","4 to 6 times","4 to 6 times","3 glasses per day","5 days","5 days","2 hours per day","2 hours per day","3 or more teams","No","6 hours","4 to 6 times","4 or more times per day","3 times"
"16 years old","Male","10th grade",NA,NA,1.93,81.65,"Never wore a helmet","Rarely","I did not drive the past 30 days","0 times","No","No","No","0 days","0 days","Heterosexual (straight)","About the right weight","1 time per day","1 time per day","Did not eat green salad","4 to 6 times","1 to 3 glasses","7 days","0 days","5 or more hours per day","1 hour per day","0 teams","No","9 hours","Did not drink sports drink","2 times per day","0 times"
"17 years old","Female","11th grade","Yes","Multiple - Hispanic / Latino",1.6,44.45,"Never wore a helmet","Most of the time","6 to 9 days","1 time","No","No","Yes","6 to 9 days","1 or 2 days","Heterosexual (straight)","Slightly underweight","Did not drink fruit juice","4 to 6 times","1 to 3 times","4 or more times per day","1 to 3 glasses","7 days","2 days","No TV on average school day","No playing video/computer game","0 teams","No","9 hours","2 times per day","4 or more times per day","0 times"
"17 years old","Female","12th grade","No","White",1.7,74.84,"Never wore a helmet","Always","0 days","0 times","No","Yes","Yes","10 to 19 days","6 to 9 days","Heterosexual (straight)","Slightly overweight","1 to 3 times","4 to 6 times","1 to 3 times","1 to 3 times","2 glasses per day","5 days","5 days","No TV on average school day","2 hours per day","1 team","No","7 hours","Did not drink sports drink","3 times per day","5 or more times"
"15 years old","Male","9th grade","No","White",1.7,67.13,"Never wore a helmet","Always","I did not drive the past 30 days","0 times","No","No","No","0 days","1 or 2 days","Heterosexual (straight)","About the right weight","3 times per day","4 or more times per day","Did not eat green salad","1 to 3 times","1 to 3 glasses","7 days","7 days","Less than 1 hour per day","Less than 1 hour per day","3 or more teams","No","7 hours","Did not drink sports drink","4 or more times per day","1 times"
"14 years old","Female","9th grade","Yes","Hispanic/Latino",1.52,48.99,"Never wore a helmet","Sometimes","I did not drive the past 30 days","0 times","No","No","Yes","0 days","0 days","Heterosexual (straight)","About the right weight","Did not drink fruit juice","1 to 3 times","Did not eat green salad","Did not drink soda or pop","Did not drink milk","0 days","7 days","1 hour per day","No playing video/computer game","3 or more teams","No","6 hours","4 to 6 times","4 to 6 times","0 times"
"15 years old","Male","10th grade","Yes","Hispanic/Latino",1.7,68.04,"Never wore a helmet","Sometimes","0 days","0 times","No","No","No","20 to 29 days","10 to 19 days",NA,"Slightly overweight","1 time per day","1 time per day","Did not eat green salad","1 time per day","Did not drink milk","0 days","5 days","Less than 1 hour per day","1 hour per day","0 teams","Yes","7 hours","1 time per day","2 times per day","0 times"
"14 years old","Male","9th grade",NA,NA,1.7,72.12,"Never wore a helmet","Most of the time","1 or 2 days","2 or 3 times","No","No","No",NA,"20 to 29 days","Heterosexual (straight)","Slightly overweight","4 or more times per day","4 or more times per day","Did not eat green salad","2 times per day","2 glasses per day","6 days","3 days","3 hours per day","2 hours per day","2 teams","No","6 hours","3 times per day","3 times per day","0 times"
"14 years old","Male","9th grade","No","White",1.73,58.97,NA,NA,"0 days",NA,"No","No","No","0 days","0 days","Heterosexual (straight)","About the right weight","Did not drink fruit juice","Did not eat fruit","Did not eat green salad","3 times per day",NA,NA,"5 days","1 hour per day","3 hours per day",NA,"No","7 hours",NA,NA,NA
"15 years old","Male","10th grade","No","White",1.63,58.06,NA,NA,"I did not drive the past 30 days",NA,"No","No","No","0 days","0 days","Heterosexual (straight)","About the right weight","2 times per day","4 or more times per day","4 to 6 times","Did not drink soda or pop",NA,NA,"7 days","5 or more hours per day","3 hours per day",NA,"No","7 hours",NA,NA,NA
"14 years old","Male","9th grade","Yes","Multiple - Hispanic / Latino",1.68,81.65,"Rarely wore a helmet","Most of the time","I did not drive the past 30 days","1 time","No","No","Yes","0 days","6 to 9 days","Heterosexual (straight)","About the right weight","1 to 3 times","2 times per day","1 to 3 times","Did not drink soda or pop","1 to 3 glasses","4 days","7 days","5 or more hours per day","4 hours per day","1 team","No","8 hours","Did not drink sports drink","4 or more times per day","1 times"
"15 years old","Female","10th grade","No","White",1.7,84.82,NA,NA,"0 days",NA,"Yes","Yes","Yes","0 days","0 days","Heterosexual (straight)","Slightly overweight","1 to 3 times","2 times per day","4 to 6 times","1 to 3 times",NA,NA,"7 days","Less than 1 hour per day","No playing video/computer game",NA,"No","4 or less hours",NA,NA,NA
"16 years old","Male","10th grade","No","White",1.8,83.92,NA,NA,"0 days",NA,"No","No","No","0 days","0 days","Heterosexual (straight)","Slightly overweight","Did not drink fruit juice","4 to 6 times","Did not eat green salad","1 to 3 times",NA,NA,"5 days","Less than 1 hour per day","2 hours per day",NA,"No","6 hours",NA,NA,NA
"15 years old","Female","10th grade","No","Black or African American",1.52,68.04,"Sometimes wore a helmet","Always","I did not drive the past 30 days","0 times","No","No","No","0 days","0 days","Heterosexual (straight)","Slightly overweight","1 to 3 times","1 to 3 times","1 to 3 times","Did not drink soda or pop","1 glass per day","4 days","5 days","3 hours per day","3 hours per day","0 teams","No","7 hours","Did not drink sports drink","3 times per day","0 times"
"17 years old","Male","12th grade","Yes","Hispanic/Latino",1.73,72.58,"Did not ride a bicycle","Always","1 or 2 days","0 times","No","No","No","0 days","0 days","Heterosexual (straight)","About the right weight","1 to 3 times","4 to 6 times","1 to 3 times","1 to 3 times","1 to 3 glasses","7 days","3 days","2 hours per day","No playing video/computer game","1 team","No","7 hours","1 to 3 times","4 or more times per day","0 times"
"16 years old","Male","9th grade","Yes","Hispanic/Latino",1.75,75.75,"Did not ride a bicycle","Always","I did not drive the past 30 days","0 times","No","No","No","0 days","0 days","Heterosexual (straight)","About the right weight","1 to 3 times","1 to 3 times","Did not eat green salad","1 to 3 times","2 glasses per day","7 days","7 days","No TV on average school day","5 or more hours per day",NA,NA,NA,"1 to 3 times","4 or more times per day",NA
"16 years old","Male","10th grade","No","White",1.78,54.43,"Never wore a helmet","Always","0 days","0 times","Yes","Yes","Yes","0 days","0 days","Not sure","Slightly underweight","Did not drink fruit juice","1 to 3 times","Did not eat green salad","Did not drink soda or pop","4 to 6 glasses","6 days","3 days","3 hours per day","3 hours per day","3 or more teams","No","8 hours","1 to 3 times","1 to 3 times","3 times"
"16 years old","Male","10th grade","No","Black or African American",1.73,122.47,"Did not ride a bicycle","Sometimes","0 days","0 times","No","No","No","0 days","0 days",NA,NA,NA,NA,NA,NA,NA,NA,NA,NA,NA,NA,NA,NA,NA,NA,NA
"18 years old or older","Male","12th grade","Yes","Multiple - Hispanic / Latino",1.83,77.11,"Never wore a helmet","Always","0 days","0 times","No","No","No","0 days","0 days","Heterosexual (straight)","About the right weight","1 to 3 times","Did not eat fruit","Did not eat green salad","2 times per day","Did not drink milk","1 day","0 days","No TV on average school day","1 hour per day","0 teams","No","6 hours","Did not drink sports drink","1 to 3 times","0 times"
"17 years old","Female","10th grade","No","White",1.52,77.11,"Never wore a helmet","Sometimes","0 days","1 time","Yes","Yes","Yes","0 days","0 days","Heterosexual (straight)","Slightly overweight","1 to 3 times","1 to 3 times","Did not eat green salad","4 to 6 times","1 to 3 glasses","0 days","0 days","Less than 1 hour per day","5 or more hours per day","0 teams","No","7 hours","4 to 6 times","1 to 3 times","0 times"
"18 years old or older","Male","10th grade","Yes","Hispanic/Latino",1.7,74.39,"Never wore a helmet","Always","I did not drive the past 30 days","0 times","No","No","No","0 days","0 days","Gay or lesbian","Slightly overweight","Did not drink fruit juice","1 to 3 times","Did not eat green salad","4 or more times per day","1 to 3 glasses","3 days","0 days","No TV on average school day","Less than 1 hour per day","0 teams","No","6 hours","Did not drink sports drink","3 times per day","4 times"
"17 years old","Female","11th grade","Yes","Multiple - Hispanic / Latino",1.63,86.18,"Never wore a helmet","Rarely","I did not drive the past 30 days","0 times","No","No","Yes","0 days","0 days","Heterosexual (straight)","Slightly underweight","1 to 3 times","4 to 6 times","Did not eat green salad","1 to 3 times","4 to 6 glasses","5 days","6 days","2 hours per day","4 hours per day","0 teams","No","5 hours","1 to 3 times","3 times per day","0 times"
"17 years old","Female","12th grade","No","White",1.65,64.41,"Rarely wore a helmet","Always","6 to 9 days","0 times","No","No","No","0 days","0 days","Heterosexual (straight)","Slightly overweight","1 to 3 times","1 to 3 times","Did not eat green salad","1 to 3 times","1 to 3 glasses","2 days","2 days","2 hours per day","No playing video/computer game","3 or more teams","No","6 hours","Did not drink sports drink","4 to 6 times","0 times"
"16 years old","Female","10th grade","Yes","Hispanic/Latino",1.63,50.35,"Rarely wore a helmet","Always","I did not drive the past 30 days","0 times","No","No","Yes","0 days","0 days","Heterosexual (straight)","Slightly underweight","1 to 3 times","1 to 3 times","1 to 3 times","1 to 3 times","4 to 6 glasses","5 days","1 day","4 hours per day","5 or more hours per day","2 teams","Yes","10 or more hours","1 to 3 times","3 times per day","5 or more times"
"16 years old","Female","11th grade","No","White",1.63,51.26,"Did not ride a bicycle","Most of the time","All 30 days","0 times","Yes","Yes","Yes","0 days","0 days","Heterosexual (straight)","About the right weight","Did not drink fruit juice","1 to 3 times","1 to 3 times","4 to 6 times","Did not drink milk","0 days","5 days","2 hours per day","5 or more hours per day","1 team","No","5 hours","4 to 6 times","1 time per day","5 or more times"
"16 years old","Male","11th grade","No","White",1.85,73.48,NA,NA,NA,NA,"No","Yes","No","0 days","20 to 29 days","Heterosexual (straight)","Slightly underweight","2 times per day","1 time per day","Did not eat green salad","2 times per day",NA,NA,"7 days","2 hours per day","Less than 1 hour per day",NA,"No","7 hours",NA,NA,NA
"14 years old","Male","9th grade","Yes","Multiple - Hispanic / Latino",1.68,52.62,"Never wore a helmet","Most of the time","I did not drive the past 30 days","0 times","No","No","No","0 days","3 to 5 days","Heterosexual (straight)","Slightly underweight","4 to 6 times","4 to 6 times","Did not eat green salad","4 to 6 times","4 to 6 glasses","7 days","7 days","2 hours per day","5 or more hours per day","0 teams","Yes","9 hours","4 to 6 times","4 to 6 times","0 times"
"16 years old","Male","11th grade","No","Black or African American",NA,NA,NA,"Always","0 days","2 or 3 times","No",NA,"No","0 days","0 days",NA,NA,NA,NA,NA,NA,NA,NA,NA,NA,NA,NA,NA,NA,NA,NA,NA
"15 years old","Female","10th grade","No","White",1.57,77.11,"Never wore a helmet","Always","0 days","0 times","No","No","Yes","0 days","0 days","bisexual","Slightly overweight","Did not drink fruit juice","Did not eat fruit","Did not eat green salad","2 times per day","Did not drink milk","2 days","1 day","5 or more hours per day","3 hours per day","0 teams","No","8 hours","1 to 3 times","4 to 6 times","0 times"
"17 years old","Male","11th grade","No","Black or African American",1.78,89.36,"Never wore a helmet","Always","I did not drive the past 30 days","0 times","No","No","No","0 days","0 days","Heterosexual (straight)","About the right weight","3 times per day","4 or more times per day","1 to 3 times","2 times per day","2 glasses per day","7 days","7 days","3 hours per day","5 or more hours per day","1 team","Yes","5 hours","2 times per day","3 times per day","0 times"
"17 years old","Male","11th grade","Yes","Hispanic/Latino",1.7,77.11,"Did not ride a bicycle","Always",NA,"0 times","No","No","No","0 days","0 days","Heterosexual (straight)","Slightly overweight","Did not drink fruit juice","4 to 6 times","Did not eat green salad","1 to 3 times","4 to 6 glasses","1 day","4 days","2 hours per day","No playing video/computer game","0 teams",NA,"8 hours",NA,NA,NA
"17 years old","Female","12th grade","No","Black or African American",1.68,58.97,"Did not ride a bicycle","Most of the time","All 30 days","0 times","No","No","No","0 days","0 days","Heterosexual (straight)","About the right weight","1 to 3 times","1 to 3 times","1 to 3 times","4 to 6 times","Did not drink milk","3 days","0 days","Less than 1 hour per day","No playing video/computer game","1 team","Yes","4 or less hours",NA,NA,NA
"18 years old or older","Male","11th grade","No","White",1.68,54.43,"Did not ride a bicycle","Always",NA,"0 times","No","No","No","0 days","0 days","Heterosexual (straight)","About the right weight","2 times per day","4 to 6 times","1 to 3 times","2 times per day","4 or more glasses per day","7 days","7 days","3 hours per day","5 or more hours per day","0 teams","No","10 or more hours","2 times per day","3 times per day","1 times"
"15 years old","Male","11th grade","No","Black or African American",1.8,83.92,NA,NA,"I did not drive the past 30 days",NA,"Yes","No","No",NA,"3 to 5 days","Gay or lesbian","Slightly overweight","Did not drink fruit juice","1 time per day","1 to 3 times","4 to 6 times",NA,"3 days","0 days","Less than 1 hour per day","No playing video/computer game",NA,NA,NA,NA,NA,NA
"15 years old","Female","9th grade","Yes","Hispanic/Latino",1.68,68.04,"Did not ride a bicycle","Most of the time","0 days","0 times","No","No","No","0 days","1 or 2 days","Heterosexual (straight)","Slightly overweight","1 to 3 times","1 to 3 times","Did not eat green salad","1 to 3 times","4 or more glasses per day","1 day","7 days","Less than 1 hour per day","5 or more hours per day","0 teams","No",NA,"Did not drink sports drink","4 or more times per day","1 times"
"17 years old","Male","11th grade","No","White",1.78,55.34,"Never wore a helmet","Always","All 30 days","0 times","No","No","No","0 days","All 30 days","Heterosexual (straight)","Slightly underweight","1 to 3 times","1 to 3 times","1 to 3 times","2 times per day","1 to 3 glasses","1 day","1 day","Less than 1 hour per day","1 hour per day","0 teams","No","5 hours","1 to 3 times","2 times per day","2 times"
"16 years old","Male","10th grade","Yes","Multiple - Hispanic / Latino",1.65,70.31,"Rarely wore a helmet","Always","0 days","0 times","No","No","No","0 days","0 days","Heterosexual (straight)","Slightly overweight","4 or more times per day","4 or more times per day","1 to 3 times","1 to 3 times","3 glasses per day","7 days","5 days","1 hour per day","2 hours per day","1 team","No","8 hours","1 to 3 times","4 or more times per day","0 times"
"15 years old","Female","9th grade","Yes","Hispanic/Latino",1.63,43.55,"Never wore a helmet","Always","I did not drive the past 30 days","0 times","No","No","No","0 days","0 days","Heterosexual (straight)","Slightly underweight","1 to 3 times","2 times per day","4 to 6 times","Did not drink soda or pop","3 glasses per day","7 days","5 days","No TV on average school day","2 hours per day","0 teams","No","8 hours","1 to 3 times","3 times per day","0 times"
"14 years old","Female","9th grade","Yes","Multiple - Hispanic / Latino",1.63,48.99,NA,NA,"0 days",NA,"Yes","No","Yes",NA,"0 days","Heterosexual (straight)","About the right weight","1 to 3 times","1 to 3 times","1 to 3 times","1 to 3 times",NA,NA,"5 days","Less than 1 hour per day","Less than 1 hour per day",NA,"No","6 hours",NA,NA,NA
"15 years old","Female","10th grade","Yes","Hispanic/Latino",1.63,68.04,"Never wore a helmet","Always","0 days","1 time","No","No","Yes","0 days","0 days",NA,"Slightly overweight","Did not drink fruit juice","1 to 3 times","Did not eat green salad","1 to 3 times","1 glass per day","2 days","3 days","3 hours per day","5 or more hours per day","1 team","No","9 hours","1 to 3 times","4 or more times per day","0 times"
"16 years old","Male","11th grade","Yes","Hispanic/Latino",1.8,68.04,"Never wore a helmet","Most of the time","0 days","0 times","No","No","Yes","0 days","0 days","Heterosexual (straight)","About the right weight","Did not drink fruit juice","1 time per day","1 time per day","1 to 3 times","4 to 6 glasses","4 days","0 days","No TV on average school day","No playing video/computer game","0 teams","No","7 hours","1 to 3 times","4 to 6 times","0 times"
"17 years old","Female","11th grade","No","White",1.6,59.42,"Did not ride a bicycle","Always","0 days","0 times","No","No","Yes","0 days","0 days","Heterosexual (straight)","About the right weight","1 to 3 times","1 to 3 times","4 to 6 times","Did not drink soda or pop","Did not drink milk","7 days","1 day","No TV on average school day","5 or more hours per day","0 teams","No","5 hours","Did not drink sports drink","2 times per day","0 times"
"15 years old","Female","9th grade","Yes","Multiple - Hispanic / Latino",1.68,106.6,"Never wore a helmet","Sometimes","0 days","0 times","Yes","No","No","0 days","0 days","Heterosexual (straight)","Very overweight",NA,"Did not eat fruit","4 to 6 times","2 times per day","Did not drink milk","0 days","2 days","Less than 1 hour per day","5 or more hours per day","3 or more teams",NA,"4 or less hours","1 to 3 times","1 to 3 times",NA
"16 years old","Female","11th grade","No","Multiple - Non-Hispanic",1.6,54.43,"Did not ride a bicycle","Always","0 days","0 times","No","No","Yes","0 days","0 days","Heterosexual (straight)","Slightly overweight","1 time per day","1 to 3 times","1 to 3 times","1 to 3 times","1 to 3 glasses","7 days","0 days","Less than 1 hour per day","No playing video/computer game","0 teams","No","8 hours",NA,NA,NA
"16 years old","Female","11th grade","Yes","Multiple - Hispanic / Latino",1.57,81.65,NA,"Rarely","0 days",NA,NA,"No","Yes",NA,"0 days","Gay or lesbian","Very underweight","1 to 3 times","4 to 6 times","1 to 3 times","1 to 3 times",NA,"0 days","1 day","No TV on average school day","1 hour per day",NA,NA,NA,NA,NA,NA
"15 years old","Male","9th grade","Yes","Hispanic/Latino",1.73,81.19,"Did not ride a bicycle","Always","0 days","0 times","No","No","No","0 days","0 days","Heterosexual (straight)","About the right weight","1 to 3 times","4 to 6 times","1 to 3 times","Did not drink soda or pop","1 to 3 glasses","7 days","7 days","2 hours per day","4 hours per day","0 teams","No","8 hours","1 to 3 times","4 or more times per day","2 times"
"18 years old or older","Female","11th grade","Yes","Multiple - Hispanic / Latino",1.52,68.49,"Did not ride a bicycle","Always","I did not drive the past 30 days","0 times","No","No","No","0 days","0 days","Heterosexual (straight)","Slightly overweight","4 or more times per day","2 times per day","Did not eat green salad","4 or more times per day","1 to 3 glasses","7 days","4 days","4 hours per day","1 hour per day","0 teams","No","7 hours","1 to 3 times","2 times per day","0 times"
"18 years old or older","Female","11th grade","Yes","Multiple - Hispanic / Latino",1.6,101.61,"Never wore a helmet","Always","I did not drive the past 30 days","0 times","No","No","No","0 days","0 days","Heterosexual (straight)","Slightly overweight","1 to 3 times","1 to 3 times","1 to 3 times","1 time per day","Did not drink milk","3 days","2 days","Less than 1 hour per day","3 hours per day","1 team","No","7 hours","Did not drink sports drink","4 or more times per day","0 times"
"15 years old","Female","9th grade","Yes","Multiple - Hispanic / Latino",1.57,57.61,"Never wore a helmet","Most of the time","I did not drive the past 30 days","2 or 3 times","No","No","No",NA,"10 to 19 days","Heterosexual (straight)","About the right weight","Did not drink fruit juice","4 to 6 times","Did not eat green salad","1 to 3 times","1 to 3 glasses","3 days","4 days","5 or more hours per day","No playing video/computer game","0 teams","No","8 hours","1 to 3 times","Did not drink water","0 times"
"18 years old or older","Female","12th grade","No","Black or African American",NA,NA,"Never wore a helmet","Always","All 30 days","0 times","No","No","No","0 days","1 or 2 days","Heterosexual (straight)","Slightly overweight","4 or more times per day","4 to 6 times","1 to 3 times","4 to 6 times","Did not drink milk","4 days","0 days","4 hours per day","5 or more hours per day","0 teams","No","6 hours",NA,NA,NA
"14 years old","Female","9th grade","Yes","Multiple - Hispanic / Latino",NA,NA,"Never wore a helmet","Always","0 days","0 times","Yes","Yes","No","0 days","0 days","Not sure","Slightly overweight","1 to 3 times","4 to 6 times","1 to 3 times","1 to 3 times","3 glasses per day","1 day","5 days","1 hour per day","3 hours per day","1 team","No","8 hours","1 to 3 times","4 or more times per day","5 or more times"
"14 years old","Male","9th grade","No","Black or African American",1.93,108.86,"Never wore a helmet","Always","0 days","0 times","No","No","No","0 days",NA,NA,NA,NA,NA,NA,NA,NA,NA,NA,NA,NA,NA,NA,NA,NA,NA,NA
"16 years old","Female","11th grade","Yes","Multiple - Hispanic / Latino",1.63,72.58,"Did not ride a bicycle","Most of the time","3 to 5 days","0 times","Yes","No","Yes","1 or 2 days","0 days","Heterosexual (straight)","Slightly overweight","1 to 3 times","Did not eat fruit","1 to 3 times","1 to 3 times","1 to 3 glasses","4 days","2 days","No TV on average school day","5 or more hours per day","1 team","No","5 hours","1 to 3 times","4 or more times per day","0 times"
"17 years old","Female","12th grade","No","White",1.7,72.58,"Never wore a helmet","Most of the time","20 to 29 days","0 times","No","No","No","3 to 5 days","20 to 29 days","Heterosexual (straight)","About the right weight","1 to 3 times","1 to 3 times","1 to 3 times","1 time per day","4 to 6 glasses","2 days","3 days","3 hours per day","No playing video/computer game","0 teams","No","6 hours","1 to 3 times","2 times per day","5 or more times"
"18 years old or older","Male","10th grade","No","Black or African American",1.8,67.59,"Never wore a helmet","Sometimes",NA,"1 time","No","No","Yes","0 days","0 days","Heterosexual (straight)","Very underweight","1 to 3 times","1 to 3 times","4 to 6 times","Did not drink soda or pop","Did not drink milk","2 days","0 days","Less than 1 hour per day","1 hour per day","0 teams","No","10 or more hours","Did not drink sports drink","1 to 3 times","0 times"
"15 years old","Male","9th grade","No","White",1.78,66.23,"Never wore a helmet","Always","0 days","1 time","No","No","No","0 days","0 days","Heterosexual (straight)","About the right weight","2 times per day","3 times per day","4 to 6 times","1 to 3 times","3 glasses per day","4 days","7 days","2 hours per day","1 hour per day","2 teams","No","8 hours","2 times per day","4 or more times per day","4 times"
"17 years old","Female","11th grade","Yes","Multiple - Hispanic / Latino",NA,NA,"Never wore a helmet","Always","I did not drive the past 30 days","0 times","No","No","No","0 days","0 days","Heterosexual (straight)","About the right weight","Did not drink fruit juice","1 to 3 times","Did not eat green salad","Did not drink soda or pop","1 glass per day","6 days","0 days","2 hours per day","5 or more hours per day","0 teams","No","6 hours",NA,NA,NA
"15 years old","Male","10th grade","Yes","Multiple - Hispanic / Latino",1.78,81.65,"Did not ride a bicycle","Always","0 days","0 times","No","No","No","0 days","0 days","Heterosexual (straight)","About the right weight","1 to 3 times","1 to 3 times","Did not eat green salad","2 times per day","1 glass per day","4 days","7 days","1 hour per day","Less than 1 hour per day","3 or more teams","Yes","8 hours","1 to 3 times","4 or more times per day","0 times"
"17 years old","Male","11th grade","No","Asian",1.7,73.48,"Most of the time wore a helmet","Always","0 days","0 times","No","No","No","0 days","0 days","Heterosexual (straight)","About the right weight","1 to 3 times","4 to 6 times","1 to 3 times","4 to 6 times","4 to 6 glasses","7 days","5 days","3 hours per day","3 hours per day","1 team","No","6 hours","4 to 6 times","4 or more times per day","0 times"
"16 years old","Female","10th grade","No","Black or African American",1.57,61.24,"Never wore a helmet","Most of the time","3 to 5 days","0 times","Yes","Yes","Yes","0 days","0 days","Heterosexual (straight)","About the right weight","1 to 3 times","Did not eat fruit","Did not eat green salad","2 times per day","Did not drink milk","3 days","6 days","5 or more hours per day","5 or more hours per day","1 team","Yes","7 hours","1 to 3 times","4 or more times per day","1 times"
"16 years old","Male","10th grade","No","Native Hawaiian/other PI",1.78,73.94,NA,"Rarely","0 days",NA,"No","No","No","0 days","0 days","Heterosexual (straight)","About the right weight","4 to 6 times","4 to 6 times","1 to 3 times","1 to 3 times",NA,"0 days","0 days","Less than 1 hour per day","1 hour per day",NA,NA,NA,NA,NA,NA
"16 years old","Female","10th grade","No","White",1.63,49.9,"Did not ride a bicycle","Most of the time","I did not drive the past 30 days","2 or 3 times","Yes","Yes","No","All 30 days","3 to 5 days","Heterosexual (straight)","About the right weight","Did not drink fruit juice","Did not eat fruit","Did not eat green salad","3 times per day","1 to 3 glasses","3 days","4 days","3 hours per day","1 hour per day","0 teams","No","5 hours","Did not drink sports drink","4 to 6 times","2 times"
"15 years old","Female","9th grade","Yes","Hispanic/Latino",1.52,45.81,"Most of the time wore a helmet","Most of the time","I did not drive the past 30 days","0 times","Yes","No","No","0 days","0 days","Not sure","About the right weight",NA,NA,NA,NA,NA,NA,NA,NA,NA,NA,NA,NA,NA,NA,NA
"14 years old","Male","9th grade","No","Black or African American",1.78,76.2,"Did not ride a bicycle","Always","I did not drive the past 30 days","0 times","No","No","No","0 days","0 days","Heterosexual (straight)","Slightly overweight","1 to 3 times","4 to 6 times","Did not eat green salad","Did not drink soda or pop","4 or more glasses per day","7 days","5 days","1 hour per day","No playing video/computer game","0 teams",NA,"8 hours",NA,NA,NA
"17 years old","Male","11th grade","No","White",1.75,120.2,"Never wore a helmet","Always","I did not drive the past 30 days","0 times","No",NA,"No","All 30 days","3 to 5 days","Heterosexual (straight)","Slightly overweight","1 time per day","1 time per day","1 time per day","1 to 3 times","2 glasses per day","7 days","0 days","Less than 1 hour per day","5 or more hours per day","0 teams","Yes","8 hours","Did not drink sports drink","1 time per day","0 times"
"17 years old","Female","12th grade","Yes","Multiple - Hispanic / Latino",1.6,58.97,"Never wore a helmet","Most of the time","0 days","0 times","No","No","Yes","0 days","0 days","Heterosexual (straight)","About the right weight","1 time per day","1 to 3 times","Did not eat green salad","1 to 3 times","1 to 3 glasses","4 days","5 days","No TV on average school day","5 or more hours per day","2 teams","No","6 hours","1 to 3 times","1 time per day","0 times"
"16 years old","Female","11th grade","Yes","Multiple - Hispanic / Latino",1.65,77.11,"Did not ride a bicycle","Always","I did not drive the past 30 days","0 times","No","No","No","0 days","0 days","Heterosexual (straight)","Slightly overweight","Did not drink fruit juice","1 to 3 times","Did not eat green salad","1 time per day","4 to 6 glasses","1 day","1 day","4 hours per day","2 hours per day","0 teams","No","8 hours",NA,NA,NA
"17 years old","Male","11th grade","No","White",1.8,61.24,"Never wore a helmet","Most of the time","10 to 19 days","1 time","No","No","No","1 or 2 days","0 days","Heterosexual (straight)","About the right weight","1 to 3 times","4 to 6 times","Did not eat green salad","2 times per day","1 to 3 glasses","1 day","7 days","2 hours per day","3 hours per day","0 teams","No","6 hours","1 to 3 times","1 to 3 times","0 times"
"18 years old or older","Female","12th grade","No","White",1.57,47.17,"Never wore a helmet","Sometimes","All 30 days","0 times","Yes","Yes","No","0 days","0 days","Heterosexual (straight)","About the right weight","1 to 3 times","1 to 3 times","1 to 3 times","1 time per day","4 to 6 glasses","3 days","7 days","1 hour per day","5 or more hours per day","3 or more teams","No","8 hours","1 to 3 times","4 to 6 times","1 times"
"18 years old or older","Male","12th grade","No","White",1.78,65.77,"Did not ride a bicycle","Always","0 days","0 times","No","No","Yes","0 days","0 days","Heterosexual (straight)","Slightly underweight","1 to 3 times","4 to 6 times","1 to 3 times","4 to 6 times","4 to 6 glasses","4 days","5 days","2 hours per day","No playing video/computer game","3 or more teams","No","7 hours","4 to 6 times","3 times per day","4 times"
"15 years old","Male","9th grade","No","White",1.78,72.58,"Never wore a helmet","Always","0 days","2 or 3 times","No","No","No","0 days","0 days","Heterosexual (straight)","Slightly overweight","1 to 3 times","4 to 6 times","Did not eat green salad","Did not drink soda or pop","2 glasses per day","7 days","6 days","1 hour per day","3 hours per day","3 or more teams","No","8 hours","Did not drink sports drink","3 times per day","2 times"
"18 years old or older","Female","12th grade","No","Black or African American",NA,NA,"Never wore a helmet","Sometimes","I did not drive the past 30 days","1 time","No","No","No","0 days","0 days","Heterosexual (straight)","Slightly overweight","4 or more times per day","4 to 6 times","1 to 3 times","4 to 6 times","1 to 3 glasses","3 days","7 days","3 hours per day","No playing video/computer game","2 teams","Yes","4 or less hours","1 to 3 times","4 or more times per day","0 times"
"16 years old","Female","10th grade","No","White",NA,NA,"Did not ride a bicycle","Most of the time","I did not drive the past 30 days","0 times","No","No","No","0 days","0 days","Not sure","About the right weight","1 to 3 times","1 to 3 times","Did not eat green salad","Did not drink soda or pop","1 glass per day","4 days","2 days","No TV on average school day","5 or more hours per day","1 team","No","6 hours",NA,NA,NA
"18 years old or older","Male","12th grade","Yes","Multiple - Hispanic / Latino",1.78,61.24,"Never wore a helmet","Always","6 to 9 days","2 or 3 times","No","No","Yes","0 days","0 days","Heterosexual (straight)","About the right weight","Did not drink fruit juice","1 time per day","1 to 3 times","1 to 3 times","1 to 3 glasses","5 days","5 days","1 hour per day","4 hours per day","2 teams","No","7 hours","Did not drink sports drink","2 times per day","5 or more times"
"17 years old","Male","Ungraded or other grade","Yes","Multiple - Hispanic / Latino",NA,NA,NA,"Sometimes","All 30 days",NA,"Yes","No","Yes","All 30 days","All 30 days","Heterosexual (straight)","Very overweight","Did not drink fruit juice","4 to 6 times","1 to 3 times","1 to 3 times",NA,"1 day","5 days","5 or more hours per day","5 or more hours per day",NA,NA,NA,NA,NA,NA
"17 years old","Male","11th grade","Yes","Multiple - Hispanic / Latino",1.7,68.04,"Never wore a helmet","Always","0 days","6 or 7 times","No","No","Yes","1 or 2 days","20 to 29 days","Heterosexual (straight)","About the right weight","Did not drink fruit juice","1 to 3 times","1 to 3 times","2 times per day","1 to 3 glasses","1 day","2 days","No TV on average school day","3 hours per day","0 teams","Yes","4 or less hours","Did not drink sports drink","1 time per day","0 times"
"16 years old","Female","11th grade","Yes","Multiple - Hispanic / Latino",1.55,48.54,"Never wore a helmet","Always","3 to 5 days","0 times","Yes","Yes","Yes","0 days","0 days","Heterosexual (straight)","Slightly underweight","4 to 6 times","4 to 6 times","1 to 3 times","1 to 3 times","Did not drink milk","4 days","7 days","2 hours per day","3 hours per day","2 teams","No","8 hours","1 time per day","3 times per day","3 times"
"18 years old or older","Male","12th grade","No","White",1.78,81.65,NA,NA,"0 days","0 times","No","No","No","0 days","6 to 9 days","Heterosexual (straight)","Slightly overweight","3 times per day","1 to 3 times","4 to 6 times","4 to 6 times","2 glasses per day","3 days","7 days",NA,"5 or more hours per day","3 or more teams",NA,"7 hours",NA,NA,NA
"14 years old","Female","9th grade","No","Black or African American",1.47,44.45,NA,"Most of the time","I did not drive the past 30 days",NA,"No","No","Yes","0 days","0 days","Heterosexual (straight)","Slightly underweight","1 to 3 times","4 to 6 times","Did not eat green salad","1 to 3 times",NA,"2 days","0 days","No TV on average school day","1 hour per day",NA,NA,NA,NA,NA,NA
"15 years old","Female","9th grade","No","Black or African American",1.52,63.96,NA,"Always","I did not drive the past 30 days",NA,"No","No","Yes","0 days","0 days","Heterosexual (straight)","Very overweight","1 to 3 times","4 to 6 times","1 to 3 times","Did not drink soda or pop",NA,"2 days","3 days","Less than 1 hour per day","3 hours per day",NA,NA,NA,NA,NA,NA
"18 years old or older","Female","12th grade","No","Black or African American",1.68,90.72,"Did not ride a bicycle","Sometimes","3 to 5 days","0 times","No","No","No","0 days","1 or 2 days","Heterosexual (straight)","Slightly overweight","4 to 6 times","Did not eat fruit","Did not eat green salad","1 to 3 times","Did not drink milk","3 days","2 days","Less than 1 hour per day","5 or more hours per day","2 teams","No","6 hours","1 to 3 times","4 to 6 times","0 times"
"16 years old","Male","11th grade","No","Black or African American",1.85,74.84,"Never wore a helmet","Rarely","All 30 days","12 or more times","No","No","No","All 30 days","3 to 5 days","Heterosexual (straight)","About the right weight","1 to 3 times","4 to 6 times","1 to 3 times","4 to 6 times","1 glass per day","7 days","4 days","2 hours per day","No playing video/computer game","0 teams","No","7 hours","Did not drink sports drink","4 or more times per day","2 times"
"18 years old or older","Male","12th grade","No","Multiple - Non-Hispanic",1.78,105.24,"Never wore a helmet","Most of the time","6 to 9 days","4 or 5 times","No","No","No","3 to 5 days","10 to 19 days","Heterosexual (straight)","Slightly overweight","1 to 3 times","4 to 6 times","4 to 6 times","1 to 3 times","1 glass per day","0 days","7 days","3 hours per day","1 hour per day","1 team","No","6 hours","1 to 3 times","3 times per day","0 times"
"17 years old","Male","11th grade","Yes","Hispanic/Latino",1.75,71.67,"Never wore a helmet","Always","0 days","0 times","No","No","No","0 days","0 days","Heterosexual (straight)","Slightly overweight","1 to 3 times","1 to 3 times","Did not eat green salad","Did not drink soda or pop","1 to 3 glasses","4 days","5 days","1 hour per day","Less than 1 hour per day","1 team","Not sure","7 hours","1 to 3 times","4 or more times per day","1 times"
"17 years old","Female","12th grade","Yes","Hispanic/Latino",1.6,58.97,"Did not ride a bicycle","Most of the time","0 days","0 times","Yes","No","Yes","0 days","0 days","Heterosexual (straight)","Slightly overweight","1 to 3 times","4 to 6 times","Did not eat green salad","1 to 3 times","Did not drink milk","0 days","2 days","No TV on average school day","4 hours per day","2 teams","No","6 hours","Did not drink sports drink","2 times per day","2 times"
"16 years old","Male","10th grade","Yes","Multiple - Hispanic / Latino",1.75,109.32,"Never wore a helmet","Most of the time","1 or 2 days","0 times","No","No","No","0 days","0 days","Heterosexual (straight)","Slightly overweight","4 to 6 times","4 to 6 times","1 to 3 times","Did not drink soda or pop","4 to 6 glasses","7 days","7 days","5 or more hours per day","3 hours per day","2 teams","No","6 hours","4 to 6 times","4 or more times per day","0 times"
"16 years old","Male","11th grade","Yes","Multiple - Hispanic / Latino",1.75,58.97,"Never wore a helmet","Always","I did not drive the past 30 days","0 times","No","No","No","0 days","0 days","Heterosexual (straight)","Slightly underweight","1 to 3 times","1 to 3 times","1 to 3 times","Did not drink soda or pop","4 to 6 glasses","7 days","4 days","1 hour per day","Less than 1 hour per day","0 teams","No","7 hours","1 to 3 times","4 to 6 times","0 times"
"17 years old","Male","12th grade","No","White",1.75,96.16,"Never wore a helmet","Most of the time","All 30 days","0 times","No","No","Yes","0 days","All 30 days","Heterosexual (straight)","Slightly overweight","1 to 3 times","1 to 3 times","1 to 3 times","2 times per day","Did not drink milk","2 days","7 days","2 hours per day","Less than 1 hour per day","0 teams","No","7 hours","1 to 3 times","4 to 6 times","2 times"
"18 years old or older","Male","12th grade","No","Black or African American",1.73,90.72,"Never wore a helmet","Sometimes","10 to 19 days","1 time","No","No","No","0 days","1 or 2 days","Heterosexual (straight)","About the right weight","1 to 3 times","4 to 6 times","1 to 3 times","4 to 6 times","1 to 3 glasses","3 days","7 days","3 hours per day","2 hours per day","2 teams","No","7 hours","1 to 3 times","4 to 6 times","0 times"
"16 years old","Male","11th grade","No","White",1.78,61.24,"Did not ride a bicycle","Always","1 or 2 days","0 times","No","No","Yes","0 days","0 days","Heterosexual (straight)","Very underweight","1 to 3 times","4 to 6 times","1 to 3 times","1 to 3 times","1 glass per day","3 days","7 days","4 hours per day","2 hours per day","3 or more teams","No","6 hours","2 times per day","4 or more times per day","2 times"
"16 years old","Male","9th grade","Yes","Hispanic/Latino",1.68,83.92,"Never wore a helmet","Sometimes","0 days","1 time","No","No","No","0 days","0 days","Heterosexual (straight)","Slightly overweight","Did not drink fruit juice","Did not eat fruit","Did not eat green salad","Did not drink soda or pop","Did not drink milk","0 days","0 days","No TV on average school day","Less than 1 hour per day","0 teams","No","8 hours","Did not drink sports drink","Did not drink water","0 times"
"14 years old","Female","9th grade","No","Black or African American",NA,NA,"Rarely wore a helmet","Always","I did not drive the past 30 days","0 times","No","No","No","0 days","0 days","Heterosexual (straight)","About the right weight","1 to 3 times","1 time per day","Did not eat green salad","3 times per day","4 or more glasses per day","7 days","1 day","5 or more hours per day","3 hours per day","0 teams","No","7 hours","Did not drink sports drink","1 time per day","0 times"
"16 years old","Male","11th grade","No","White",NA,NA,"Never wore a helmet","Sometimes","0 days","12 or more times","No","No","No",NA,"All 30 days","Heterosexual (straight)","About the right weight","Did not drink fruit juice","Did not eat fruit","2 times per day","2 times per day","4 to 6 glasses","7 days","0 days","5 or more hours per day","5 or more hours per day","2 teams","No","8 hours","1 time per day","4 or more times per day","0 times"
"18 years old or older","Female","11th grade","No","Black or African American",1.55,44.45,"Never wore a helmet","Sometimes","I did not drive the past 30 days","2 or 3 times","Yes","No","Yes","0 days","0 days","Heterosexual (straight)","Slightly underweight","4 or more times per day","1 to 3 times","4 to 6 times","2 times per day","Did not drink milk","3 days","7 days","4 hours per day","2 hours per day","0 teams","No","5 hours","4 to 6 times","3 times per day","0 times"
"17 years old","Male","11th grade","No","White",1.75,70.31,"Never wore a helmet","Rarely","10 to 19 days","0 times","No","No","No","0 days","1 or 2 days","Heterosexual (straight)","About the right weight","Did not drink fruit juice","1 to 3 times","Did not eat green salad","Did not drink soda or pop","4 to 6 glasses","0 days","0 days","No TV on average school day","2 hours per day","1 team","No","6 hours","1 to 3 times","4 to 6 times","0 times"
"16 years old","Female","10th grade","No","White",1.68,52.16,"Always wore a helmet","Always","0 days","0 times","No","No","No","0 days","0 days","Heterosexual (straight)","About the right weight","2 times per day","2 times per day","4 to 6 times","Did not drink soda or pop","1 glass per day","7 days","4 days","1 hour per day","1 hour per day","2 teams","No","8 hours","Did not drink sports drink","4 or more times per day","4 times"
"17 years old",NA,"11th grade","No","White",NA,NA,"Did not ride a bicycle","Most of the time","3 to 5 days","0 times","No","No","No","1 or 2 days","6 to 9 days",NA,"Slightly underweight","1 to 3 times","1 to 3 times","Did not eat green salad","4 to 6 times","4 to 6 glasses","0 days","4 days","3 hours per day","4 hours per day","0 teams","No","7 hours","1 time per day","4 to 6 times","5 or more times"
"17 years old","Male","12th grade","Yes","Hispanic/Latino",1.73,68.95,"Rarely wore a helmet","Sometimes","1 or 2 days","0 times","No","No","No","0 days","0 days","Heterosexual (straight)","About the right weight","1 to 3 times","1 to 3 times","1 to 3 times","4 to 6 times","4 to 6 glasses","5 days","5 days","3 hours per day","2 hours per day","2 teams","No","5 hours","4 to 6 times","2 times per day","0 times"
"15 years old","Female","9th grade","No","Black or African American",1.55,44.91,"Never wore a helmet","Most of the time","0 days","0 times","No","No","No","0 days","0 days","Heterosexual (straight)","Slightly underweight","1 to 3 times","1 to 3 times","Did not eat green salad","4 to 6 times","1 to 3 glasses","1 day","0 days","2 hours per day","No playing video/computer game","0 teams","No","7 hours","1 to 3 times","1 to 3 times","0 times"
"15 years old","Female","10th grade","No","White",1.7,68.04,"Never wore a helmet","Always","I did not drive the past 30 days","0 times","No","No","No","0 days","0 days","Heterosexual (straight)","About the right weight","1 to 3 times","Did not eat fruit","Did not eat green salad","1 to 3 times","1 to 3 glasses","7 days","0 days","1 hour per day","Less than 1 hour per day","0 teams","No","8 hours","1 to 3 times","3 times per day","0 times"
"15 years old","Female","9th grade","No","White",1.7,79.83,"Did not ride a bicycle","Most of the time","0 days","0 times","Yes","No","Yes","0 days","0 days","Heterosexual (straight)","Very overweight","4 to 6 times","4 to 6 times","4 to 6 times","Did not drink soda or pop","1 to 3 glasses","7 days","5 days","2 hours per day","No playing video/computer game",NA,NA,NA,"Did not drink sports drink","4 or more times per day",NA
"15 years old","Male","10th grade","No","Black or African American",1.78,92.99,"Rarely wore a helmet","Always","I did not drive the past 30 days","0 times","No","No","No","0 days","0 days","Heterosexual (straight)","Slightly overweight","1 to 3 times","4 to 6 times","1 to 3 times","1 to 3 times","1 glass per day","4 days","7 days","4 hours per day","3 hours per day","1 team","Yes","8 hours","1 to 3 times","1 time per day","0 times"
"14 years old","Male","9th grade","No","Asian",1.83,104.33,"Never wore a helmet","Always","I did not drive the past 30 days","0 times","No","No","No","0 days","0 days","Heterosexual (straight)","Very overweight","4 to 6 times","3 times per day","Did not eat green salad","4 to 6 times","Did not drink milk","2 days","1 day","No TV on average school day","5 or more hours per day","0 teams",NA,"5 hours",NA,NA,NA
"16 years old","Female","11th grade","No","White",1.65,105.24,"Never wore a helmet","Rarely","I did not drive the past 30 days","0 times","Yes","Yes","No","20 to 29 days","3 to 5 days","bisexual","Slightly overweight","Did not drink fruit juice","Did not eat fruit","Did not eat green salad","2 times per day","4 to 6 glasses","5 days","5 days","3 hours per day","3 hours per day","1 team","Yes","4 or less hours","Did not drink sports drink","4 or more times per day","1 times"
"14 years old","Male","9th grade","No","White",1.6,61.24,"Did not ride a bicycle","Always","I did not drive the past 30 days","0 times","No","No","No","0 days","1 or 2 days","Gay or lesbian","About the right weight","2 times per day","1 to 3 times","Did not eat green salad","1 to 3 times","Did not drink milk","0 days","7 days","5 or more hours per day","5 or more hours per day","1 team","No","7 hours","Did not drink sports drink","1 to 3 times","0 times"
"15 years old","Male","9th grade","No","White",1.8,90.72,"Sometimes wore a helmet","Always","0 days","0 times","No","No","No","0 days","0 days","Heterosexual (straight)","Slightly overweight","4 to 6 times","Did not eat fruit","4 to 6 times","2 times per day","1 glass per day","6 days","5 days","2 hours per day","4 hours per day","0 teams","Yes","7 hours","2 times per day","4 or more times per day","2 times"
"17 years old","Male","11th grade","No","White",1.75,68.04,"Never wore a helmet","Most of the time","0 days","0 times","No","No","No","0 days","0 days","Heterosexual (straight)","About the right weight","1 to 3 times","Did not eat fruit","1 to 3 times","1 to 3 times","3 glasses per day","6 days","5 days","Less than 1 hour per day","1 hour per day","3 or more teams","No","6 hours","4 to 6 times","4 to 6 times","2 times"
"12 years old or younger",NA,NA,NA,NA,NA,NA,NA,"Rarely","1 or 2 days",NA,"No","No",NA,NA,"1 or 2 days",NA,"Very underweight","1 time per day","1 time per day","1 time per day","2 times per day",NA,"0 days","0 days","2 hours per day","Less than 1 hour per day",NA,NA,NA,NA,NA,NA
"16 years old","Male","10th grade","Yes","Hispanic/Latino",1.75,60.33,"Never wore a helmet","Always","I did not drive the past 30 days","2 or 3 times","Yes","Yes","Yes","0 days","10 to 19 days","Heterosexual (straight)","Slightly underweight","3 times per day","3 times per day","1 to 3 times","1 time per day","3 glasses per day","7 days","5 days","Less than 1 hour per day","1 hour per day","1 team","Yes","7 hours","2 times per day","4 or more times per day","0 times"
"18 years old or older","Male","12th grade","Yes","Hispanic/Latino",NA,NA,NA,"Most of the time","3 to 5 days","0 times","No","No","No","0 days","1 or 2 days","Heterosexual (straight)","About the right weight","4 to 6 times","4 to 6 times","1 to 3 times","4 to 6 times","1 glass per day","7 days","7 days","Less than 1 hour per day","Less than 1 hour per day","3 or more teams","No","5 hours","4 to 6 times","4 to 6 times","1 times"
"15 years old","Female","10th grade","Yes","Hispanic/Latino",1.55,82.56,"Did not ride a bicycle","Always","1 or 2 days","0 times","No","No","Yes","0 days","3 to 5 days","Heterosexual (straight)","Very overweight","Did not drink fruit juice","4 to 6 times","1 to 3 times","1 to 3 times","1 to 3 glasses","0 days","1 day","4 hours per day","4 hours per day","1 team","No","7 hours","Did not drink sports drink","4 or more times per day","1 times"
"18 years old or older","Female","12th grade","No","White",1.57,54.89,"Did not ride a bicycle","Always","I did not drive the past 30 days","0 times","No","No","Yes","All 30 days","3 to 5 days","Heterosexual (straight)","About the right weight","1 to 3 times","1 to 3 times","Did not eat green salad","4 to 6 times","1 to 3 glasses","3 days","2 days","3 hours per day","No playing video/computer game","0 teams",NA,"6 hours",NA,NA,NA
"17 years old","Female","11th grade","No","Black or African American",1.68,63.5,"Did not ride a bicycle","Rarely","0 days","1 time","No","No","No","0 days","0 days","Gay or lesbian","About the right weight","1 to 3 times","Did not eat fruit","Did not eat green salad","4 or more times per day","Did not drink milk","2 days","0 days","No TV on average school day","5 or more hours per day","0 teams","No","7 hours","Did not drink sports drink","Did not drink water","0 times"
"16 years old","Male","10th grade","No","White",1.9,97.52,NA,"Always","I did not drive the past 30 days",NA,"No","No","No","0 days","0 days","Heterosexual (straight)","About the right weight","Did not drink fruit juice","1 to 3 times","Did not eat green salad","Did not drink soda or pop",NA,"6 days","5 days","2 hours per day","1 hour per day",NA,NA,NA,NA,NA,NA
"17 years old","Female","12th grade","No","White",1.65,56.7,"Did not ride a bicycle","Rarely","6 to 9 days","0 times","No","No","Yes","0 days","3 to 5 days","Heterosexual (straight)","About the right weight","Did not drink fruit juice","2 times per day","1 time per day","Did not drink soda or pop","1 glass per day","7 days","6 days","No TV on average school day","2 hours per day","1 team","Not sure","7 hours","4 to 6 times","4 or more times per day","5 or more times"
"14 years old","Female",NA,"Yes","Multiple - Hispanic / Latino",1.3,46.72,"Never wore a helmet","Always","0 days","0 times","No","No","No","0 days","0 days","Heterosexual (straight)","Slightly underweight","1 to 3 times","2 times per day","Did not eat green salad","Did not drink soda or pop","Did not drink milk","7 days","5 days","No TV on average school day","3 hours per day","0 teams","No","7 hours",NA,NA,NA
"14 years old","Female","9th grade","No","White",1.63,63.5,"Never wore a helmet","Most of the time","1 or 2 days","2 or 3 times","Yes","No","Yes",NA,"1 or 2 days","Heterosexual (straight)","Slightly overweight","Did not drink fruit juice","3 times per day","1 time per day","Did not drink soda or pop","4 to 6 glasses","2 days","7 days","Less than 1 hour per day","Less than 1 hour per day","0 teams","No","4 or less hours","Did not drink sports drink","4 or more times per day","0 times"
"15 years old","Female","9th grade","No","Black or African American",1.63,47.17,"Never wore a helmet","Most of the time",NA,"0 times","No","Yes","Yes","0 days","0 days","Heterosexual (straight)","About the right weight","4 to 6 times","1 to 3 times","1 to 3 times","4 or more times per day","1 to 3 glasses","1 day","4 days","3 hours per day","5 or more hours per day","1 team","No","4 or less hours","1 to 3 times","1 to 3 times","1 times"
"16 years old","Female","11th grade","No","Black or African American",NA,NA,"Rarely wore a helmet","Always",NA,"0 times","Yes","No","No","0 days",NA,"bisexual","About the right weight","4 to 6 times","3 times per day","4 to 6 times","4 to 6 times","4 to 6 glasses","7 days","1 day","1 hour per day","Less than 1 hour per day","0 teams","No","5 hours",NA,NA,NA
"15 years old","Male","9th grade","No","Asian",1.7,53.98,"Most of the time wore a helmet","Always","All 30 days",NA,"No","No","Yes",NA,"1 or 2 days",NA,"About the right weight","4 or more times per day","Did not eat fruit","Did not eat green salad","1 to 3 times","2 glasses per day","3 days","5 days","5 or more hours per day","5 or more hours per day","3 or more teams","No","4 or less hours","Did not drink sports drink","Did not drink water","0 times"
"18 years old or older","Female","12th grade","Yes","Multiple - Hispanic / Latino",1.6,57.15,"Most of the time wore a helmet","Rarely","0 days","0 times","No","No","No","0 days","0 days","Heterosexual (straight)","About the right weight","1 to 3 times","4 to 6 times","Did not eat green salad","1 to 3 times","4 to 6 glasses","6 days","0 days","2 hours per day","4 hours per day","0 teams","No","6 hours","1 to 3 times","4 to 6 times","0 times"
"18 years old or older","Female","12th grade","No","Black or African American",1.68,61.24,"Never wore a helmet","Sometimes","3 to 5 days","0 times","No","Yes","No","0 days","0 days","Heterosexual (straight)","About the right weight","1 to 3 times","1 to 3 times","1 to 3 times","4 or more times per day","4 to 6 glasses","2 days","1 day","1 hour per day","5 or more hours per day","2 teams","Yes","5 hours","4 to 6 times","1 to 3 times","0 times"
"16 years old","Female","10th grade","Yes","Hispanic/Latino",1.68,102.06,"Did not ride a bicycle","Always","I did not drive the past 30 days","0 times","No","No","Yes","0 days","0 days","Heterosexual (straight)","Slightly overweight","1 to 3 times","3 times per day","1 to 3 times","Did not drink soda or pop","1 to 3 glasses","5 days","6 days","Less than 1 hour per day","3 hours per day","1 team","No","8 hours","Did not drink sports drink","4 or more times per day","2 times"
"14 years old","Male","9th grade","No","White",NA,NA,NA,NA,"1 or 2 days",NA,"Yes","No","No","0 days","All 30 days","Heterosexual (straight)","Slightly overweight","1 to 3 times","4 or more times per day","4 or more times per day","4 or more times per day",NA,NA,"5 days","1 hour per day","Less than 1 hour per day",NA,"No","7 hours",NA,NA,NA
"14 years old","Male","9th grade","No","Asian",1.75,90.27,"Never wore a helmet","Most of the time","0 days","0 times","No","No","No","0 days","0 days","Heterosexual (straight)","Very overweight","1 to 3 times","1 time per day","1 to 3 times","2 times per day","2 glasses per day","4 days","3 days","3 hours per day","5 or more hours per day","0 teams","No","6 hours","1 to 3 times","4 or more times per day","1 times"
"17 years old","Female","11th grade","No","Multiple - Non-Hispanic",1.57,54.43,"Always wore a helmet","Always","0 days","0 times","No","No","No","0 days","0 days","bisexual","About the right weight","1 time per day","4 to 6 times","1 to 3 times","Did not drink soda or pop","Did not drink milk","1 day","2 days","No TV on average school day","1 hour per day","0 teams","Yes","7 hours","Did not drink sports drink","4 or more times per day","0 times"
"16 years old","Male","11th grade","No","Am Indian / Alaska Native",1.8,81.19,NA,NA,"0 days",NA,"No","No","No","All 30 days","10 to 19 days","Heterosexual (straight)","About the right weight","Did not drink fruit juice","1 to 3 times","Did not eat green salad","3 times per day",NA,NA,"0 days","No TV on average school day","1 hour per day",NA,"No","7 hours",NA,NA,NA
"15 years old","Male","10th grade","No","White",1.65,57.15,"Sometimes wore a helmet","Always","0 days","0 times","Yes","No","No","0 days","1 or 2 days","Heterosexual (straight)","Slightly underweight","1 to 3 times","4 to 6 times","Did not eat green salad","4 to 6 times","3 glasses per day","7 days","7 days","No TV on average school day","Less than 1 hour per day","3 or more teams","Yes","7 hours","4 to 6 times","1 time per day","1 times"
"17 years old","Male","11th grade",NA,NA,1.73,70.31,"Never wore a helmet","Always","All 30 days","0 times","No","No","No","0 days","0 days","Heterosexual (straight)","About the right weight","1 to 3 times","2 times per day","Did not eat green salad","1 to 3 times","1 glass per day","7 days","7 days","Less than 1 hour per day","No playing video/computer game","2 teams","No","8 hours","3 times per day","4 or more times per day","0 times"
"16 years old","Female","11th grade","Yes","Multiple - Hispanic / Latino",1.65,95.26,"Did not ride a bicycle","Most of the time","I did not drive the past 30 days","0 times","Yes","Yes","Yes","0 days","0 days","bisexual","Very overweight","4 to 6 times","1 to 3 times","4 to 6 times","1 to 3 times","1 glass per day","4 days","2 days","No TV on average school day","No playing video/computer game","0 teams","No","9 hours",NA,NA,NA
"16 years old","Male","11th grade","Yes","Hispanic/Latino",1.73,87.09,"Never wore a helmet","Always","0 days","0 times","No","No","No","0 days","0 days","Heterosexual (straight)","Slightly overweight","1 to 3 times","4 to 6 times","4 to 6 times","1 to 3 times","1 to 3 glasses","3 days","5 days","No TV on average school day","3 hours per day","1 team","Yes","6 hours","1 to 3 times","4 to 6 times","1 times"
"17 years old","Female","12th grade","No","Asian",1.6,77.11,"Never wore a helmet","Always","10 to 19 days","0 times","No","No","Yes","0 days","0 days","bisexual","Slightly overweight","1 to 3 times","1 to 3 times","1 to 3 times","Did not drink soda or pop","Did not drink milk","3 days","4 days","No TV on average school day","5 or more hours per day","0 teams","Yes","5 hours",NA,NA,NA
"16 years old","Male","11th grade","No","White",1.8,96.62,NA,NA,"0 days",NA,"No","No","No","0 days","0 days","Heterosexual (straight)","Slightly overweight","2 times per day","4 to 6 times","Did not eat green salad","2 times per day",NA,NA,"3 days","No TV on average school day","5 or more hours per day",NA,"No","7 hours",NA,NA,NA
"16 years old","Male","10th grade","No","White",1.83,92.99,NA,NA,"I did not drive the past 30 days",NA,"No","No","No","0 days","0 days","Heterosexual (straight)","Slightly overweight","1 to 3 times","4 to 6 times","Did not eat green salad","1 to 3 times",NA,NA,"0 days","No TV on average school day","5 or more hours per day",NA,"No","8 hours",NA,NA,NA
"14 years old","Female","9th grade","Yes","Hispanic/Latino",1.63,72.58,"Never wore a helmet","Most of the time","I did not drive the past 30 days","1 time","No","No","Yes","0 days","0 days","Heterosexual (straight)","Slightly overweight","2 times per day","3 times per day","Did not eat green salad","Did not drink soda or pop","1 to 3 glasses","7 days","5 days","No TV on average school day","3 hours per day","3 or more teams","No","7 hours",NA,NA,NA
"17 years old","Female","12th grade","No","White",1.7,85.28,"Never wore a helmet","Most of the time","10 to 19 days","1 time","No","No","Yes","All 30 days","1 or 2 days","Not sure","Slightly overweight","1 to 3 times","1 to 3 times","1 to 3 times","1 to 3 times","Did not drink milk","1 day","2 days","1 hour per day","Less than 1 hour per day","0 teams","Yes","8 hours","4 or more times per day","4 or more times per day","5 or more times"
"15 years old","Male","9th grade","No","White",1.73,97.07,"Did not ride a bicycle","Always","I did not drive the past 30 days","1 time","Yes","No","Yes","0 days","10 to 19 days","Heterosexual (straight)","Slightly overweight","1 time per day","2 times per day","1 time per day","4 or more times per day","1 glass per day","3 days","3 days","No TV on average school day","5 or more hours per day","0 teams","Yes","6 hours","1 time per day","4 or more times per day","0 times"
"18 years old or older","Female","12th grade","No","White",1.57,57.61,"Sometimes wore a helmet","Always","All 30 days","0 times","No","Yes","Yes","0 days","0 days","Heterosexual (straight)","Slightly overweight","4 to 6 times","2 times per day","1 time per day","1 to 3 times","4 to 6 glasses","4 days","3 days","Less than 1 hour per day","5 or more hours per day","1 team","Yes","5 hours","1 to 3 times","1 to 3 times","1 times"
"16 years old","Female","11th grade","Yes","Hispanic/Latino",1.52,45.36,"Did not ride a bicycle","Always","0 days","0 times","No","No","Yes","0 days","0 days","bisexual","About the right weight","4 to 6 times","1 to 3 times","Did not eat green salad","1 time per day","1 glass per day","5 days","5 days","1 hour per day","5 or more hours per day","0 teams","No","7 hours","Did not drink sports drink","4 or more times per day","0 times"
"15 years old","Female","9th grade","No","White",1.55,49.9,"Never wore a helmet","Always","I did not drive the past 30 days","2 or 3 times","Yes","Yes","Yes","0 days","0 days","Heterosexual (straight)","About the right weight","1 to 3 times","1 to 3 times","1 to 3 times","1 to 3 times","1 to 3 glasses","2 days","4 days","No TV on average school day","2 hours per day","0 teams","No","6 hours","Did not drink sports drink","1 to 3 times","3 times"
"17 years old","Female","11th grade","No","White",1.63,112.95,NA,NA,"0 days",NA,"No","No","No","0 days","0 days","Heterosexual (straight)","Slightly overweight","Did not drink fruit juice","1 to 3 times","1 to 3 times","4 or more times per day",NA,NA,"0 days","5 or more hours per day","3 hours per day",NA,"No","9 hours",NA,NA,NA
"16 years old","Female","12th grade","No","White",1.78,86.18,"Never wore a helmet","Most of the time","3 to 5 days","0 times","No","No","No","1 or 2 days","0 days","bisexual","Very overweight","1 to 3 times","2 times per day","1 to 3 times","Did not drink soda or pop","1 glass per day","3 days","1 day","No TV on average school day","3 hours per day","0 teams","Yes","5 hours","Did not drink sports drink","4 or more times per day","5 or more times"
"14 years old","Female","9th grade","No","Multiple - Non-Hispanic",1.63,61.24,"Did not ride a bicycle","Most of the time","I did not drive the past 30 days","2 or 3 times","Yes","Yes","Yes","0 days","0 days","Gay or lesbian","Slightly underweight","Did not drink fruit juice","1 to 3 times","Did not eat green salad","4 to 6 times","Did not drink milk","1 day","3 days","1 hour per day","1 hour per day","1 team","No","4 or less hours","1 to 3 times","1 time per day","2 times"
"15 years old","Male","10th grade","Yes","Hispanic/Latino",1.68,57.15,"Never wore a helmet","Always","I did not drive the past 30 days","0 times","No","No","No","0 days","0 days","Heterosexual (straight)","About the right weight","2 times per day","1 time per day","Did not eat green salad","1 to 3 times","4 to 6 glasses","7 days","7 days","5 or more hours per day","5 or more hours per day","0 teams","No","7 hours","1 to 3 times","4 to 6 times","2 times"
"17 years old","Male","11th grade","Yes","Hispanic/Latino",1.75,90.72,"Never wore a helmet","Always","I did not drive the past 30 days","0 times","No","No","No","0 days","0 days","Heterosexual (straight)","Slightly overweight","Did not drink fruit juice","1 to 3 times","1 to 3 times","4 to 6 times","1 to 3 glasses","4 days","4 days","3 hours per day","5 or more hours per day","3 or more teams","No","6 hours","4 to 6 times","4 to 6 times","0 times"
"17 years old","Male","10th grade","No","Multiple - Non-Hispanic",1.73,54.43,"Never wore a helmet","Always","0 days","0 times","No","No","No","0 days","0 days","Heterosexual (straight)","Slightly underweight","1 to 3 times","4 to 6 times","1 to 3 times","1 to 3 times","Did not drink milk","2 days","4 days","2 hours per day","Less than 1 hour per day","0 teams",NA,"7 hours",NA,NA,NA
"16 years old","Female","10th grade","No","White",1.52,54.43,"Did not ride a bicycle","Always",NA,"0 times","No","No","Yes","0 days","0 days","Heterosexual (straight)","About the right weight","Did not drink fruit juice","3 times per day","1 time per day","Did not drink soda or pop","1 to 3 glasses","7 days","7 days","1 hour per day","No playing video/computer game","2 teams","No","8 hours","Did not drink sports drink","3 times per day","2 times"
"14 years old","Male","9th grade","Yes","Multiple - Hispanic / Latino",1.63,56.25,"Never wore a helmet","Always","0 days","0 times","No","No","No","0 days",NA,"Heterosexual (straight)","About the right weight","1 to 3 times","1 to 3 times","Did not eat green salad","1 to 3 times","3 glasses per day","3 days","1 day","5 or more hours per day","5 or more hours per day","1 team","Yes","8 hours",NA,NA,NA
"16 years old","Female","11th grade","Yes","Hispanic/Latino",1.5,71.67,"Never wore a helmet","Always","I did not drive the past 30 days","0 times","Yes","No","Yes","0 days","0 days","Heterosexual (straight)","Very overweight","Did not drink fruit juice","Did not eat fruit","1 to 3 times","1 time per day","1 to 3 glasses","4 days","0 days","4 hours per day","5 or more hours per day","1 team","No","8 hours",NA,NA,NA
"17 years old","Male","10th grade","No","White",1.75,68.95,"Never wore a helmet","Always","20 to 29 days","0 times","Yes","Yes","Yes","0 days","0 days","Heterosexual (straight)","Very underweight","3 times per day","1 to 3 times","1 to 3 times","Did not drink soda or pop","1 to 3 glasses","6 days","6 days","2 hours per day","Less than 1 hour per day","3 or more teams","Yes","8 hours","3 times per day","3 times per day","0 times"
"17 years old","Female","10th grade","No","White",1.63,59.88,"Never wore a helmet","Most of the time","0 days","0 times","Yes","Yes","Yes","0 days","10 to 19 days",NA,"About the right weight","1 to 3 times","4 to 6 times","1 to 3 times","1 to 3 times","1 to 3 glasses","6 days","2 days","2 hours per day","No playing video/computer game","1 team","Not sure","6 hours","Did not drink sports drink","2 times per day","5 or more times"
"16 years old","Female","11th grade","No","White",1.63,76.66,"Did not ride a bicycle","Most of the time","I did not drive the past 30 days","0 times","No","No","Yes","0 days","0 days","bisexual","Slightly overweight","1 to 3 times","4 to 6 times","Did not eat green salad","4 to 6 times","1 to 3 glasses","0 days","0 days","2 hours per day","No playing video/computer game","0 teams","No","6 hours","4 to 6 times","2 times per day","1 times"
"16 years old","Male","11th grade","No","Multiple - Non-Hispanic",1.7,74.84,NA,NA,NA,NA,"No","No","Yes","0 days","3 to 5 days","Heterosexual (straight)","About the right weight","Did not drink fruit juice","4 to 6 times","1 to 3 times","1 to 3 times",NA,NA,"5 days","4 hours per day","5 or more hours per day",NA,"No","6 hours",NA,NA,NA
"17 years old","Male","11th grade","No","Multiple - Non-Hispanic",1.85,72.58,"Never wore a helmet","Sometimes","20 to 29 days","2 or 3 times","No","No","No","6 to 9 days","3 to 5 days","Heterosexual (straight)","Slightly underweight","1 to 3 times","1 to 3 times","1 to 3 times","1 time per day","4 or more glasses per day","7 days","7 days","1 hour per day","Less than 1 hour per day","3 or more teams","No","8 hours","4 to 6 times","2 times per day","5 or more times"
"16 years old","Male","11th grade","Yes","Multiple - Hispanic / Latino",1.73,58.97,"Did not ride a bicycle","Always","I did not drive the past 30 days","0 times","No","No","No","0 days","0 days","Heterosexual (straight)","Very underweight","Did not drink fruit juice","Did not eat fruit","Did not eat green salad","2 times per day","2 glasses per day","7 days","0 days","No TV on average school day","5 or more hours per day","1 team","Not sure","8 hours","1 time per day","Did not drink water","0 times"
"18 years old or older","Male","12th grade","No","White",1.9,99.79,"Did not ride a bicycle","Most of the time","0 days","0 times","No","No","No","0 days","0 days","Heterosexual (straight)","About the right weight","1 to 3 times","4 or more times per day","2 times per day","1 to 3 times","1 glass per day","6 days","7 days","4 hours per day","4 hours per day","2 teams","Yes","7 hours","Did not drink sports drink","4 or more times per day","0 times"
"15 years old","Male","9th grade","No","White",1.7,68.04,"Never wore a helmet","Most of the time","0 days","0 times","No","No","No","0 days","0 days","Heterosexual (straight)","About the right weight","Did not drink fruit juice","1 to 3 times","Did not eat green salad","1 to 3 times","2 glasses per day","3 days","6 days","4 hours per day","No playing video/computer game","2 teams","No","7 hours","1 time per day","4 or more times per day","5 or more times"
"17 years old","Female","12th grade","Yes","Hispanic/Latino",1.57,58.97,"Did not ride a bicycle","Most of the time","0 days","0 times","No","No","No","0 days","1 or 2 days","Heterosexual (straight)","About the right weight","1 to 3 times","4 to 6 times","Did not eat green salad","2 times per day","1 to 3 glasses","1 day","2 days","2 hours per day","1 hour per day","0 teams","No","7 hours","1 to 3 times","3 times per day","0 times"
"16 years old","Female","11th grade","No","Asian",1.7,68.04,"Never wore a helmet","Always","0 days","0 times","No","No","Yes","0 days","0 days","Heterosexual (straight)","Slightly overweight","1 to 3 times","1 to 3 times","4 to 6 times","1 to 3 times","4 to 6 glasses","0 days","3 days","3 hours per day","5 or more hours per day","0 teams","No","4 or less hours","Did not drink sports drink","4 to 6 times","4 times"
"15 years old","Female","9th grade","No","White",1.6,67.59,"Did not ride a bicycle","Most of the time","I did not drive the past 30 days","1 time","Yes","Yes","Yes","1 or 2 days","20 to 29 days","Heterosexual (straight)","Slightly overweight","1 to 3 times","4 or more times per day","1 time per day","Did not drink soda or pop","Did not drink milk","0 days","7 days","No TV on average school day","1 hour per day","0 teams","No","4 or less hours",NA,NA,NA
"16 years old","Male","9th grade","Yes","Multiple - Hispanic / Latino",1.68,45.81,"Rarely wore a helmet","Always","0 days","4 or 5 times","Yes","No","Yes","0 days","6 to 9 days","Heterosexual (straight)","About the right weight","2 times per day","3 times per day","1 to 3 times","1 time per day","3 glasses per day","7 days","2 days","5 or more hours per day","4 hours per day","1 team","No","10 or more hours","1 time per day","2 times per day","1 times"
"17 years old","Female","12th grade","Yes","Multiple - Hispanic / Latino",1.55,104.33,"Did not ride a bicycle","Always","I did not drive the past 30 days","1 time","Yes","No","Yes","0 days","0 days","bisexual","Very overweight","Did not drink fruit juice","1 to 3 times","Did not eat green salad","3 times per day","1 to 3 glasses","2 days","1 day","3 hours per day","3 hours per day","0 teams","Yes","6 hours","1 to 3 times","4 to 6 times","0 times"
"14 years old","Female","9th grade","Yes","Multiple - Hispanic / Latino",1.5,44,"Did not ride a bicycle","Rarely","I did not drive the past 30 days","0 times","No","No","Yes","0 days","0 days","Heterosexual (straight)","About the right weight","1 to 3 times","Did not eat fruit","Did not eat green salad","1 to 3 times","Did not drink milk","7 days","1 day","No TV on average school day","5 or more hours per day","0 teams","No","7 hours","Did not drink sports drink","1 to 3 times","0 times"
"14 years old","Female","9th grade","No","Black or African American",1.63,54.43,"Never wore a helmet","Most of the time","I did not drive the past 30 days","2 or 3 times","Yes","No","No","0 days","0 days","Heterosexual (straight)","About the right weight","4 or more times per day","1 to 3 times","Did not eat green salad","4 to 6 times","4 to 6 glasses","2 days","2 days","3 hours per day","1 hour per day","1 team","No","7 hours","1 to 3 times","1 to 3 times","2 times"
"16 years old","Male","11th grade","No","White",1.78,54.43,"Always wore a helmet","Always","0 days","0 times","No","No","No","0 days","0 days","Heterosexual (straight)","Slightly underweight","1 to 3 times","4 to 6 times","Did not eat green salad","Did not drink soda or pop","4 to 6 glasses","7 days","1 day","2 hours per day","5 or more hours per day","0 teams","No","8 hours","Did not drink sports drink","4 to 6 times","0 times"
"18 years old or older","Female","12th grade","No","White",NA,NA,"Never wore a helmet","Always","0 days","0 times","No","No","No","0 days","0 days","Heterosexual (straight)","Slightly overweight","Did not drink fruit juice","1 to 3 times","1 to 3 times","Did not drink soda or pop","4 to 6 glasses","1 day","1 day","3 hours per day","3 hours per day","0 teams","No","8 hours","1 to 3 times","4 to 6 times","2 times"
"18 years old or older","Female","12th grade","No","White",1.7,83.92,"Never wore a helmet","Sometimes","3 to 5 days","2 or 3 times","Yes","Yes","Yes","3 to 5 days","6 to 9 days","bisexual","Slightly overweight","4 to 6 times","2 times per day","1 to 3 times","Did not drink soda or pop","4 or more glasses per day","7 days","7 days","5 or more hours per day","5 or more hours per day","0 teams","Yes","6 hours","4 to 6 times","4 or more times per day","5 or more times"
"15 years old","Female","11th grade","Yes","Multiple - Hispanic / Latino",1.52,45.36,"Did not ride a bicycle","Always","I did not drive the past 30 days","0 times","No","No","No","0 days","0 days","Heterosexual (straight)","Slightly underweight","Did not drink fruit juice","4 or more times per day","1 to 3 times","Did not drink soda or pop","Did not drink milk","7 days","7 days","No TV on average school day","No playing video/computer game","2 teams","No","8 hours","Did not drink sports drink","4 or more times per day","1 times"
"15 years old","Female","9th grade","No","Black or African American",1.75,69.4,"Never wore a helmet","Always","0 days","0 times","No","No","No","0 days","0 days","Heterosexual (straight)","About the right weight","2 times per day","4 to 6 times","1 to 3 times","Did not drink soda or pop","1 to 3 glasses","7 days","7 days","4 hours per day","4 hours per day","3 or more teams","No","7 hours","1 to 3 times","4 or more times per day","0 times"
"18 years old or older","Female","12th grade","No","White",1.57,58.97,"Rarely wore a helmet","Always","10 to 19 days","0 times","No","No","No","0 days","0 days","bisexual","About the right weight","1 to 3 times","1 time per day","1 to 3 times","Did not drink soda or pop","1 to 3 glasses","6 days","1 day","No TV on average school day","No playing video/computer game","0 teams","No","7 hours","Did not drink sports drink","3 times per day","3 times"
"17 years old","Female","12th grade","No","White",1.63,61.24,"Sometimes wore a helmet","Always","0 days","0 times","No","No","No","0 days","0 days","Heterosexual (straight)","About the right weight","1 time per day","2 times per day","1 time per day","1 to 3 times","4 to 6 glasses","7 days","4 days","4 hours per day","2 hours per day","1 team","No","7 hours","1 to 3 times","2 times per day","1 times"
"15 years old","Male","10th grade","Yes","Hispanic/Latino",1.68,53.52,"Never wore a helmet","Always","I did not drive the past 30 days","0 times","No","No","No","0 days","0 days","Heterosexual (straight)","About the right weight","1 to 3 times","1 to 3 times","Did not eat green salad","1 to 3 times","2 glasses per day","1 day","1 day","2 hours per day","5 or more hours per day","0 teams","Yes","6 hours","1 to 3 times","1 to 3 times","2 times"
"17 years old","Male","11th grade","No","White",1.68,61.24,"Did not ride a bicycle","Always","0 days","0 times","No","No","No","0 days","0 days","Heterosexual (straight)","About the right weight","1 to 3 times","Did not eat fruit","Did not eat green salad","1 time per day","1 glass per day","1 day","7 days","2 hours per day","Less than 1 hour per day","2 teams","No","9 hours","Did not drink sports drink","2 times per day","0 times"
"17 years old","Female","11th grade","No","Black or African American",1.7,60.33,"Did not ride a bicycle","Rarely","0 days","4 or 5 times","No","No","Yes","6 to 9 days","3 to 5 days",NA,NA,NA,NA,NA,NA,NA,NA,NA,NA,NA,NA,NA,NA,NA,NA,NA
"18 years old or older","Female","12th grade","Yes","Multiple - Hispanic / Latino",1.65,71.67,"Never wore a helmet","Always","0 days","0 times","Yes","No","Yes","0 days","0 days","Heterosexual (straight)","Slightly overweight","1 to 3 times","1 to 3 times","1 time per day","1 to 3 times","1 glass per day","2 days","2 days","Less than 1 hour per day","4 hours per day","0 teams","No","5 hours","Did not drink sports drink","2 times per day","0 times"
"16 years old","Male","9th grade","Yes","Multiple - Hispanic / Latino",1.68,65.77,"Never wore a helmet","Always","3 to 5 days","12 or more times","No","No","Yes","0 days","0 days","Heterosexual (straight)","About the right weight","4 or more times per day","4 to 6 times","1 to 3 times","4 or more times per day","Did not drink milk","7 days","4 days","5 or more hours per day","5 or more hours per day","0 teams","Not sure","4 or less hours","3 times per day","4 to 6 times","0 times"
"15 years old","Male","10th grade","Yes","Hispanic/Latino",1.68,58.97,"Never wore a helmet","Always","0 days","0 times","No","No","No","0 days","0 days","Heterosexual (straight)","Slightly underweight","1 to 3 times","3 times per day","Did not eat green salad","1 time per day","2 glasses per day","7 days","6 days","No TV on average school day","4 hours per day","1 team","No","7 hours","2 times per day","1 time per day","5 or more times"
"16 years old","Male","10th grade","No","Multiple - Non-Hispanic",1.57,56.25,"Never wore a helmet","Always","0 days","0 times","Yes","No","No","0 days",NA,"Heterosexual (straight)","About the right weight","1 to 3 times","1 to 3 times","Did not eat green salad","4 to 6 times","Did not drink milk","2 days","7 days","4 hours per day","No playing video/computer game","1 team",NA,"6 hours",NA,NA,NA
"15 years old","Female","9th grade","No","White",1.7,58.06,"Never wore a helmet","Always","I did not drive the past 30 days","0 times","No","No","No","0 days","0 days","Heterosexual (straight)","About the right weight","4 to 6 times","1 to 3 times","1 to 3 times","1 to 3 times","1 glass per day","7 days","7 days","No TV on average school day","1 hour per day","1 team","No","6 hours","Did not drink sports drink","1 time per day","4 times"
"16 years old","Female","10th grade","No","White",1.63,88.45,"Never wore a helmet","Always","0 days","0 times","Yes","No","No","0 days","0 days","Heterosexual (straight)","Slightly overweight","Did not drink fruit juice","Did not eat fruit","1 to 3 times","Did not drink soda or pop","1 glass per day","5 days","3 days","Less than 1 hour per day","Less than 1 hour per day","0 teams","Yes","7 hours","Did not drink sports drink","2 times per day","3 times"
"15 years old","Female","10th grade","No","White",1.65,74.84,"Never wore a helmet","Always","0 days","0 times","No","No","No","0 days","0 days","Heterosexual (straight)","Slightly overweight","1 to 3 times","Did not eat fruit","Did not eat green salad","1 to 3 times","1 glass per day","7 days","0 days","2 hours per day","4 hours per day","0 teams","No","6 hours","Did not drink sports drink","1 time per day","2 times"
"15 years old","Male","10th grade","No","Am Indian / Alaska Native",1.85,65.77,"Never wore a helmet","Always","0 days","0 times","No","No","No","0 days","0 days","Heterosexual (straight)","About the right weight","1 time per day","2 times per day","1 to 3 times",NA,NA,NA,NA,NA,NA,NA,NA,NA,NA,NA,NA
"17 years old","Female","12th grade","No","White",1.57,79.38,"Never wore a helmet","Most of the time","20 to 29 days","0 times","No","No","No","0 days","0 days","Heterosexual (straight)","Slightly overweight","1 to 3 times","1 to 3 times","Did not eat green salad","Did not drink soda or pop","1 to 3 glasses","7 days","1 day","3 hours per day","No playing video/computer game","0 teams","No","5 hours","Did not drink sports drink","4 to 6 times","3 times"
"17 years old","Female","11th grade","No","White",1.68,53.52,"Rarely wore a helmet","Always","10 to 19 days","0 times","No","No","No","0 days","0 days","Heterosexual (straight)","About the right weight","1 to 3 times","2 times per day","1 to 3 times","Did not drink soda or pop","2 glasses per day","7 days","3 days","Less than 1 hour per day","No playing video/computer game","1 team","Yes","8 hours","Did not drink sports drink","1 time per day","3 times"
"16 years old","Female","11th grade","No","White",1.78,99.79,"Sometimes wore a helmet","Always","0 days","0 times","No","No","Yes","0 days","1 or 2 days","Heterosexual (straight)","Slightly overweight","1 to 3 times","1 to 3 times","1 time per day","1 to 3 times","1 to 3 glasses","7 days","5 days","No TV on average school day","No playing video/computer game","0 teams","No","7 hours","1 to 3 times","4 or more times per day","4 times"
"18 years old or older","Male","12th grade","No","White",1.85,102.06,"Never wore a helmet","Always","20 to 29 days","0 times","No","No","No","0 days","0 days","Heterosexual (straight)","Slightly overweight","2 times per day","2 times per day","1 to 3 times","1 to 3 times","1 glass per day","6 days","7 days","Less than 1 hour per day","4 hours per day","1 team","No","7 hours","1 to 3 times","4 or more times per day","0 times"
"15 years old","Female","9th grade","No","White",1.57,65.77,"Never wore a helmet","Most of the time","0 days","0 times","Yes","No","No","0 days","1 or 2 days","Heterosexual (straight)","Slightly overweight","1 to 3 times","4 to 6 times","Did not eat green salad","1 to 3 times","4 to 6 glasses","7 days","3 days","3 hours per day","2 hours per day","3 or more teams","No","8 hours","1 to 3 times","2 times per day","2 times"
"15 years old","Male","11th grade","No","Multiple - Non-Hispanic",NA,NA,"Never wore a helmet","Always","I did not drive the past 30 days","0 times","No","No","No","3 to 5 days","0 days","Heterosexual (straight)","Slightly overweight","4 or more times per day","4 or more times per day","4 or more times per day","4 or more times per day","4 or more glasses per day","3 days","4 days","5 or more hours per day","4 hours per day","2 teams","No","4 or less hours","4 or more times per day","2 times per day","0 times"
"17 years old","Male","11th grade","No","Native Hawaiian/other PI",NA,NA,NA,NA,"All 30 days",NA,"Yes","Yes","No","6 to 9 days","3 to 5 days","bisexual",NA,"4 to 6 times","2 times per day","4 to 6 times","4 to 6 times",NA,NA,"4 days","1 hour per day","2 hours per day",NA,NA,"6 hours",NA,NA,NA
"16 years old",NA,"10th grade","No","Black or African American",NA,NA,"Did not ride a bicycle","Most of the time","0 days","0 times","No","No","No","0 days","0 days","Heterosexual (straight)","Slightly overweight","Did not drink fruit juice","4 or more times per day","4 or more times per day","4 or more times per day","4 or more glasses per day","7 days","0 days","No TV on average school day","No playing video/computer game","0 teams","No","10 or more hours","4 or more times per day","4 or more times per day","0 times"
"17 years old","Female","10th grade","No","White",1.65,58.97,"Never wore a helmet","Always","0 days","0 times","No","No","No","0 days","0 days","Heterosexual (straight)","About the right weight","4 to 6 times","3 times per day","1 to 3 times","Did not drink soda or pop","Did not drink milk","0 days","5 days","3 hours per day","5 or more hours per day","3 or more teams","No","5 hours","Did not drink sports drink","4 or more times per day","3 times"
"14 years old","Female","9th grade","No","White",1.65,59.88,"Rarely wore a helmet","Always","I did not drive the past 30 days","0 times","No","No","No","0 days","0 days","Heterosexual (straight)","About the right weight","1 to 3 times","4 to 6 times","1 to 3 times","1 to 3 times","1 to 3 glasses","2 days","3 days","1 hour per day","3 hours per day","0 teams","No","9 hours","Did not drink sports drink","4 or more times per day","1 times"
"14 years old","Male","9th grade","No","White",1.6,70.31,"Did not ride a bicycle","Always","I did not drive the past 30 days","0 times","No","No","Yes","0 days","0 days","Not sure","Slightly overweight","1 to 3 times","4 to 6 times","1 to 3 times","1 to 3 times","4 to 6 glasses","7 days","4 days","1 hour per day","5 or more hours per day","1 team","No","9 hours","1 to 3 times","4 to 6 times","1 times"
"16 years old","Male","10th grade","No","Multiple - Non-Hispanic",1.73,63.5,NA,"Most of the time","0 days",NA,"No","No","No",NA,"0 days","Heterosexual (straight)","Slightly underweight","1 to 3 times","1 to 3 times","Did not eat green salad","1 to 3 times",NA,"7 days","7 days","Less than 1 hour per day","2 hours per day",NA,NA,NA,NA,NA,NA
"15 years old","Male","9th grade","No","White",1.7,67.59,NA,NA,"I did not drive the past 30 days",NA,"No","No","No","0 days","0 days","Heterosexual (straight)","About the right weight","1 to 3 times","4 to 6 times","Did not eat green salad","4 to 6 times",NA,NA,"1 day","No TV on average school day","Less than 1 hour per day",NA,"No","5 hours",NA,NA,NA
"15 years old","Male","10th grade","No","White",1.8,69.85,"Always wore a helmet","Always","1 or 2 days","0 times","No","Yes","No","0 days","1 or 2 days","Heterosexual (straight)","About the right weight","1 time per day","2 times per day","Did not eat green salad","1 to 3 times","2 glasses per day","7 days","6 days","1 hour per day","3 hours per day","1 team","No","7 hours","1 time per day","4 or more times per day","2 times"
"17 years old","Female","11th grade","Yes","Multiple - Hispanic / Latino",1.68,63.5,"Always wore a helmet","Most of the time","I did not drive the past 30 days","0 times","No","No","No","0 days","0 days","Heterosexual (straight)","About the right weight","1 to 3 times","1 to 3 times","4 to 6 times","Did not drink soda or pop","1 glass per day","7 days","0 days","3 hours per day","4 hours per day","0 teams","No","5 hours","Did not drink sports drink","2 times per day","1 times"
"16 years old","Male","10th grade","Yes","Multiple - Hispanic / Latino",1.63,54.43,"Never wore a helmet","Always","0 days","0 times","No","No","No","0 days","0 days","Heterosexual (straight)","About the right weight","4 or more times per day","1 time per day","1 time per day","1 time per day","1 glass per day","7 days","1 day","Less than 1 hour per day","No playing video/computer game","0 teams","No","10 or more hours",NA,NA,NA
"16 years old","Male","11th grade","No","Black or African American",1.85,83.92,"Rarely wore a helmet","Most of the time","10 to 19 days","0 times","No","No","No","0 days","0 days","Heterosexual (straight)","About the right weight","4 to 6 times","2 times per day","Did not eat green salad","2 times per day","1 to 3 glasses","3 days","7 days","5 or more hours per day","2 hours per day","3 or more teams","No","8 hours","4 to 6 times","4 to 6 times","1 times"
"16 years old","Female","11th grade","Yes","Multiple - Hispanic / Latino",1.55,50.8,"Never wore a helmet","Always","20 to 29 days","0 times","No","Yes","Yes","0 days","6 to 9 days","Heterosexual (straight)","About the right weight","1 to 3 times","4 to 6 times","1 to 3 times","4 to 6 times","Did not drink milk","2 days","3 days","1 hour per day","4 hours per day","0 teams","No","8 hours","Did not drink sports drink","1 time per day","1 times"
"14 years old","Male","9th grade","No","White",1.57,44,NA,NA,"0 days",NA,"No","No","No","0 days","1 or 2 days","Heterosexual (straight)","Slightly underweight","1 to 3 times","4 to 6 times","1 to 3 times","4 to 6 times",NA,NA,"6 days","2 hours per day","1 hour per day",NA,"No","8 hours",NA,NA,NA
"18 years old or older","Male","12th grade","No","Black or African American",1.75,70.31,"Did not ride a bicycle","Always","6 to 9 days","2 or 3 times","No","No","No","1 or 2 days","0 days","Heterosexual (straight)","About the right weight","2 times per day","4 to 6 times","4 to 6 times","1 to 3 times","1 to 3 glasses","5 days","3 days","2 hours per day","2 hours per day","0 teams","No","5 hours",NA,NA,NA
"17 years old","Female","12th grade","No","White",1.55,60.33,NA,NA,"0 days",NA,"No","No","No","0 days","0 days","Heterosexual (straight)","About the right weight","1 to 3 times","1 to 3 times","1 to 3 times","1 to 3 times",NA,NA,"1 day","2 hours per day","No playing video/computer game",NA,"Yes","7 hours",NA,NA,NA
"18 years old or older","Male","12th grade","Yes","Hispanic/Latino",1.65,49.9,"Did not ride a bicycle","Never","I did not drive the past 30 days","0 times","No","No","No","3 to 5 days","0 days","Not sure","Very underweight","Did not drink fruit juice","Did not eat fruit","Did not eat green salad","1 to 3 times","Did not drink milk","7 days","0 days","Less than 1 hour per day","Less than 1 hour per day","0 teams","No","4 or less hours","4 to 6 times","1 to 3 times","0 times"
"15 years old","Female","9th grade","No","White",1.6,52.16,"Never wore a helmet","Most of the time","0 days","0 times","Yes","No","No","0 days","1 or 2 days",NA,"About the right weight","1 to 3 times","1 to 3 times","Did not eat green salad","4 to 6 times","1 to 3 glasses","7 days","5 days","Less than 1 hour per day","1 hour per day","3 or more teams","No","6 hours","4 to 6 times","4 to 6 times","2 times"
"15 years old","Male","9th grade","Yes","Multiple - Hispanic / Latino",1.7,52.62,"Did not ride a bicycle","Always","0 days","0 times","Yes","No","No","0 days","0 days","Heterosexual (straight)","Slightly underweight","1 time per day","2 times per day","Did not eat green salad","1 to 3 times","2 glasses per day","7 days","7 days","1 hour per day","3 hours per day","1 team","Yes","7 hours","1 to 3 times","1 time per day","2 times"
"14 years old","Female","9th grade","No","White",1.75,64.86,"Did not ride a bicycle","Always","I did not drive the past 30 days","0 times","No","No","Yes","0 days","0 days","Heterosexual (straight)","About the right weight","1 to 3 times","1 time per day","1 to 3 times","4 to 6 times","1 to 3 glasses","1 day","2 days","3 hours per day","2 hours per day","0 teams","Yes","6 hours","Did not drink sports drink","4 or more times per day","4 times"
"18 years old or older","Male","12th grade",NA,NA,1.68,64.41,"Did not ride a bicycle","Always","I did not drive the past 30 days","0 times","No","No","No","0 days","0 days","Heterosexual (straight)","About the right weight","1 to 3 times","1 time per day","Did not eat green salad","1 to 3 times","1 to 3 glasses","5 days","3 days","4 hours per day","Less than 1 hour per day","2 teams","Yes","7 hours","Did not drink sports drink","1 to 3 times","0 times"
"18 years old or older","Male","12th grade","No","Am Indian / Alaska Native",1.7,56.7,"Never wore a helmet","Sometimes","10 to 19 days","2 or 3 times","Yes","No","No","0 days","0 days","Heterosexual (straight)","Slightly underweight","1 to 3 times","1 to 3 times","1 to 3 times","1 time per day","1 glass per day","4 days","4 days","1 hour per day","1 hour per day","0 teams","Yes","4 or less hours","1 to 3 times","1 to 3 times","0 times"
"15 years old","Male","9th grade","No","White",1.73,107.05,"Never wore a helmet","Always","0 days","0 times","No","No","No","0 days","0 days","Heterosexual (straight)","Slightly overweight","Did not drink fruit juice","1 to 3 times","1 to 3 times","4 to 6 times","4 to 6 glasses","1 day","3 days","No TV on average school day","4 hours per day","1 team","No","8 hours","1 to 3 times","1 to 3 times","1 times"
"16 years old","Female","10th grade","No","White",1.7,72.58,"Never wore a helmet","Always","1 or 2 days","0 times","No","Yes","No","0 days","0 days","Heterosexual (straight)","Slightly overweight","2 times per day","1 time per day","1 to 3 times","1 to 3 times","1 glass per day","1 day","4 days","1 hour per day","5 or more hours per day","3 or more teams","No","8 hours","Did not drink sports drink","2 times per day","1 times"
"18 years old or older","Male","12th grade","No","Asian",1.75,61.24,"Did not ride a bicycle","Always","0 days","0 times","No","No","No","0 days","0 days","Heterosexual (straight)",NA,"Did not drink fruit juice","1 to 3 times","Did not eat green salad","1 time per day","1 glass per day","7 days","0 days","2 hours per day","2 hours per day","0 teams","No","7 hours","Did not drink sports drink","2 times per day","1 times"
"17 years old","Male","12th grade",NA,NA,1.65,77.11,"Never wore a helmet","Always","0 days","0 times","No","No","No","0 days","0 days","Heterosexual (straight)","About the right weight","2 times per day","4 or more times per day","3 times per day","1 to 3 times","2 glasses per day","7 days","7 days","1 hour per day","No playing video/computer game","2 teams","No","8 hours","1 time per day","4 or more times per day","0 times"
"15 years old","Female","9th grade","No","White",1.57,53.98,"Did not ride a bicycle","Always","I did not drive the past 30 days","0 times","No","No","No","0 days","0 days","Heterosexual (straight)","About the right weight","1 to 3 times","4 to 6 times","1 to 3 times","Did not drink soda or pop","1 to 3 glasses","3 days","5 days","Less than 1 hour per day","1 hour per day","1 team","No","7 hours","1 to 3 times","4 or more times per day","0 times"
"18 years old or older","Female","12th grade","No","White",1.55,55.34,"Never wore a helmet","Never","0 days","0 times","No","No","Yes","0 days","0 days","Heterosexual (straight)","About the right weight","1 to 3 times","Did not eat fruit","Did not eat green salad","1 to 3 times","4 to 6 glasses","2 days","0 days","1 hour per day","Less than 1 hour per day","1 team","No","5 hours","Did not drink sports drink","1 to 3 times","0 times"
"15 years old","Male","9th grade","Yes","Multiple - Hispanic / Latino",1.8,58.97,NA,"Always","I did not drive the past 30 days",NA,"Yes","Yes","Yes","0 days","0 days","Heterosexual (straight)","Very underweight","Did not drink fruit juice","Did not eat fruit","Did not eat green salad","Did not drink soda or pop",NA,"0 days","0 days","No TV on average school day","No playing video/computer game",NA,NA,NA,NA,NA,NA
"17 years old","Male","11th grade","Yes","Multiple - Hispanic / Latino",1.68,62.14,"Did not ride a bicycle","Always","I did not drive the past 30 days","0 times","No","No","No","0 days","0 days","Heterosexual (straight)","About the right weight","1 to 3 times","3 times per day","Did not eat green salad","Did not drink soda or pop","3 glasses per day","6 days","7 days","Less than 1 hour per day","2 hours per day","1 team","No","6 hours","Did not drink sports drink","2 times per day","0 times"
"18 years old or older","Female","11th grade","No","White",1.7,81.65,"Did not ride a bicycle","Always","0 days","0 times","No","No","No","0 days","1 or 2 days","Heterosexual (straight)","Slightly overweight","4 or more times per day","4 or more times per day","4 or more times per day","4 or more times per day","4 or more glasses per day","7 days","7 days","3 hours per day","No playing video/computer game","0 teams","No","7 hours","4 or more times per day","4 or more times per day","0 times"
"17 years old","Male","12th grade","No","White",1.75,92.99,"Always wore a helmet","Always","0 days","0 times","No","No","No","0 days","0 days","Heterosexual (straight)","Very overweight","1 to 3 times","2 times per day","4 to 6 times","4 to 6 times","2 glasses per day","7 days","2 days","Less than 1 hour per day","3 hours per day","0 teams","Yes","7 hours","Did not drink sports drink","2 times per day","3 times"
"17 years old","Male","11th grade","Yes","Hispanic/Latino",1.7,58.06,"Never wore a helmet","Always",NA,"1 time","No","No","No","0 days","0 days","Heterosexual (straight)","About the right weight","1 to 3 times","1 to 3 times","1 to 3 times","4 to 6 times","1 glass per day","7 days","3 days","1 hour per day","Less than 1 hour per day","2 teams","No","8 hours","1 to 3 times","4 to 6 times","0 times"
"16 years old","Male","10th grade","Yes","Hispanic/Latino",1.68,81.65,"Never wore a helmet","Always","0 days","0 times","No","No","No","0 days","0 days","Heterosexual (straight)","Slightly underweight","2 times per day","1 time per day","1 to 3 times","4 to 6 times","4 to 6 glasses","5 days","6 days","4 hours per day","1 hour per day","1 team","No","6 hours","4 to 6 times","1 time per day","0 times"
"18 years old or older","Male","12th grade","Yes","Multiple - Hispanic / Latino",1.83,71.67,"Did not ride a bicycle","Always","0 days","0 times","No","No","Yes","0 days","0 days","Heterosexual (straight)","About the right weight","1 to 3 times","1 to 3 times","1 to 3 times","1 to 3 times","4 or more glasses per day","7 days","4 days","Less than 1 hour per day","2 hours per day","2 teams","No","4 or less hours","1 to 3 times","4 or more times per day","0 times"
"17 years old","Male","11th grade","Yes","Multiple - Hispanic / Latino",1.73,82.56,"Never wore a helmet","Rarely",NA,"12 or more times","No","No","No","All 30 days","10 to 19 days","bisexual","Slightly overweight","4 or more times per day","1 time per day","1 to 3 times","4 to 6 times","1 glass per day","0 days","7 days","2 hours per day","5 or more hours per day","0 teams","No","6 hours","1 to 3 times","4 or more times per day","0 times"
"16 years old","Female","11th grade","No","White",1.73,56.7,"Rarely wore a helmet","Most of the time",NA,"0 times","Yes","Yes","Yes","0 days","1 or 2 days","Heterosexual (straight)","About the right weight","1 to 3 times","1 to 3 times","1 to 3 times","1 time per day","1 to 3 glasses","2 days","2 days","2 hours per day","4 hours per day","0 teams","No","7 hours","Did not drink sports drink","2 times per day","2 times"
"16 years old","Male","10th grade","No","White",1.37,69.4,"Did not ride a bicycle","Always","I did not drive the past 30 days","0 times","No","No","No","0 days","0 days","Heterosexual (straight)","About the right weight","1 to 3 times","Did not eat fruit","Did not eat green salad","Did not drink soda or pop","4 to 6 glasses","7 days","7 days","3 hours per day","3 hours per day","0 teams","No","7 hours","Did not drink sports drink","4 or more times per day","0 times"
"15 years old","Female","10th grade","Yes","Multiple - Hispanic / Latino",1.57,83.92,"Did not ride a bicycle","Sometimes","6 to 9 days","0 times","No","Yes","No",NA,"0 days","Heterosexual (straight)","Very overweight","4 to 6 times","4 to 6 times","1 to 3 times","1 to 3 times","4 to 6 glasses","2 days","2 days","Less than 1 hour per day","No playing video/computer game","0 teams","No","5 hours",NA,NA,NA
"15 years old","Male","10th grade","No","White",1.85,71.22,NA,NA,"I did not drive the past 30 days",NA,"No","No","No","0 days","0 days","Heterosexual (straight)","About the right weight","4 or more times per day","4 or more times per day","1 to 3 times","4 or more times per day",NA,NA,"4 days","1 hour per day","4 hours per day",NA,"Not sure","7 hours",NA,NA,NA
"16 years old","Male","11th grade","No","Black or African American",1.85,108.86,"Never wore a helmet","Always","0 days","0 times","No","No","No","0 days","0 days","Heterosexual (straight)","Slightly overweight","4 to 6 times","4 or more times per day","2 times per day","1 to 3 times","2 glasses per day","7 days","4 days","2 hours per day","3 hours per day","0 teams",NA,"8 hours",NA,NA,NA
"14 years old","Female","9th grade","No","Black or African American",1.68,85.73,"Did not ride a bicycle","Always","0 days",NA,"No","No","No","0 days","0 days","Heterosexual (straight)","Slightly overweight","2 times per day","4 or more times per day","4 or more times per day","Did not drink soda or pop","Did not drink milk","7 days","4 days","1 hour per day","No playing video/computer game","2 teams","No","9 hours",NA,NA,NA
"17 years old","Male","11th grade","No","Black or African American",1.83,108.86,"Never wore a helmet","Always","0 days","0 times","No","No","No","1 or 2 days","0 days","Heterosexual (straight)","Slightly overweight","4 or more times per day","4 or more times per day","1 to 3 times","4 or more times per day","Did not drink milk","7 days","7 days","5 or more hours per day","3 hours per day","3 or more teams","No","4 or less hours","4 or more times per day","4 or more times per day","0 times"
"17 years old","Female","12th grade","No","White",1.63,56.7,NA,NA,"All 30 days",NA,"No","No","Yes","20 to 29 days","3 to 5 days","Heterosexual (straight)","About the right weight","4 to 6 times","1 time per day","Did not eat green salad","1 to 3 times",NA,NA,"5 days","2 hours per day","No playing video/computer game",NA,"Yes","9 hours",NA,NA,NA
"16 years old","Male","10th grade","No","White",1.75,76.2,"Rarely wore a helmet","Always","I did not drive the past 30 days","0 times","No","No","No","0 days","3 to 5 days","Heterosexual (straight)","About the right weight","Did not drink fruit juice","1 to 3 times","4 to 6 times","1 time per day","4 or more glasses per day","6 days","6 days","1 hour per day","5 or more hours per day","0 teams",NA,"7 hours",NA,NA,NA
"16 years old","Male","11th grade","No","Asian",1.78,63.96,"Never wore a helmet","Always","I did not drive the past 30 days","0 times","No","No","No","0 days","0 days","Heterosexual (straight)","About the right weight","1 time per day","1 time per day","2 times per day","1 to 3 times","1 glass per day","7 days","4 days","3 hours per day","5 or more hours per day","0 teams","Yes","6 hours","1 to 3 times","4 or more times per day","0 times"
"16 years old","Female","11th grade","No","Multiple - Non-Hispanic",1.65,64.41,"Never wore a helmet","Always","0 days","0 times","No","No","No","0 days","0 days","Heterosexual (straight)","Slightly overweight","Did not drink fruit juice","4 or more times per day","1 to 3 times",NA,"1 glass per day","0 days","7 days","5 or more hours per day","3 hours per day","1 team","No","7 hours","Did not drink sports drink","4 or more times per day","0 times"
"18 years old or older","Male","12th grade","No","White",NA,NA,"Never wore a helmet","Sometimes","0 days","0 times","No","No","No","0 days","0 days","Heterosexual (straight)","About the right weight","1 to 3 times","1 to 3 times","Did not eat green salad","Did not drink soda or pop","1 glass per day","7 days","7 days","Less than 1 hour per day","Less than 1 hour per day","2 teams","No","8 hours","2 times per day","4 or more times per day","0 times"
"18 years old or older","Female","11th grade","No","Black or African American",1.5,77.11,"Did not ride a bicycle","Most of the time","I did not drive the past 30 days","0 times","No","No","No","0 days","1 or 2 days","Heterosexual (straight)","Slightly overweight","4 or more times per day","4 or more times per day","4 or more times per day","4 or more times per day","1 glass per day","7 days","3 days","5 or more hours per day","Less than 1 hour per day","2 teams","Not sure","4 or less hours","4 or more times per day","1 to 3 times","0 times"
"16 years old","Female","11th grade","No","Black or African American",1.57,58.51,"Never wore a helmet","Most of the time","I did not drive the past 30 days","2 or 3 times","No","No","No","0 days","0 days","Heterosexual (straight)","Slightly overweight","1 to 3 times","1 to 3 times","4 to 6 times","Did not drink soda or pop","Did not drink milk","3 days","1 day","No TV on average school day","No playing video/computer game","1 team","Yes","6 hours","1 to 3 times","2 times per day","0 times"
"18 years old or older","Male","12th grade","No","White",1.8,82.56,"Never wore a helmet","Sometimes","All 30 days","0 times","No","No","No",NA,"1 or 2 days","Heterosexual (straight)","Slightly overweight","Did not drink fruit juice","1 to 3 times","Did not eat green salad","4 or more times per day","1 to 3 glasses","2 days","3 days","Less than 1 hour per day","1 hour per day","0 teams","No","8 hours","4 to 6 times","4 to 6 times","5 or more times"
"16 years old","Male","10th grade","No","Black or African American",1.75,73.03,"Never wore a helmet","Always",NA,"0 times","No","No","No","0 days","0 days","Heterosexual (straight)","About the right weight","4 to 6 times","3 times per day","1 to 3 times","1 to 3 times","2 glasses per day","7 days","7 days","2 hours per day","Less than 1 hour per day","3 or more teams","No","8 hours","4 to 6 times","3 times per day","0 times"
"17 years old","Female","11th grade","No","White",1.6,54.43,"Never wore a helmet","Most of the time","0 days","2 or 3 times","No","No","No","0 days","0 days","Heterosexual (straight)","About the right weight","1 to 3 times","1 to 3 times","1 to 3 times","1 to 3 times","3 glasses per day","6 days","4 days","3 hours per day","2 hours per day","2 teams","No","7 hours","Did not drink sports drink","2 times per day","0 times"
"17 years old","Female","11th grade","No","White",1.52,61.24,"Rarely wore a helmet","Always","1 or 2 days","0 times","Yes","Yes","Yes","0 days","1 or 2 days","Heterosexual (straight)","Slightly overweight","4 to 6 times","4 to 6 times","1 to 3 times","4 to 6 times","4 to 6 glasses","5 days","2 days","4 hours per day","Less than 1 hour per day","0 teams","No","7 hours","Did not drink sports drink","2 times per day","0 times"
"16 years old","Male","10th grade","No","Multiple - Non-Hispanic",1.78,97.52,"Never wore a helmet","Always","6 to 9 days","0 times","No","No","No","0 days","0 days","Heterosexual (straight)","Slightly overweight","3 times per day","4 to 6 times","4 to 6 times","2 times per day","1 glass per day","4 days","7 days","Less than 1 hour per day","4 hours per day","3 or more teams","No","7 hours","4 to 6 times","3 times per day","3 times"
"15 years old","Female","9th grade","Yes","Multiple - Hispanic / Latino",1.63,58.97,"Rarely wore a helmet","Always","0 days","0 times","No","No","Yes","0 days","0 days","Heterosexual (straight)","Slightly overweight","4 to 6 times","1 to 3 times","Did not eat green salad","4 to 6 times","Did not drink milk","7 days","7 days","Less than 1 hour per day","1 hour per day","2 teams","No","8 hours","4 to 6 times","4 or more times per day","1 times"
"18 years old or older","Male","12th grade","No","White",1.85,81.65,NA,NA,"6 to 9 days","1 time","No","No","No","0 days","10 to 19 days","Heterosexual (straight)","About the right weight","1 to 3 times","4 to 6 times","4 to 6 times","1 to 3 times","1 to 3 glasses","5 days","5 days",NA,"1 hour per day","3 or more teams",NA,"8 hours",NA,NA,NA
"17 years old","Male","12th grade","No","Multiple - Non-Hispanic",1.88,90.72,"Never wore a helmet","Always","1 or 2 days","0 times","No","No","No","0 days","0 days","Heterosexual (straight)","Slightly overweight","1 to 3 times","1 to 3 times","1 to 3 times","1 to 3 times","1 glass per day","7 days","7 days","No TV on average school day","No playing video/computer game","2 teams","No","7 hours","1 to 3 times","1 to 3 times","0 times"
"15 years old","Male","9th grade","No","Asian",1.8,72.58,"Never wore a helmet","Always","All 30 days","1 time","Yes","Yes","Yes","0 days","10 to 19 days","Heterosexual (straight)","Slightly underweight","4 to 6 times","Did not eat fruit","1 to 3 times","4 to 6 times","2 glasses per day","7 days","7 days","2 hours per day","No playing video/computer game","0 teams","No","8 hours","Did not drink sports drink","2 times per day","0 times"
"16 years old","Male","10th grade","No","Black or African American",NA,NA,"Never wore a helmet","Sometimes","1 or 2 days","0 times","No","No","No","0 days","0 days","Heterosexual (straight)","About the right weight","Did not drink fruit juice","1 to 3 times","Did not eat green salad","3 times per day","Did not drink milk","0 days","7 days","5 or more hours per day","No playing video/computer game","2 teams","No","5 hours","3 times per day","4 or more times per day","0 times"
"16 years old","Male","10th grade","No","Asian",1.7,90.72,"Never wore a helmet","Most of the time","I did not drive the past 30 days","1 time","No","No","Yes","All 30 days","0 days","Heterosexual (straight)","Very underweight","Did not drink fruit juice","Did not eat fruit","Did not eat green salad","Did not drink soda or pop","Did not drink milk","0 days","0 days","No TV on average school day","No playing video/computer game","0 teams","Yes","4 or less hours","Did not drink sports drink","Did not drink water","0 times"
"17 years old","Female","11th grade","No","Multiple - Non-Hispanic",1.55,72.58,"Never wore a helmet","Always","0 days","0 times","No","No","Yes","1 or 2 days","3 to 5 days","Heterosexual (straight)","About the right weight","Did not drink fruit juice","1 to 3 times","1 to 3 times","1 to 3 times","2 glasses per day","4 days","3 days","Less than 1 hour per day","5 or more hours per day","2 teams","Yes","4 or less hours","Did not drink sports drink","4 or more times per day","3 times"
"15 years old","Female","9th grade","No","White",1.55,50.8,"Most of the time wore a helmet","Always","I did not drive the past 30 days","0 times","No","No","No","0 days","0 days","Heterosexual (straight)","About the right weight","1 to 3 times","4 to 6 times","4 to 6 times","Did not drink soda or pop","Did not drink milk","4 days","6 days","Less than 1 hour per day","3 hours per day","3 or more teams","No","7 hours","Did not drink sports drink","4 or more times per day","5 or more times"
"18 years old or older","Female","12th grade","Yes","Hispanic/Latino",1.6,92.08,"Never wore a helmet","Rarely","20 to 29 days","0 times","No","Yes","No","0 days","1 or 2 days","bisexual","Slightly overweight","1 to 3 times","1 to 3 times","Did not eat green salad","4 to 6 times","Did not drink milk","3 days","0 days","2 hours per day","2 hours per day","1 team","No","5 hours","Did not drink sports drink","4 to 6 times","0 times"
"15 years old","Male","10th grade","No","White",1.93,104.33,"Did not ride a bicycle","Rarely","I did not drive the past 30 days","2 or 3 times","No","No","Yes","0 days","1 or 2 days","Heterosexual (straight)","Slightly overweight","3 times per day","4 to 6 times","Did not eat green salad","4 or more times per day","4 to 6 glasses","4 days","4 days","2 hours per day","5 or more hours per day","1 team","No","6 hours","2 times per day","1 to 3 times","1 times"
"17 years old","Female","12th grade","No","Multiple - Non-Hispanic",1.7,70.31,"Did not ride a bicycle","Always","20 to 29 days","0 times","Yes","No","Yes","0 days","3 to 5 days","Heterosexual (straight)","Slightly overweight","1 to 3 times","1 time per day","1 to 3 times","Did not drink soda or pop","Did not drink milk","0 days","4 days","No TV on average school day","2 hours per day","1 team","Yes","8 hours","Did not drink sports drink","2 times per day","1 times"
"17 years old","Female","11th grade","No",NA,NA,NA,"Always wore a helmet","Always","0 days","0 times","Yes","Yes","No","0 days","0 days",NA,"Very overweight","4 to 6 times","1 to 3 times","1 to 3 times","Did not drink soda or pop","4 or more glasses per day","7 days","0 days","2 hours per day","1 hour per day","0 teams","No","8 hours","1 time per day","4 or more times per day","0 times"
"17 years old","Male","11th grade","No","White",1.73,68.49,"Never wore a helmet","Most of the time","All 30 days","6 or 7 times","No","No","No","0 days","0 days","Heterosexual (straight)","About the right weight","Did not drink fruit juice","1 to 3 times","Did not eat green salad","3 times per day","3 glasses per day","2 days","6 days","1 hour per day","1 hour per day","0 teams","No","4 or less hours","1 to 3 times","1 to 3 times","0 times"
"18 years old or older","Male","11th grade","Yes","Multiple - Hispanic / Latino",1.75,83.92,"Never wore a helmet","Most of the time","0 days","4 or 5 times","No","No","No","0 days","20 to 29 days","Heterosexual (straight)","Slightly overweight","3 times per day","2 times per day","1 time per day","2 times per day","4 or more glasses per day","7 days","6 days","4 hours per day","5 or more hours per day","2 teams",NA,"4 or less hours",NA,NA,NA
"15 years old","Male","10th grade","Yes","Multiple - Hispanic / Latino",1.52,49.9,"Did not ride a bicycle","Always","I did not drive the past 30 days","6 or 7 times","No","No","No","0 days","0 days","Heterosexual (straight)","Very underweight","4 or more times per day","4 to 6 times","Did not eat green salad","1 to 3 times","1 to 3 glasses","7 days","7 days","Less than 1 hour per day","4 hours per day","1 team","No","10 or more hours","Did not drink sports drink","3 times per day","0 times"
"15 years old","Male","9th grade","Yes","Multiple - Hispanic / Latino",1.88,120.2,NA,"Always","I did not drive the past 30 days","0 times","Yes","No","No","0 days",NA,NA,"Very overweight","3 times per day","4 to 6 times","1 to 3 times","1 to 3 times",NA,"4 days","3 days","No TV on average school day","5 or more hours per day",NA,NA,"8 hours",NA,"3 times per day",NA
"15 years old","Male","9th grade","Yes","Hispanic/Latino",1.68,63.5,"Never wore a helmet","Always","0 days","0 times","No","No","No","0 days","0 days","Heterosexual (straight)","About the right weight","3 times per day","1 to 3 times","Did not eat green salad","1 to 3 times","Did not drink milk","7 days","1 day","Less than 1 hour per day","5 or more hours per day","0 teams","No","9 hours","Did not drink sports drink","2 times per day","0 times"
"18 years old or older","Male","11th grade","Yes","Hispanic/Latino",1.68,108.86,"Did not ride a bicycle","Always","3 to 5 days","0 times","No","No","No","0 days","0 days","Heterosexual (straight)","Slightly overweight","4 to 6 times","4 to 6 times","4 to 6 times","4 to 6 times","Did not drink milk","2 days","7 days","No TV on average school day","No playing video/computer game","2 teams","No","5 hours","4 to 6 times","4 to 6 times","0 times"
"14 years old","Female","9th grade","Yes","Multiple - Hispanic / Latino",1.52,54.43,"Never wore a helmet","Most of the time","3 to 5 days","0 times","No","No","Yes","0 days","3 to 5 days","bisexual","Slightly overweight","1 time per day","1 time per day","1 to 3 times","1 to 3 times","1 glass per day","2 days","5 days","2 hours per day","2 hours per day","3 or more teams","Yes","4 or less hours",NA,NA,NA
"12 years old or younger","Female","9th grade","Yes","Multiple - Hispanic / Latino",NA,NA,NA,NA,"I did not drive the past 30 days",NA,NA,"Yes","Yes","1 or 2 days","0 days","Heterosexual (straight)","Very underweight","Did not drink fruit juice","Did not eat fruit","Did not eat green salad","4 to 6 times",NA,NA,"2 days","1 hour per day","No playing video/computer game",NA,NA,"7 hours",NA,NA,NA
"15 years old","Female","9th grade","No","Black or African American",1.55,50.8,"Did not ride a bicycle","Sometimes",NA,"1 time","No","No","No","0 days","0 days","Heterosexual (straight)","Slightly underweight","Did not drink fruit juice","1 to 3 times","1 to 3 times","4 to 6 times","Did not drink milk","0 days","2 days","2 hours per day","2 hours per day","0 teams","Not sure","4 or less hours","1 to 3 times","1 to 3 times","0 times"
"15 years old","Female","10th grade","No","White",NA,NA,"Never wore a helmet","Always","0 days","0 times","No","No","No","0 days","0 days","Heterosexual (straight)","About the right weight","Did not drink fruit juice","1 to 3 times","Did not eat green salad","4 to 6 times","4 to 6 glasses","3 days","3 days","1 hour per day","1 hour per day","1 team","No","7 hours","Did not drink sports drink","1 to 3 times","3 times"
"15 years old","Female","9th grade","No","White",1.57,64.86,"Never wore a helmet","Always","I did not drive the past 30 days","1 time","Yes","No","Yes","0 days","All 30 days","Heterosexual (straight)","Slightly overweight","1 to 3 times","4 to 6 times","4 or more times per day","1 to 3 times",NA,"0 days","4 days","2 hours per day","1 hour per day","0 teams","Yes","4 or less hours","4 to 6 times","4 to 6 times","1 times"
"16 years old","Female","10th grade","No","White",1.73,69.85,"Did not ride a bicycle","Most of the time","I did not drive the past 30 days","2 or 3 times","No","No","Yes","0 days","3 to 5 days","Heterosexual (straight)","About the right weight","1 time per day","2 times per day","1 to 3 times","1 time per day","2 glasses per day","3 days","7 days","No TV on average school day","No playing video/computer game","2 teams","Yes","4 or less hours","1 time per day","4 or more times per day","1 times"
"15 years old","Male","10th grade","No","White",1.68,54.43,"Did not ride a bicycle","Always","0 days","0 times","No","No","Yes","0 days","0 days","Heterosexual (straight)","Slightly underweight","Did not drink fruit juice","Did not eat fruit","Did not eat green salad","2 times per day","4 to 6 glasses","1 day","7 days","3 hours per day","3 hours per day","0 teams","Yes","8 hours","Did not drink sports drink","2 times per day","0 times"
"16 years old","Female","10th grade","No","Black or African American",1.68,52.16,"Did not ride a bicycle","Always","0 days","2 or 3 times","No","Yes","No","0 days","1 or 2 days","Heterosexual (straight)","About the right weight","4 or more times per day","4 or more times per day","Did not eat green salad","4 or more times per day","Did not drink milk","7 days","7 days","5 or more hours per day","5 or more hours per day","1 team","No","8 hours","4 or more times per day","4 or more times per day","0 times"
"16 years old","Female","10th grade","Yes","Multiple - Hispanic / Latino",1.57,54.43,"Never wore a helmet","Sometimes","0 days","4 or 5 times","Yes","Yes","Yes","0 days","1 or 2 days","Heterosexual (straight)","Slightly overweight","1 to 3 times","2 times per day","1 to 3 times","1 to 3 times","Did not drink milk","0 days","3 days","No TV on average school day","2 hours per day","0 teams","Yes","4 or less hours","1 to 3 times","4 or more times per day","0 times"
"15 years old","Female","9th grade","No","White",1.57,53.52,"Never wore a helmet","Always","0 days","0 times","Yes","Yes","Yes","0 days","0 days","Heterosexual (straight)","About the right weight","Did not drink fruit juice","Did not eat fruit","Did not eat green salad","1 to 3 times","4 to 6 glasses","6 days","7 days","3 hours per day","1 hour per day","2 teams","Not sure","7 hours","Did not drink sports drink","4 or more times per day","1 times"
"17 years old","Female","12th grade","Yes","Multiple - Hispanic / Latino",1.55,58.97,"Did not ride a bicycle","Always","All 30 days","0 times","No","No","No","0 days","1 or 2 days","Heterosexual (straight)","About the right weight","1 to 3 times","1 to 3 times","1 to 3 times","1 time per day","1 glass per day","3 days","7 days","5 or more hours per day","No playing video/computer game","2 teams","Yes","6 hours","2 times per day","4 or more times per day","1 times"
"17 years old","Male","10th grade","No","White",1.68,72.58,"Rarely wore a helmet","Always","10 to 19 days","12 or more times","Yes","No","No","3 to 5 days","10 to 19 days","Heterosexual (straight)","About the right weight","Did not drink fruit juice","2 times per day","4 or more times per day","2 times per day","4 or more glasses per day","2 days","4 days","Less than 1 hour per day","2 hours per day","0 teams","Yes","6 hours","4 or more times per day","4 or more times per day","0 times"
"17 years old","Female","12th grade","No","Asian",1.55,46.27,"Did not ride a bicycle","Most of the time","I did not drive the past 30 days","0 times","No","No","No","3 to 5 days","0 days","Heterosexual (straight)","About the right weight","Did not drink fruit juice","1 to 3 times","1 to 3 times","Did not drink soda or pop","1 to 3 glasses","0 days","0 days","3 hours per day","No playing video/computer game","0 teams",NA,"6 hours",NA,NA,NA
"18 years old or older","Female","11th grade","No","Black or African American",NA,NA,"Did not ride a bicycle","Always","1 or 2 days","0 times","No","No","No","0 days","0 days","Heterosexual (straight)","Very underweight","4 or more times per day","4 or more times per day","2 times per day","1 time per day","3 glasses per day","7 days","0 days","2 hours per day","1 hour per day","2 teams","No","7 hours","2 times per day","4 or more times per day","0 times"
"14 years old","Male","9th grade","Yes","Multiple - Hispanic / Latino",1.73,65.32,"Never wore a helmet","Never","0 days","4 or 5 times","No","No","No","0 days","0 days","Heterosexual (straight)","About the right weight","1 to 3 times","1 to 3 times","Did not eat green salad","1 to 3 times","4 to 6 glasses","3 days","2 days","Less than 1 hour per day","4 hours per day","0 teams","Yes","4 or less hours","1 to 3 times","1 to 3 times","0 times"
"18 years old or older","Male","11th grade","Yes","Hispanic/Latino",1.73,70.31,"Never wore a helmet","Always","I did not drive the past 30 days","0 times","No","No","No","0 days","0 days","Heterosexual (straight)","About the right weight","4 to 6 times","2 times per day","1 to 3 times","1 to 3 times","1 to 3 glasses","7 days","6 days","2 hours per day","No playing video/computer game","2 teams","No","8 hours",NA,NA,NA
"16 years old","Female","11th grade","No","White",1.73,54.43,"Never wore a helmet","Most of the time","I did not drive the past 30 days","0 times","No","No","No","1 or 2 days","0 days","Heterosexual (straight)","About the right weight","Did not drink fruit juice","1 to 3 times","Did not eat green salad","3 times per day","1 to 3 glasses","0 days","2 days","Less than 1 hour per day","1 hour per day","0 teams","No","7 hours","Did not drink sports drink","4 or more times per day","0 times"
"16 years old","Female","11th grade","No","White",1.6,54.43,NA,NA,"0 days",NA,"No","No","No","0 days","0 days","Heterosexual (straight)","About the right weight","1 to 3 times","4 to 6 times","1 to 3 times","1 to 3 times",NA,NA,"5 days","1 hour per day","2 hours per day",NA,"No","6 hours",NA,NA,NA
"17 years old","Male","12th grade","No","White",1.65,54.43,"Rarely wore a helmet","Always","0 days","0 times","No","No","No",NA,"0 days","bisexual","Slightly underweight","2 times per day","2 times per day","2 times per day","2 times per day","2 glasses per day","7 days","7 days","2 hours per day","No playing video/computer game","2 teams","No","9 hours","2 times per day","3 times per day","0 times"
"18 years old or older","Female","12th grade","No","White",1.73,70.31,"Never wore a helmet","Most of the time","All 30 days","0 times","No","No","No","0 days","0 days","Heterosexual (straight)","About the right weight","Did not drink fruit juice","1 to 3 times","1 to 3 times","1 to 3 times","1 to 3 glasses","7 days","7 days","1 hour per day","No playing video/computer game","2 teams","Yes","6 hours","4 to 6 times","3 times per day","5 or more times"
"16 years old","Male","11th grade","No","White",1.7,58.97,NA,NA,NA,NA,"No","No","No","0 days","0 days","Heterosexual (straight)","About the right weight","1 to 3 times","1 to 3 times","Did not eat green salad","4 to 6 times",NA,NA,"4 days","2 hours per day","Less than 1 hour per day",NA,"Yes","5 hours",NA,NA,NA
"18 years old or older","Female","12th grade","No","White",1.75,63.5,"Did not ride a bicycle","Always","All 30 days","1 time","No","No","Yes","0 days","1 or 2 days","Heterosexual (straight)","About the right weight","4 to 6 times","1 time per day","4 to 6 times","4 or more times per day","Did not drink milk","7 days","7 days","4 hours per day","No playing video/computer game","1 team","No","8 hours","4 or more times per day","4 or more times per day","0 times"
"15 years old","Male","9th grade","No","White",1.8,127.46,NA,NA,"I did not drive the past 30 days",NA,"No","No","No","0 days","0 days","Gay or lesbian","About the right weight","4 or more times per day","4 or more times per day","4 or more times per day","1 time per day",NA,NA,"1 day","Less than 1 hour per day","Less than 1 hour per day",NA,"No","4 or less hours",NA,NA,NA
"15 years old","Female","9th grade","No","White",1.6,63.5,"Most of the time wore a helmet","Always","I did not drive the past 30 days","0 times","No","No","No","0 days","0 days","Heterosexual (straight)","About the right weight","1 to 3 times","1 to 3 times","4 to 6 times","Did not drink soda or pop","1 to 3 glasses","3 days","4 days","Less than 1 hour per day","1 hour per day","1 team",NA,"7 hours",NA,NA,NA
"15 years old","Male","9th grade","No","White",1.83,108.86,"Never wore a helmet","Always","I did not drive the past 30 days","0 times","Yes","No","No","1 or 2 days","3 to 5 days","Heterosexual (straight)","Very overweight","1 to 3 times","Did not eat fruit","1 to 3 times","4 to 6 times","1 to 3 glasses","0 days","7 days","1 hour per day","5 or more hours per day","1 team","Not sure","7 hours","1 to 3 times","4 or more times per day","0 times"
"16 years old","Male","11th grade","No","Asian",1.63,54.43,"Rarely wore a helmet","Always","0 days","2 or 3 times","Yes","Yes","Yes","0 days","1 or 2 days","Heterosexual (straight)","Slightly underweight","2 times per day","4 to 6 times","1 to 3 times","4 to 6 times","2 glasses per day","3 days","2 days","2 hours per day","3 hours per day","0 teams","Yes","7 hours","1 to 3 times","3 times per day","1 times"
"16 years old","Female","11th grade","No","White",1.6,54.89,NA,NA,"0 days",NA,"No","No","Yes","0 days","0 days","Heterosexual (straight)","About the right weight","1 to 3 times","1 to 3 times","1 to 3 times","4 to 6 times",NA,NA,"2 days","2 hours per day","Less than 1 hour per day",NA,"Not sure","7 hours",NA,NA,NA
"18 years old or older","Female","12th grade","No","White",1.57,99.79,"Never wore a helmet","Sometimes","I did not drive the past 30 days","0 times","Yes","Yes","Yes","0 days","0 days","Heterosexual (straight)","Very overweight","Did not drink fruit juice","1 to 3 times","Did not eat green salad","1 time per day","4 to 6 glasses","1 day","3 days","5 or more hours per day","No playing video/computer game","0 teams","No","5 hours","Did not drink sports drink","1 to 3 times","3 times"
"15 years old","Male","9th grade",NA,NA,1.65,68.95,NA,"Always","I did not drive the past 30 days",NA,"No","No","No","0 days","0 days","Not sure","Very underweight","1 time per day","1 time per day","Did not eat green salad","1 time per day",NA,"3 days","3 days","2 hours per day","No playing video/computer game",NA,NA,NA,NA,NA,NA
"17 years old","Male","11th grade","No","White",1.78,79.38,"Never wore a helmet","Always","All 30 days","1 time","No","No","No","0 days","1 or 2 days","Heterosexual (straight)","About the right weight","4 to 6 times","4 to 6 times","1 to 3 times","1 to 3 times","Did not drink milk","7 days","7 days","3 hours per day","1 hour per day","3 or more teams","No","9 hours","4 to 6 times","3 times per day","4 times"
"14 years old","Male","9th grade","Yes","Multiple - Hispanic / Latino",1.83,60.78,"Did not ride a bicycle","Most of the time","I did not drive the past 30 days","0 times","Yes","Yes","No","0 days","0 days","Heterosexual (straight)","About the right weight","4 to 6 times","4 to 6 times","Did not eat green salad","4 to 6 times","4 to 6 glasses","7 days","7 days","No TV on average school day","5 or more hours per day","0 teams","No","6 hours","4 to 6 times","1 to 3 times","1 times"
"15 years old","Female","10th grade","No","Black or African American",1.68,47.63,"Rarely wore a helmet","Most of the time","0 days","0 times","No","No","No","0 days","0 days","Heterosexual (straight)","Slightly underweight","4 to 6 times","3 times per day","1 time per day","4 to 6 times","4 to 6 glasses","6 days","1 day","1 hour per day","4 hours per day","1 team","Yes","8 hours","Did not drink sports drink","4 to 6 times","0 times"
"18 years old or older","Male","12th grade","No","White",1.8,68.95,"Did not ride a bicycle","Always","20 to 29 days","0 times","Yes","No","No","0 days","0 days",NA,"About the right weight","1 to 3 times","1 to 3 times","4 to 6 times","4 to 6 times","1 to 3 glasses","2 days","2 days","No TV on average school day","5 or more hours per day","0 teams","No","6 hours","1 to 3 times","4 or more times per day","3 times"
"14 years old","Female","9th grade","No","White",1.68,54.43,"Never wore a helmet","Always","I did not drive the past 30 days","0 times","Yes","No","No","0 days","0 days","Heterosexual (straight)","About the right weight","4 to 6 times","4 to 6 times","1 to 3 times","1 to 3 times","1 glass per day","3 days","7 days","2 hours per day","1 hour per day","3 or more teams","No","7 hours","1 time per day","2 times per day","1 times"
"16 years old","Female","10th grade","No","Asian",1.57,52.16,"Never wore a helmet","Always","I did not drive the past 30 days","0 times","No","No","No","0 days","0 days","Heterosexual (straight)","About the right weight","1 to 3 times","4 to 6 times","Did not eat green salad","Did not drink soda or pop","1 to 3 glasses","7 days","1 day","2 hours per day","3 hours per day","0 teams","No","6 hours",NA,NA,NA
"15 years old","Female","10th grade","No","White",1.55,52.16,NA,NA,"0 days",NA,"No","No","Yes","0 days","0 days","Heterosexual (straight)","Slightly underweight","Did not drink fruit juice","1 to 3 times","1 to 3 times","1 to 3 times",NA,NA,"0 days","No TV on average school day","2 hours per day",NA,"Yes","7 hours",NA,NA,NA
"15 years old","Female","10th grade","No","White",1.65,61.24,"Never wore a helmet","Always","10 to 19 days","0 times","No","No","Yes","0 days","6 to 9 days","Heterosexual (straight)","About the right weight","4 to 6 times","1 to 3 times","Did not eat green salad","2 times per day","1 glass per day","7 days","5 days","Less than 1 hour per day","No playing video/computer game","2 teams","No","6 hours","1 to 3 times","3 times per day","4 times"
"17 years old","Female","11th grade","Yes","Hispanic/Latino",1.68,65.77,"Never wore a helmet","Always","I did not drive the past 30 days","0 times","No","No","Yes","0 days","0 days","Heterosexual (straight)","Slightly overweight","1 to 3 times","1 to 3 times","Did not eat green salad","1 to 3 times","Did not drink milk","3 days","2 days","5 or more hours per day","5 or more hours per day","0 teams",NA,"6 hours",NA,NA,NA
"15 years old","Female","10th grade","Yes","Hispanic/Latino",1.63,63.5,"Never wore a helmet","Always","0 days","0 times","No","No","No","0 days","0 days","Heterosexual (straight)","About the right weight","4 to 6 times","4 to 6 times","1 to 3 times","4 to 6 times","1 to 3 glasses","7 days","7 days","1 hour per day","No playing video/computer game","1 team","No","8 hours","4 to 6 times","4 to 6 times","1 times"
"18 years old or older","Male","12th grade","Yes","Hispanic/Latino",1.65,70.31,"Did not ride a bicycle","Always","All 30 days","0 times","No","No","No","0 days","0 days","Heterosexual (straight)","About the right weight","1 to 3 times","3 times per day","1 to 3 times","1 to 3 times","2 glasses per day","7 days","7 days","1 hour per day","3 hours per day","0 teams","No","6 hours","Did not drink sports drink","4 or more times per day","0 times"
"17 years old","Female","12th grade","Yes","Multiple - Hispanic / Latino",1.55,47.63,"Did not ride a bicycle","Most of the time","I did not drive the past 30 days","0 times","No","No","No","0 days","0 days","Heterosexual (straight)","Slightly underweight","4 to 6 times","4 to 6 times","Did not eat green salad","1 to 3 times","3 glasses per day","7 days","5 days","No TV on average school day","3 hours per day","0 teams","Yes","6 hours","1 to 3 times","3 times per day","0 times"
"18 years old or older","Male","12th grade","No","White",1.68,108.86,"Did not ride a bicycle","Always","10 to 19 days","0 times","Yes","No","No","All 30 days","0 days","bisexual","Very overweight","4 to 6 times","1 to 3 times","Did not eat green salad","4 to 6 times","Did not drink milk","1 day","0 days","Less than 1 hour per day","No playing video/computer game","0 teams","No","6 hours","1 time per day","3 times per day","0 times"
"17 years old","Female","11th grade","No","Asian",1.75,58.97,"Did not ride a bicycle","Always","0 days","0 times","No","No","No","0 days","0 days","Heterosexual (straight)","About the right weight","1 to 3 times","2 times per day","Did not eat green salad","1 to 3 times","2 glasses per day","6 days","0 days","Less than 1 hour per day","No playing video/computer game","1 team","No","4 or less hours","Did not drink sports drink","1 to 3 times","0 times"
"16 years old","Male","11th grade","Yes","Hispanic/Latino",1.73,77.11,"Did not ride a bicycle","Always","1 or 2 days","0 times","No","No","Yes","0 days","0 days","Heterosexual (straight)","About the right weight","1 to 3 times","4 to 6 times","Did not eat green salad","1 to 3 times","1 glass per day","2 days","4 days","1 hour per day","2 hours per day","2 teams","Yes","9 hours","Did not drink sports drink","2 times per day","1 times"
"17 years old","Male","12th grade","No","Asian",1.7,111.13,"Never wore a helmet","Always","0 days","0 times","No","No","No","0 days","0 days","Heterosexual (straight)","Very overweight","Did not drink fruit juice","Did not eat fruit","1 to 3 times","Did not drink soda or pop","Did not drink milk","0 days","3 days","No TV on average school day","2 hours per day","1 team","No","6 hours","Did not drink sports drink","3 times per day","0 times"
"16 years old","Male","10th grade","No","Asian",1.8,91.63,NA,"Sometimes","I did not drive the past 30 days",NA,"No","No","No","0 days","6 to 9 days","Heterosexual (straight)","Very underweight","4 or more times per day","2 times per day","1 time per day","2 times per day",NA,"3 days","0 days","No TV on average school day","No playing video/computer game",NA,NA,NA,NA,NA,NA
"16 years old","Female","10th grade","No","White",1.57,53.98,"Sometimes wore a helmet","Most of the time","10 to 19 days","0 times","No","No","No","0 days","0 days","Heterosexual (straight)","Slightly overweight","1 to 3 times","4 to 6 times","1 to 3 times","1 to 3 times","2 glasses per day","3 days","4 days","2 hours per day","4 hours per day","1 team","No","7 hours","4 to 6 times","4 to 6 times","5 or more times"
"16 years old","Female","10th grade","No","Black or African American",1.5,45.36,"Did not ride a bicycle","Most of the time",NA,"0 times","No","No","No","0 days","0 days","bisexual","About the right weight","1 to 3 times","1 to 3 times","Did not eat green salad","Did not drink soda or pop","Did not drink milk","0 days","0 days","Less than 1 hour per day","No playing video/computer game","0 teams","No","6 hours","Did not drink sports drink","Did not drink water","0 times"
"16 years old","Male","10th grade","Yes","Multiple - Hispanic / Latino",1.7,74.39,"Never wore a helmet","Most of the time","I did not drive the past 30 days","0 times","No","No","No","0 days","10 to 19 days","Heterosexual (straight)","About the right weight","1 to 3 times","1 to 3 times","1 to 3 times","4 to 6 times","1 glass per day","5 days","2 days","Less than 1 hour per day","5 or more hours per day","3 or more teams","Yes","7 hours","4 to 6 times","3 times per day","1 times"
"17 years old","Male","11th grade","Yes","Hispanic/Latino",1.78,108.86,"Never wore a helmet","Always","0 days","0 times","No","No","No","0 days","0 days","Heterosexual (straight)","Slightly overweight","1 time per day","1 time per day","Did not eat green salad","Did not drink soda or pop","4 to 6 glasses","7 days","4 days","Less than 1 hour per day","Less than 1 hour per day","0 teams",NA,"7 hours",NA,NA,NA
"15 years old","Male","10th grade","No","White",1.63,54.43,NA,NA,"I did not drive the past 30 days",NA,"No","No","No","0 days","1 or 2 days","Heterosexual (straight)","About the right weight","1 to 3 times","1 time per day","Did not eat green salad","4 to 6 times",NA,NA,NA,NA,"1 hour per day",NA,"No","7 hours",NA,NA,NA
"18 years old or older","Male","12th grade","No","White",1.78,108.86,"Did not ride a bicycle","Always","0 days","0 times","Yes","No","Yes","0 days","0 days",NA,"About the right weight","Did not drink fruit juice","4 to 6 times","1 to 3 times","1 to 3 times","1 to 3 glasses","4 days","7 days","No TV on average school day","2 hours per day","0 teams","No","5 hours","Did not drink sports drink","4 to 6 times","0 times"
"18 years old or older","Female","12th grade","No","White",1.55,68.04,"Never wore a helmet","Always","10 to 19 days","0 times","No","No","Yes","0 days","10 to 19 days","Heterosexual (straight)","Slightly overweight","1 to 3 times","1 to 3 times","1 to 3 times","1 to 3 times","2 glasses per day","7 days","1 day","2 hours per day","4 hours per day","0 teams","Yes","7 hours","1 to 3 times","3 times per day","2 times"
"17 years old","Male","12th grade","No","White",1.78,75.75,"Never wore a helmet","Most of the time","0 days","0 times","No","No","No","0 days","0 days","Heterosexual (straight)","About the right weight","4 or more times per day","4 or more times per day","2 times per day","1 to 3 times","1 glass per day","7 days","7 days","2 hours per day","Less than 1 hour per day","0 teams","No","7 hours","Did not drink sports drink","4 or more times per day","5 or more times"
"16 years old","Female","11th grade","Yes","Multiple - Hispanic / Latino",1.73,79.38,"Did not ride a bicycle","Sometimes","I did not drive the past 30 days","0 times","No","No","No","0 days","0 days","Heterosexual (straight)","Slightly overweight","4 to 6 times","4 to 6 times","4 to 6 times","1 to 3 times","2 glasses per day","7 days","3 days","Less than 1 hour per day","2 hours per day","0 teams","Yes","8 hours","1 to 3 times","4 or more times per day","1 times"
"14 years old","Male","9th grade","No","Black or African American",1.65,58.97,NA,NA,"I did not drive the past 30 days",NA,"No","No","No","0 days","0 days","Heterosexual (straight)","Slightly underweight","1 to 3 times","1 time per day","Did not eat green salad",NA,NA,NA,"3 days","2 hours per day","1 hour per day",NA,"Yes","7 hours",NA,NA,NA
"16 years old","Male","10th grade","No","Black or African American",1.78,88.45,"Never wore a helmet","Never","0 days","1 time","No","No","Yes","0 days","0 days","Heterosexual (straight)","About the right weight","2 times per day","4 or more times per day","1 time per day","1 time per day","4 or more glasses per day","5 days","0 days","1 hour per day","No playing video/computer game","2 teams","No","8 hours","4 or more times per day","3 times per day","0 times"
"17 years old","Male","11th grade","No","Black or African American",1.7,73.94,"Never wore a helmet","Always","0 days","0 times","No","No","No","0 days","0 days","Heterosexual (straight)","About the right weight","Did not drink fruit juice","Did not eat fruit","4 to 6 times","Did not drink soda or pop","2 glasses per day","1 day","5 days","4 hours per day","3 hours per day","0 teams","No","8 hours","Did not drink sports drink","4 or more times per day","0 times"
"18 years old or older","Male","12th grade",NA,NA,1.85,120.2,"Never wore a helmet","Always","1 or 2 days","0 times","No","No","No","0 days","0 days","Heterosexual (straight)","Slightly overweight","1 to 3 times","Did not eat fruit","Did not eat green salad","4 to 6 times","1 glass per day","7 days","2 days","2 hours per day","No playing video/computer game","1 team","No","8 hours","Did not drink sports drink","4 or more times per day","2 times"
"16 years old","Male",NA,"Yes","Hispanic/Latino",1.73,62.14,"Never wore a helmet","Sometimes","I did not drive the past 30 days","4 or 5 times","No","No","Yes","1 or 2 days","1 or 2 days","Not sure","About the right weight","4 or more times per day","4 or more times per day",NA,NA,NA,NA,NA,NA,NA,NA,NA,NA,NA,NA,NA
"16 years old","Male","10th grade","Yes","Multiple - Hispanic / Latino",1.78,56.7,"Always wore a helmet","Always","I did not drive the past 30 days","0 times","No","No","No","0 days","0 days","Heterosexual (straight)","Very underweight","1 to 3 times","1 to 3 times","Did not eat green salad","4 to 6 times","2 glasses per day","7 days","3 days","3 hours per day","5 or more hours per day","1 team","No","8 hours",NA,NA,NA
"17 years old","Male","11th grade","No","White",1.75,99.79,"Never wore a helmet","Most of the time","0 days","0 times","No","No","No","0 days","0 days","Heterosexual (straight)","Slightly overweight","Did not drink fruit juice","1 to 3 times","1 to 3 times","Did not drink soda or pop","1 to 3 glasses","1 day","0 days","3 hours per day","5 or more hours per day","0 teams","No","6 hours","1 time per day","2 times per day","1 times"
"16 years old","Female","11th grade","No","White",1.57,53.52,"Never wore a helmet","Always","I did not drive the past 30 days","0 times","No","Yes","No","0 days","All 30 days","bisexual","About the right weight","1 time per day","1 to 3 times","1 time per day","2 times per day","1 to 3 glasses","0 days","0 days","1 hour per day","5 or more hours per day","1 team","Yes","8 hours","Did not drink sports drink","4 or more times per day","1 times"
"15 years old","Female","10th grade","Yes","Multiple - Hispanic / Latino",1.65,58.06,"Never wore a helmet","Always","I did not drive the past 30 days","0 times","No","No","No","0 days","0 days","Heterosexual (straight)","About the right weight","1 time per day","4 to 6 times","1 to 3 times","1 to 3 times","1 to 3 glasses","0 days","2 days","No TV on average school day","2 hours per day","0 teams","Yes","7 hours","4 to 6 times","4 to 6 times","2 times"
"17 years old","Male","11th grade","No","White",1.88,96.16,"Did not ride a bicycle","Always","0 days","2 or 3 times","No","No","No","0 days","6 to 9 days","Heterosexual (straight)","Slightly overweight","1 time per day","1 time per day","1 to 3 times","Did not drink soda or pop","4 to 6 glasses","7 days","7 days","2 hours per day","2 hours per day","1 team","No","7 hours","1 to 3 times","3 times per day","1 times"
"16 years old","Male","10th grade","No","White",1.83,68.95,"Never wore a helmet","Rarely","All 30 days","0 times","No","No","No","0 days","0 days","Heterosexual (straight)","About the right weight","4 or more times per day","4 or more times per day","4 or more times per day","4 or more times per day","4 or more glasses per day","7 days","7 days","Less than 1 hour per day","1 hour per day","1 team","No","8 hours","4 or more times per day","4 or more times per day","0 times"
"17 years old","Female","11th grade","No","White",1.63,61.24,"Did not ride a bicycle","Always",NA,"0 times","No","No","No","0 days","0 days","Heterosexual (straight)","About the right weight","1 to 3 times","1 to 3 times","4 to 6 times","1 to 3 times","1 to 3 glasses","5 days",NA,"No TV on average school day","2 hours per day","1 team","No","6 hours","Did not drink sports drink","4 or more times per day","3 times"
"15 years old","Male","9th grade","No","Multiple - Non-Hispanic",1.75,61.24,"Did not ride a bicycle","Most of the time","I did not drive the past 30 days","0 times","No","No","Yes","0 days","0 days","Heterosexual (straight)","Slightly underweight","Did not drink fruit juice","4 to 6 times","Did not eat green salad","1 to 3 times","2 glasses per day","7 days","3 days","2 hours per day","Less than 1 hour per day","0 teams","Yes","8 hours","Did not drink sports drink","1 to 3 times","0 times"
"16 years old","Male","11th grade","No","White",1.8,81.19,"Never wore a helmet","Sometimes","3 to 5 days","0 times","No","No","No","0 days","6 to 9 days","Heterosexual (straight)","About the right weight","1 time per day","Did not eat fruit","Did not eat green salad","Did not drink soda or pop","Did not drink milk","7 days","7 days","4 hours per day","Less than 1 hour per day","2 teams","Yes","7 hours","Did not drink sports drink","Did not drink water","0 times"
"18 years old or older","Male","12th grade","No","Asian",1.7,51.26,"Never wore a helmet","Always","10 to 19 days","0 times","No","No","No","0 days","1 or 2 days",NA,"Slightly underweight","1 time per day","2 times per day","1 time per day","4 to 6 times","2 glasses per day","7 days","7 days","2 hours per day","4 hours per day","0 teams","Yes","6 hours","Did not drink sports drink","2 times per day","0 times"
"17 years old","Male","12th grade","Yes","Multiple - Hispanic / Latino",1.75,65.77,"Did not ride a bicycle","Always","3 to 5 days","0 times","No","No","Yes","0 days","0 days","Heterosexual (straight)","Slightly underweight","1 to 3 times","1 to 3 times","1 to 3 times","Did not drink soda or pop","1 to 3 glasses","0 days","0 days","5 or more hours per day","5 or more hours per day","0 teams","No","7 hours","4 to 6 times","1 time per day","0 times"
"17 years old","Male","11th grade","No","White",1.85,89.81,NA,NA,"0 days",NA,"No","No","No","0 days","0 days","Heterosexual (straight)","About the right weight","1 to 3 times","1 to 3 times","1 time per day","Did not drink soda or pop",NA,NA,"7 days","Less than 1 hour per day","Less than 1 hour per day",NA,"Yes","8 hours",NA,NA,NA
"17 years old","Female","12th grade","No","Asian",1.57,40.82,"Did not ride a bicycle","Most of the time","0 days","0 times","No","No","No","0 days","0 days",NA,"About the right weight","Did not drink fruit juice","1 to 3 times","1 time per day","1 to 3 times","1 glass per day","7 days","0 days","2 hours per day","Less than 1 hour per day","0 teams","No","8 hours","Did not drink sports drink","4 or more times per day","0 times"
"16 years old","Male","11th grade","No","White",1.8,70.31,"Rarely wore a helmet","Always","0 days","0 times","No","No","No","0 days","0 days","Heterosexual (straight)","About the right weight","1 to 3 times","4 to 6 times","1 to 3 times","1 to 3 times","1 to 3 glasses","7 days","7 days","3 hours per day","Less than 1 hour per day","1 team","No","7 hours","1 time per day","4 to 6 times","1 times"
"15 years old","Female","9th grade","No","Black or African American",1.57,54.89,NA,"Always","I did not drive the past 30 days",NA,"No","No","No","0 days","0 days",NA,"About the right weight","1 to 3 times","4 to 6 times","Did not eat green salad","4 to 6 times","1 to 3 glasses","7 days","2 days","3 hours per day","No playing video/computer game","0 teams","No","9 hours",NA,NA,NA
"18 years old or older","Female","12th grade","No","Black or African American",NA,NA,NA,"Always","0 days",NA,"No","No","Yes","0 days","0 days","Not sure","About the right weight","1 to 3 times","1 to 3 times","1 to 3 times","1 to 3 times",NA,"1 day","4 days","Less than 1 hour per day","Less than 1 hour per day",NA,NA,NA,NA,NA,NA
"17 years old","Female","9th grade",NA,NA,1.7,74.84,"Never wore a helmet","Always","I did not drive the past 30 days","0 times","No","No","No","0 days","0 days","Heterosexual (straight)","About the right weight","1 to 3 times","4 or more times per day","3 times per day","2 times per day","2 glasses per day","7 days","4 days","2 hours per day","No playing video/computer game","1 team","No","7 hours",NA,NA,NA
"17 years old","Male","10th grade","No","White",1.83,106.6,NA,NA,"I did not drive the past 30 days",NA,"No","No","No","0 days","0 days","Heterosexual (straight)","Slightly overweight","1 time per day","1 time per day","4 to 6 times","1 to 3 times",NA,NA,"5 days","No TV on average school day","No playing video/computer game",NA,"Yes","8 hours",NA,NA,NA
"17 years old","Female","11th grade","Yes","Multiple - Hispanic / Latino",1.5,56.7,"Never wore a helmet","Most of the time","I did not drive the past 30 days","0 times","No","No","Yes","0 days","0 days","Heterosexual (straight)","Slightly overweight","1 to 3 times","1 to 3 times","1 to 3 times","1 to 3 times","1 to 3 glasses","7 days","0 days","2 hours per day","3 hours per day","0 teams","No","8 hours","1 to 3 times","4 to 6 times","0 times"
"17 years old","Female","11th grade","No","White",1.7,79.38,"Rarely wore a helmet","Always","3 to 5 days","0 times","No","No","Yes","0 days","0 days","bisexual","Slightly overweight","1 to 3 times","1 time per day","4 to 6 times","Did not drink soda or pop","Did not drink milk","7 days","2 days","Less than 1 hour per day","No playing video/computer game","0 teams","No","6 hours","Did not drink sports drink","4 or more times per day","2 times"
"14 years old","Female","9th grade","No","White",1.5,66.68,"Never wore a helmet","Most of the time","I did not drive the past 30 days","0 times","No","No","Yes","0 days","0 days","Heterosexual (straight)","Slightly overweight","1 to 3 times","1 to 3 times","Did not eat green salad","Did not drink soda or pop","2 glasses per day","1 day","7 days","Less than 1 hour per day","5 or more hours per day","2 teams","No","9 hours","Did not drink sports drink","4 to 6 times","2 times"
"15 years old","Female","9th grade","No","White",1.7,63.5,"Did not ride a bicycle","Always","0 days","0 times","No","No","No","0 days","0 days","Heterosexual (straight)","Slightly overweight","1 to 3 times","1 to 3 times","1 to 3 times","Did not drink soda or pop","Did not drink milk","6 days","4 days","3 hours per day","4 hours per day","2 teams","Yes","7 hours","1 to 3 times","4 or more times per day","3 times"
"18 years old or older","Female","12th grade","Yes","Multiple - Hispanic / Latino",1.65,50.8,"Did not ride a bicycle","Most of the time","I did not drive the past 30 days","2 or 3 times","No","No","No","0 days","6 to 9 days","Not sure","About the right weight","1 to 3 times","Did not eat fruit","Did not eat green salad","1 to 3 times","Did not drink milk","4 days","2 days","1 hour per day","No playing video/computer game","0 teams","No","6 hours","1 to 3 times","4 to 6 times","1 times"
"16 years old","Male","12th grade","No","Asian",1.78,79.38,"Did not ride a bicycle","Always","I did not drive the past 30 days","0 times","No","No","No","0 days","0 days","Heterosexual (straight)","Slightly overweight","4 or more times per day","4 or more times per day","4 or more times per day","1 to 3 times","4 or more glasses per day","7 days","7 days","Less than 1 hour per day","No playing video/computer game","0 teams","Yes","4 or less hours","Did not drink sports drink","4 or more times per day","0 times"
"15 years old","Male","9th grade","No",NA,1.68,69.85,"Never wore a helmet","Never",NA,"1 time","No","No","No","0 days","0 days","Heterosexual (straight)","About the right weight","4 or more times per day","4 or more times per day","1 to 3 times","3 times per day","4 or more glasses per day","7 days","7 days","5 or more hours per day","5 or more hours per day","1 team","Yes","10 or more hours","4 or more times per day","4 or more times per day","0 times"
"18 years old or older","Male","12th grade","Yes","Hispanic/Latino",1.63,88.45,NA,"Always","1 or 2 days",NA,"No","No","No","0 days","0 days","Heterosexual (straight)","Slightly overweight","2 times per day","2 times per day","2 times per day","2 times per day",NA,"2 days","3 days","2 hours per day","3 hours per day",NA,NA,NA,NA,NA,NA
"17 years old","Female","11th grade","No","Black or African American",1.73,72.58,"Did not ride a bicycle","Most of the time","I did not drive the past 30 days","1 time","No","No","Yes","0 days","0 days","bisexual","About the right weight","4 to 6 times","1 to 3 times","1 to 3 times","1 to 3 times","1 to 3 glasses","7 days","2 days","No TV on average school day","5 or more hours per day","2 teams","No","6 hours","1 to 3 times","4 or more times per day","0 times"
"14 years old","Female","9th grade","No","Asian",1.7,70.76,"Never wore a helmet","Sometimes","I did not drive the past 30 days","0 times","No","No","Yes","0 days","0 days","Heterosexual (straight)","Slightly overweight","4 to 6 times","1 to 3 times","1 to 3 times","1 to 3 times","2 glasses per day","4 days","0 days","No TV on average school day","5 or more hours per day","0 teams","No","6 hours","Did not drink sports drink","1 to 3 times","0 times"
"16 years old","Female","11th grade","No","White",1.63,62.6,"Never wore a helmet","Always","6 to 9 days","1 time","No","No","No","0 days","0 days","Heterosexual (straight)","About the right weight","Did not drink fruit juice","1 to 3 times","Did not eat green salad","Did not drink soda or pop","Did not drink milk","6 days","7 days","2 hours per day","4 hours per day","3 or more teams","No","7 hours","1 to 3 times","2 times per day","0 times"
"17 years old","Female","11th grade",NA,NA,1.57,67.59,"Never wore a helmet","Most of the time","0 days",NA,NA,NA,NA,"0 days","1 or 2 days",NA,"Slightly overweight","4 or more times per day","4 or more times per day","4 or more times per day","Did not drink soda or pop","2 glasses per day","3 days","6 days","No TV on average school day","Less than 1 hour per day","2 teams","No","5 hours","1 to 3 times","4 or more times per day","3 times"
"15 years old","Male","10th grade","No","White",1.8,58.97,NA,NA,"I did not drive the past 30 days",NA,"Yes","No","Yes","0 days","0 days","Heterosexual (straight)","About the right weight","Did not drink fruit juice","Did not eat fruit","Did not eat green salad","4 or more times per day",NA,NA,"0 days","No TV on average school day","5 or more hours per day",NA,"No","4 or less hours",NA,NA,NA
"14 years old","Female","9th grade","Yes","Hispanic/Latino",1.57,56.7,"Did not ride a bicycle","Always","0 days","0 times","Yes","Yes","Yes","0 days","0 days","Heterosexual (straight)","About the right weight","3 times per day","4 to 6 times","1 to 3 times","1 to 3 times","1 to 3 glasses","2 days","7 days","2 hours per day","5 or more hours per day","0 teams","No","9 hours","Did not drink sports drink","2 times per day","0 times"
"17 years old","Male","12th grade","Yes","Multiple - Hispanic / Latino",1.75,60.33,"Never wore a helmet","Always","6 to 9 days","2 or 3 times","No","No","No","0 days","0 days","Heterosexual (straight)","About the right weight","1 to 3 times","1 to 3 times","Did not eat green salad","4 to 6 times","1 glass per day","7 days","1 day","3 hours per day","3 hours per day","3 or more teams","No","9 hours","2 times per day","3 times per day","1 times"
"17 years old","Female","12th grade","No","White",1.68,52.16,NA,NA,"0 days",NA,"Yes","Yes","No","3 to 5 days","1 or 2 days","Heterosexual (straight)","About the right weight","1 time per day","1 time per day","1 time per day","1 to 3 times",NA,NA,"7 days","3 hours per day","4 hours per day",NA,"No","8 hours",NA,NA,NA
"14 years old","Female","9th grade","No","White",1.5,56.7,"Did not ride a bicycle","Always","0 days","0 times","Yes","Yes","No","0 days","0 days","Heterosexual (straight)","Slightly overweight","1 to 3 times","4 to 6 times","1 to 3 times","1 to 3 times","3 glasses per day","6 days","2 days","Less than 1 hour per day","2 hours per day","0 teams","No","6 hours","1 to 3 times","1 time per day","2 times"
"18 years old or older","Female","12th grade","No","White",1.68,51.71,"Never wore a helmet","Most of the time","1 or 2 days","0 times","Yes","Yes","Yes",NA,"20 to 29 days","Heterosexual (straight)","Slightly overweight","4 to 6 times","1 to 3 times","Did not eat green salad","1 time per day","4 to 6 glasses","5 days","4 days","1 hour per day","5 or more hours per day","1 team","No","6 hours","1 time per day","1 time per day","0 times"
"16 years old","Male","10th grade","Yes","Multiple - Hispanic / Latino",1.7,58.06,"Never wore a helmet","Most of the time","3 to 5 days","2 or 3 times","Yes","Yes","No","1 or 2 days","10 to 19 days","Heterosexual (straight)","Slightly underweight","1 to 3 times","4 to 6 times","Did not eat green salad","2 times per day","4 or more glasses per day","5 days","4 days","4 hours per day","4 hours per day","1 team","Yes","7 hours","1 to 3 times","3 times per day","1 times"
"16 years old","Male","10th grade","No","White",1.65,117.03,"Never wore a helmet","Never","I did not drive the past 30 days","0 times","No","No","No","0 days","0 days","Heterosexual (straight)","Slightly overweight","1 to 3 times","4 to 6 times","Did not eat green salad","1 to 3 times","1 to 3 glasses","3 days","5 days","2 hours per day","3 hours per day","1 team","No","5 hours","Did not drink sports drink","4 to 6 times","0 times"
"16 years old","Male","11th grade","No","Asian",1.7,64.41,"Rarely wore a helmet","Most of the time",NA,"1 time","No","No","No","0 days","10 to 19 days","Heterosexual (straight)","About the right weight","Did not drink fruit juice","1 to 3 times","Did not eat green salad","1 time per day","1 glass per day","0 days","4 days","2 hours per day","5 or more hours per day","1 team","No","6 hours",NA,NA,NA
"14 years old","Female","9th grade","Yes","Hispanic/Latino",1.57,64.41,"Did not ride a bicycle","Most of the time","I did not drive the past 30 days","0 times","No","No","No","0 days",NA,NA,NA,NA,NA,NA,NA,NA,NA,NA,NA,NA,NA,NA,NA,NA,NA,NA
"14 years old","Female","9th grade","Yes","Multiple - Hispanic / Latino",1.6,54.43,"Never wore a helmet","Always","I did not drive the past 30 days","0 times","Yes","Yes","Yes","0 days","1 or 2 days","Heterosexual (straight)","About the right weight","1 to 3 times","4 to 6 times","4 to 6 times","1 time per day","1 glass per day","1 day","7 days","1 hour per day","5 or more hours per day","1 team","No","5 hours","1 time per day","2 times per day","0 times"
"16 years old","Female","10th grade","Yes","Multiple - Hispanic / Latino",1.4,56.7,"Never wore a helmet","Always","0 days","0 times","No","No","No","0 days","0 days","Heterosexual (straight)","About the right weight","4 to 6 times","4 or more times per day","Did not eat green salad","1 time per day","1 glass per day","3 days","0 days","3 hours per day","4 hours per day","0 teams","No","7 hours","1 time per day","1 time per day","1 times"
"16 years old","Female","10th grade","No","White",1.57,54.89,"Never wore a helmet","Always","0 days","0 times","Yes","No","Yes","0 days","0 days","Heterosexual (straight)","About the right weight","4 to 6 times","1 to 3 times","Did not eat green salad","1 time per day","4 or more glasses per day","0 days","3 days","Less than 1 hour per day","3 hours per day","0 teams","Not sure","9 hours","Did not drink sports drink","4 or more times per day","4 times"
"14 years old","Female","9th grade","No","White",1.75,113.4,"Never wore a helmet","Sometimes","I did not drive the past 30 days","0 times","Yes","No","Yes","0 days","1 or 2 days","Heterosexual (straight)","Very overweight","1 to 3 times","4 to 6 times","1 to 3 times","4 to 6 times","1 glass per day","5 days","4 days","No TV on average school day","3 hours per day","0 teams","Yes","6 hours","Did not drink sports drink","2 times per day","3 times"
"15 years old","Male","9th grade","Yes","Hispanic/Latino",1.8,57.61,"Never wore a helmet","Always","I did not drive the past 30 days","2 or 3 times","No","No","No","0 days","0 days","Heterosexual (straight)","About the right weight","1 to 3 times","3 times per day","2 times per day","1 to 3 times","2 glasses per day","7 days","7 days","2 hours per day","Less than 1 hour per day","2 teams","No","8 hours","1 to 3 times","4 or more times per day","0 times"
"17 years old","Female","11th grade","No","White",1.52,54.43,"Did not ride a bicycle","Always","0 days","0 times","No","No","Yes","0 days","0 days","Heterosexual (straight)","Slightly overweight","1 to 3 times","1 to 3 times","4 to 6 times","1 to 3 times","1 glass per day","4 days","3 days","No TV on average school day","5 or more hours per day","0 teams","No","6 hours","Did not drink sports drink","4 to 6 times","0 times"
"15 years old","Male","9th grade","No","White",1.73,65.77,"Sometimes wore a helmet","Always","I did not drive the past 30 days","0 times","No","No","No","0 days","0 days","Heterosexual (straight)","About the right weight","4 to 6 times","1 time per day","1 time per day","1 to 3 times","2 glasses per day","7 days","7 days","No TV on average school day","1 hour per day","3 or more teams","No","5 hours","1 to 3 times","3 times per day","5 or more times"
"14 years old","Male","9th grade","No","White",1.78,70.76,"Never wore a helmet","Most of the time","I did not drive the past 30 days","1 time","No","No","No","6 to 9 days","6 to 9 days","Heterosexual (straight)","About the right weight","1 to 3 times","1 to 3 times","1 to 3 times","4 to 6 times","2 glasses per day","4 days","7 days","4 hours per day","5 or more hours per day","0 teams","No","6 hours","Did not drink sports drink","4 or more times per day","3 times"
"14 years old","Male","9th grade","No","Asian",1.63,56.25,"Did not ride a bicycle","Most of the time","I did not drive the past 30 days","0 times","No","No","No","0 days","0 days","Heterosexual (straight)","About the right weight","Did not drink fruit juice","1 to 3 times","Did not eat green salad","3 times per day","1 to 3 glasses","7 days","6 days","1 hour per day","3 hours per day","2 teams","Not sure","7 hours","Did not drink sports drink","4 or more times per day","0 times"
"16 years old","Female","11th grade","Yes","Multiple - Hispanic / Latino",1.55,49.9,"Did not ride a bicycle","Sometimes","0 days","0 times","No","No","No","0 days","0 days","Heterosexual (straight)","Slightly underweight","Did not drink fruit juice","1 to 3 times","1 time per day","2 times per day","Did not drink milk","7 days","6 days","3 hours per day","2 hours per day","0 teams","No","7 hours","1 to 3 times","4 to 6 times","2 times"
"17 years old","Female","12th grade","Yes","Hispanic/Latino",1.57,54.43,"Did not ride a bicycle","Always","I did not drive the past 30 days","0 times","Yes","Yes","No","0 days","0 days","Heterosexual (straight)","About the right weight","4 to 6 times","1 to 3 times","Did not eat green salad","1 to 3 times","1 to 3 glasses","7 days","0 days","2 hours per day","2 hours per day","0 teams","Yes","7 hours","1 to 3 times","4 to 6 times","0 times"
"15 years old","Male","9th grade","No","White",1.78,63.5,"Never wore a helmet","Most of the time","1 or 2 days","2 or 3 times","No","Yes","Yes","10 to 19 days","10 to 19 days","Heterosexual (straight)","About the right weight","1 time per day","2 times per day","1 time per day","2 times per day","4 or more glasses per day","7 days","7 days","3 hours per day","No playing video/computer game","2 teams","Yes","8 hours","2 times per day","4 or more times per day","0 times"
"14 years old","Male","9th grade","No","White",1.88,63.05,NA,"Always","I did not drive the past 30 days","0 times","No","No","No","0 days",NA,NA,"About the right weight","1 time per day","1 time per day","1 to 3 times","1 time per day",NA,"1 day","5 days","2 hours per day","3 hours per day",NA,NA,"4 or less hours",NA,"1 time per day",NA
"15 years old","Male","10th grade","Yes","Multiple - Hispanic / Latino",1.78,64.41,"Never wore a helmet","Always","I did not drive the past 30 days","0 times","No","No","No","1 or 2 days","3 to 5 days","Heterosexual (straight)","About the right weight","1 to 3 times","Did not eat fruit","4 to 6 times","Did not drink soda or pop","1 glass per day","7 days","7 days","Less than 1 hour per day","5 or more hours per day","0 teams","No","8 hours","Did not drink sports drink","4 or more times per day","0 times"
"16 years old","Female","10th grade","No","White",1.52,49.9,"Always wore a helmet","Always","I did not drive the past 30 days","0 times","No","No","No","0 days","0 days","Heterosexual (straight)","About the right weight","4 or more times per day","4 or more times per day","4 or more times per day","1 to 3 times","4 or more glasses per day","7 days","7 days","No TV on average school day","No playing video/computer game","2 teams","Not sure","5 hours","3 times per day","4 or more times per day","0 times"
"16 years old",NA,"10th grade","No","White",NA,NA,"Did not ride a bicycle","Always","0 days","0 times","No","No","No","0 days","0 days",NA,"About the right weight","4 to 6 times","1 to 3 times","Did not eat green salad","1 to 3 times","1 glass per day","7 days","4 days","2 hours per day","5 or more hours per day","0 teams","Yes","6 hours","1 to 3 times","2 times per day","5 or more times"
"17 years old","Female","11th grade","Yes","Multiple - Hispanic / Latino",1.65,70.76,"Never wore a helmet","Always","0 days","8 or 9 times","No","No","Yes","0 days","3 to 5 days","Heterosexual (straight)","Slightly overweight","1 to 3 times","1 to 3 times","1 to 3 times","4 to 6 times","Did not drink milk","6 days","0 days","No TV on average school day","5 or more hours per day","0 teams","No","6 hours","Did not drink sports drink","1 time per day","4 times"
"17 years old","Male","12th grade","No","White",1.68,70.76,NA,NA,"20 to 29 days",NA,"No","No","No","0 days",NA,"Heterosexual (straight)","Slightly overweight","Did not drink fruit juice","1 to 3 times","1 to 3 times","1 to 3 times",NA,NA,"0 days","1 hour per day","1 hour per day",NA,"No","5 hours",NA,NA,NA
"17 years old","Female","11th grade","No","White",1.7,68.04,"Never wore a helmet","Sometimes","All 30 days","1 time","No","No","Yes","0 days","10 to 19 days","Heterosexual (straight)","Slightly overweight","Did not drink fruit juice","1 to 3 times","1 to 3 times","1 to 3 times","Did not drink milk","6 days","5 days","No TV on average school day","No playing video/computer game","0 teams","No","6 hours","Did not drink sports drink","2 times per day","0 times"
"16 years old","Female","11th grade","No","White",1.6,95.26,NA,NA,"0 days",NA,"No","No","No","10 to 19 days","6 to 9 days","Heterosexual (straight)","Slightly overweight","4 to 6 times","1 to 3 times","1 to 3 times","4 or more times per day",NA,NA,"3 days","5 or more hours per day","1 hour per day",NA,"No","6 hours",NA,NA,NA
"16 years old","Female","11th grade","Yes","Multiple - Hispanic / Latino",1.57,57.15,"Did not ride a bicycle","Always","I did not drive the past 30 days","2 or 3 times","No","No","No","0 days","0 days","Heterosexual (straight)","Slightly overweight","4 to 6 times","4 to 6 times","1 to 3 times","1 to 3 times","1 to 3 glasses","5 days","2 days","4 hours per day","1 hour per day","1 team","No",NA,"Did not drink sports drink","2 times per day","2 times"
"17 years old","Female","12th grade","No","White",1.65,54.43,NA,NA,"0 days",NA,"Yes","No","No","0 days","0 days","Heterosexual (straight)","About the right weight","1 to 3 times","4 to 6 times","1 to 3 times","Did not drink soda or pop",NA,NA,"3 days","No TV on average school day","1 hour per day",NA,"Yes","7 hours",NA,NA,NA
"17 years old","Female","12th grade","No","White",1.63,56.7,NA,NA,"0 days",NA,"No","No","No","0 days","0 days","Heterosexual (straight)","Slightly overweight","Did not drink fruit juice","1 time per day","Did not eat green salad","Did not drink soda or pop",NA,NA,"1 day","No TV on average school day","Less than 1 hour per day",NA,"No","8 hours",NA,NA,NA
"17 years old","Female","12th grade","No","Black or African American",1.68,64.41,"Did not ride a bicycle","Always","I did not drive the past 30 days","0 times","No","No","No","0 days","0 days","Heterosexual (straight)","About the right weight","4 to 6 times","1 time per day","4 to 6 times","Did not drink soda or pop","1 to 3 glasses","6 days","0 days","Less than 1 hour per day","5 or more hours per day","0 teams","No","8 hours","Did not drink sports drink","3 times per day","0 times"
"17 years old","Female","11th grade","No","Asian",1.68,58.97,"Did not ride a bicycle","Always","0 days","0 times","No","No","No","0 days","0 days","Heterosexual (straight)","About the right weight","2 times per day","4 or more times per day","1 to 3 times","3 times per day","Did not drink milk","7 days","0 days","4 hours per day","Less than 1 hour per day","0 teams","No","6 hours","2 times per day","4 or more times per day","0 times"
"15 years old","Male","9th grade","No","White",1.73,56.7,"Most of the time wore a helmet","Always","0 days","0 times","No","No","No","0 days","0 days","Heterosexual (straight)","About the right weight","1 time per day","3 times per day","1 to 3 times","1 to 3 times","1 to 3 glasses","7 days","1 day","No TV on average school day","Less than 1 hour per day","1 team","No","8 hours","1 time per day","4 to 6 times","1 times"
"14 years old","Female","9th grade","Yes","Hispanic/Latino",NA,NA,"Did not ride a bicycle","Always","I did not drive the past 30 days","0 times","No","No","No","0 days","0 days","bisexual","Slightly overweight","Did not drink fruit juice","1 to 3 times","Did not eat green salad","1 time per day","1 to 3 glasses","0 days","2 days","3 hours per day",NA,"0 teams","No","7 hours","Did not drink sports drink","4 to 6 times","0 times"
"15 years old","Female","9th grade","Yes","Hispanic/Latino",1.55,47.17,"Did not ride a bicycle","Always","I did not drive the past 30 days","0 times","No","No","No","0 days","0 days","Heterosexual (straight)","About the right weight","4 to 6 times","4 to 6 times","1 to 3 times","4 to 6 times","Did not drink milk","7 days","0 days","Less than 1 hour per day","No playing video/computer game","0 teams","No","7 hours","1 to 3 times","4 to 6 times","0 times"
"16 years old","Female","10th grade","No","White",1.45,61.24,"Always wore a helmet","Most of the time","I did not drive the past 30 days","2 or 3 times","Yes","Yes","Yes","0 days","1 or 2 days","Heterosexual (straight)","Very overweight","1 to 3 times","1 to 3 times","Did not eat green salad","Did not drink soda or pop","1 glass per day","2 days","7 days","No TV on average school day","No playing video/computer game","2 teams","Yes","4 or less hours","Did not drink sports drink","4 or more times per day","0 times"
"14 years old","Male","9th grade","No","White",1.68,54.43,"Never wore a helmet","Sometimes",NA,"0 times","No","No","No","0 days","0 days","Heterosexual (straight)","About the right weight","1 to 3 times","4 to 6 times","Did not eat green salad","4 to 6 times","Did not drink milk","7 days","5 days","4 hours per day","Less than 1 hour per day","1 team","No","5 hours","4 to 6 times","1 to 3 times","0 times"
"16 years old","Male","11th grade","No","White",1.7,52.16,"Never wore a helmet","Always","20 to 29 days","0 times","No","No","No","0 days","1 or 2 days","Heterosexual (straight)","Slightly underweight","1 to 3 times","1 to 3 times","Did not eat green salad","1 time per day","Did not drink milk","2 days","7 days","1 hour per day","3 hours per day","1 team","No","8 hours","1 time per day","1 to 3 times","3 times"
"16 years old","Female","11th grade","No","White",1.6,58.97,"Did not ride a bicycle","Always","I did not drive the past 30 days","0 times","Yes","Yes","Yes","1 or 2 days","3 to 5 days","Heterosexual (straight)","About the right weight","1 to 3 times","1 to 3 times","1 to 3 times","1 to 3 times","Did not drink milk","1 day","0 days","Less than 1 hour per day","4 hours per day","0 teams","Yes","5 hours","4 to 6 times","2 times per day","0 times"
"15 years old","Male","10th grade","Yes","Hispanic/Latino",1.78,90.72,"Did not ride a bicycle","Always","0 days","0 times","Yes","No","No","0 days","0 days","Heterosexual (straight)","Very overweight","Did not drink fruit juice","1 time per day","1 to 3 times","1 to 3 times","2 glasses per day","2 days","2 days","No TV on average school day","4 hours per day","1 team","No","4 or less hours","1 to 3 times","4 or more times per day","0 times"
"16 years old","Female","11th grade","Yes","Hispanic/Latino",1.65,58.97,"Never wore a helmet","Always",NA,"0 times","No","No","Yes","0 days","0 days","bisexual","Slightly overweight","1 to 3 times","4 or more times per day","1 time per day","1 time per day","2 glasses per day","0 days","1 day","No TV on average school day","Less than 1 hour per day","0 teams","No","4 or less hours","Did not drink sports drink","4 or more times per day","0 times"
"15 years old","Female","10th grade","No","White",1.65,50.8,"Rarely wore a helmet","Always","I did not drive the past 30 days","0 times","No","No","Yes","0 days","0 days","Heterosexual (straight)","Slightly underweight","Did not drink fruit juice","2 times per day","Did not eat green salad","Did not drink soda or pop","Did not drink milk","7 days","2 days","3 hours per day","5 or more hours per day","0 teams","No","7 hours","1 to 3 times","1 to 3 times","2 times"
"15 years old","Male","10th grade","No","White",1.78,63.5,"Did not ride a bicycle","Most of the time","0 days","0 times","No","No","No","0 days","0 days","Heterosexual (straight)","About the right weight","Did not drink fruit juice","1 time per day","1 to 3 times","1 to 3 times","1 to 3 glasses","4 days","6 days","2 hours per day","3 hours per day","0 teams","No","7 hours","4 or more times per day","2 times per day","1 times"
"18 years old or older","Male","12th grade","No","White",1.7,79.38,NA,"Always","1 or 2 days","0 times","No","No","No","0 days","1 or 2 days","Heterosexual (straight)","About the right weight","4 to 6 times","1 to 3 times","1 to 3 times","1 to 3 times","1 to 3 glasses","4 days","7 days","2 hours per day","Less than 1 hour per day","2 teams","Yes","6 hours","4 to 6 times","4 or more times per day","2 times"
"17 years old","Male","10th grade","No","White",1.83,79.38,"Did not ride a bicycle","Always","6 to 9 days","0 times","Yes","No","No","0 days","0 days","Heterosexual (straight)","Slightly overweight","4 to 6 times","1 to 3 times","1 to 3 times","1 to 3 times","4 to 6 glasses","3 days","2 days","4 hours per day","4 hours per day","0 teams","No","7 hours","1 to 3 times","1 time per day","1 times"
"15 years old","Female","9th grade","No","Asian",1.57,56.7,NA,"Never","I did not drive the past 30 days",NA,"No","No","No","0 days","0 days","bisexual","About the right weight","2 times per day","1 to 3 times","Did not eat green salad","4 to 6 times",NA,"3 days","0 days","2 hours per day","No playing video/computer game",NA,NA,NA,NA,NA,NA
"16 years old","Female","10th grade","No","White",1.63,54.89,NA,NA,"0 days",NA,"Yes","Yes","No","0 days","0 days","Heterosexual (straight)","Slightly overweight","2 times per day","4 to 6 times","1 time per day","2 times per day",NA,NA,"2 days","2 hours per day","1 hour per day",NA,"No","7 hours",NA,NA,NA
"15 years old","Male","10th grade","No","White",1.83,92.99,NA,NA,"I did not drive the past 30 days",NA,"No","No","No","0 days","0 days","Heterosexual (straight)","Very underweight","Did not drink fruit juice","Did not eat fruit","Did not eat green salad","Did not drink soda or pop",NA,NA,"0 days","No TV on average school day","No playing video/computer game",NA,"Yes","4 or less hours",NA,NA,NA
"15 years old","Female","10th grade","No","White",1.6,47.63,NA,NA,"I did not drive the past 30 days",NA,"Yes","Yes","Yes","20 to 29 days","6 to 9 days","bisexual","About the right weight","1 to 3 times","2 times per day","Did not eat green salad","4 or more times per day",NA,NA,"7 days","4 hours per day","4 hours per day",NA,"No","4 or less hours",NA,NA,NA
"17 years old","Male","12th grade","No","Black or African American",1.83,80.74,"Never wore a helmet","Always","All 30 days","1 time","No","No","No","All 30 days","0 days","Heterosexual (straight)","About the right weight","1 to 3 times","Did not eat fruit","Did not eat green salad","2 times per day","4 to 6 glasses","0 days","2 days","Less than 1 hour per day","5 or more hours per day","3 or more teams","No","6 hours","Did not drink sports drink","1 time per day","5 or more times"
"17 years old","Male","11th grade","Yes","Hispanic/Latino",1.83,63.5,"Never wore a helmet","Most of the time","I did not drive the past 30 days","0 times","No","No","No","0 days","0 days","Heterosexual (straight)","Slightly underweight","2 times per day","Did not eat fruit","Did not eat green salad","4 or more times per day","1 to 3 glasses","6 days","5 days","2 hours per day","1 hour per day","2 teams","Yes","6 hours","4 to 6 times","4 to 6 times","3 times"
"15 years old","Male","10th grade","No","White",1.78,68.04,NA,NA,"I did not drive the past 30 days",NA,"No","No","No","0 days","0 days","Heterosexual (straight)","About the right weight","2 times per day","1 to 3 times","1 to 3 times","4 to 6 times",NA,NA,"7 days","Less than 1 hour per day","4 hours per day",NA,"No","5 hours",NA,NA,NA
"16 years old","Male","11th grade","No","White",1.35,45.36,NA,NA,"3 to 5 days",NA,"No","No","No","0 days","0 days","Heterosexual (straight)","Slightly overweight","1 to 3 times","1 to 3 times","Did not eat green salad","4 to 6 times",NA,NA,"7 days","2 hours per day","No playing video/computer game",NA,"No","7 hours",NA,NA,NA
"17 years old","Male","11th grade","No","White",1.75,62.6,NA,"Always","0 days",NA,"No","No","No","0 days","0 days","Heterosexual (straight)","Slightly underweight","1 to 3 times","1 to 3 times","1 to 3 times",NA,NA,"7 days","7 days","3 hours per day","Less than 1 hour per day",NA,NA,NA,NA,NA,NA
"16 years old","Female","11th grade","Yes","Hispanic/Latino",1.68,60.78,"Never wore a helmet","Most of the time","I did not drive the past 30 days","0 times","No","No","Yes","0 days","10 to 19 days","Heterosexual (straight)","About the right weight","3 times per day","2 times per day","3 times per day","Did not drink soda or pop","2 glasses per day","6 days","6 days","4 hours per day","5 or more hours per day","3 or more teams","No","5 hours","3 times per day","4 or more times per day","5 or more times"
"15 years old","Male","Ungraded or other grade","No","Am Indian / Alaska Native",1.55,58.06,"Did not ride a bicycle","Never","I did not drive the past 30 days","0 times","Yes","Yes","No",NA,"0 days","Heterosexual (straight)","Very overweight","1 to 3 times","Did not eat fruit","Did not eat green salad","Did not drink soda or pop","Did not drink milk","7 days","7 days","5 or more hours per day",NA,"2 teams",NA,"4 or less hours",NA,NA,NA
"16 years old","Male","11th grade","Yes","Multiple - Hispanic / Latino",1.73,121.56,"Never wore a helmet","Always","0 days","0 times","No","No","No","1 or 2 days","0 days","Heterosexual (straight)","About the right weight","1 to 3 times","4 to 6 times","4 to 6 times","4 to 6 times","Did not drink milk","0 days","2 days","3 hours per day","No playing video/computer game","1 team","No","8 hours","Did not drink sports drink","4 to 6 times","0 times"
"14 years old","Male","9th grade","No","White",1.73,70.31,"Never wore a helmet","Always","I did not drive the past 30 days","0 times","No","No","No","0 days","0 days","Heterosexual (straight)","About the right weight","Did not drink fruit juice","1 to 3 times","Did not eat green salad","1 to 3 times","Did not drink milk","1 day","3 days","No TV on average school day","2 hours per day","1 team","No","8 hours","Did not drink sports drink","4 to 6 times","0 times"
"16 years old","Male","10th grade","No","White",1.83,61.24,"Rarely wore a helmet","Always","I did not drive the past 30 days","1 time","No","No","Yes","0 days","0 days","Heterosexual (straight)","Very underweight","1 to 3 times","4 to 6 times","4 to 6 times","2 times per day","4 to 6 glasses","0 days","7 days","1 hour per day","3 hours per day","0 teams","No","5 hours","Did not drink sports drink","2 times per day","3 times"
"15 years old","Female","10th grade","Yes","Multiple - Hispanic / Latino",NA,NA,"Never wore a helmet","Most of the time","1 or 2 days","1 time","Yes","No","Yes","0 days","1 or 2 days","Heterosexual (straight)","About the right weight","2 times per day","1 to 3 times","1 to 3 times","1 to 3 times","1 glass per day","3 days","5 days","No TV on average school day","4 hours per day","1 team","No","8 hours","1 time per day","1 to 3 times","1 times"
"17 years old","Female","12th grade","Yes","Hispanic/Latino",1.6,58.97,"Never wore a helmet","Always",NA,"0 times","No","No","No","0 days","0 days","Heterosexual (straight)","About the right weight","1 to 3 times","1 to 3 times","1 to 3 times","Did not drink soda or pop","1 to 3 glasses","0 days","4 days","No TV on average school day","No playing video/computer game","0 teams","No","5 hours","1 to 3 times","3 times per day","0 times"
"15 years old","Male","9th grade","No","Asian",1.68,58.97,"Did not ride a bicycle","Always","I did not drive the past 30 days","0 times","No","No",NA,"0 days","0 days",NA,NA,"2 times per day","3 times per day","Did not eat green salad","Did not drink soda or pop","2 glasses per day","7 days",NA,"No TV on average school day",NA,"1 team","No",NA,"1 to 3 times","4 or more times per day","0 times"
"17 years old","Female","11th grade","No","White",1.63,95.26,"Never wore a helmet","Most of the time","I did not drive the past 30 days","0 times","No","No","Yes","0 days","0 days","Heterosexual (straight)","Very overweight","1 time per day","2 times per day","Did not eat green salad","1 time per day","2 glasses per day","3 days","5 days","Less than 1 hour per day","5 or more hours per day","0 teams","No","4 or less hours","Did not drink sports drink","4 or more times per day","1 times"
"16 years old","Female","10th grade","No","White",1.63,62.6,"Did not ride a bicycle","Sometimes","0 days","0 times","No","No","No","0 days","0 days","Heterosexual (straight)","Slightly overweight","Did not drink fruit juice","4 to 6 times","4 to 6 times","1 to 3 times","1 to 3 glasses","2 days","4 days","Less than 1 hour per day","No playing video/computer game","2 teams","No","7 hours","Did not drink sports drink","1 time per day","4 times"
"15 years old","Male","10th grade","Yes","Multiple - Hispanic / Latino",1.63,60.78,"Did not ride a bicycle","Most of the time","0 days","0 times","No","No","Yes","0 days","0 days","Heterosexual (straight)","Slightly overweight","Did not drink fruit juice","1 to 3 times","Did not eat green salad","4 to 6 times","1 glass per day","7 days","1 day","No TV on average school day","4 hours per day","0 teams","No","5 hours","Did not drink sports drink","4 to 6 times","2 times"
"15 years old","Female","10th grade","No","White",1.73,63.5,NA,NA,"I did not drive the past 30 days",NA,"No","No","No","0 days","0 days","Heterosexual (straight)","About the right weight","1 to 3 times","1 to 3 times","1 to 3 times","1 to 3 times",NA,NA,"1 day","Less than 1 hour per day","5 or more hours per day",NA,"No","8 hours",NA,NA,NA
"16 years old","Female","10th grade","Yes","Hispanic/Latino",NA,NA,"Most of the time wore a helmet","Most of the time","I did not drive the past 30 days","0 times","No","No","No","0 days","0 days",NA,"Very overweight","4 or more times per day","4 or more times per day","4 or more times per day","4 or more times per day","4 or more glasses per day","4 days","0 days","3 hours per day","No playing video/computer game","0 teams","No",NA,"4 or more times per day","4 or more times per day","0 times"
"15 years old","Male","9th grade","No","White",1.75,56.7,"Never wore a helmet","Most of the time","0 days","0 times","No","No","No","1 or 2 days","10 to 19 days","Heterosexual (straight)","About the right weight","4 to 6 times","1 to 3 times","Did not eat green salad","1 to 3 times","2 glasses per day","4 days","7 days","2 hours per day","3 hours per day","2 teams","No","9 hours","4 to 6 times","4 or more times per day","0 times"
"17 years old","Male","12th grade","Yes","Hispanic/Latino",1.75,81.65,"Never wore a helmet","Always","1 or 2 days","0 times","No","No","No","1 or 2 days","0 days","Heterosexual (straight)","About the right weight","1 to 3 times","1 to 3 times","1 to 3 times","4 to 6 times","Did not drink milk","0 days","4 days","No TV on average school day","2 hours per day","1 team","Yes","6 hours",NA,NA,NA
"17 years old","Female","12th grade","No","White",1.68,53.52,"Always wore a helmet","Always","0 days","0 times","No","No","Yes","0 days","0 days","bisexual","About the right weight","4 to 6 times","1 time per day","1 time per day","Did not drink soda or pop","1 glass per day","7 days","5 days","Less than 1 hour per day","3 hours per day","0 teams","No","8 hours","Did not drink sports drink","4 or more times per day","0 times"
"14 years old","Female","9th grade","No","White",1.55,48.54,"Did not ride a bicycle","Most of the time","I did not drive the past 30 days","0 times","No","No","No","0 days","0 days","Heterosexual (straight)","About the right weight","Did not drink fruit juice","4 to 6 times","Did not eat green salad","1 to 3 times","1 to 3 glasses","5 days","4 days","2 hours per day","2 hours per day","0 teams","No","7 hours","Did not drink sports drink","2 times per day","0 times"
"17 years old","Female","11th grade","No","Native Hawaiian/other PI",1.65,59.42,"Never wore a helmet","Always","0 days","0 times","No","No","Yes",NA,"0 days","bisexual","Very overweight","1 time per day","1 time per day","Did not eat green salad","1 to 3 times","Did not drink milk","2 days","5 days","No TV on average school day","5 or more hours per day","0 teams","Yes","8 hours","Did not drink sports drink","4 or more times per day","2 times"
"18 years old or older","Male","12th grade","No","White",1.78,68.04,"Always wore a helmet","Always","3 to 5 days","0 times","No","No","No","0 days","0 days","Heterosexual (straight)","About the right weight","1 to 3 times","4 or more times per day","4 or more times per day","4 or more times per day","4 or more glasses per day","5 days","7 days","3 hours per day","4 hours per day","1 team","No","8 hours","4 or more times per day","4 or more times per day","5 or more times"
"17 years old","Female","11th grade","Yes","Hispanic/Latino",1.6,48.54,"Never wore a helmet","Sometimes","0 days","0 times","No","No","Yes","0 days","0 days","Heterosexual (straight)","About the right weight","1 to 3 times","4 to 6 times","1 to 3 times","Did not drink soda or pop","Did not drink milk","3 days","0 days","1 hour per day","No playing video/computer game","1 team","No","7 hours","Did not drink sports drink","4 or more times per day","1 times"
"16 years old","Male","10th grade","Yes","Hispanic/Latino",1.73,58.97,"Did not ride a bicycle","Always","0 days","0 times","No","No","No","0 days","0 days","Heterosexual (straight)","Slightly overweight","Did not drink fruit juice","1 time per day","1 to 3 times","1 to 3 times","1 to 3 glasses","7 days","5 days","1 hour per day","2 hours per day","0 teams","No","8 hours","Did not drink sports drink","2 times per day","0 times"
"17 years old","Female","12th grade","No","Asian",1.57,48.08,"Never wore a helmet","Always","I did not drive the past 30 days","0 times","No","No","No","0 days","0 days","Heterosexual (straight)","About the right weight","Did not drink fruit juice","2 times per day","Did not eat green salad","Did not drink soda or pop","1 glass per day","7 days","2 days","No TV on average school day","No playing video/computer game","0 teams","No","6 hours",NA,NA,NA
"14 years old","Male","9th grade","Yes","Multiple - Hispanic / Latino",1.68,81.65,NA,NA,"I did not drive the past 30 days",NA,"No","No","No","0 days","0 days","Heterosexual (straight)","About the right weight","1 to 3 times","Did not eat fruit","Did not eat green salad","4 or more times per day",NA,NA,"7 days","1 hour per day","3 hours per day",NA,"No","8 hours",NA,NA,NA
"17 years old","Male","11th grade","Yes","Hispanic/Latino",1.68,65.77,"Did not ride a bicycle","Always","I did not drive the past 30 days","0 times","No","No","No","0 days","0 days","Heterosexual (straight)","About the right weight","1 to 3 times","Did not eat fruit","Did not eat green salad","1 to 3 times","Did not drink milk","3 days","4 days","3 hours per day","2 hours per day","0 teams","Yes","8 hours",NA,NA,NA
"15 years old","Female","9th grade","No","White",1.57,54.43,"Did not ride a bicycle","Most of the time","I did not drive the past 30 days","0 times","No","No","No","0 days","0 days","Heterosexual (straight)","About the right weight","1 to 3 times","1 to 3 times","1 to 3 times","1 to 3 times","4 to 6 glasses","6 days","6 days","Less than 1 hour per day","Less than 1 hour per day","1 team","No","7 hours","Did not drink sports drink","1 time per day","5 or more times"
"15 years old","Female","9th grade","Yes","Multiple - Hispanic / Latino",1.73,52.62,"Never wore a helmet","Always","I did not drive the past 30 days","0 times","No","No","No","0 days","1 or 2 days","Heterosexual (straight)","About the right weight","1 to 3 times","1 to 3 times","1 to 3 times","4 to 6 times","1 to 3 glasses","2 days","2 days","No TV on average school day","3 hours per day","0 teams","No","6 hours","Did not drink sports drink","1 to 3 times","0 times"
"14 years old","Male","9th grade","No","White",1.65,49.9,NA,"Always","I did not drive the past 30 days","0 times","No","No","No","0 days",NA,NA,"About the right weight","Did not drink fruit juice","4 to 6 times","Did not eat green salad","Did not drink soda or pop",NA,"3 days","7 days","No TV on average school day","3 hours per day",NA,NA,"6 hours",NA,"4 or more times per day",NA
"18 years old or older","Female","12th grade","Yes","Multiple - Hispanic / Latino",1.68,58.97,"Never wore a helmet","Always","1 or 2 days","0 times","No","Yes","Yes","0 days","0 days","Heterosexual (straight)","About the right weight","1 to 3 times","1 to 3 times","4 to 6 times","1 time per day","1 to 3 glasses","7 days","0 days","2 hours per day","No playing video/computer game","1 team","Yes","6 hours",NA,NA,NA
"17 years old","Female","11th grade","No","Black or African American",1.57,61.24,"Rarely wore a helmet","Most of the time","3 to 5 days","0 times","Yes","No","No",NA,"0 days","Not sure","Slightly overweight","4 to 6 times","4 to 6 times","1 to 3 times","1 time per day","1 to 3 glasses","6 days","5 days","3 hours per day","Less than 1 hour per day","0 teams","Yes","7 hours","1 to 3 times","3 times per day","0 times"
"18 years old or older","Male","Ungraded or other grade","No","Native Hawaiian/other PI",NA,NA,"Did not ride a bicycle","Never",NA,"12 or more times","No","No","Yes","All 30 days","20 to 29 days",NA,"Very overweight","4 or more times per day","4 or more times per day","Did not eat green salad","4 or more times per day","4 to 6 glasses","0 days","0 days","Less than 1 hour per day","Less than 1 hour per day","0 teams","No","10 or more hours","Did not drink sports drink","4 or more times per day","1 times"
"17 years old","Female","11th grade","Yes","Hispanic/Latino",1.63,56.7,"Never wore a helmet","Always","1 or 2 days","0 times","No","No","No","0 days","0 days","Heterosexual (straight)","About the right weight","1 to 3 times","1 to 3 times","1 to 3 times","1 to 3 times","1 to 3 glasses","1 day","3 days","1 hour per day","2 hours per day","0 teams","No","7 hours",NA,NA,NA
"17 years old","Male","12th grade","Yes","Hispanic/Latino",1.68,81.65,"Did not ride a bicycle","Always","1 or 2 days","0 times","No","No","No","0 days","0 days","Heterosexual (straight)","Slightly overweight","2 times per day","1 time per day","4 to 6 times","1 to 3 times","4 to 6 glasses","5 days","5 days","No TV on average school day","1 hour per day","1 team","No","7 hours","1 to 3 times","3 times per day","0 times"
"15 years old","Female","9th grade","Yes","Hispanic/Latino",1.57,58.97,"Never wore a helmet","Always","0 days","0 times","Yes","No","Yes","0 days","3 to 5 days","Heterosexual (straight)","About the right weight","2 times per day","4 or more times per day","1 to 3 times","Did not drink soda or pop","1 to 3 glasses","0 days","0 days","2 hours per day","5 or more hours per day","0 teams","No","8 hours","4 to 6 times","4 or more times per day","2 times"
"18 years old or older","Male","12th grade","No","White",1.93,106.6,"Never wore a helmet","Most of the time","20 to 29 days","1 time","No","No","No","0 days","1 or 2 days","Heterosexual (straight)","Slightly overweight","4 to 6 times","1 time per day","1 to 3 times","1 to 3 times","1 glass per day","7 days","7 days","1 hour per day","1 hour per day","2 teams","No","7 hours","1 to 3 times","4 or more times per day","2 times"
"16 years old","Female","11th grade","No","Black or African American",1.7,74.84,"Did not ride a bicycle","Always","0 days","0 times","No","No","No","0 days","0 days","Heterosexual (straight)","About the right weight","Did not drink fruit juice","4 to 6 times","4 to 6 times","4 to 6 times","1 to 3 glasses","2 days","7 days","5 or more hours per day","1 hour per day","0 teams","No","8 hours","1 to 3 times","4 to 6 times","0 times"
"16 years old","Female","10th grade","No","Asian",1.65,83.01,"Did not ride a bicycle","Always","I did not drive the past 30 days","0 times","No","No","Yes","0 days","1 or 2 days","bisexual","Slightly overweight","2 times per day","3 times per day","1 time per day","1 to 3 times","Did not drink milk","1 day","0 days","1 hour per day","No playing video/computer game","3 or more teams",NA,"4 or less hours",NA,NA,NA
"16 years old","Female","11th grade","No","White",1.65,109.32,NA,"Always","0 days","0 times","No","No","No","0 days","0 days","Heterosexual (straight)","Very overweight","1 to 3 times","1 to 3 times","Did not eat green salad","Did not drink soda or pop","1 to 3 glasses","7 days","4 days","4 hours per day","5 or more hours per day","0 teams","No","8 hours","Did not drink sports drink","4 or more times per day","1 times"
"14 years old","Female","9th grade","No","White",1.68,55.34,"Rarely wore a helmet","Always","I did not drive the past 30 days","0 times","No","No","No","0 days","0 days","Heterosexual (straight)","About the right weight","Did not drink fruit juice","1 time per day","4 to 6 times","1 to 3 times","1 glass per day","7 days","1 day","3 hours per day","Less than 1 hour per day","0 teams","No","8 hours","Did not drink sports drink","3 times per day","2 times"
"16 years old","Female","11th grade","Yes","Multiple - Hispanic / Latino",1.73,81.65,"Did not ride a bicycle","Sometimes","I did not drive the past 30 days","0 times","No","No","Yes","0 days","0 days","Heterosexual (straight)","Slightly overweight","Did not drink fruit juice","1 to 3 times","Did not eat green salad","1 to 3 times","Did not drink milk","4 days","2 days","2 hours per day","5 or more hours per day","0 teams","No","6 hours","1 to 3 times","4 to 6 times","1 times"
"16 years old","Male","11th grade","No","White",1.63,75.75,"Never wore a helmet","Always","I did not drive the past 30 days","0 times","No","No","No","0 days","0 days",NA,"About the right weight","Did not drink fruit juice","1 to 3 times","1 to 3 times","4 to 6 times","1 glass per day","0 days","7 days","Less than 1 hour per day","4 hours per day","0 teams","Yes","6 hours","Did not drink sports drink","4 to 6 times","2 times"
"15 years old","Male","9th grade","Yes","Multiple - Hispanic / Latino",1.78,62.14,"Never wore a helmet","Most of the time",NA,"2 or 3 times","No","No","Yes","1 or 2 days","6 to 9 days","Heterosexual (straight)","About the right weight","1 time per day","2 times per day","1 to 3 times","4 or more times per day","3 glasses per day","0 days","7 days","3 hours per day","Less than 1 hour per day","2 teams","Yes","4 or less hours","4 or more times per day","1 time per day","0 times"
"15 years old","Female","10th grade","No","Am Indian / Alaska Native",1.6,49.9,NA,NA,"0 days",NA,"No","No","No","0 days","0 days","Heterosexual (straight)","About the right weight","1 to 3 times","1 to 3 times","1 to 3 times","Did not drink soda or pop",NA,NA,"3 days","5 or more hours per day","5 or more hours per day",NA,"Not sure","4 or less hours",NA,NA,NA
"16 years old","Female","10th grade","Yes","Multiple - Hispanic / Latino",1.65,122.47,"Did not ride a bicycle","Never","All 30 days","12 or more times","Yes","No","Yes","1 or 2 days","20 to 29 days","Heterosexual (straight)","Slightly underweight","1 time per day","1 time per day","1 to 3 times","1 time per day","4 to 6 glasses","7 days","0 days","5 or more hours per day","1 hour per day","1 team","Yes","6 hours","4 or more times per day","Did not drink water","0 times"
"15 years old","Male","9th grade","Yes","Hispanic/Latino",1.73,61.24,"Did not ride a bicycle","Always","I did not drive the past 30 days","0 times","Yes","No","No","0 days","0 days",NA,"About the right weight","1 to 3 times","4 to 6 times","1 to 3 times","4 to 6 times","4 to 6 glasses","4 days","7 days","3 hours per day","5 or more hours per day","3 or more teams","No","8 hours","Did not drink sports drink","4 or more times per day",NA
"18 years old or older","Female","12th grade","No","White",1.65,58.97,"Most of the time wore a helmet",NA,"I did not drive the past 30 days","0 times","No","No","No","0 days","0 days","Heterosexual (straight)","About the right weight","2 times per day","4 or more times per day","4 to 6 times","1 to 3 times","1 to 3 glasses","7 days","3 days","3 hours per day","5 or more hours per day","0 teams","No","8 hours","Did not drink sports drink","3 times per day","0 times"
"15 years old","Female","10th grade","Yes","Hispanic/Latino",1.6,49.44,"Never wore a helmet","Always","0 days","0 times","No","No","No","0 days","0 days","Heterosexual (straight)","About the right weight","Did not drink fruit juice","1 to 3 times","Did not eat green salad","4 to 6 times","1 to 3 glasses","2 days","0 days","2 hours per day","2 hours per day","0 teams","No","7 hours",NA,NA,NA
"17 years old","Female","11th grade","No","White",1.6,44,"Never wore a helmet","Always","All 30 days","0 times","Yes","Yes","Yes",NA,"1 or 2 days","Heterosexual (straight)","Very underweight","Did not drink fruit juice","4 to 6 times","Did not eat green salad","4 or more times per day","1 glass per day","6 days","1 day","3 hours per day","5 or more hours per day","1 team","No","5 hours","1 to 3 times","1 time per day","5 or more times"
"17 years old","Male","11th grade","No","Multiple - Non-Hispanic",1.83,84.82,"Rarely wore a helmet","Always","0 days","0 times","No","No","Yes","0 days","0 days","Heterosexual (straight)","Slightly overweight","4 to 6 times","1 to 3 times","Did not eat green salad","4 or more times per day","4 or more glasses per day","7 days","7 days","Less than 1 hour per day","5 or more hours per day","2 teams","No","7 hours","4 or more times per day","4 or more times per day","0 times"
"17 years old","Female","12th grade","Yes","Multiple - Hispanic / Latino",1.63,102.97,"Did not ride a bicycle","Most of the time","I did not drive the past 30 days","0 times","No","No","No","0 days","0 days",NA,"Slightly overweight","2 times per day","Did not eat fruit","Did not eat green salad","4 to 6 times","1 to 3 glasses","6 days","0 days","5 or more hours per day","No playing video/computer game","0 teams","Yes","4 or less hours","Did not drink sports drink","4 to 6 times","0 times"
"15 years old","Female","10th grade","Yes","Hispanic/Latino",1.57,52.16,NA,"Always","I did not drive the past 30 days","0 times","No","No","No","0 days","0 days","Heterosexual (straight)","About the right weight","1 to 3 times","2 times per day","1 to 3 times","1 to 3 times","2 glasses per day","6 days","4 days","1 hour per day","3 hours per day","0 teams","No","8 hours","Did not drink sports drink","4 or more times per day","1 times"
"17 years old","Male","11th grade","No","White",1.88,82.56,"Never wore a helmet","Most of the time","3 to 5 days","0 times","No","No","No","0 days","3 to 5 days","Heterosexual (straight)","About the right weight","Did not drink fruit juice","Did not eat fruit","Did not eat green salad","4 to 6 times","1 to 3 glasses","0 days","3 days","No TV on average school day","No playing video/computer game","0 teams","No","5 hours","Did not drink sports drink","4 or more times per day","0 times"
"14 years old","Male","9th grade","Yes","Hispanic/Latino",1.7,54.89,"Never wore a helmet","Always","0 days","0 times","No","No","No","0 days","0 days",NA,"Slightly underweight","1 to 3 times","3 times per day","Did not eat green salad","1 time per day","1 glass per day","7 days","7 days","5 or more hours per day","5 or more hours per day","2 teams","No","8 hours","1 to 3 times","4 or more times per day","0 times"
"16 years old","Female","10th grade","No","Black or African American",1.7,74.84,"Never wore a helmet","Most of the time","I did not drive the past 30 days","0 times","No","No","No","0 days","1 or 2 days","Heterosexual (straight)","About the right weight","4 to 6 times","2 times per day","1 time per day","Did not drink soda or pop","1 glass per day","1 day","7 days","No TV on average school day","3 hours per day","1 team","No","7 hours","Did not drink sports drink","4 or more times per day","1 times"
"15 years old","Male","10th grade","No","White",1.78,54.43,NA,NA,"I did not drive the past 30 days",NA,"No","No","No","0 days","0 days","Heterosexual (straight)","Slightly underweight","1 to 3 times","1 time per day","1 to 3 times","Did not drink soda or pop",NA,NA,"5 days","1 hour per day","5 or more hours per day",NA,"No","7 hours",NA,NA,NA
"16 years old","Female","10th grade","No","Black or African American",1.63,63.5,"Never wore a helmet","Most of the time","0 days","2 or 3 times","No","No","No",NA,"0 days","bisexual","Slightly overweight","4 or more times per day","4 or more times per day","4 to 6 times","4 or more times per day","3 glasses per day","0 days","3 days","5 or more hours per day","2 hours per day","1 team","Yes","5 hours","4 or more times per day","4 or more times per day","1 times"
"15 years old","Male","9th grade","No","White",1.63,50.8,"Most of the time wore a helmet","Always","0 days","0 times","Yes","No","Yes","0 days","0 days","Heterosexual (straight)","Slightly underweight","1 to 3 times","4 to 6 times","Did not eat green salad","4 to 6 times","Did not drink milk","7 days","4 days","3 hours per day","2 hours per day","1 team","Not sure","8 hours","1 to 3 times","4 to 6 times","0 times"
"16 years old","Male","9th grade","Yes","Multiple - Hispanic / Latino",1.7,58.97,"Never wore a helmet","Always","All 30 days",NA,"Yes","No","No",NA,"0 days","Heterosexual (straight)","About the right weight","2 times per day","3 times per day","3 times per day","4 to 6 times","Did not drink milk","1 day","7 days","2 hours per day","No playing video/computer game","0 teams","Not sure","4 or less hours",NA,NA,NA
"18 years old or older","Male","12th grade","No","Multiple - Non-Hispanic",1.8,91.63,"Never wore a helmet","Always","6 to 9 days","0 times","No","No","Yes","0 days","0 days","Heterosexual (straight)","Slightly overweight","1 to 3 times","Did not eat fruit","1 to 3 times","1 to 3 times","1 to 3 glasses","1 day","1 day","2 hours per day","5 or more hours per day","0 teams",NA,"4 or less hours",NA,NA,NA
"15 years old","Male","10th grade","Yes","Hispanic/Latino",NA,NA,NA,"Always","I did not drive the past 30 days","0 times","No","No","No","0 days","1 or 2 days","Heterosexual (straight)","About the right weight","4 to 6 times","4 to 6 times","Did not eat green salad","Did not drink soda or pop","4 or more glasses per day","7 days","6 days","1 hour per day","2 hours per day","1 team","No","7 hours","Did not drink sports drink","4 or more times per day","0 times"
"16 years old","Female","11th grade","No","Multiple - Non-Hispanic",1.7,136.08,"Did not ride a bicycle","Always","0 days",NA,"No","No","No","0 days","0 days","Heterosexual (straight)","About the right weight","Did not drink fruit juice","4 to 6 times","Did not eat green salad","Did not drink soda or pop","4 to 6 glasses","2 days","0 days","3 hours per day","2 hours per day","0 teams","No","6 hours",NA,NA,NA
"17 years old","Female","11th grade","Yes","Hispanic/Latino",1.6,71.67,"Never wore a helmet","Always","0 days","0 times","No","No","No","0 days","0 days","Heterosexual (straight)","Slightly overweight","1 to 3 times","1 to 3 times","1 to 3 times","3 times per day","1 to 3 glasses","7 days","5 days","Less than 1 hour per day","Less than 1 hour per day","2 teams","No","7 hours","4 to 6 times","1 to 3 times","0 times"
"18 years old or older","Female","12th grade","No","White",1.6,49.9,"Sometimes wore a helmet","Always","10 to 19 days","1 time","No","No","No","0 days","0 days","Heterosexual (straight)","Slightly underweight","2 times per day","4 to 6 times","1 to 3 times","4 to 6 times","Did not drink milk","0 days","3 days","2 hours per day","3 hours per day","1 team","No","7 hours","1 to 3 times","4 to 6 times","2 times"
"17 years old","Female","12th grade","No","White",1.57,54.43,NA,NA,"6 to 9 days",NA,"Yes","No","Yes","0 days","0 days","Heterosexual (straight)","Slightly underweight","1 to 3 times","1 to 3 times","Did not eat green salad","4 to 6 times",NA,NA,"7 days","2 hours per day","2 hours per day",NA,"No","5 hours",NA,NA,NA
"16 years old","Female","10th grade","Yes","Hispanic/Latino",1.63,48.08,"Did not ride a bicycle","Always","I did not drive the past 30 days","0 times","No","No","No","0 days","0 days","Heterosexual (straight)","About the right weight","4 to 6 times","1 to 3 times","Did not eat green salad","Did not drink soda or pop","3 glasses per day","7 days","0 days","No TV on average school day","5 or more hours per day","0 teams","No","6 hours","1 to 3 times","1 time per day","1 times"
"14 years old","Male","9th grade","No","White",1.8,52.16,"Did not ride a bicycle","Always","I did not drive the past 30 days","0 times","No","No","No","0 days","0 days","Heterosexual (straight)","About the right weight","1 to 3 times","2 times per day","Did not eat green salad","Did not drink soda or pop","1 glass per day","7 days","5 days","No TV on average school day","Less than 1 hour per day","2 teams","No","8 hours","Did not drink sports drink","4 or more times per day","2 times"
"17 years old","Female","12th grade","No","White",1.65,80.74,"Never wore a helmet","Always","1 or 2 days","0 times","No","No","No","0 days","0 days","bisexual","Slightly overweight","1 to 3 times","4 to 6 times","Did not eat green salad","4 to 6 times","1 to 3 glasses","5 days","5 days","3 hours per day","5 or more hours per day","0 teams","Yes","7 hours","Did not drink sports drink","1 to 3 times","0 times"
"17 years old","Female","11th grade","Yes","Multiple - Hispanic / Latino",1.6,113.4,"Never wore a helmet","Always","0 days","0 times","No","No","No","0 days","0 days","Gay or lesbian","Slightly overweight","4 to 6 times","1 to 3 times","Did not eat green salad","Did not drink soda or pop","Did not drink milk","2 days","5 days","2 hours per day","5 or more hours per day","3 or more teams","No","7 hours","4 or more times per day","4 to 6 times","2 times"
"15 years old","Female","10th grade","No","White",1.68,83.46,NA,NA,"I did not drive the past 30 days",NA,"No","No","Yes","0 days","0 days","Heterosexual (straight)","Slightly overweight","2 times per day","4 or more times per day","1 to 3 times","1 to 3 times",NA,NA,"7 days","5 or more hours per day","5 or more hours per day",NA,"No","8 hours",NA,NA,NA
"14 years old","Female","9th grade","No","White",1.65,44.45,"Never wore a helmet","Always","I did not drive the past 30 days","0 times","No","No","No","0 days","0 days","Heterosexual (straight)","Slightly underweight","4 to 6 times","1 time per day","1 to 3 times","4 to 6 times","3 glasses per day","7 days","7 days","1 hour per day","1 hour per day","2 teams","No","8 hours","4 to 6 times","1 time per day","5 or more times"
"14 years old","Male","9th grade","No","White",1.78,47.63,NA,NA,"I did not drive the past 30 days",NA,"No","No","No","0 days","0 days","Heterosexual (straight)","Slightly underweight","4 to 6 times","3 times per day","Did not eat green salad","1 to 3 times",NA,NA,"2 days","2 hours per day","2 hours per day",NA,"No","7 hours",NA,NA,NA
"17 years old","Male","12th grade","No","Black or African American",1.83,69.4,"Never wore a helmet","Most of the time","20 to 29 days","1 time","No","No","No","0 days","0 days","Heterosexual (straight)","Slightly underweight","Did not drink fruit juice","4 to 6 times","1 to 3 times","Did not drink soda or pop","1 to 3 glasses","6 days","6 days","Less than 1 hour per day","Less than 1 hour per day","2 teams","Yes","6 hours","Did not drink sports drink","4 or more times per day","0 times"
"18 years old or older","Male","12th grade","No","Black or African American",NA,NA,"Did not ride a bicycle","Always","I did not drive the past 30 days","0 times","No",NA,"No","0 days","0 days","Heterosexual (straight)","Slightly overweight","4 to 6 times","1 to 3 times","4 to 6 times","4 to 6 times","4 to 6 glasses","0 days","0 days","5 or more hours per day","No playing video/computer game","0 teams","Yes","4 or less hours","4 to 6 times","4 to 6 times","0 times"
"15 years old","Male","9th grade","Yes","Multiple - Hispanic / Latino",1.68,58.97,"Did not ride a bicycle","Always","I did not drive the past 30 days","0 times","No","No","No","0 days","0 days","Heterosexual (straight)","About the right weight","2 times per day","4 to 6 times","1 time per day","Did not drink soda or pop","1 glass per day","7 days","7 days","3 hours per day","No playing video/computer game","3 or more teams","Yes","9 hours","1 to 3 times","4 or more times per day","3 times"
"16 years old","Male","10th grade","No","Native Hawaiian/other PI",1.8,113.4,"Did not ride a bicycle","Always","I did not drive the past 30 days","0 times","No","No","No","0 days","0 days","Heterosexual (straight)","Slightly overweight","1 to 3 times","4 to 6 times","1 to 3 times","4 to 6 times","1 to 3 glasses","1 day","5 days","2 hours per day","Less than 1 hour per day","1 team",NA,"7 hours",NA,NA,NA
"15 years old","Male","9th grade","No","White",1.78,72.58,"Never wore a helmet","Sometimes","I did not drive the past 30 days","0 times","No","No","No","1 or 2 days","0 days","Heterosexual (straight)","About the right weight","Did not drink fruit juice","4 to 6 times","Did not eat green salad","4 or more times per day","1 glass per day","7 days","7 days","5 or more hours per day","2 hours per day","3 or more teams","No","7 hours","4 to 6 times","4 to 6 times","3 times"
"16 years old","Female","9th grade","No","Multiple - Non-Hispanic",1.65,80.74,"Never wore a helmet","Sometimes","0 days","0 times","No","No","No",NA,NA,"Heterosexual (straight)","Slightly overweight","1 to 3 times","Did not eat fruit","Did not eat green salad","1 to 3 times","1 to 3 glasses","7 days","0 days","5 or more hours per day","5 or more hours per day","1 team","No","7 hours",NA,NA,NA
"15 years old","Male","9th grade","No","White",1.75,97.52,NA,"Most of the time","0 days",NA,"Yes","No","No","0 days","0 days",NA,"About the right weight","1 to 3 times","1 to 3 times","Did not eat green salad","2 times per day","3 glasses per day","7 days","7 days","3 hours per day","4 hours per day","1 team","No","9 hours",NA,NA,NA
"16 years old","Female","10th grade","No","White",1.65,69.85,"Never wore a helmet","Always","0 days","0 times","Yes","Yes","Yes","0 days","0 days","Heterosexual (straight)","Slightly overweight","4 to 6 times","2 times per day","Did not eat green salad","Did not drink soda or pop","4 to 6 glasses","7 days","5 days","4 hours per day","5 or more hours per day","0 teams","No","6 hours","Did not drink sports drink","4 or more times per day","0 times"
"16 years old","Female","11th grade","No","White",1.63,56.7,"Never wore a helmet","Most of the time","0 days","0 times","No","Yes","No","1 or 2 days","1 or 2 days","Heterosexual (straight)","About the right weight","1 to 3 times","4 to 6 times","4 to 6 times","4 to 6 times","1 glass per day","0 days","0 days","2 hours per day","2 hours per day","2 teams","Yes","6 hours","4 to 6 times","3 times per day","5 or more times"
"16 years old","Female","10th grade","No","Black or African American",1.78,58.97,"Did not ride a bicycle","Always","I did not drive the past 30 days","0 times","No","No","No","0 days","0 days","Heterosexual (straight)","About the right weight","Did not drink fruit juice","1 to 3 times","4 to 6 times","Did not drink soda or pop","1 to 3 glasses","5 days","5 days","2 hours per day","2 hours per day","1 team","No","5 hours",NA,NA,NA
"18 years old or older","Female","12th grade","Yes","Multiple - Hispanic / Latino",1.63,55.79,"Never wore a helmet","Always","I did not drive the past 30 days","0 times","No","No","No","0 days","3 to 5 days","Heterosexual (straight)","Slightly overweight","2 times per day","2 times per day","Did not eat green salad","Did not drink soda or pop","1 glass per day","6 days","3 days","No TV on average school day","5 or more hours per day","1 team","No","9 hours","4 to 6 times","4 or more times per day","2 times"
"17 years old","Male","12th grade","No","Native Hawaiian/other PI",1.68,58.97,"Never wore a helmet","Always","0 days","2 or 3 times","Yes","Yes","Yes","0 days","0 days","Heterosexual (straight)","About the right weight","1 to 3 times","4 to 6 times","1 to 3 times","Did not drink soda or pop","4 to 6 glasses","2 days","5 days","Less than 1 hour per day","3 hours per day","0 teams","No","6 hours","1 to 3 times","2 times per day","0 times"
"15 years old","Male","10th grade","Yes","Multiple - Hispanic / Latino",1.73,117.94,"Never wore a helmet","Always","I did not drive the past 30 days","0 times","No","No","No","0 days","0 days","Heterosexual (straight)","Very overweight","1 to 3 times","4 to 6 times","1 to 3 times","4 to 6 times","1 glass per day","3 days","4 days","2 hours per day","2 hours per day","3 or more teams","Yes","8 hours","1 to 3 times","4 or more times per day","1 times"
"17 years old","Female","11th grade","Yes","Multiple - Hispanic / Latino",1.7,61.69,"Did not ride a bicycle","Sometimes","I did not drive the past 30 days","0 times","No","No","Yes","0 days","0 days","Heterosexual (straight)","Slightly overweight","1 to 3 times","1 to 3 times","Did not eat green salad","1 to 3 times","Did not drink milk","1 day","0 days","1 hour per day","5 or more hours per day","0 teams","Yes","6 hours","1 to 3 times","1 to 3 times","1 times"
"17 years old","Female","11th grade","Yes","Hispanic/Latino",1.73,58.51,"Did not ride a bicycle","Sometimes","20 to 29 days","0 times","No","No","Yes","0 days","0 days","Heterosexual (straight)","About the right weight","1 time per day","3 times per day","1 to 3 times","Did not drink soda or pop","1 to 3 glasses","4 days","2 days","Less than 1 hour per day","3 hours per day","0 teams",NA,"6 hours",NA,NA,NA
"17 years old","Male","11th grade","Yes","Hispanic/Latino",1.63,61.24,"Never wore a helmet","Always","0 days","0 times","Yes","Yes","No","0 days","0 days",NA,"About the right weight","1 to 3 times","4 or more times per day","1 to 3 times","2 times per day","4 to 6 glasses","7 days","1 day","5 or more hours per day",NA,"2 teams","No","7 hours","4 to 6 times","1 to 3 times","4 times"
"15 years old","Female","9th grade","No","White",1.6,81.65,"Sometimes wore a helmet","Always","I did not drive the past 30 days","1 time","Yes","Yes","Yes","3 to 5 days","1 or 2 days","bisexual","Slightly overweight","Did not drink fruit juice","4 to 6 times","1 to 3 times","1 to 3 times","1 to 3 glasses","1 day","0 days","No TV on average school day","4 hours per day","1 team","Yes","4 or less hours","Did not drink sports drink","3 times per day","4 times"
"16 years old","Male","10th grade","No","White",1.73,54.43,NA,"Always","I did not drive the past 30 days",NA,"Yes","No","Yes","0 days","0 days","Heterosexual (straight)","Slightly underweight","Did not drink fruit juice","Did not eat fruit","Did not eat green salad","1 to 3 times",NA,"7 days","3 days","No TV on average school day","Less than 1 hour per day",NA,NA,NA,NA,NA,NA
"16 years old","Male","12th grade","No","Multiple - Non-Hispanic",1.78,63.05,"Never wore a helmet","Sometimes","1 or 2 days","6 or 7 times","No","No","Yes","6 to 9 days","10 to 19 days","Heterosexual (straight)","About the right weight","1 to 3 times","4 to 6 times","1 to 3 times","2 times per day","4 to 6 glasses","1 day","7 days","Less than 1 hour per day","2 hours per day","1 team","No","4 or less hours","4 to 6 times","4 to 6 times","5 or more times"
"14 years old","Male","9th grade","No","White",1.78,95.26,"Always wore a helmet","Always","I did not drive the past 30 days","0 times","No","No","Yes","0 days","0 days","Heterosexual (straight)","Slightly overweight","1 to 3 times","4 to 6 times","1 to 3 times","1 to 3 times","4 to 6 glasses","7 days","5 days","1 hour per day","2 hours per day","0 teams","No","7 hours",NA,NA,NA
"18 years old or older","Male","12th grade","No","White",1.88,75.75,"Did not ride a bicycle","Rarely","10 to 19 days","2 or 3 times","Yes","Yes","No","1 or 2 days","0 days","Heterosexual (straight)","Slightly underweight","3 times per day","3 times per day","1 to 3 times","4 to 6 times","4 to 6 glasses","1 day","7 days","2 hours per day","5 or more hours per day","3 or more teams","No","7 hours","4 to 6 times","4 to 6 times","2 times"
"17 years old","Male","12th grade","No","White",1.8,68.04,NA,NA,"0 days",NA,"No","No","No","0 days","0 days","Heterosexual (straight)","About the right weight","1 to 3 times","4 to 6 times","1 to 3 times","Did not drink soda or pop",NA,NA,"0 days","No TV on average school day","4 hours per day",NA,"No","8 hours",NA,NA,NA
"18 years old or older","Male","12th grade","No","White",1.7,56.7,"Never wore a helmet","Always","All 30 days","0 times","No","No","No","0 days","20 to 29 days","Heterosexual (straight)","Slightly underweight","1 to 3 times","Did not eat fruit","Did not eat green salad","2 times per day","3 glasses per day","7 days","7 days","No TV on average school day","2 hours per day","1 team","No","7 hours","1 to 3 times","3 times per day","2 times"
"17 years old","Male","11th grade","No","Black or African American",1.73,94.8,"Never wore a helmet","Always","6 to 9 days","0 times","No","No","Yes","0 days","0 days","Gay or lesbian","Very overweight","Did not drink fruit juice","1 to 3 times","1 to 3 times","Did not drink soda or pop","2 glasses per day","4 days","4 days","Less than 1 hour per day","No playing video/computer game","0 teams","No","6 hours","Did not drink sports drink","4 or more times per day","1 times"
"14 years old","Male","9th grade","No","White",NA,NA,NA,NA,"I did not drive the past 30 days",NA,"No","No","No","0 days","0 days","Heterosexual (straight)","Very underweight","Did not drink fruit juice","Did not eat fruit","Did not eat green salad","1 to 3 times",NA,NA,"0 days","No TV on average school day","No playing video/computer game",NA,"Yes","4 or less hours",NA,NA,NA
"16 years old","Female","10th grade","No","White",1.6,70.31,"Never wore a helmet","Always","All 30 days","0 times","No","Yes","Yes","0 days","0 days","Not sure","Slightly overweight","1 to 3 times","4 to 6 times","1 to 3 times","4 to 6 times","Did not drink milk","2 days","7 days","Less than 1 hour per day","4 hours per day","1 team","No","7 hours","1 to 3 times","3 times per day","5 or more times"
"17 years old","Male","11th grade","Yes","Hispanic/Latino",1.68,69.4,"Did not ride a bicycle","Rarely","1 or 2 days","0 times","No","No","Yes","0 days","0 days","Heterosexual (straight)","Slightly overweight","1 to 3 times","1 to 3 times","1 to 3 times","1 to 3 times","1 glass per day","6 days","0 days","No TV on average school day","5 or more hours per day","2 teams","No","5 hours","4 to 6 times","1 time per day","0 times"
"18 years old or older","Male","12th grade","No","White",1.78,47.63,"Sometimes wore a helmet","Always","0 days","0 times","No","No","Yes","0 days","1 or 2 days","bisexual","Slightly underweight","4 to 6 times","1 time per day","Did not eat green salad","4 to 6 times","Did not drink milk","7 days","7 days","1 hour per day","3 hours per day","0 teams","No","4 or less hours","Did not drink sports drink","1 time per day","5 or more times"
"18 years old or older","Female","12th grade","No","White",1.6,70.31,"Never wore a helmet","Always","0 days","4 or 5 times","Yes","Yes","Yes","All 30 days","3 to 5 days","Heterosexual (straight)","About the right weight","1 time per day","2 times per day","4 to 6 times","4 to 6 times","4 to 6 glasses","6 days","4 days","1 hour per day","Less than 1 hour per day","0 teams","No","6 hours","Did not drink sports drink","4 or more times per day","2 times"
"17 years old","Male","11th grade","No","White",1.93,72.58,"Always wore a helmet","Always","0 days","0 times","No","No","Yes","0 days","0 days","Heterosexual (straight)","About the right weight","1 to 3 times","4 to 6 times","1 to 3 times","4 to 6 times","1 to 3 glasses","2 days","0 days","2 hours per day","5 or more hours per day","0 teams","No","7 hours","Did not drink sports drink","1 time per day","0 times"
"16 years old","Female","10th grade","Yes","Multiple - Hispanic / Latino",1.6,63.5,"Rarely wore a helmet","Always","I did not drive the past 30 days","0 times","No","Yes","No","0 days","0 days","Heterosexual (straight)","About the right weight","4 to 6 times","4 to 6 times","1 to 3 times","1 time per day","2 glasses per day","4 days","4 days","No TV on average school day","1 hour per day","1 team","No","6 hours",NA,NA,NA
"15 years old","Male","9th grade","No","White",1.9,86.18,NA,NA,"All 30 days",NA,"No","No","No","3 to 5 days","All 30 days","Heterosexual (straight)","About the right weight","Did not drink fruit juice","1 to 3 times","1 to 3 times","1 to 3 times",NA,NA,"5 days","Less than 1 hour per day","5 or more hours per day",NA,"No","5 hours",NA,NA,NA
"15 years old","Male","10th grade","Yes","Hispanic/Latino",1.78,99.79,"Never wore a helmet","Most of the time","I did not drive the past 30 days","0 times","No","Yes","Yes","0 days","0 days","Heterosexual (straight)","Slightly overweight","1 to 3 times","4 to 6 times","1 to 3 times","1 to 3 times","1 to 3 glasses","7 days","7 days","3 hours per day","3 hours per day","2 teams","Yes","7 hours","4 to 6 times","3 times per day","0 times"
"14 years old","Female","9th grade","No","White",1.6,54.43,"Never wore a helmet","Always","I did not drive the past 30 days","0 times","Yes","No","No","1 or 2 days","3 to 5 days","bisexual","About the right weight","Did not drink fruit juice","1 time per day","1 to 3 times","4 to 6 times","Did not drink milk","3 days","3 days","2 hours per day","4 hours per day","0 teams","No","8 hours","Did not drink sports drink","3 times per day","5 or more times"
"17 years old","Male","11th grade","No","Black or African American",NA,NA,NA,"Most of the time","I did not drive the past 30 days",NA,"No","No","No","0 days","3 to 5 days",NA,"Very underweight","Did not drink fruit juice","Did not eat fruit","Did not eat green salad","Did not drink soda or pop","4 or more glasses per day","4 days","4 days","Less than 1 hour per day","No playing video/computer game","0 teams","No","7 hours","Did not drink sports drink","4 or more times per day","0 times"
"16 years old","Male","11th grade","No","Native Hawaiian/other PI",1.68,77.11,"Did not ride a bicycle","Always","I did not drive the past 30 days","0 times","No","No","No","0 days","0 days","Heterosexual (straight)","Slightly overweight","Did not drink fruit juice","4 to 6 times","Did not eat green salad","2 times per day","2 glasses per day","3 days","0 days","Less than 1 hour per day","4 hours per day","0 teams","No","8 hours","1 to 3 times","1 time per day","0 times"
"16 years old","Female","11th grade","No","Multiple - Non-Hispanic",1.88,79.38,NA,NA,"0 days",NA,"No","No","No","0 days","1 or 2 days","Heterosexual (straight)","Slightly overweight","4 to 6 times","4 to 6 times","4 to 6 times","1 to 3 times",NA,NA,"6 days","Less than 1 hour per day","3 hours per day",NA,"No","6 hours",NA,NA,NA
"16 years old","Male","10th grade","No","White",1.73,61.24,"Never wore a helmet","Always","0 days","0 times","No","No","No","0 days","0 days","Heterosexual (straight)","Slightly underweight","1 time per day","2 times per day","Did not eat green salad","1 time per day","1 glass per day","6 days","7 days","1 hour per day","1 hour per day","3 or more teams","No","7 hours","1 to 3 times","3 times per day","2 times"
"17 years old","Male","12th grade","No","White",1.78,65.77,NA,NA,NA,NA,"No","No","No","All 30 days","All 30 days","Heterosexual (straight)","About the right weight","Did not drink fruit juice","3 times per day","1 to 3 times","1 to 3 times",NA,NA,"5 days","No TV on average school day","5 or more hours per day",NA,"No","7 hours",NA,NA,NA
"16 years old","Male","11th grade","Yes","Hispanic/Latino",1.63,56.7,"Did not ride a bicycle","Always","0 days","0 times","No","No","No","0 days","1 or 2 days","Heterosexual (straight)","About the right weight","3 times per day","1 to 3 times","1 to 3 times","4 to 6 times","1 glass per day","0 days","0 days","Less than 1 hour per day","2 hours per day","2 teams","No","5 hours","4 or more times per day","4 or more times per day","1 times"
"15 years old","Female","10th grade","No","White",1.63,52.16,"Never wore a helmet","Most of the time","1 or 2 days","2 or 3 times","Yes","Yes","Yes","0 days","0 days","Heterosexual (straight)","About the right weight","4 to 6 times","4 to 6 times","1 to 3 times","4 to 6 times","4 to 6 glasses","7 days","4 days","Less than 1 hour per day","Less than 1 hour per day","1 team","No","7 hours","1 to 3 times","1 time per day","1 times"
"15 years old","Male","9th grade","No","White",1.65,56.7,"Did not ride a bicycle","Always","3 to 5 days","0 times","No","No","Yes","10 to 19 days","1 or 2 days","Heterosexual (straight)","About the right weight","1 to 3 times","1 to 3 times","Did not eat green salad","2 times per day","4 to 6 glasses","3 days","7 days","3 hours per day","Less than 1 hour per day","1 team","No","8 hours","1 to 3 times","1 to 3 times","0 times"
"16 years old","Female","11th grade","Yes","Hispanic/Latino",1.5,47.17,"Never wore a helmet","Always","I did not drive the past 30 days","12 or more times","Yes","No","Yes","0 days","0 days","Heterosexual (straight)","About the right weight","Did not drink fruit juice","3 times per day","4 or more times per day","2 times per day","Did not drink milk","0 days","5 days","5 or more hours per day","5 or more hours per day","0 teams","No","4 or less hours","2 times per day","Did not drink water","0 times"
"18 years old or older","Female","12th grade","Yes","Multiple - Hispanic / Latino",1.6,62.6,"Never wore a helmet","Sometimes","1 or 2 days","0 times","No","No","No","0 days","0 days","Heterosexual (straight)","About the right weight","2 times per day","4 to 6 times","Did not eat green salad","1 time per day","1 to 3 glasses","4 days","5 days","4 hours per day","5 or more hours per day","1 team","No","4 or less hours","4 to 6 times","2 times per day","0 times"
"17 years old","Female","11th grade","No","White",1.7,61.69,"Never wore a helmet","Always","All 30 days","2 or 3 times","Yes","Yes","Yes","0 days","1 or 2 days","Heterosexual (straight)","Slightly overweight","1 to 3 times","1 to 3 times","1 to 3 times","2 times per day","1 to 3 glasses","0 days","4 days","No TV on average school day","2 hours per day","0 teams","No","6 hours","1 to 3 times","4 to 6 times","1 times"
"15 years old","Female","10th grade","No","Multiple - Non-Hispanic",1.57,52.62,"Never wore a helmet","Sometimes","10 to 19 days","2 or 3 times","No","No","No","0 days","1 or 2 days","bisexual","Slightly underweight","2 times per day","1 to 3 times","1 to 3 times","3 times per day","4 to 6 glasses","0 days","7 days","Less than 1 hour per day","1 hour per day","0 teams","No","7 hours","2 times per day","2 times per day","2 times"
"18 years old or older","Male","12th grade","No","White",1.7,76.66,"Never wore a helmet","Always","6 to 9 days","1 time","No","No","No","0 days","3 to 5 days","Heterosexual (straight)","About the right weight","1 to 3 times","1 to 3 times","1 to 3 times","1 to 3 times","3 glasses per day","0 days","2 days","Less than 1 hour per day","Less than 1 hour per day","1 team","No","6 hours","1 to 3 times","1 to 3 times","1 times"
"17 years old","Male","12th grade","No","Black or African American",1.78,62.14,"Never wore a helmet","Sometimes","6 to 9 days","2 or 3 times","No","No","No","0 days","0 days","Heterosexual (straight)","Slightly underweight","Did not drink fruit juice","4 to 6 times","Did not eat green salad","1 to 3 times","Did not drink milk","2 days","5 days","Less than 1 hour per day","2 hours per day","0 teams","No","7 hours",NA,NA,NA
"15 years old","Female","9th grade","No","White",1.5,53.07,"Most of the time wore a helmet","Most of the time","I did not drive the past 30 days","0 times","No","No","No","0 days","0 days","Heterosexual (straight)","About the right weight","4 to 6 times","1 to 3 times","4 to 6 times","1 time per day","Did not drink milk","4 days","3 days","4 hours per day","Less than 1 hour per day","3 or more teams","No","8 hours","1 time per day","1 time per day","2 times"
