"Person","DataYear","Country","Region","Gender","Age_years","Handed","Height_cm","Footlength_cm","Armspan_cm","Languages_spoken","Travel_to_school","Travel_time_to_school","Reaction_time","Score_in_memory_game","Favourite_physical_activity","Importance_reducing_pollution","Importance_recycling_rubbish","Importance_conserving_water","Importance_saving_energy","Importance_owning_computer","Importance_internet_access","Left_Footlength_cm","Longer_foot","Index_fingerlength_mm","Ring_fingerlength_mm","Longer_finger_lefthand","Birth_month","Favorite_season","Allergies","Vegetarian","Favorite_food","Beverage","Favorite_school_subject","Sleep_hours_schoolnight","Sleep_hours_non_schoolnight","Home_occupants","Home_internet_access","Communication_with_friends","Text_messages_sent_yesterday","Text_messages_received_yesterday","Activities_hanging_out_with_friends_hours","Activities_talking_on_phone_hours","Activities_doing_homework_hours","Activities_doing_things_with_family_hours","Activities_outdoor_activities_hours","Activities_video_games_hours","Activities_social_websites_hours","Activities_texting_messaging_hours","Activities_computer_use_hours","Activities_Watching_TV_Hours","Activities_paid_work_hours","Activities_work_at_home_hours","Schoolwork_pressure","Planned_education_level","Favorite_music","Superpower","Preferred_status","Role_model_type","Charity_donation"
1,2010,"USA","HI","Male",14,"Right-Handed",184,14,166,1,"Bus",45,0.32,87,"Basketball",900,900,1000,NA,1000,1000,14,"Same length",63,65,"Ring finger","October","Summer","No","No","Pizza/Pasta","Milk","Music",8,10,4,"Yes - broadband connection","Myspace, Facebook, other social networking sites, or blog",0,0,5,3,6,8,19,3,7,6,2,5,4,3,"Very little","Graduate degree","Rock and roll","Invisibility","Happy","Actor","Education/Youth development"
2,2013,"USA","SC","Female",16,"Left-Handed",165,22,165,1,"Car",10,0.82,30,"Other",600,600,600,600,500,550,22,"Same length",80,80,"Same length","February","Fall","No","No","No favorite","Water","English",7,9,4,"Yes - broadband connection","Text messaging",100,110,50,1,4,3,6,1,10,12,10,4,0,1,"Some","Graduate degree","Other","Invisibility","Happy","Community leader or elder","International aid"
3,2015,"USA","MI","Male",16,"Right-Handed",177,27,183,1,"Car",4,0.63,79,"Football (American)",0,0,0,0,0,1000,27,"Same length",NA,NA,NA,"March","Fall","Yes","No","Meat","Water","Physical education",8,10,5,"Yes - broadband connection","In person",250,275,35,0,0,2,20,0,4,3,5,2,0,0,"Some","Graduate degree","Rap/Hip hop","Invisibility","Rich","Sports person","Arts, culture, sports"
4,2015,"USA","CA","Male",17,"Right-Handed",172,24,150,2,"Skateboard/Scooter/Rollerblade",35,0.44,58,"Table Tennis",770,824,904,508,807,1000,25,"Left foot",110,110,"Same length","May","Spring","No","No","Pizza/Pasta","Water","Physical education",8,NA,2,"Yes - broadband connection","In person",30,30,7,1,2,13,19,7,2,1,75,0,0,30,"A lot","Graduate degree","Rap/Hip hop","Fly","Healthy","Relative","Environment"
5,2010,"USA","IN","Male",17,"Right-Handed",179,27,174,1,"Car",10,0.21,38,"Soccer",650,700,300,NA,500,500,27,"Same length",76,78,"Ring finger","July","Summer","No",NA,"Pizza/Pasta","Soft drink (caffeinated)","Social studies",7,10,4,"Yes - broadband connection","Text messaging",100,100,10,2,2,0,6,0,4,8,3,1,15,2,NA,"Graduate degree","Rap/Hip hop","Invisibility","Happy","Relative","Health"
6,2010,"USA","SC","Female",17,"Right-Handed",152,24.4,195,2,"Car",8,0.44,61,"Baseball/Softball",25,750,750,NA,1000,1000,24,"Same length",NA,NA,NA,"December","Fall","No","No","Pizza/Pasta","Juice","History",7,10,4,"Yes - broadband connection","Text messaging",6,14,12,3,6,3,5,0,5,5,12,6,0,6,"Some","Graduate degree","Punk rock","Fly","Healthy","Other","Health"
7,2012,"USA","PA","Female",17,"Right-Handed",157,19,153,1,"Car",7,0.38,67,"Gymnastics",1000,1000,1000,1000,500,500,19,"Same length",70,75,"Ring finger","March","Summer","No","Yes","Salads","Water","English",6,12,4,"Yes - other","In person",20,25,5,5,10,10,5,0,10,5,7,3,5,2,"Some","Graduate degree","Other","Telepathy","Happy","Coach or club leader","Arts, culture, sports"
8,2014,"USA","MD","Female",13,"Right-Handed",164,22,119,1,"Bus",15,0.41,10,"Swimming",1000,1000,1000,1000,0,0,19,"Right foot",75,65,"Index finger","February","Summer","No","No","Seafood","Soft drink (caffeinated)","Art",8,11,4,"Yes - other","Text messaging",13,15,8,2,1,6,2,4,0,5,0,5,0,1,"A lot","Some college","Country","Freeze time","Happy","Relative","Environment"
9,2015,"USA","VA","Female",17,"Right-Handed",168,25,168,1,"Car",15,0.42,29,"None",615,824,535,647,444,1000,10,"Right foot",90,93,"Ring finger","August","Fall","No","Yes","Pizza/Pasta","Juice","Art",10,12,3,"Yes - broadband connection","Myspace, Facebook, other social networking sites, or blog",0,0,45,0,1,2,0,0,25,25,25,0,8,1,"Some","Graduate degree","Punk rock","Fly","Rich","Musician or singer","Wildlife, animals"
10,2014,"USA","NC","Female",17,"Right-Handed",169,26,168,1,"Car",15,0.42,35,"Soccer",802,813,829,850,893,1000,26,"Same length",100,93,"Index finger","May","Fall","Yes","No","Pizza/Pasta","Water","Science",8,9,4,"Yes - broadband connection","Text messaging",70,80,40,3,2,15,1,0,14,70,10,20,0,0,"A lot","Graduate degree","Pop","Freeze time","Famous","Relative","Education/Youth development"
11,2011,"USA","ID","Male",17,"Right-Handed",184,28,188,1,"Car",15,0.25,43,"Other",460,513,668,NA,914,882,28,"Same length",90,105,"Ring finger","February","Summer","No","No","Meat","Sports drink","Physical education",7,8,5,"Yes - broadband connection","Text messaging",5,5,24,5,1,5,10,2,1,4,2,5,30,5,"Some","Graduate degree","Country","Fly","Rich","Sports person","Environment"
12,2013,"USA","WI","Male",12,"Left-Handed",156,23,149,1,"Bus",25,0.44,62,"Baseball/Softball",970,900,1000,700,750,600,23,"Same length",70,60,"Index finger","April","Summer","No","No","Fruit","Water","Mathematics and statistics",9,8,5,"Yes - broadband connection","In person",3,0,1,1,6,1,14,4,5,1,1,8,0,5,"A lot","Graduate degree","Pop","Invisibility","Healthy","Relative","Arts, culture, sports"
13,2015,"USA","TX","Male",17,"Right-Handed",175,26,198,2,"Car",5,0.38,34,"Other",900,900,1000,1000,0,0,26,"Same length",76,80,"Ring finger","September","Summer","No","No","Seafood","Water","Physical education",6,NA,6,"Yes - broadband connection","Internet chat or instant messaging",0,0,16,0,5,0,30,5,5,9,13,0,0,100,"A lot","Some college","Country","Freeze time","Rich","Teacher","Arts, culture, sports"
14,2014,"USA","SC","Male",15,"Right-Handed",185,28,178,1,"Car",15,0.39,57,"Other",874,921,867,939,950,961,28,"Same length",81,85,"Ring finger","May","Fall","Yes","No","Meat","Water","Mathematics and statistics",8,6,4,"Yes - broadband connection","Text messaging",100,100,10,2,5,8,10,1,2,2,2,10,0,2,"Some","Graduate degree","Country","Super strength","Rich","Relative","Religious"
15,2014,"USA","IN","Male",16,"Right-Handed",189,28,197,1,"Car",30,0.37,54,"Swimming",600,500,500,800,600,200,28,"Same length",87,87,"Same length","December","Winter","No","No","No favorite","Milk","Other",8,8,3,"Yes - broadband connection","Myspace, Facebook, other social networking sites, or blog",0,0,0,0,14,0,0,7,7,0,7,14,0,35,"A lot","Some college","Other","Telepathy","Happy","Other","Environment"
16,2013,"USA","FL","Female",17,"Right-Handed",183,21.5,159,1,"Car",45,0.43,5,"Lacrosse",700,750,999,999,500,600,22,"Left foot",79,80,"Ring finger","January","Summer","No","No","Meat","Water","Mathematics and statistics",6,9,2,"Yes - broadband connection","Cell phone",10,5,56,10,14,16,15,0,14,14,14,13,0,10,"A lot","Graduate degree","Country","Invisibility","Happy","Relative","Religious"
17,2010,"USA","PA","Female",17,"Right-Handed",162,23,151,2,"Car",60,0.36,31,"Other",845,925,647,NA,551,460,23,"Same length",85,84,"Index finger","November","Fall","Yes","Yes","Vegetables","Tea","Art",4,11,3,"Yes - broadband connection","In person",0,2,1,1,9,0,0,2,1,1,5,1,8,3,"A lot","Graduate degree","Other","Freeze time","Happy","Other","International aid"
18,2013,"USA","GA","Female",12,"Right-Handed",153,25,158,1,"Bus",15,0.5,12,"Other",1000,1000,1000,1000,100,100,25,"Same length",101,105,"Ring finger","May","Winter","Yes","Yes","Seafood","Water","Science",11,11,7,"Yes - other","Cell phone",0,0,2,2,5,60,1,2,1,1,1,4,0,12,NA,"Graduate degree","Country","Fly","Healthy","Relative","Wildlife, animals"
19,2013,"USA","GA","Female",17,"Right-Handed",163,23,165,1,"Car",20,0.42,55,"Walking/Hiking",820,850,680,720,860,980,24,"Left foot",91,92,"Ring finger","January","Fall","Yes","No","Fruit","Water","Science",8,10,4,"Yes - broadband connection","In person",8,5,3,2,30,15,0,12,0,5,5,10,0,6,"A lot","Graduate degree","Heavy metal","Telepathy","Happy","Doctor or nurse","Health"
20,2015,"USA","WI","Male",14,"Right-Handed",167,26,168,1,"Bus",15,0.39,48,"Basketball",500,750,800,800,200,900,26,"Same length",105,107.5,"Ring finger","February","Summer","Yes","No","Fruit","Powdered drink","Physical education",10,11,4,"Yes - other","Cell phone",2,1,5,1,0,2,10,0,1,1,0,20,2,1,"Some","Graduate degree","Rap/Hip hop","Fly","Healthy","Sports person","Environment"
21,2014,"USA","IN","Male",17,"Right-Handed",180,27,176,1,"Car",6,0.7,59,"Basketball",236,300,342,615,0,793,28,"Left foot",78,77,"Index finger","June","Summer","Yes","No","Meat","Soft drink (caffeinated)","Physical education",8,10,5,"Yes - broadband connection","Text messaging",117,127,17,2,1,15,10,4,0,48,3,7,0,3,"Very little","Graduate degree","Country","Super strength","Happy","Actor","Education/Youth development"
22,2015,"USA","CA","Female",10,"Right-Handed",155,23,157,2,"Car",15,0.31,34,"Swimming",631,674,684,497,0,143,23,"Same length",85,95,"Ring finger","April","Spring","No","No","No favorite","Water","Mathematics and statistics",8,10,4,"Yes - other","Text messaging",3,126,4,0,5,6,11,0,0,1,3,2,7,7,"Very little","Graduate degree","Pop","Freeze time","Happy","Business person","Health"
23,2013,"USA","FL","Male",15,"Right-Handed",162,25.4,175,1,"Car",21,0.5,55,"Athletics",1000,1000,1000,1000,1000,1000,16,"Right foot",87,88,"Ring finger","September","Summer","Yes","No","Soups","Water","Mathematics and statistics",5,7,4,"Yes - broadband connection","Text messaging",50,56,5,2,10,1,20,2,5,10,10,5,0,5,"None","Graduate degree","Pop","Fly","Happy","Sports person","Wildlife, animals"
24,2013,"USA","FL","Male",16,"Right-Handed",188,27,193,2,"Car",15,0.35,35,"Basketball",567,487,380,417,465,738,27,"Same length",80,85,"Ring finger","June","Fall","Yes","No","Breads/Sandwiches","Water","Science",7,9,4,"Yes - broadband connection","Text messaging",0,0,15,1,20,7,10,2,16,5,10,6,0,2,"A lot","Graduate degree","Rap/Hip hop","Fly","Happy","Relative","International aid"
25,2012,"USA","CA","Female",17,"Right-Handed",165,20.32,186,2,"Car",5,0.38,47,"Soccer",900,770,700,500,1000,900,19,"Right foot",70,70,"Same length","May","Fall","Yes","No","Seafood","Water","English",4,7,4,"Yes - broadband connection","Myspace, Facebook, other social networking sites, or blog",0,0,3,1,9,2,6,0,20,0,5,0,3,1,"A lot","Graduate degree","Other","Freeze time","Happy","Religious figure","International aid"
26,2011,"USA","DE","Male",16,"Right-Handed",180,28,179,1,"Car",7,0.3,45,"Lacrosse",250,600,1000,NA,500,700,28,"Same length",90,100,"Ring finger","March","Winter","Yes","No","Meat","Soft drink (non-caffeinated)","Science",8,10,3,"Yes - other","In person",15,16,10,0,5,10,10,1,1,1,1,10,0,1,"Very little","Graduate degree","Other","Invisibility","Happy","Relative","Education/Youth development"
27,2015,"USA","WY","Female",12,"Right-Handed",147,22,142,1,"Bus",10,0.46,33,"Swimming",1000,1000,1000,1000,500,1000,22,"Same length",70,60,"Index finger","August","Summer","No","No","Meat","Soft drink (caffeinated)","Art",10,10,4,"No internet connection","In person",0,0,49,3,5,16,8,2,0,0,1,6,5,5,"Very little","Graduate degree","Pop","Invisibility","Healthy","Relative","Environment"
28,2012,"USA","WA","Female",16,"Right-Handed",167,17.78,172,3,"Bus",25,0.32,50,"Walking/Hiking",1000,1000,1000,1000,1000,1000,18,"Same length",NA,NA,NA,"December","Summer","Yes","No","Pizza/Pasta","Milk","Mathematics and statistics",6,NA,2,"Yes - other","Text messaging",5,20,15,0,2,7,0,50,50,50,75,0,0,3,"A lot","Graduate degree","Gospel","Telepathy","Rich","Musician or singer","Education/Youth development"
29,2014,"USA","OH","Male",17,"Right-Handed",169,12.5,178,2,"Car",15,0.39,36,"Soccer",900,900,1000,1000,900,900,13,"Same length",80,90,"Ring finger","June","Fall","No","No","Poultry","Water","Science",7,9,6,"Yes - broadband connection","Text messaging",6,6,5,2,15,7,4,3,3,3,10,5,8,5,"A lot","Graduate degree","Rap/Hip hop","Telepathy","Happy","Relative","International aid"
30,2015,"USA","OH","Male",15,"Left-Handed",148,26,170,1,"Car",20,0.36,40,"Swimming",0,700,400,50,300,500,27,"Left foot",70,78,"Ring finger","April","Summer","No","No","Breads/Sandwiches","Tea",NA,9,9,4,"Yes - broadband connection","Text messaging",20,20,4,1,5,10,8,4,2,5,1,7,3,2,"A lot","Undergraduate degree","Other","Fly","Healthy","Coach or club leader","Environment"
31,2014,"USA","GU","Female",14,"Right-Handed",147,20,147,1,"Car",15,0.36,43,"Dancing",1000,508,487,786,898,898,21,"Left foot",80,83,"Ring finger","July","Spring","No","No","Desserts","Juice","Music",5,7,5,"Yes - broadband connection","Internet chat or instant messaging",16,33,25,2,3,13,23,16,14,30,60,5,0,14,"Very little","Graduate degree","Pop","Telepathy","Happy","Religious figure","Education/Youth development"
32,2012,"USA","TX","Male",17,"Right-Handed",200,30,200,2,"Walk",15,0.72,39,"Tennis",500,500,500,500,1000,1000,30,"Same length",NA,NA,NA,"February","Summer","No","No","Poultry","Water","Mathematics and statistics",8,8,6,"Yes - broadband connection","Text messaging",0,0,5,5,15,5,0,5,2,2,5,0,8,5,"Some","Other","Pop","Telepathy","Rich","Relative","Education/Youth development"
33,2013,"USA","OH","Female",10,"Right-Handed",137,20,127,1,"Bus",25,0.8,55,"Baseball/Softball",300,200,500,400,100,50,20,"Same length",80,80,"Same length","April","Summer","Yes","No","Meat","Soft drink (caffeinated)","Science",10,7,4,"Yes - broadband connection","In person",0,1,2,10,15,5,3,40,1,8,15,1,30,20,"Some","Some college","Pop","Fly","Happy","Musician or singer","International aid"
34,2013,"USA","SC","Female",15,"Right-Handed",150,22,153,1,"Car",15,0.82,44,"Rowing",950,900,800,900,950,1000,22,"Same length",70,70,"Same length","May","Fall","No","No","Pizza/Pasta","Soft drink (caffeinated)","English",5,10,6,"Yes - broadband connection","In person",100,100,10,1,10,28,3,0,30,40,30,3,0,4,"A lot","Graduate degree","Techno/Electronic","Fly","Happy","Religious figure","International aid"
35,2013,"USA","FL","Female",17,"Right-Handed",158,25,140,1,"Car",25,0.34,8,"Other",800,850,1000,950,695,750,25,"Same length",NA,NA,NA,"September","Summer","No","No","Poultry","Water","English",7,12,4,"Yes - broadband connection","Text messaging",85,85,25,1,5,15,6,2,10,30,6,5,0,5,"Some","Graduate degree","Rap/Hip hop","Invisibility","Happy","Relative","Health"
36,2013,"USA","WI","Female",11,"Right-Handed",143,22,146,1,"Bus",25,0.5,47,"Gymnastics",150,725,310,165,285,635,22,"Same length",60,70,"Ring finger","September","Spring","No","No","Vegetables","Juice","Mathematics and statistics",8,9,7,"Yes - broadband connection","Other",0,0,5,1,3,7,18,0,0,1,5,4,1,1,"Very little","Graduate degree","Pop","Invisibility","Healthy","Doctor or nurse","Health"
37,2014,"USA","IN","Female",17,"Left-Handed",183,23,185,1,"Car",6,0.86,42,"Athletics",600,969,900,700,900,900,26,"Left foot",90,80,"Index finger","July","Spring","Yes","No","Seafood","Water","Physical education",5,9,6,"Yes - broadband connection","Cell phone",80,200,13,4,12,5,14,1,28,20,3,10,20,10,"Some","Graduate degree","Pop","Super strength","Happy","Coach or club leader","Health"
38,2015,"USA","CA","Male",11,"Ambidextrous",150,15,130,2,"Car",15,0.5,58,"Swimming",500,250,1000,800,1000,1000,25,"Left foot",60,70,"Ring finger","July","Summer","Yes","No","Meat","Soft drink (non-caffeinated)","Science",8,6,5,"Yes - broadband connection","Internet chat or instant messaging",1,2,5,2,4,4,1,6,0,3,1,1,0,4,"Some","Graduate degree","Rap/Hip hop","Telepathy","Happy","Teacher","Environment"
39,2014,"USA","MI","Female",17,"Left-Handed",165,25,167,1,"Car",15,0.46,51,"Bowling",1000,1000,588,412,278,267,25,"Same length",NA,NA,NA,"September","Fall","No","No","Poultry","Water","Music",8,8,4,"Yes - broadband connection","Text messaging",70,80,4,0,28,3,7,0,7,9,6,0,0,1,"Some","Graduate degree","Heavy metal","Fly","Happy","Teacher","Education/Youth development"
40,2014,"USA","WY","Male",12,"Right-Handed",150,23,138,1,"Bus",14,0.38,37,"Hockey (Ice)",900,950,900,900,100,100,22,"Right foot",70,80,"Ring finger","May","Summer","No","No","Meat","Tea","Mathematics and statistics",9,10,4,"Yes - other","In person",10,20,8,2,5,10,10,2,1,3,8,5,0,2,"A lot","Graduate degree","Rock and roll","Telepathy","Famous","Sports person","Health"
41,2015,"USA","PA","Female",11,"Right-Handed",144,22,141,1,"Bus",20,0.44,51,"Dancing",1000,1000,1000,1000,0,0,22,"Same length",60,63,"Ring finger","August","Summer","Yes","No","Vegetables","Tea","English",8,10,4,"Yes - broadband connection","Text messaging",4,30,12,2,10,5,6,1,2,2,2,6,3,3,"Some","Graduate degree","Pop","Telepathy","Healthy","Musician or singer","Health"
42,2013,"USA","FL","Female",17,"Right-Handed",171,9.5,171,1,"Car",15,0.59,34,"Dancing",706,695,690,711,749,861,15,"Left foot",60,60,"Same length","September","Summer","No","No","Seafood","Juice","Mathematics and statistics",8,8,3,"Yes - broadband connection","Text messaging",5,10,2,20,4,2,2,0,10,24,2,10,10,2,"Very little","Graduate degree","Rap/Hip hop","Invisibility","Happy","Business person","Education/Youth development"
43,2013,"USA","TX","Female",11,"Right-Handed",147,23,148,2,"Car",10,0.44,47,"Other",1000,1000,1000,1000,1000,1000,23,"Same length",60,70,"Ring finger","October","Summer","No","No","No favorite","Other","Physical education",10,13,2,"Yes - other","Myspace, Facebook, other social networking sites, or blog",99,96,14,10,5,9,10,10,8,10,12,11,0,7,"Very little","Other","Other","Invisibility","Healthy","Musician or singer","Health"
44,2010,"USA","PA","Female",17,"Left-Handed",160,22,162,1,"Car",15,0.38,87,"Running/Jogging",957,957,957,NA,765,1000,22,"Same length",90,85,"Index finger","February","Fall","Yes","No","Pizza/Pasta","Water","History",7,10,6,"Yes - broadband connection","Text messaging",250,250,13,4,9,5,8,0,2,4,3,3,15,2,"A lot","Graduate degree","Rap/Hip hop","Telepathy","Happy","Relative","International aid"
45,2014,"USA","PA","Male",15,"Right-Handed",169,25.5,182,3,"Car",13,0.18,42,"Tennis",666,500,300,666,1000,1000,26,"Left foot",103,107,"Ring finger","August","Summer","No","No","Meat","Water","Mathematics and statistics",7,10,4,"Yes - broadband connection","Text messaging",10,24,2,0,12,2,6,6,2,1,30,5,5,2,"A lot","Graduate degree","Pop","Freeze time","Rich","Friend","Health"
46,2015,"USA","WI","Female",13,"Right-Handed",148,21,150,1,"Bus",20,0.44,47,"Other",1000,800,300,0,50,1000,21,"Same length",80,80,"Same length","December","Fall","Yes","No","Breads/Sandwiches","Soft drink (non-caffeinated)","English",7,5,6,"Yes - broadband connection","Text messaging",95,151,12,0,7,45,5,0,10,65,60,1,0,1,"Some","Undergraduate degree","Punk rock","Telepathy","Happy","Musician or singer","Other"
47,2012,"USA","NJ","Female",17,"Right-Handed",188,28.5,200,1,"Walk",2,0.35,31,"Basketball",551,620,444,1000,1000,1000,29,"Same length",84,89,"Ring finger","August","Summer","Yes","No","No favorite","Water","Science",8,8.5,8,"Yes - broadband connection","In person",1,1,35,1,35,3,11,5,8,4,35,3,0,3,"Some","Graduate degree","Rhythm and blues (R&B)","Freeze time","Happy","Relative","International aid"
48,2014,"USA","MN","Female",16,"Right-Handed",162,26,162,1,"Car",8,0.33,37,"Dancing",400,500,400,400,500,1000,26,"Same length",90,92,"Ring finger","November","Summer","Yes","No","Pizza/Pasta","Water","Mathematics and statistics",7,10,3,"Yes - broadband connection","Text messaging",70,100,15,1,2,15,12,0,4,4,0,10,4,2,"A lot","Graduate degree","Country","Fly","Happy","Friend","Health"
49,2013,"USA","FL","Female",17,"Right-Handed",155,23,99,1,"Car",15,0.65,54,"Swimming",500,500,100,100,1000,1000,23,"Same length",76,75,"Index finger","May","Winter","Yes","No","No favorite","Water","Mathematics and statistics",6,10,4,"Yes - broadband connection","Text messaging",200,200,0,5,10,0,0,0,15,15,15,0,0,0,"A lot","Graduate degree","Rap/Hip hop","Invisibility","Healthy","Other","Wildlife, animals"
50,2013,"USA","MI","Female",17,"Ambidextrous",154,23,152,2,"Bus",10,0.32,42,"Soccer",893,786,1000,439,241,347,23,"Same length",90,70,"Index finger","November","Fall","No","No","Seafood","Tea","Science",5,5,5,"Yes - broadband connection","Text messaging",24,50,30,12,5,80,20,8,80,50,70,8,0,15,"Some","Graduate degree","Pop","Fly","Happy","Sports person","Religious"
51,2014,"USA","GU","Male",14,"Right-Handed",157,25,150,1,"Car",30,1.17,39,"Gymnastics",305,48,0,0,299,100,25,"Same length",NA,NA,NA,"July","Summer","No","No","Pizza/Pasta","Tea","Physical education",6,8,6,"Yes - other","In person",0,0,40,1,2,25,16,0,9,0,9,25,0,2,"A lot",NA,NA,NA,NA,NA,NA
52,2012,"USA","DC","Male",12,"Right-Handed",141,22,137,3,"Car",20,0.42,51,"Soccer",1000,1000,1000,1000,500,500,22,"Same length",75,70,"Index finger","February","Summer","Yes","No","No favorite","Juice","Mathematics and statistics",9,7,6,"Yes - broadband connection","Text messaging",10,15,10,1,2,10,9,3,2,4,2,2,0,1,"Very little","Graduate degree","Pop","Invisibility","Healthy","Sports person","Wildlife, animals"
53,2011,"USA","FL","Male",17,"Right-Handed",178,24,182,3,"Car",15,0.3,42,"Rowing",850,700,1000,NA,900,900,24,"Same length",75,70,"Index finger","October","Summer","No","No","Seafood","Water","History",6,10,3,"Yes - other","Myspace, Facebook, other social networking sites, or blog",30,30,72,2,15,24,21,2,10,96,10,10,0,5,"A lot","Other","Other","Freeze time","Happy","Relative","Environment"
54,2014,"USA","MI","Female",17,"Right-Handed",165,23,164,1,"Car",8,0.34,34,"Hockey (Ice)",50,50,50,50,50,80,22,"Right foot",60,60,"Same length","January","Winter","No","No","Meat","Water","History",6,8,2,"Yes - broadband connection","Text messaging",100,100,2,1,8,7,13,0,2,10,7,8,0,1,"A lot","Graduate degree","Classical","Super strength","Happy","Relative","Education/Youth development"
55,2013,"USA","PA","Female",17,"Right-Handed",173,24,171,2,"Car",9,0.3,30,"Athletics",650,700,650,700,550,500,25,"Left foot",NA,NA,NA,"February","Spring","Yes","No","Fruit","Water","Science",9,9,5,"Yes - broadband connection","Myspace, Facebook, other social networking sites, or blog",15,20,5,1,16,2,0,0,5,2,5,0,0,2,"Some","Graduate degree","Pop","Telepathy","Happy","Teacher","Health"
56,2012,"USA","KY","Male",17,"Right-Handed",184,27,185,2,"Car",22,0.44,35,"Walking/Hiking",950,800,950,NA,500,900,28,"Left foot",80,85,"Ring finger","October","Fall","Yes","No","Pizza/Pasta","Soft drink (caffeinated)","Science",8,8.5,4,"Yes - broadband connection","Internet chat or instant messaging",1,2,2,0,12,10,4,7,1,0,3,10,0,4,"Some","Other","Other","Telepathy","Healthy","Religious figure","International aid"
57,2014,"USA","PA","Male",17,"Right-Handed",173,26,163,1,"Car",5,0.45,15,"Baseball/Softball",700,400,1000,800,100,850,25,"Right foot",80,90,"Ring finger","March","Summer","Yes","No","Meat","Juice","Science",8,10,7,"Yes - broadband connection","Text messaging",50,50,20,1,3,3,21,0,2,2,10,15,8,1,"Some","Graduate degree","Country","Freeze time","Healthy","Relative","Education/Youth development"
58,2013,"USA","CA","Male",17,"Right-Handed",173,28,173,1,"Car",5,0.33,30,"Other",850,800,700,800,500,800,28,"Same length",89,91,"Ring finger","March","Summer","No","No","Fruit","Water","Science",6,9,3,"Yes - broadband connection","Myspace, Facebook, other social networking sites, or blog",50,55,6,1,10,3,9,12,8,10,98,1,0,2,"Very little","Graduate degree","Rock and roll","Freeze time","Happy","Other","Health"
59,2015,"USA","VA","Male",17,"Ambidextrous",175,22,163,2,"Car",30,0.2,32,"Hockey (Ice)",1000,1000,1000,1000,1000,1000,22,"Same length",61,61,"Same length","September","Summer","No","No","Meat","Soft drink (non-caffeinated)","History",6,9,4,"Yes - broadband connection","In person",7,9,5,0,3,2,7,10,2,3,7,2,0,0,"Very little","Graduate degree","Other","Freeze time","Famous","Actor","Education/Youth development"
60,2012,"USA","OH","Female",9,"Right-Handed",138,17.78,97,2,"Car",50,0.86,62,"Soccer",700,800,450,300,850,700,18,"Same length",NA,NA,NA,"June","Fall","Yes","No","Meat","Milk","Mathematics and statistics",10,13,4,"Yes - other","E-mail",0,3,2,1,6,4,5,3,1,3,2,5,0,3,"Very little","Graduate degree","Country","Freeze time","Happy","Sports person","Wildlife, animals"
61,2013,"USA","OH","Male",16,"Right-Handed",163,25,161,1,"Car",7,0.28,35,"Hockey (Ice)",337,444,160,610,449,449,25,"Same length",72,80,"Ring finger","January","Winter","No","No","Pizza/Pasta","Water","Mathematics and statistics",6,9,4,"Yes - broadband connection","In person",100,100,20,1,20,15,25,0,0,3,10,10,0,2,"A lot","Graduate degree","Rock and roll","Fly","Happy","Other","Education/Youth development"
62,2011,"USA","NM","Female",17,"Right-Handed",164,23,162,2,"Car",15,0.28,43,"Baseball/Softball",1000,1000,1000,NA,5,10,23,"Same length",95,95,"Same length","August","Spring","No","No","Pizza/Pasta","Sports drink","English",7,9,3,"Yes - dial-up connection","Text messaging",200,250,10,15,8,70,70,0,4,50,10,10,0,8,"Some","Graduate degree","Rap/Hip hop","Fly","Healthy","Relative","Health"
63,2014,"USA","WI","Male",17,"Right-Handed",186,29,186,1,"Car",9,0.34,49,"Golf",400,500,500,500,600,300,29,"Same length",92,97,"Ring finger","March","Spring","No","No","Meat","Water","Mathematics and statistics",8,6,2,"Yes - dial-up connection","Text messaging",30,50,12,1,8,5,3,0,1,2,2,10,10,1,"A lot","Undergraduate degree","Rap/Hip hop","Invisibility","Happy","Business person","Health"
64,2015,"USA","CA","Male",17,"Right-Handed",187,29,226,2,"Car",60,0.39,45,"Other",85,86,90,90,49,50,28,"Right foot",87,89,"Ring finger","February","Winter","Yes","No","No favorite","Water","History",5,9,3,"Yes - broadband connection","Text messaging",35,30,4,3,20,8,9,3,2,6,5,7,0,3,"Some","Graduate degree","Rap/Hip hop","Freeze time",NA,"Other","Environment"
65,2013,"USA","OK","Male",16,"Right-Handed",172,27,172,1,"Car",15,0.32,45,"Other",750,500,500,500,1000,1000,27,"Same length",70,80,"Ring finger","April","Summer","Yes","No","Pizza/Pasta","Soft drink (caffeinated)","Computers and technology",7,9,4,"Yes - broadband connection","In person",4,7,5,2,20,7,0,15,1,1,15,2,0,5,"A lot","Graduate degree","Techno/Electronic","Freeze time","Happy","Friend","International aid"
66,2014,"USA","NY","Female",17,"Right-Handed",161,23,165,1,"Car",5,0.34,41,"Other",800,1000,700,1000,900,800,23,"Same length",66,66,"Same length","November","Fall","Yes","No","Fruit","Water","Science",7,9,4,"Yes - broadband connection","Cell phone",25,25,15,10,10,10,20,0,10,5,5,4,3,8,"A lot","Graduate degree","Other","Fly","Happy","Relative","Wildlife, animals"
67,2012,"USA","SC","Male",17,"Right-Handed",176,27,185,1,"Car",10,0.25,30,"Football (American)",1000,631,241,583,786,1000,27,"Same length",94,100,"Ring finger","January","Summer","Yes","No","Meat","Sports drink",NA,7,NA,5,"Yes - broadband connection","Text messaging",300,350,7,3,2,2,2,5,4,4,2,2,0,6,"Very little","Undergraduate degree","Rhythm and blues (R&B)","Freeze time","Famous","Religious figure","Religious"
68,2015,"USA","VA","Male",17,"Left-Handed",171,25.6,168,1,"Bus",19,0.52,54,"Baseball/Softball",700,700,800,800,400,500,25,"Right foot",65,70,"Ring finger","June","Winter","No","No","Meat","Soft drink (caffeinated)","Other",8,10,3,"Yes - broadband connection","Text messaging",15,15,5,1,4,17,5,6,3,4,30,15,0,10,"A lot","Graduate degree","Rock and roll","Super strength","Rich","Relative","Arts, culture, sports"
69,2013,"USA","NC","Female",11,"Right-Handed",140,21,145,1,"Car",2,0.4,28,"Basketball",999,999,999,999,1000,1000,21,"Same length",60,60,"Same length","July","Spring","Yes","No","Pizza/Pasta","Water","Art",9,5,3,"Yes - broadband connection","Text messaging",28,26,6,1,13,11,3,4,0,2,43,23,0,12,"Very little","Graduate degree","Pop","Invisibility","Famous","Musician or singer","Arts, culture, sports"
70,2013,"USA","MA","Female",11,"Right-Handed",153,24,156,2,"Bus",10,0.36,35,"Basketball",898,802,749,914,775,1000,24,"Same length",70,80,"Ring finger","August","Summer","No","No","Desserts","Milk","Mathematics and statistics",8,9,4,"Yes - broadband connection","Text messaging",30,20,10,0,5,5,5,2,0,3,7,0,1,1,"Very little","Graduate degree","Country","Fly","Happy","Friend","Health"
71,2015,"USA","CA","Female",8,"Ambidextrous",129,22,128,3,"Car",5,0.83,64,"Swimming",1000,1000,1000,1000,243,399,23,"Left foot",65,68,"Ring finger","April","Fall","Yes","No","Soups","Water","History",9,10,4,"Yes - broadband connection","In person",0,8,2,1,1,3,4,1,1,1,1,1,0,1,"Very little","Less than high school","Country","Invisibility","Healthy","Relative","Education/Youth development"
72,2012,"USA","SC","Female",15,"Right-Handed",170,24,169,1,"Bus",60,0.39,42,"Soccer",800,750,550,NA,600,300,25,"Left foot",83,90,"Ring finger","February","Fall","Yes","No","Pizza/Pasta","Water","Mathematics and statistics",9,10,4,"Yes - broadband connection","In person",0,0,5,0,10,5,7,2,0,1,3,17,0,1,"Some","Graduate degree","Other","Telepathy","Happy","Teacher","Health"
73,2015,"USA","FL","Female",13,"Right-Handed",155,9,152,1,"Car",10,0.5,60,"Other",1000,1000,1000,1000,500,700,9,"Same length",NA,NA,NA,"June","Summer","Yes","No","No favorite","Tea","Art",7,12,3,"Yes - broadband connection","Cell phone",40,40,21,6,6,12,6,0,6,6,12,12,0,4,"Some","Graduate degree","Country","Freeze time","Happy","Relative","International aid"
74,2014,"USA","GU","Female",14,"Right-Handed",152,24,160,2,"Bus",15,0.42,38,"Dancing",807,610,1000,1000,310,1000,24,"Same length",80.3,70.2,"Index finger","March","Summer","No","No","Rice/Noodle dishes","Water","Physical education",8,5,4,"Yes - other","In person",7,9,8,2,3,12,3,4,12,12,12,3,0,20,"A lot","Graduate degree","Rock and roll","Freeze time","Happy","Relative","International aid"
75,2014,"USA","SC","Male",16,"Right-Handed",178,27,184,1,"Car",9,0.32,39,"Football (American)",1000,1000,1000,1000,1000,1000,27,"Same length",95,105,"Ring finger","May","Spring","No","No","Meat","Sports drink","Physical education",9,10,3,"Yes - other","Text messaging",82,106,80,2,5,30,50,2,90,80,1,7,0,5,"Some","Graduate degree","Rap/Hip hop","Telepathy","Rich","Coach or club leader","Religious"
76,2013,"USA","CA","Female",17,"Right-Handed",168,23,165,2,"Car",5,0.4,42,"Golf",600,800,800,600,900,1000,23,"Same length",90,90,"Same length","November","Summer","Yes","No","Fruit","Water","Mathematics and statistics",7,8,3,"Yes - broadband connection","In person",0,0,2,0,30,7,2,0,4,2,21,0,0,0,"Some","Some college","Rap/Hip hop","Freeze time","Happy","Relative","International aid"
77,2015,"USA","DE","Male",17,"Right-Handed",183,26,170,1,"Car",25,0.75,58,"Basketball",500,500,500,500,800,1000,26,"Same length",70,70,"Same length","December","Summer","No","No","Pizza/Pasta","Sports drink","English",6,8,4,"Yes - other","Cell phone",100,100,10,1,10,4,30,2,90,90,100,5,30,0,"A lot","Some college","Other","Fly","Happy","Relative","Health"
78,2010,"USA","GA","Female",17,"Ambidextrous",163,16.51,163,1,"Car",17,0.42,38,"Tennis",754,698,896,NA,512,672,17,"Same length",NA,NA,NA,"July",NA,"Yes","Yes","Pizza/Pasta","Water","Art",3,6,6,"Yes - broadband connection","In person",20,20,30,1,10,1,8,0,5,3,5,2,8,1,"A lot","Undergraduate degree","Other","Fly","Rich","Relative","Health"
79,2013,"USA","MI","Male",17,"Left-Handed",132,22,170,1,"Car",4,0.36,39,"Gymnastics",781,695,422,326,930,968,23,"Left foot",68,71,"Ring finger","October","Fall","No","No","Seafood","Water","History",7,12,5,"Yes - other","In person",0,0,15,1,2,8,8,0,3,0,14,10,0,14,"Very little","Graduate degree","Pop","Fly","Happy","Coach or club leader","International aid"
80,2014,"USA","SC","Male",15,"Right-Handed",152,27,188,2,"Bus",38,0.3,36,"Other",9,500,1000,499,100,300,28,"Left foot",100,90,"Index finger","May","Fall","Yes","No","Meat","Sports drink","Mathematics and statistics",5,11,4,"Yes - broadband connection","In person",0,0,10,1,14,4,12,40,2,1,30,0,0,3,"Some","Graduate degree","Rap/Hip hop","Freeze time","Happy","Relative","Religious"
81,2015,"USA","CA","Male",13,"Right-Handed",170,17,147,2,"Car",15,0.39,42,"Soccer",200,40,500,1000,500,680,17,"Same length",NA,NA,NA,"August","Summer","No","No","Meat","Powdered drink","Art",9,7,4,"Yes - broadband connection","Cell phone",0,0,6,0,1,4,2,4,1,0,1,2,0,0,"A lot","Graduate degree","Rock and roll","Freeze time","Rich","Actor","Health"
82,2010,"USA","SC","Female",17,"Right-Handed",154,24,164,2,"Car",3,0.45,45,"None",100,300,200,NA,1000,1000,25,"Left foot",71,70,"Index finger","November","Fall","No","No","Desserts","Milk","Other",6,8,6,"Yes - broadband connection","Myspace, Facebook, other social networking sites, or blog",0,0,0,0,1,2,0,3,1,1,4,4,0,3,"None","Graduate degree","Other","Telepathy","Happy","Relative","International aid"
83,2015,"USA","CA","Male",14,"Right-Handed",139,20,139,1,"Car",10,0.42,49,"Golf",1000,1000,1000,1000,508,508,20,"Same length",NA,NA,NA,"April","Summer","Yes","No","No favorite","Water","Other",11,9,3,"Yes - broadband connection","In person",0,0,31,2,10,9,7,5,0,1,10,4,0,3,"A lot","Other","Rock and roll","Freeze time","Rich","Relative","Wildlife, animals"
84,2013,"USA","HI","Female",16,"Right-Handed",158,22,159,2,"Bus",60,0.39,40,"Other",1000,150,100,120,5,3,23,"Left foot",80,75,"Index finger","September","Summer","No","No","No favorite","Water","Languages",6,10,5,"Yes - broadband connection","Text messaging",50,85,7,0,3,3,2,0,6,10,4,1,0,2,"Some","Graduate degree","Pop","Fly","Famous","Musician or singer","International aid"
85,2015,"USA","CO","Male",17,"Left-Handed",194,23,167,1,"Car",5,0.39,37,"Other",876,304,678,523,943,950,23,"Same length",82,87,"Ring finger","August","Fall","No","No","Seafood","Milk","History",7,10,3,"Yes - other","Text messaging",0,0,0,0,15,10,5,1,1,10,20,20,0,2,"Some","Undergraduate degree","Other","Invisibility","Famous","Teacher","Education/Youth development"
86,2013,"USA","UT","Female",14,"Right-Handed",165,18,164,2,"Car",5,0.47,40,"Gymnastics",300,300,400,300,500,800,19,"Left foot",80,80,"Same length","May","Summer",NA,"Yes","Meat","Water","Mathematics and statistics",8,10,5,"Yes - broadband connection","Text messaging",60,70,40,4,2,2,10,1,4,6,10,10,0,0,"Very little","Graduate degree","Rock and roll","Telepathy","Happy","Teacher","Wildlife, animals"
87,2015,"USA","NC","Female",17,"Right-Handed",162,24,158,1,"Car",10,0.35,31,"Dancing",800,700,600,600,900,1000,25,"Left foot",75,72,"Index finger","January","Fall","No","No","Pizza/Pasta","Water","History",5,9,3,"Yes - broadband connection","In person",2,1,1,2,9,5,13,4,20,1,40,4,14,3,"A lot","Graduate degree","Classical","Invisibility","Happy","Actor","International aid"
88,2013,"USA","SC","Female",16,"Right-Handed",163,24.3,166,2,"Car",8,0.73,41,"Soccer",990,800,850,900,600,700,24,"Right foot",76,66,"Index finger","November","Summer","No","No","Pizza/Pasta","Water","English",9,6,2,"Yes - other","Text messaging",200,205,31,1,7,10,7,0,4,7,4,7,0,4,"A lot","Graduate degree","Rock and roll","Invisibility","Happy","Business person","Health"
89,2014,"USA","CO","Female",16,"Right-Handed",169,23,174,1,"Car",7,0.31,44,"Athletics",900,800,950,850,950,950,24,"Left foot",90,90,"Same length","March","Spring","Yes","No","Desserts","Water","Science",6,10,2,"Yes - broadband connection","Text messaging",200,203,10,1,15,5,14,1,1,2,2,6,0,3,"A lot","Graduate degree","Rap/Hip hop","Fly","Happy","Business person","Arts, culture, sports"
90,2013,"USA","WI","Female",13,"Right-Handed",162,21,160,2,"Car",20,0.38,42,"Other",30,400,10,20,1000,1000,22,"Left foot",80,70,"Index finger","June","Summer","No","No","Fruit","Juice","Science",6,5,6,"Yes - broadband connection","Text messaging",350,350,20,4,1,3,8,2,1,30,2,3,0,1,"Some","Graduate degree","Rap/Hip hop","Freeze time","Famous","Doctor or nurse","Health"
91,2015,"USA","CA","Male",11,"Ambidextrous",138,25,138,1,"Car",17,0.57,17,"Football (American)",1000,1000,1000,995,270,750,25,"Same length",NA,NA,NA,"December","Fall","Yes","No","Fruit","Water","Art",10,NA,4,"Yes - other","In person",0,0,9,0,0,5,4,1,0,0,2,3,1,2,"None","Graduate degree","Other","Invisibility","Healthy","Relative","Religious"
92,2015,"USA","VT","Male",16,"Left-Handed",184,31,193,2,"Car",10,0.58,38,"Football (American)",800,700,600,500,0,1000,30,"Right foot",90,80,"Index finger","May","Spring","No","No","Fruit","Water","Physical education",7,9.5,3,"Yes - broadband connection","Text messaging",100,120,10,1,11,5,18,2,2,5,11,3,3,2,"Some","Graduate degree","Rap/Hip hop","Super strength","Healthy","Sports person","Health"
93,2011,"USA","WY","Male",14,"Right-Handed",168,27,180,2,"Car",20,0.34,30,"Hockey (Ice)",16,23,11,NA,1000,1000,27,"Same length",91,93,"Ring finger","June","Summer","No","No","Other","Soft drink (caffeinated)","Physical education",11,9,4,"Yes - dial-up connection","Text messaging",12,30,9,1,0,2,5,2,1,0,3,2,0,0,"None","Some college","Other","Super strength","Rich","Relative","Other"
94,2013,"USA","OH","Female",17,"Right-Handed",180,24.3,171,1,"Car",7,0.28,33,"Other",490,460,840,840,350,340,25,"Left foot",80,79,"Index finger","October","Summer","No","No","Desserts","Water","Art",9,12,4,"Yes - broadband connection","In person",20,20,14,0,5,1,1,0,3,1,14,3,13,1,"A lot","Undergraduate degree","Pop","Invisibility","Happy","Relative","Wildlife, animals"
95,2015,"USA","VA","Male",17,"Right-Handed",183,30.48,187,1,"Bus",20,0.52,46,"Table Tennis",850,500,500,500,500,500,29,"Right foot",NA,NA,NA,"November","Fall","No","No","Seafood","Tea","Science",5,8,2,"Yes - broadband connection","Cell phone",0,1,12,1,5,10,14,3,0,1,20,20,25,2,"Some","Graduate degree","Rap/Hip hop","Freeze time","Rich","Relative","Health"
96,2015,"USA","CA","Male",17,"Right-Handed",174,26,170,4,"Car",10,0.84,52,"Soccer",600,800,900,700,1000,1000,26,"Same length",75,79,"Ring finger","May","Summer","No","No","Meat","Water","Music",5,10,4,"Yes - broadband connection","Text messaging",115,150,5,1,10,5,8,0,4,5,10,6,0,2,"Some","Graduate degree","Jazz","Invisibility","Happy","Sports person","Health"
97,2015,"USA","CA","Male",11,"Right-Handed",149,22,132,1,"Car",5,0.33,59,"Soccer",1000,700,1000,200,0,1000,21,"Right foot",90,90,"Same length","August","Summer","No",NA,"Pizza/Pasta","Milk","Physical education",9,11,4,"Yes - broadband connection","Text messaging",3,1,15,0,40,15,50,20,20,40,10,70,0,5,"Very little","Graduate degree","Other","Freeze time","Rich","Sports person","Wildlife, animals"
98,2014,"USA","IA","Female",16,"Right-Handed",175,25,168,1,"Car",3,0.36,38,"None",1,5,5,10,500,1000,25,"Same length",70,70,"Same length","April","Spring","No","No","Meat","Water","Physical education",7,11,4,"Yes - other","Text messaging",23,20,52,1,2,1,2,0,15,15,10,2,0,1,"A lot","Some college","Pop","Telepathy","Rich","Doctor or nurse","International aid"
99,2014,"USA","IN","Male",15,"Right-Handed",185,28,193,1,"Bus",25,0.6,42,"Running/Jogging",700,800,450,400,900,900,30,"Left foot",95,93,"Index finger","October","Winter","Yes","No","Rice/Noodle dishes","Water","Mathematics and statistics",8,9,4,"Yes - broadband connection","Text messaging",20,20,13,1,10,9,5,20,0,3,20,5,0,3,"Some","Graduate degree","Techno/Electronic","Telepathy","Happy","Friend","Health"
100,2015,"USA","SC","Female",17,"Right-Handed",160,23,158,3,"Car",4,0.61,36,"Martial Arts",850,850,700,700,200,200,23,"Same length",70,70,"Same length","October","Spring","Yes","No","Poultry","Juice","History",6,9,5,"Yes - broadband connection","Text messaging",131,87,6,0,4,6,6,2,1,8,6,6,10,2,"Some","Other","Rap/Hip hop","Freeze time","Happy","Relative","International aid"
101,2010,"USA","UT","Female",14,"Right-Handed",156,24,157,1,"Car",5,0.36,57,"Walking/Hiking",561,561,374,NA,59,5,24,"Same length",90,100,"Ring finger","August","Spring","Yes","Yes","Rice/Noodle dishes","Water","Other",7,NA,3,"No internet connection","In person",150,250,50,13,10,7,7,5,0,6,2,6,6,2,"A lot","Graduate degree","Heavy metal","Telepathy","Happy","Actor","Arts, culture, sports"
102,2015,"USA","GA","Male",16,"Left-Handed",160,25,169,1,"Car",20,0.29,34,"Lacrosse",422,385,726,615,855,1000,25,"Same length",80,85,"Ring finger","March","Winter","Yes","No","Meat","Water","Other",9,11,4,"Yes - other","Text messaging",20,20,8,0,26,21,10,17,1,1,3,3,0,1,"Some","Other","Rap/Hip hop","Fly","Happy","Relative","Arts, culture, sports"
103,2013,"USA","WA","Male",17,"Right-Handed",167,30,167,1,"Bus",15,0.28,39,"Basketball",1,8,24,4,1000,1000,30,"Same length",80,76,"Index finger","November","Spring","No","No","Meat","Water","Other",9,7,4,"Yes - other","Text messaging",137,141,4,2,0,1,0,12,1,21,14,21,3,4,"Very little","Some college","Pop","Freeze time","Famous","Actor","Wildlife, animals"
104,2015,"USA","FL","Male",11,"Right-Handed",156,21,156,1,"Car",10,0.46,40,"Tennis",417,679,684,37,1000,1000,22,"Left foot",60,60,"Same length","November","Summer","No","No","Pizza/Pasta","Milk","History",8,7,2,"Yes - broadband connection","Text messaging",0,0,0,1,1,1,1,3,0,0,3,0,0,0,"Very little","Undergraduate degree","Pop","Freeze time","Happy","Relative","Education/Youth development"
105,2013,"USA","SC","Female",17,"Right-Handed",158,24,161,2,"Car",5,0.36,34,"Other",10,10,10,10,1000,1000,24,"Same length",80.5,90,"Ring finger","January","Summer","No","No","Salads","Tea","History",9,12,5,"Yes - broadband connection","Text messaging",10,20,0,0,10,20,5,5,5,50,50,2,35,5,"Very little","Graduate degree","Country","Telepathy","Happy","Friend","Health"
106,2014,"USA","WI","Male",17,"Right-Handed",180,24,189,2,"Car",6,0.36,50,"Soccer",652,647,508,588,1000,1000,24,"Same length",80,80,"Same length","February","Fall","No","No","Meat","Water","Social studies",7,10,5,"Yes - broadband connection","Text messaging",4,4,10,1,15,10,5,10,1,70,7,7,0,4,"Some","Graduate degree","Techno/Electronic","Super strength","Happy","Business person","Health"
107,2015,"USA","MA","Female",17,"Right-Handed",167,9,167,1,"Walk",0,0.39,50,"Lacrosse",1000,1000,1000,1000,1000,1000,9,"Same length",NA,NA,NA,"March","Summer","No","No","No favorite","Tea","History",8,10,3,"Yes - broadband connection","Text messaging",200,200,80,0,20,0,12,0,4,30,30,3,0,0,"Very little","Graduate degree","Pop","Fly","Happy","Business person","Arts, culture, sports"
108,2013,"USA","MI","Male",17,"Right-Handed",175,25,176,1,"Car",7,0.36,40,"Soccer",1000,900,900,650,150,150,25,"Same length",90,89,"Index finger","January","Fall","No","No","Pizza/Pasta","Water","Science",8,10,5,"Yes - broadband connection","Text messaging",150,0,15,1,2,2,15,1,3,3,2,2,0,1,"Some","Graduate degree","Country","Fly","Happy","Business person","Wildlife, animals"
109,2013,"USA","SC","Male",16,"Right-Handed",186,33,229,9,"Car",10,0.66,44,"Soccer",2,2,2,2,2,2,33,"Same length",100,100,"Same length","December","Fall","No","No","Pizza/Pasta","Milk","Mathematics and statistics",6,13,2,"Yes - dial-up connection","Cell phone",3,9,10,1,1,3,25,10,10,1,75,50,0,2,"Very little","Some college","Other","Freeze time","Happy","Relative","Wildlife, animals"
110,2010,"USA","UT","Male",15,"Ambidextrous",170,25,170,1,"Bus",5,0.52,32,"Tennis",666,670,679,NA,100,100,26,"Left foot",75,100,"Ring finger","June","Winter","Yes","No","Rice/Noodle dishes","Soft drink (caffeinated)","Other",7,9,3,"Yes - broadband connection","In person",0,0,30,2,7,3,2,4,6,1,16,7,0,11,"Some","Graduate degree","Country","Fly","Happy","Relative","Education/Youth development"
111,2015,"USA","PA","Male",11,"Right-Handed",147,24,145,1,"Bus",10,0.39,54,"Running/Jogging",301,310,305,481,807,866,24,"Same length",65,67,"Ring finger","February","Spring","No","No","Pizza/Pasta","Juice","Physical education",9,10,4,"Yes - broadband connection","In person",0,0,5,0,2,6,5,4,0,0,5,7,0,1,"Very little","Undergraduate degree","Other","Invisibility","Happy","Relative","Wildlife, animals"
112,2013,"USA","RI","Female",12,"Right-Handed",154,22,157,1,"Car",20,0.47,53,"Tennis",914,743,802,1000,540,550,23,"Left foot",72,75,"Ring finger","June","Summer","Yes","No","Fruit","Water","Languages",9,12,4,"Yes - other","Myspace, Facebook, other social networking sites, or blog",3,2,7,2,5,5,4,0,3,1,2,2,1,2,"A lot","Graduate degree","Country","Fly","Happy","Teacher","Health"
113,2015,"USA","VA","Male",17,"Left-Handed",166,30,153,2,"Car",15,0.48,41,"Soccer",800,750,750,750,700,800,30,"Same length",62,71,"Ring finger","June","Spring","No","No","Poultry","Water","Science",4,11,4,"Yes - broadband connection","Text messaging",40,50,15,3,1,8,8,8,1,10,12,5,0,2,"A lot","Less than high school","Rhythm and blues (R&B)","Fly","Happy","Friend","Environment"
114,2011,"USA","VA","Female",17,"Right-Handed",173,24,160,1,"Car",7,0.36,37,"Other",610,465,166,NA,845,829,24,"Same length",71,74,"Ring finger","March","Spring","No","No","Meat","Water","Mathematics and statistics",6,NA,4,"Yes - broadband connection","In person",75,75,6,2,15,5,12,0,3,2,10,6,4,3,"Some","Graduate degree","Other","Fly","Happy","Coach or club leader","Health"
115,2014,"USA","MI","Female",17,"Right-Handed",173,26,175,1,"Car",3,0.38,34,"Walking/Hiking",604,594,123,118,128,209,26,"Same length",70,75,"Ring finger","April","Fall","No","No","Pizza/Pasta","Soft drink (caffeinated)","English",6,11,5,"Yes - other","Myspace, Facebook, other social networking sites, or blog",17,22,2,0,9,0,0,25,25,3,55,25,0,4,"A lot","Undergraduate degree","Other","Freeze time","Happy","Teacher","Religious"
116,2014,"USA","GU","Male",13,"Right-Handed",179,30,162,1,"Bus",40,0.56,70,"Soccer",500,550,430,500,50,10,30,"Same length",75,70,"Index finger","November","Summer","Yes","No","Pizza/Pasta","Tea","Art",10,12,4,"Yes - broadband connection","In person",0,0,5,1,0,10,9,9,0,0,3,2,7,1,"None","Some college","Rap/Hip hop","Telepathy","Happy","Relative","International aid"
117,2011,"USA","TX","Female",17,"Right-Handed",165,26,170,2,"Car",10,0.42,36,"Hockey (Field)",380,235,364,NA,487,503,24,"Right foot",70,70,"Same length","May","Summer","No","No","Meat","Water","Languages",7,8,5,"Yes - broadband connection","In person",50,50,30,2,7,14,14,0,3,2,3,1,2,2,"Some","Undergraduate degree","Rock and roll","Fly","Happy","Relative","Health"
118,2015,"USA","CO","Female",13,"Right-Handed",142,27,151,1,"Skateboard/Scooter/Rollerblade",15,0.77,53,"Soccer",1000,1000,551,999,0,0,28,"Left foot",70,75,"Ring finger","March","Winter","No","No","Fruit","Water","Physical education",8,10,5,"Yes - other","In person",1,10,2,0,5,3,9,1,0,1,5,1,0,2,"Some","High school","Country","Super strength","Happy","Sports person","International aid"
119,2014,"USA","CA","Female",17,"Right-Handed",161,20.32,160,1,"Car",30,0.34,46,"Tennis",1000,900,900,900,700,800,23,"Left foot",85,80,"Index finger","September","Summer","No","No","Salads","Water","English",8,9,4,"Yes - broadband connection","Cell phone",170,185,30,4,30,14,6,0,7,20,20,20,0,5,"A lot","Graduate degree","Other","Telepathy","Healthy","Relative","Education/Youth development"
120,2013,"USA","OK","Male",17,"Right-Handed",171,24,171,1,"Car",9,0.36,43,"Baseball/Softball",400,400,400,700,500,700,24,"Same length",80,100,"Ring finger","March","Spring","No","No","Fruit","Water","Mathematics and statistics",7,9,3,"Yes - other","Text messaging",100,98,20,8,6,8,17,7,0,6,11,6,0,8,"Some","Graduate degree","Rap/Hip hop","Freeze time","Happy","Religious figure","Religious"
121,2015,"USA","AK","Female",17,"Right-Handed",170,24,170,2,"Car",12,0.55,43,"Swimming",449,642,358,198,107,75,25,"Left foot",86,71,"Index finger","November","Winter","Yes","No","Soups","Water","Science",8,9,3,"Yes - broadband connection","In person",8,15,4,2,30,15,10,0,0,5,6,20,0,3,"A lot","Graduate degree","Jazz","Fly","Healthy","Coach or club leader","Environment"
122,2012,"USA","CA","Male",16,"Right-Handed",160,23,151,1,"Car",17,0.39,31,"Martial Arts",545,642,743,481,551,583,22,"Right foot",65,63,"Index finger","March","Winter","No","No","Poultry","Water","English",6,10,4,"Yes - broadband connection","Text messaging",3,2,5,1,15,20,4,2,0,8,18,9,0,3,"A lot","Graduate degree","Other","Freeze time","Happy","Relative","Health"
123,2013,"USA","SC","Male",17,"Ambidextrous",170,27,170,2,"Car",20,0.49,33,"Soccer",900,1000,750,1000,500,500,27,"Same length",100,100,"Same length","October","Winter","Yes","No","Rice/Noodle dishes","Soft drink (caffeinated)","Other",7,8,5,"Yes - broadband connection","In person",0,0,1,0,1,5,3,4,0,0,4,4,15,0,"Some","High school","Rap/Hip hop","Invisibility","Happy","Actor","International aid"
124,2015,"USA","MO","Female",17,"Left-Handed",161,24,157,1,"Car",7,0.41,44,"Table Tennis",1000,1000,1000,1000,818,920,25,"Left foot",100,90,"Index finger","June","Fall","No","No","Rice/Noodle dishes","Water","Music",7,9,4,"Yes - broadband connection","In person",30,35,5,3,7,20,2,0,0,10,20,10,15,10,"A lot","Undergraduate degree","Punk rock","Fly","Happy","Friend","Education/Youth development"
125,2015,"USA","CA","Female",16,"Right-Handed",163,28,155,2,"Bus",30,0.36,37,"Swimming",800,400,700,500,1000,1000,27,"Right foot",NA,NA,NA,"August","Winter","Yes","No","Meat","Water","Art",7,7,5,"Yes - broadband connection","Myspace, Facebook, other social networking sites, or blog",12,27,3,0,15,8,0,15,3,6,20,1,0,0,"A lot","Other","Pop","Invisibility","Rich","Relative","Environment"
126,2015,"USA","WI","Female",16,"Left-Handed",162,24,172,2,"Walk",5,0.41,41,"Tennis",900,800,900,900,950,975,24,"Same length",73,72,"Index finger","February","Spring","No","Yes","Rice/Noodle dishes","Milk","Science",6,10,4,"Yes - other","Text messaging",3,3,2,1,20,6,1,0,1,1,5,0,0,1,"A lot","Graduate degree","Classical","Telepathy","Happy","Musician or singer","International aid"
127,2014,"USA","TX","Male",17,"Right-Handed",172,26,181,1,"Car",30,0.57,46,"Football (American)",6,8,8,8,4,6,26,"Same length",75,76,"Ring finger","February","Winter","Yes","No","Fruit","Sports drink","History",7,NA,5,"No internet connection","Myspace, Facebook, other social networking sites, or blog",56,74,40,1,3,10,26,0,8,3,10,10,10,2,"A lot","Graduate degree","Country","Freeze time","Healthy","Coach or club leader","Wildlife, animals"
128,2013,"USA","FL","Male",17,"Right-Handed",111,28,188,2,"Car",30,0.31,42,"Rowing",400,500,500,700,600,600,28,"Same length",80,75,"Index finger","October","Winter","Yes","No","Meat","Water","Computers and technology",8,8,4,"Yes - broadband connection","Text messaging",74,98,4,1,8,10,5,10,8,90,13,1,0,2,"Very little","Graduate degree","Heavy metal","Telepathy","Happy","Musician or singer","International aid"
129,2014,"USA","MA","Male",17,"Right-Handed",201,29,211,2,"Car",18,0.32,30,"Basketball",305,283,59,765,1000,647,30,"Left foot",104,104,"Same length","February","Summer","Yes","No","Meat","Milk","Science",9,10,3,"Yes - broadband connection","In person",38,42,8,2,6,10,25,5,5,8,21,6,0,6,"Very little","Graduate degree","Rap/Hip hop","Freeze time","Happy","Relative","Religious"
130,2010,"USA","FL","Male",14,"Right-Handed",178,25,184,1,"Car",25,0.25,34,"Swimming",684,492,695,NA,471,444,25,"Same length",80,75,"Index finger","May","Winter","No","No","Poultry","Milk","Mathematics and statistics",8,10,4,"Yes - broadband connection","Text messaging",2,1,2,0,15,2,17,3,0,1,5,2,0,0,"Some","Graduate degree","Rock and roll","Freeze time","Rich","Sports person","Education/Youth development"
131,2013,"USA","OH","Female",9,"Right-Handed",142,22,109,2,"Car",5,0.98,60,"Lacrosse",550,900,850,950,1000,1000,20,"Right foot",62,62,"Same length","June","Summer","No","No","No favorite","Sports drink","Computers and technology",9,8,7,"Yes - other","Internet chat or instant messaging",6,13,8,1,3,2,2,3,1,3,4,1,1,1,"A lot","Undergraduate degree","Rap/Hip hop","Telepathy","Happy","Relative","Health"
132,2013,"USA","MI","Male",16,"Right-Handed",185,26,208,1,"Car",3,0.41,38,"Dancing",100,200,150,500,700,750,26,"Same length",80,85,"Ring finger","April","Summer","Yes","No","No favorite","Water","Art",8,9,3,"Yes - other","In person",150,150,30,2,11,9,5,1,1,10,2,3,0,4,"Some","Graduate degree","Country","Freeze time","Rich","Coach or club leader","Education/Youth development"
133,2013,"USA","CA","Male",17,"Right-Handed",204,28,230,2,"Car",15,0.86,48,"Football (American)",450,400,650,350,600,800,27,"Right foot",82,85,"Ring finger","November","Winter","Yes","No","Meat","Milk","History",6,10,4,"Yes - broadband connection","Text messaging",15,18,15,4,10,19,6,12,1,18,20,6,0,5,"Some","Graduate degree","Country","Fly","Rich","Relative","Health"
134,2014,"USA","CA","Female",13,"Right-Handed",167,10,164,2,"Car",10,0.41,32,"Other",1000,1000,1000,1000,985,1000,10,"Same length",101.6,76.2,"Index finger","December","Winter","No","No","Meat","Water","Social studies",7,11,3,"Yes - other","Text messaging",130,141,10,3,3,7,7,0,5,7,5,2,3,4,"Some","Graduate degree","Pop","Telepathy","Happy","Relative","Wildlife, animals"
135,2013,"USA","WI","Male",14,"Right-Handed",168,25,166,1,"Car",5,0.36,48,"Skateboarding/Rollerblading",750,750,750,750,1000,1000,22,"Right foot",75,75,"Same length","February","Winter","Yes","No","Seafood","Juice","Other",7,NA,6,"Yes - broadband connection","Text messaging",200,200,64,1,3,2,6,10,5,10,10,10,5,2,"Some","Graduate degree","Rap/Hip hop","Fly","Rich","Musician or singer","Wildlife, animals"
136,2014,"USA","MN","Male",16,"Right-Handed",182,24,182,1,"Car",15,0.49,59,"Golf",200,300,200,200,200,500,24,"Same length",80,85,"Ring finger","August","Spring","No","No","Meat","Water","Physical education",6,9,4,"Yes - broadband connection","Cell phone",100,100,8,0,2,1,1,1,3,10,1,10,0,2,"A lot","Graduate degree","Pop","Invisibility","Happy","Relative","Health"
137,2014,"USA","MI","Female",17,"Right-Handed",169,20,163,1,"Car",3,0.59,47,"Other",492,481,428,412,786,824,19,"Right foot",60.3,60.1,"Index finger","April","Summer","Yes","No","Pizza/Pasta","Water","Social studies",7,11,6,"Yes - broadband connection","Text messaging",46,78,9,1,5,6,9,0,10,15,4,7,0,1,"Very little","Undergraduate degree","Country","Invisibility","Happy","Relative","International aid"
138,2015,"USA","CA","Female",17,"Left-Handed",189,25,95,2,"Bus",40,0.36,38,"Walking/Hiking",86,32,1000,48,64,235,24,"Right foot",60,70,"Ring finger","August","Winter","No","No","Poultry","Coffee","Mathematics and statistics",7,13,6,"Yes - broadband connection","Text messaging",100,120,2,1,10,5,0,20,75,100,24,1,0,0,"Some","Graduate degree","Rock and roll","Telepathy","Rich","Teacher","International aid"
139,2014,"USA","MN","Female",12,"Right-Handed",157,24.5,165,2,"Bus",10,0.88,53,"Swimming",900,700,800,1000,90,100,25,"Same length",90,100,"Ring finger","July","Summer","No","No","Desserts","Juice","Social studies",9,13,7,"Yes - broadband connection","Internet chat or instant messaging",2,3,8,3,2,6,1,1,2,3,5,4,0,2,"Very little","Graduate degree","Rap/Hip hop","Telepathy","Famous","Relative","International aid"
140,2015,"USA","WI","Male",13,"Right-Handed",172,26,176,2,"Bus",15,0.46,32,"Basketball",300,475,200,900,800,1000,25,"Right foot",100,105,"Ring finger","April","Summer","Yes","No","Meat","Water","Physical education",9,9,4,"Yes - broadband connection","In person",40,50,10,0,0,4,4,1,0,4,6,4,0,2,"Some","Graduate degree","Pop","Invisibility","Rich","Business person","Environment"
141,2011,"USA","GA","Female",17,"Right-Handed",167,23,165,1,"Car",10,0.36,28,"Tennis",123,711,155,NA,893,743,24,"Left foot",84,76,"Index finger","August","Fall","No","No","Rice/Noodle dishes","Water","Music",8,10,6,"Yes - broadband connection","Text messaging",37,45,5,1,5,10,3,2,4,14,2,11,0,3,"Some","Graduate degree","Heavy metal","Freeze time","Happy","Relative","Arts, culture, sports"
142,2015,"USA","AZ","Male",17,"Right-Handed",188,30.48,187,1,"Car",35,0.59,56,"Baseball/Softball",700,700,400,400,900,1000,30,"Same length",85,85,"Same length","November","Fall","No","No","Meat","Water","Physical education",5,10,4,"Yes - broadband connection","Text messaging",10,10,8,0,5,3,5,15,2,2,5,2,0,2,"A lot","Graduate degree","Techno/Electronic","Freeze time","Rich","Business person","Wildlife, animals"
143,2011,"USA","GA","Male",11,"Right-Handed",166,26,172,1,"Car",4,0.37,38,"Football (American)",870,749,615,NA,0,497,26,"Same length",75,80,"Ring finger","February","Fall","No","No","Pizza/Pasta","Water","Mathematics and statistics",8,9,6,"Yes - other","In person",0,0,8,1,2,12,8,0,0,0,1,10,0,3,"Some","Graduate degree","Rap/Hip hop","Super strength","Happy","Other","Wildlife, animals"
144,2015,"USA","AZ","Male",12,"Left-Handed",165,25,167,5,"Walk",10,0.37,81,"Athletics",176,176,524,775,1000,1000,25,"Same length",89,100,"Ring finger","April","Spring","No","No","Rice/Noodle dishes","Water","Mathematics and statistics",5,NA,3,"No internet connection","Myspace, Facebook, other social networking sites, or blog",290,310,10,1,5,4,15,8,3,4,3,4,0,2,"Very little","Graduate degree","Techno/Electronic","Freeze time","Healthy","Religious figure","Religious"
145,2012,"USA","TX","Male",17,"Right-Handed",177,25,177,2,"Bus",45,0.32,35,"Tennis",277,200,400,366,1000,1000,26,"Left foot",78,79,"Ring finger","August","Fall","No","No","Meat","Milk","Computers and technology",6,10,6,"Yes - broadband connection","Text messaging",170,169,10,7,5,15,0,40,5,5,40,0,0,10,"A lot","Graduate degree","Techno/Electronic","Telepathy","Happy","Teacher","Education/Youth development"
146,2015,"USA","PA","Female",17,"Right-Handed",173,23,179,2,"Car",12,0.42,49,"Other",1000,1000,1000,1000,471,711,9,"Right foot",84,84,"Same length","February","Spring","No","No","Desserts","Water","Science",7,9,3,"Yes - broadband connection","Text messaging",17,21,10,1,30,5,8,1,7,3,40,5,0,2,"A lot","Other","Punk rock","Freeze time","Happy","Doctor or nurse","Environment"
147,2014,"USA","WI","Female",11,"Right-Handed",155,21.5,160,2,"Car",5,0.55,39,"Bowling",503,1000,1000,995,540,540,21,"Right foot",NA,NA,NA,"October","Fall","No","No","Meat","Water","Music",8,10,2,"Yes - other","In person",0,0,14,0,7,49,14,7,7,0,7,21,4,4,"Some","Graduate degree","Pop","Freeze time","Happy","Friend","Health"
148,2013,"USA","RI","Male",12,"Right-Handed",150,24,151,2,"Bus",15,0.35,53,"Soccer",1000,652,524,604,455,1000,22,"Right foot",80,80,"Same length","February","Summer","Yes","No","Meat","Juice","Other",7,8,2,"Yes - other","Myspace, Facebook, other social networking sites, or blog",15,15,4,1,1,24,1,1,7,7,7,1,7,1,"A lot","Graduate degree","Reggae","Invisibility","Rich","Sports person","Other"
149,2011,"USA","OH","Female",9,"Right-Handed",154,23,159,2,"Car",20,0.42,56,"Soccer",1000,1000,1000,NA,0,23,23,"Same length",70,70,"Same length","June","Summer","No","No","Meat","Soft drink (caffeinated)","Art",8,10,4,"Yes - broadband connection","In person",0,0,36,5,5,9,2,0,0,0,0,3,0,0,"Very little","Graduate degree","Pop","Fly","Happy","Relative","Environment"
150,2011,"USA","CA","Male",17,"Right-Handed",180,30,175,1,"Car",10,0.34,61,"Basketball",0,0,750,NA,500,500,29,"Right foot",85,92,"Ring finger","August","Summer","Yes","No","Meat","Water","Other",7,11,4,"Yes - dial-up connection","Text messaging",30,30,20,1,4,10,5,4,5,5,5,15,0,3,"Very little","Graduate degree","Rap/Hip hop","Fly","Rich","Sports person","Health"
151,2013,"USA","RI","Male",11,"Ambidextrous",150,24.5,155,1,"Car",2,0.41,50,"Hockey (Ice)",900,950,1000,900,850,900,25,"Left foot",70,60,"Index finger","August","Summer","Yes","No","Pizza/Pasta","Water","Computers and technology",8,6.5,4,"Yes - broadband connection","Telephone",3,4,3,2,2,5,3,3,1,1,3,2,0,2,"Some","Graduate degree","Rock and roll","Fly","Happy","Sports person","International aid"
152,2014,"USA","CA","Female",12,"Right-Handed",155,22,134,1,"Car",10,0.42,28,"Dancing",717,941,829,652,214,267,23,"Left foot",70,66,"Index finger","December","Winter","No","No","No favorite","Water","Mathematics and statistics",10,10.5,4,"Yes - other","In person",0,20,30,1,5,35,3,1,0,2,28,9,0,3,"Very little","Graduate degree","Pop","Fly","Happy","Relative","Health"
153,2014,"USA","SC","Female",16,"Right-Handed",162,23,154,3,"Car",10,0.4,44,"Other",364,694,187,294,824,1000,23,"Same length",63,70,"Ring finger","December","Fall","Yes","No","Pizza/Pasta","Water","Languages",8,9,4,"Yes - broadband connection","Text messaging",15,15,5,0,1,2,0,0,5,4,8,3,0,1,"Some","Graduate degree","Punk rock","Fly","Healthy","Other","Arts, culture, sports"
154,2012,"USA","CA","Male",17,"Right-Handed",175,28,181,2,"Car",5,0.29,36,"Other",754,615,968,888,791,914,27,"Right foot",81,81,"Same length","April","Spring","No","No","Meat","Water","Mathematics and statistics",7,8,6,"Yes - broadband connection","Myspace, Facebook, other social networking sites, or blog",19,26,3,0,5,0,0,14,1,0,30,0,0,0,"Very little","Graduate degree","Other","Telepathy","Happy","Religious figure","Education/Youth development"
155,2011,"USA","SC","Female",17,"Left-Handed",177,23,172,1,"Car",30,0.25,58,"Other",289,166,128,NA,963,957,24,"Left foot",70,70,"Same length","February","Summer","No","No","Salads","Tea","English",8,5,3,"Yes - broadband connection","Text messaging",50,50,3,2,2,2,10,0,10,5,10,3,3,1,"Some","Graduate degree","Country","Invisibility","Happy","Relative","Wildlife, animals"
156,2013,"USA","SC","Male",15,"Right-Handed",184,27,180,2,"Car",7,0.89,51,"Other",700,500,900,450,750,750,27,"Right foot",83,79,"Index finger","May","Winter","No","No","Meat","Soft drink (caffeinated)","Science",8,7,6,"Yes - broadband connection","Internet chat or instant messaging",10,10,10,1,2,4,2,15,1,1,15,5,0,3,"Very little","Graduate degree","Rock and roll","Fly","Happy","Religious figure","Education/Youth development"
157,2012,"USA","VA","Female",16,"Right-Handed",159,34,160,2,"Car",5,0.36,41,"Baseball/Softball",299,299,690,754,316,631,32,"Right foot",105,105,"Same length","October","Fall","Yes","No","Salads","Water","Languages",7,9,4,"Yes - dial-up connection","In person",100,100,10,2,8,6,4,1,3,5,2,2,10,5,"A lot","Other","Other","Telepathy","Happy","Relative","Arts, culture, sports"
158,2012,"USA","IN","Female",17,"Right-Handed",171,23,173,2,"Car",15,0.38,39,"Swimming",519,417,455,NA,807,850,23,"Same length",80,70,"Index finger","February","Winter","No","No","Seafood","Soft drink (caffeinated)","Languages",5,5,6,"Yes - broadband connection","Text messaging",150,155,73,3,5,3,2,2,36,89,45,37,20,4,"Some","Graduate degree","Country","Telepathy","Rich","Musician or singer","Wildlife, animals"
159,2013,"USA","SC","Female",17,"Right-Handed",170,25.4,170,1,"Car",10,0.79,49,"Swimming",500,700,1000,1000,500,1000,26,"Left foot",60,70,"Ring finger","April","Summer","No","No","Pizza/Pasta","Water","Science",6,10,6,"Yes - other","Text messaging",300,300,20,3,2,15,1,2,17,40,1,10,20,3,"A lot","High school","Rap/Hip hop","Telepathy","Rich","Religious figure","Health"
160,2015,"USA","MI","Female",17,"Right-Handed",162,20,162,1,"Car",5,0.62,66,"Baseball/Softball",200,200,200,600,1000,1000,20,"Same length",NA,NA,NA,"March","Winter","No","No","Pizza/Pasta","Milk","Mathematics and statistics",8,8,4,"Yes - other","Text messaging",50,50,10,5,7,5,7,0,14,14,14,1,0,1,"Some","Graduate degree","Country","Super strength","Happy","Relative","Health"
161,2013,"USA","IN","Male",15,"Right-Handed",170,26,170,1,"Bus",20,0.67,56,"Baseball/Softball",800,750,600,750,600,700,26,"Same length",80,90,"Ring finger","May","Summer","Yes","No","Meat","Milk","Science",6,11,4,"Yes - broadband connection","Text messaging",15,15,15,1,7,20,13,3,3,8,4,6,0,5,"Some","Graduate degree","Rap/Hip hop","Super strength","Happy","Coach or club leader","Health"
162,2015,"USA","CA","Female",16,"Right-Handed",164,21,148,2,"Car",7,0.53,48,"Soccer",755,539,800,235,123,799,21,"Same length",65,75,"Ring finger","November","Winter","No","No","Pizza/Pasta","Coffee","Computers and technology",7,10,6,"Yes - broadband connection","Myspace, Facebook, other social networking sites, or blog",9,10,35,1,11,20,2,5,20,2,15,5,0,5,"A lot","Graduate degree","Punk rock","Freeze time","Happy","Sports person","Arts, culture, sports"
163,2014,"USA","NC","Female",16,"Right-Handed",155,23,139,1,"Bus",25,0.3,48,"Other",1000,800,800,650,100,500,23,"Same length",80,89,"Ring finger","April","Winter","Yes","No","Pizza/Pasta","Milk","Science",7,10,3,"Yes - broadband connection","In person",3,2,3,1,5,1,4,3,1,0,10,14,0,1,"A lot","Other","Pop","Telepathy","Happy","Relative","Wildlife, animals"
164,2013,"USA","NH","Female",17,"Right-Handed",160,18,160,2,"Car",10,0.78,45,"Dancing",500,800,200,200,1000,1000,17,"Right foot",NA,NA,NA,"July","Summer","No","No","Pizza/Pasta","Water","Science",8,10,4,"Yes - broadband connection","Text messaging",50,60,15,10,12,30,5,0,40,25,40,15,20,5,"A lot","High school","Rap/Hip hop","Telepathy","Rich","Doctor or nurse","Health"
165,2012,"USA","NC","Female",17,"Right-Handed",164,23,155,2,"Car",5,0.44,44,"Lacrosse",500,500,500,500,950,1000,21,"Right foot",76,78,"Ring finger","April","Spring","No","No","Pizza/Pasta","Water","History",8,12,5,"Yes - broadband connection","Text messaging",40,40,5,0,30,2,5,0,1,1,2,4,0,2,"A lot","Graduate degree","Pop","Fly","Happy","Relative","Health"
166,2013,"USA","CA","Female",16,"Right-Handed",156,22.5,162,3,"Car",25,0.38,28,"Dancing",353,353,492,492,487,706,23,"Same length",NA,NA,NA,"January","Fall","Yes","No","Seafood","Tea","Science",7,9,4,"Yes - broadband connection","E-mail",1,0,0,0,30,7,6,0,1,0,20,0,0,0,"A lot","Graduate degree","Pop","Freeze time","Healthy","Relative","Health"
167,2012,"USA","SC","Female",15,"Right-Handed",165,21,150,2,"Car",15,0.43,41,"Basketball",500,400,500,NA,800,1000,21,"Same length",73,78,"Ring finger","January","Summer","No","No","Seafood","Soft drink (caffeinated)","Mathematics and statistics",6,10,4,"Yes - other","Text messaging",19,15,5,1,3,15,7,2,2,1,3,8,0,2,"Some","Graduate degree","Pop","Fly","Happy","Relative","Health"
168,2014,"USA","SC","Male",17,"Right-Handed",185,26,185,1,"Car",11,0.33,41,"Football (American)",471,428,572,492,711,1000,27,"Left foot",90,85,"Index finger","September","Summer","No","No","Meat","Water","Science",7,10,6,"Yes - broadband connection","Cell phone",40,50,10,1,1,2,7,0,5,6,4,4,9,2,"Some","Graduate degree","Rap/Hip hop","Telepathy","Happy","Sports person","Health"
169,2015,"USA","PA","Female",17,"Right-Handed",171,24,168,2,"Car",10,0.32,49,"Dancing",733,920,278,529,497,497,25,"Left foot",80,75,"Index finger","March","Fall","Yes","No","No favorite","Water","Music",6,9,3,"No internet connection","In person",25,27,10,1,2,15,7,0,15,3,21,5,0,2,"Very little","Graduate degree","Other","Freeze time","Happy","Friend","Arts, culture, sports"
170,2010,"USA","HI","Female",14,"Right-Handed",152,22,154,1,"Car",58,0.31,28,"Walking/Hiking",588,947,733,NA,952,968,22,"Same length",70,75,"Ring finger","April","Winter","No","No","Pizza/Pasta","Water","Art",6,9,4,"Yes - other","Text messaging",40,40,5,1,27,10,3,0,1,7,30,3,0,0,"A lot","Other","Punk rock","Freeze time","Happy","Relative","Environment"
171,2015,"USA","VA","Female",17,"Right-Handed",163,19,154,1,"Bus",15,0.38,46,"Dancing",198,225,422,492,422,722,19,"Same length",82,85,"Ring finger","September","Spring","No","No","Desserts","Water","English",6,12,5,"Yes - broadband connection","Text messaging",3,34,14,0,6,3,13,0,16,18,19,3,3,2,"Some","Graduate degree","Other","Fly","Happy","Actor","Education/Youth development"
172,2013,"USA","SC","Male",16,"Right-Handed",183,27,189,1,"Car",10,0.39,45,"Football (American)",600,500,400,300,800,999,28,"Left foot",79,83,"Ring finger","August","Fall","No","No","Meat","Tea","Music",8,8,8,"Yes - broadband connection","Text messaging",50,50,3,1,2,7,5,1,3,9,7,8,2,2,"Some","Undergraduate degree","Country","Fly","Happy","Sports person","Arts, culture, sports"
173,2013,"USA","PA","Male",16,"Right-Handed",170,27,181,2,"Bus",20,0.19,31,"Other",500,500,500,500,700,700,27,"Same length",95,100,"Ring finger","April","Fall","No","No","Meat","Tea","Physical education",6,9,2,"No internet connection","In person",20,20,7,1,1,5,11,0,0,1,1,0,0,4,"Very little","Other","Rock and roll","Telepathy","Healthy","Sports person","Health"
174,2013,"USA","NY","Female",11,"Ambidextrous",152,20,152,3,"Bus",30,0.4,30,"Swimming",600,600,600,700,400,400,20,"Same length",65,65,"Same length","January","Spring","Yes","No","Fruit","Juice","Science",8,9,4,"Yes - broadband connection","E-mail",43,45,7,1,28,9,14,0,6,5,5,4,2,1,"Some","Graduate degree","Pop","Freeze time","Healthy","Other","Health"
175,2015,"USA","MT","Female",12,"Left-Handed",163,28,168,1,"Car",14,0.37,40,"Other",500,400,900,850,1000,1000,27,"Right foot",70,76,"Ring finger","June","Fall","No","No","Breads/Sandwiches","Water","Mathematics and statistics",6,13,6,"Yes - other","Text messaging",200,200,5,1,10,1,3,1,3,2,2,1,0,3,"A lot","Graduate degree","Pop","Invisibility","Healthy","Doctor or nurse","Education/Youth development"
176,2012,"USA","SC","Male",17,"Right-Handed",188,34,183,1,"Car",15,0.98,50,"None",6,5,4,3,1,2,33,"Right foot",100,110,"Ring finger","March","Winter","No","No","Salads","Soft drink (caffeinated)","History",6,NA,3,"Yes - broadband connection","Text messaging",150,150,4,3,4,2,0,9,0,4,8,1,0,2,"Some","Undergraduate degree","Other","Freeze time","Rich","Other","Health"
177,2015,"USA","CA","Female",17,"Right-Handed",188,26.7,177,2,"Car",20,0.36,55,"Other",600,600,800,600,700,700,28,"Left foot",80,80,"Same length","August","Winter","No","Yes","Rice/Noodle dishes","Water","History",7,12,3,"Yes - broadband connection","Text messaging",54,101,10,0,15,2,10,0,3,2,5,2,0,0,"A lot","Graduate degree","Other","Telepathy","Happy","Coach or club leader","Wildlife, animals"
178,2014,"USA","CT","Female",17,"Right-Handed",162,20,153,2,"Walk",0,0.54,60,"Other",722,722,668,561,722,722,20,"Same length",70,70,"Same length","October","Summer","Yes","No","Fruit","Water","Mathematics and statistics",5,10,4,"Yes - broadband connection","Internet chat or instant messaging",100,90,30,2,16,5,2,0,8,5,10,2,0,0,"Some","Undergraduate degree","Pop","Invisibility","Happy","Relative","Health"
179,2011,"USA","NM","Female",16,"Right-Handed",161,22,167,1,"Car",20,0.33,33,"Other",380,428,374,NA,797,193,21,"Right foot",80,80,"Same length","August","Summer","Yes","No","Pizza/Pasta","Tea","Music",7,8,3,"Yes - broadband connection","In person",30,58,3,1,4,2,1,5,1,10,2,5,0,4,"Some","Graduate degree","Other","Invisibility","Happy","Friend","Arts, culture, sports"
180,2013,"USA","MI","Female",16,"Right-Handed",158,22,166,1,"Car",12,0.26,31,"Soccer",700,750,500,800,200,100,22,"Same length",67,67,"Same length","September","Fall","Yes","No","Rice/Noodle dishes","Water","Science",9,5,3,"Yes - broadband connection","Text messaging",200,220,30,1,6,20,5,5,10,10,10,20,12,3,"A lot","Graduate degree","Rap/Hip hop","Fly","Happy","Religious figure","Education/Youth development"
181,2010,"USA","HI","Female",14,"Left-Handed",163,23,154,1,"Car",10,0.58,38,"Other",1000,1000,1000,NA,1000,1000,24,"Left foot",80,80,"Same length","March","Summer","No","No","Pizza/Pasta","Sports drink","Art",8,8,7,"Yes - broadband connection","Text messaging",190,190,4,2,3,1,3,0,2,4,4,0,0,2,"A lot","Graduate degree","Reggae","Telepathy","Happy","Coach or club leader","Health"
182,2012,"USA","SC","Female",16,"Left-Handed",154,20.32,154,1,"Car",15,0.93,33,"Dancing",500,800,800,NA,800,1000,20,"Right foot",65,70,"Ring finger","September","Summer","No","No","Pizza/Pasta","Soft drink (caffeinated)","Physical education",7,9,3,"Yes - broadband connection","Text messaging",100,100,10,2,3,3,16,1,0,2,3,2,0,0,"Some","Graduate degree","Rap/Hip hop","Telepathy","Happy","Other","Arts, culture, sports"
183,2014,"USA","OH","Male",15,"Right-Handed",159,24,167,2,"Bus",35,0.38,66,"Soccer",500,500,750,500,750,500,24,"Same length",90,75,"Index finger","November","Summer","Yes","No","Pizza/Pasta",NA,"Mathematics and statistics",8,10,5,"Yes - broadband connection","Text messaging",150,200,3,0,20,10,15,0,15,25,25,3,0,5,"A lot","Undergraduate degree","Techno/Electronic","Super strength","Famous","Sports person","Religious"
184,2015,"USA","CA","Female",17,"Right-Handed",158,21.5,152,2,"Car",47,0.43,50,"Dancing",800,850,950,500,700,1000,21,"Right foot",61,68,"Ring finger","May","Spring","No","No","Meat","Water","English",6,7,5,"Yes - other","Text messaging",50,75,4,1,30,21,3,0,4,7,16,10,0,8,"A lot","Graduate degree","Pop","Freeze time","Healthy","Coach or club leader","Health"
185,2014,"USA","SC","Female",17,"Ambidextrous",163,23,161,3,"Car",15,0.32,44,"Gymnastics",899,829,1000,1000,856,1000,22,"Right foot",70,75,"Ring finger","January","Summer","Yes","No","No favorite","Water","Music",8,10,6,"Yes - broadband connection","Cell phone",30,33,6,7,12,20,18,2,3,10,5,5,9,4,"A lot","Graduate degree","Other","Fly","Happy","Coach or club leader","Health"
186,2013,"USA","RI","Female",11,"Right-Handed",149,23,155,1,"Car",2,0.44,53,"Athletics",500,600,400,350,800,800,23,"Same length",70,60,"Index finger","July","Summer","No","No","Salads","Water","Art",9,11,5,"Yes - broadband connection","Internet chat or instant messaging",3,4,30,6,13,1,7,8,3,2,3,21,0,1,"Some","Undergraduate degree","Techno/Electronic","Telepathy","Happy","Friend","Health"
187,2011,"USA","ID","Female",17,"Right-Handed",142,20.5,141,1,"Car",15,0.39,38,"Dancing",1000,1000,1000,NA,500,500,21,"Same length",70,74,"Ring finger","April","Summer","No","No","Soups","Water","Art",6,8,5,"Yes - broadband connection","Text messaging",145,160,12,6,0,40,30,5,5,40,5,7,1,10,"Some","Graduate degree","Reggae","Freeze time","Happy","Relative","Health"
188,2011,"USA","DC","Female",12,"Right-Handed",157,25,165,1,"Car",45,0.57,65,"Swimming",481,545,1000,NA,888,1000,25,"Same length",80,70,"Index finger","February","Spring","Yes","No","Pizza/Pasta","Tea","Art",6,9,5,"Yes - dial-up connection","In person",27,26,24,27,10,4,12,10,15,5,15,1,0,1,"Very little","High school","Rap/Hip hop","Invisibility","Rich","Relative","Wildlife, animals"
189,2014,"USA","PA","Female",17,"Right-Handed",157,21,148,2,"Bus",10,0.37,54,"Other",500,700,600,400,1000,1000,22,"Left foot",70,75,"Ring finger","April","Summer","No","No","Meat",NA,"English",6,11,5,"Yes - broadband connection","Text messaging",25,34,42,5,2,14,28,4,1,3,10,35,16,3,"Very little","Graduate degree","Other","Invisibility","Happy","Business person","Wildlife, animals"
190,2015,"USA","MD","Female",15,"Right-Handed",162,23.5,161,1,"Bus",45,0.79,34,"Martial Arts",503,497,433,487,599,631,23,"Right foot",90,80,"Index finger","September","Summer","Yes","No","Rice/Noodle dishes","Juice","History",8,9,4,"Yes - broadband connection","In person",0,0,1,0,3,3,3,2,4,1,4,4,0,2,"Some","Undergraduate degree","Techno/Electronic","Freeze time","Healthy","Other","Other"
191,2014,"USA","MT","Female",16,"Ambidextrous",172,24,172,2,"Car",10,0.28,57,"Other",100,1000,800,800,1000,1000,24,"Same length",80,70,"Index finger","August","Fall","No","No","Seafood","Tea","Art",7,10,6,"Yes - broadband connection","In person",75,100,40,4,2,6,10,0,15,25,20,8,0,10,"A lot","Graduate degree","Other","Telepathy","Healthy","Relative","Health"
192,2012,"USA","SC","Female",15,"Right-Handed",163,23,167,2,"Car",11,0.74,54,"Running/Jogging",1000,1000,1000,NA,500,250,24,"Left foot",71,71,"Same length","August","Summer","Yes","No","Seafood","Tea","Science",6,11,5,"Yes - broadband connection","Text messaging",50,60,24,3,30,5,2,0,6,24,35,10,0,2,"Some","Graduate degree","Rap/Hip hop","Invisibility","Happy","Relative","Health"
193,2015,"USA","CA","Male",17,"Right-Handed",170,23,170,2,"Car",40,0.28,37,"Football (American)",695,626,866,600,759,650,23,"Same length",80,85,"Ring finger","May","Fall","No","No","Meat","Soft drink (caffeinated)","Science",6,10,4,"Yes - broadband connection","Text messaging",75,80,3,1,7,3,10,20,8,36,35,1,0,10,"Some","Graduate degree","Rap/Hip hop","Telepathy","Healthy","Relative","Wildlife, animals"
194,2012,"USA","PA","Female",16,"Right-Handed",163,20,170,1,"Car",8,0.39,55,"Running/Jogging",471,471,225,225,1000,775,20,"Same length",80,80,"Same length","December","Summer","Yes","No","Rice/Noodle dishes","Water","Other",8,NA,5,"Yes - other","Text messaging",100,150,10,0,5,15,4,0,0,1,5,2,16,0,"Some","Graduate degree","Rap/Hip hop","Fly","Happy","Other","Education/Youth development"
195,2013,"USA","AZ","Male",17,"Right-Handed",173,27.9,173,1,"Car",13,0.35,47,"Rowing",500,400,600,600,1000,1000,28,"Same length",73.03,85.73,"Ring finger","June","Spring","Yes","No","Pizza/Pasta","Tea","Mathematics and statistics",7,12,3,"Yes - broadband connection","Text messaging",150,130,20,10,10,20,0,5,5,5,15,0,8,2,"A lot","Graduate degree","Other","Fly","Happy","Doctor or nurse","Health"
196,2013,"USA","GA","Female",16,"Right-Handed",157,16.51,150,3,"Car",30,0.48,41,"Dancing",200,300,200,300,900,700,15,"Right foot",76,77,"Ring finger","June","Fall","Yes","Yes","Salads","Water","Languages",6,8,3,"Yes - broadband connection","Cell phone",70,70,20,8,20,25,8,0,15,10,35,10,0,1,"A lot","Graduate degree","Other","Invisibility","Famous","Relative","Health"
197,2013,"USA","SC","Female",17,"Right-Handed",175,24,174,2,"Car",15,0.86,70,"Walking/Hiking",10,9,10,10,10,10,24,"Same length",60,70,"Ring finger","November","Fall","No","No","Pizza/Pasta","Energy drink","Music",10,7,4,"Yes - broadband connection","Cell phone",12,43,5,1,2,6,2,1,2,3,1,6,6,4,"A lot","Graduate degree","Country","Telepathy","Happy","Actor","International aid"
198,2014,"USA","VA","Male",17,"Right-Handed",180,26,172,2,"Car",16,0.37,35,"Swimming",700,500,450,350,500,850,26,"Same length",73,75,"Ring finger","June","Winter","No","No","Meat","Water","Computers and technology",8,11,6,"Yes - other","Text messaging",10,15,8,0,2,4,5,1,2,1,4,3,0,1,"Some","Other","Rock and roll","Freeze time","Rich","Sports person","Health"
199,2013,"USA","FL","Male",16,"Right-Handed",180,28,189,1,"Bus",60,0.46,44,"Basketball",700,500,600,400,0,900,28,"Same length",83,82,"Index finger","July","Summer","No","No","Seafood","Water","Physical education",7,7,5,"Yes - broadband connection","In person",1,1,0,1,9,35,28,14,1,1,21,16,0,3,"Very little","Graduate degree","Gospel","Fly","Happy","Other","International aid"
200,2013,"USA","FL","Male",17,"Right-Handed",190,30,192,3,"Car",40,0.69,53,"Soccer",800,100,1000,500,400,400,24,"Right foot",NA,NA,NA,"June",NA,"Yes","No","Seafood","Juice","Other",5,10,7,"Yes - other","Text messaging",200,300,2,0,0,5,16,0,14,14,14,2,0,0,"None","Other","Other","Freeze time","Famous","Other","Other"
201,2015,"USA","FL","Male",12,"Right-Handed",155,10,163,1,"Car",15,0.76,58,"Lacrosse",500,500,1000,1000,500,1000,9,"Right foot",NA,NA,NA,"September","Winter","Yes","No","Other","Sports drink","Physical education",9,10,4,"Yes - broadband connection","Myspace, Facebook, other social networking sites, or blog",0,0,2,1,5,2,5,0,2,1,2,5,0,3,"Some","Graduate degree","Rap/Hip hop","Super strength","Famous","Sports person","Health"
202,2015,"USA","MI","Male",17,"Right-Handed",178,26,178,1,"Car",15,0.42,36,"Swimming",1000,1000,1000,1000,250,400,26,"Same length",78,80,"Ring finger","July","Summer","No","No","Rice/Noodle dishes","Water","Physical education",7,9,6,"Yes - other","Cell phone",40,50,11,4,10,14,16,1,14,4,16,4,25,14,"A lot","Graduate degree","Rap/Hip hop","Fly","Healthy","Relative","Wildlife, animals"
203,2015,"USA","IN","Female",17,"Ambidextrous",170,17.78,172,1,"Car",5,0.39,45,"Baseball/Softball",460,1000,214,262,529,1000,18,"Left foot",101,104,"Ring finger","October","Spring","Yes","No","Poultry","Water","Mathematics and statistics",6,6,4,"Yes - broadband connection","Text messaging",60,56,15,3,10,24,30,0,50,50,50,15,12,0,"Some","Graduate degree","Country","Invisibility","Happy","Relative","Education/Youth development"
204,2010,"USA","CA","Male",17,"Right-Handed",178,30.48,162,2,"Car",14,0.4,44,"Football (American)",4,5,6,NA,200,987,30,"Same length",76.3,74,"Index finger","February","Winter","Yes","No","Meat","Water","Other",7,5,4,"Yes - broadband connection","Text messaging",100,100,40,1,6,25,28,0,0,3,1,5,0,3,"None","Graduate degree","Country","Fly","Happy","Relative","Health"
205,2013,"USA","NY","Male",17,"Right-Handed",174,25,178,3,"Rail (Train/Tram/Subway)",50,0.75,44,"Swimming",700,500,200,700,1000,1000,25,"Same length",92,95,"Ring finger","December","Spring","No","No","Seafood","Water","Science",8,10,6,"Yes - broadband connection","Cell phone",0,0,1,0,3,0,1,4,1,0,5,0,0,0,"Some","Graduate degree","Other","Freeze time","Happy","Relative","Health"
206,2014,"USA","IL","Female",11,"Right-Handed",147,21,139,2,"Car",5,0.57,45,"Basketball",1000,380,900,1000,160,170,21,"Same length",65,60,"Index finger","July","Spring","Yes","No","Meat","Sports drink","Mathematics and statistics",9,8,5,"Yes - other","Cell phone",3,1,9,0,6,7,5,2,0,1,1,3,0,1,"Some","Undergraduate degree","Rock and roll","Telepathy","Happy","Business person","Environment"
207,2012,"USA","NJ","Female",14,"Right-Handed",147,35,167,2,"Car",15,0.72,84,"Other",998,998,1000,1000,5,5,35,"Same length",80,85,"Ring finger","June","Summer","Yes","No","Desserts","Soft drink (caffeinated)","Physical education",7,5,2,"Yes - broadband connection","Cell phone",100,100,24,24,24,24,24,24,24,24,24,24,24,24,"A lot","Graduate degree","Gospel","Telepathy","Healthy","Other",NA
208,2014,"USA","MN","Male",12,"Right-Handed",149,25,154,2,"Walk",10,0.49,68,"None",1000,1000,1000,1000,1000,1000,23,"Right foot",84,90,"Ring finger","February","Winter","Yes","No","Pizza/Pasta","Sports drink","Social studies",8,NA,5,"Yes - broadband connection","E-mail",0,0,0,0,11,2,0,100,15,0,100,0,50,0,"Very little","Graduate degree","Heavy metal","Telepathy","Rich","Musician or singer","Environment"
209,2013,"USA","WI","Female",12,"Right-Handed",155,24,155,1,"Bus",15,0.38,40,"Dancing",950,900,950,900,950,850,24,"Same length",80,90,"Ring finger","January","Summer","No","No","Meat","Water","Mathematics and statistics",8,9,4,"Yes - other","In person",10,40,20,0,4,15,9,0,4,3,1,1,0,4,"Some","Graduate degree","Pop","Fly","Healthy","Relative","Health"
210,2014,"USA","MI","Female",17,"Left-Handed",171,24,169,1,"Car",7,0.41,46,"Swimming",600,400,400,600,700,1000,25,"Left foot",80,78,"Index finger","July","Fall","No","Yes","Pizza/Pasta",NA,NA,6,9,4,"Yes - broadband connection","Text messaging",30,60,20,1,8,3,10,0,30,2,10,1,0,0,"Very little","Undergraduate degree","Punk rock","Telepathy",NA,"Coach or club leader","International aid"
211,2014,"USA","OH","Female",17,"Right-Handed",160,24.3,160,1,"Car",20,0.37,42,"Dancing",800,800,300,800,400,700,24,"Right foot",70,71,"Ring finger","February","Summer","No","No","Fruit","Water","Languages",6,8,4,"Yes - other","In person",25,25,8,1,10,4,25,0,1,1,1,4,0,3,"Some","Graduate degree","Other","Fly","Happy","Friend","International aid"
212,2015,"USA","MA","Female",11,"Right-Handed",144,20,141,1,"Bus",30,0.28,32,"Tennis",67,1000,999,888,42,22,20,"Same length",NA,NA,NA,"August","Fall","Yes","No","Salads","Tea","Art",6,8,2,"Yes - broadband connection","Internet chat or instant messaging",0,0,15,0,5,18,6,1,0,0,2,3,0,7,"Some","Graduate degree","Other","Telepathy","Happy","Other","Wildlife, animals"
213,2011,"USA","FL","Male",11,"Right-Handed",117,22,141,1,"Car",20,0.39,53,"Football (American)",995,925,615,NA,412,348,22,"Same length",67,67,"Same length","October","Summer","No","No","Pizza/Pasta","Water","Other",8,5,5,"Yes - dial-up connection",NA,2,3,24,3,6,20,60,1,0,2,3,12,16,60,"Some","Graduate degree","Pop","Fly","Happy","Sports person","Wildlife, animals"
214,2015,"USA","MA","Male",17,"Right-Handed",170,26.67,173,2,"Walk",5,0.42,73,"Other",500,500,500,500,500,1000,27,"Same length",80,90,"Ring finger","September","Fall","Yes","No","No favorite","Water","Mathematics and statistics",5,NA,6,"Yes - broadband connection","Text messaging",50,49,12,3,8,2,5,6,1,2,2,0,1,0,"A lot","Graduate degree","Rap/Hip hop","Fly","Rich","Friend","Other"
215,2015,"USA","CO","Female",17,"Right-Handed",161,21,161,1,"Bus",17,0.47,32,"Tennis",342,219,16,86,904,1000,21,"Same length",70,67,"Index finger","December","Winter","Yes","No","Pizza/Pasta","Water","Music",8,12,4,"Yes - broadband connection","In person",0,0,7,1,8,0,0,6,0,2,3,14,21,1,"A lot","Graduate degree","Classical","Freeze time","Happy","Teacher","International aid"
216,2013,"USA","PA","Male",17,"Right-Handed",173,25,178,1,"Car",14,0.25,34,"Dancing",550,900,700,750,1000,1000,25,"Same length",100,105,"Ring finger","February","Winter","No","No","Meat","Milk","Art",6,10,6,"Yes - broadband connection","Internet chat or instant messaging",3,3,4,0,6,2,14,0,10,1,20,0,0,2,"Some","Graduate degree","Techno/Electronic","Fly","Rich","Musician or singer","Environment"
217,2015,"USA","NY","Male",11,"Right-Handed",178,25,185,1,"Car",2,0.34,62,"Walking/Hiking",722,775,701,845,701,727,28,"Left foot",NA,NA,NA,"October","Fall","No","No","No favorite","Water","Mathematics and statistics",6,6,6,"Yes - broadband connection","In person",0,0,10,0,1,5,6,10,2,0,10,3,0,3,"Some","Some college","Classical","Telepathy","Healthy","Other","Wildlife, animals"
218,2015,"USA","VA","Female",17,"Left-Handed",164,22,185,1,"Car",15,0.51,50,"Dancing",800,600,1000,900,500,1000,22,"Same length",65,70,"Ring finger","October","Fall","Yes","No","Pizza/Pasta","Water","Science",7,10,6,"Yes - other",NA,20,15,10,8,10,20,0,10,15,10,10,20,20,10,"Some","Graduate degree","Rhythm and blues (R&B)","Fly","Happy","Relative","Wildlife, animals"
219,2010,"USA","DC","Female",16,"Right-Handed",175,27,183,1,"Bus",15,0.56,46,"Dancing",503,1000,1000,NA,401,1000,25,"Right foot",102,102,"Same length","November","Summer","No","No","Seafood","Water","Physical education",8,10,5,"Yes - dial-up connection","Text messaging",30,30,8,15,10,5,0,0,5,15,5,6,0,8,"Very little","Graduate degree","Rap/Hip hop","Telepathy","Healthy","Relative","Health"
220,2015,"USA","DE","Male",17,"Right-Handed",183,20.67,183,1,"Car",15,0.6,36,"Swimming",1000,500,300,12,1000,1000,27,"Left foot",NA,NA,NA,"March","Winter","Yes","No","Seafood","Water","Mathematics and statistics",6,7,5,"Yes - broadband connection","Telephone",50,75,15,2,14,8,2,0,3,2,0,0,30,30,"Some","Other","Country","Telepathy","Happy","Relative","Other"
221,2010,"USA","SC","Female",17,"Right-Handed",169,23,160,1,"Car",10,0.55,60,"Tennis",850,950,723,NA,250,200,24,"Left foot",73,69,"Index finger","December","Summer","No","No","Pizza/Pasta","Water","History",7,8,4,"Yes - broadband connection","Cell phone",10,12,8,2,14,15,7,0,1,2,4,3,10,3,"A lot","Graduate degree","Country","Freeze time","Happy","Relative","Religious"
222,2010,"USA","GA","Female",17,"Right-Handed",166,22,152,2,"Car",30,0.37,41,"Dancing",866,209,556,NA,1000,1000,22,"Right foot",75,68,"Index finger","January","Fall","Yes","No","Desserts","Water","Languages",7,10,4,"Yes - broadband connection","Myspace, Facebook, other social networking sites, or blog",9,16,48,3,39,6,1,0,5,8,49,0,0,1,"A lot","Graduate degree","Pop","Freeze time","Happy","Relative","Education/Youth development"
223,2012,"USA","NE","Female",16,"Right-Handed",165,23,157,3,"Car",5,0.41,47,"Other",5,988,988,988,700,700,24,"Left foot",85,67,"Index finger","October","Summer","Yes","Yes","Pizza/Pasta","Soft drink (non-caffeinated)","Art",6,9,4,"Yes - other","Myspace, Facebook, other social networking sites, or blog",10,10,20,1,10,20,1,1,20,20,20,30,0,5,"A lot","Graduate degree","Pop","Telepathy","Happy","Musician or singer","Wildlife, animals"
224,2014,"USA","CA","Male",17,"Right-Handed",178,26,160,2,"Car",5,0.76,41,"Tennis",100,100,100,100,500,500,27,"Left foot",72,78,"Ring finger","April","Summer","Yes","No","Meat","Water","Art",6,12,5,"Yes - broadband connection","Text messaging",20,10,4,1,4,6,10,40,5,3,50,2,8,2,"Very little","Graduate degree","Other","Freeze time","Happy","Business person","International aid"
225,2015,"USA","OH","Male",14,"Ambidextrous",166,27,172,1,"Car",8,0.37,54,"Hockey (Ice)",450,500,500,450,700,950,27,"Right foot",95,95,"Same length","August","Summer","Yes","No","Meat","Milk","Physical education",8,6,3,"Yes - broadband connection","Text messaging",100,88,25,1,5,4,5,3,5,9,6,6,1,2,"Some","Graduate degree","Rap/Hip hop","Super strength","Rich","Religious figure","Health"
226,2015,"USA","CA","Male",13,"Right-Handed",180,29,173,1,"Car",22,0.34,35,"Swimming",389,456,543,890,765,654,29,"Same length",85,95,"Ring finger","October","Summer","No","No","Other","Milk","Science",9,7,4,"Yes - broadband connection","Internet chat or instant messaging",15,100,10,1,14,4,7,8,1,2,14,6,0,1,"Some","Graduate degree","Rap/Hip hop","Fly","Famous","Religious figure","Arts, culture, sports"
227,2014,"USA","CA","Female",17,"Right-Handed",158,25.5,158,1,"Car",8,0.89,48,"Basketball",400,800,800,800,500,900,26,"Left foot",90,76,"Index finger","May","Spring","No","No","Meat","Water","Art",8,10,4,"Yes - broadband connection","Text messaging",100,15,2,0,4,3,0,4,0,14,1,1,0,1,"Some","Graduate degree","Rhythm and blues (R&B)","Freeze time","Happy","Relative","Health"
228,2011,"USA","AZ","Female",15,"Right-Handed",157,23,156,1,"Bus",36,0.32,40,"Baseball/Softball",37,37,37,NA,684,770,23,"Same length",91,98,"Ring finger","December","Winter","Yes","No","Meat","Water","Art",7,9,4,"Yes - broadband connection","Myspace, Facebook, other social networking sites, or blog",0,2,5,10,3,1,0,5,21,1,38,5,0,3,"Some","Some college","Pop","Freeze time","Happy","Other","Other"
229,2014,"USA","CA","Female",17,"Right-Handed",166,25,167,2,"Car",30,0.48,74,"Dancing",422,615,765,406,909,914,25,"Same length",70,67,"Index finger","January","Summer","Yes","No","Pizza/Pasta","Water","Music",6,10,4,"Yes - broadband connection","Text messaging",30,25,20,2,30,10,10,0,18,14,20,7,0,1,"A lot","Graduate degree","Pop","Fly","Happy","Musician or singer","Arts, culture, sports"
230,2013,"USA","SC","Male",16,"Left-Handed",173,23,176,1,"Car",5,0.43,35,"Football (American)",0,0,0,0,700,600,24,"Left foot",90,87,"Index finger","October","Winter","No","No","Meat","Soft drink (caffeinated)","History",8,10,4,"Yes - broadband connection","Text messaging",5,3,3,1,6,1,0,3,1,2,4,7,0,5,"A lot","Graduate degree","Rap/Hip hop","Freeze time","Rich","Musician or singer","Religious"
231,2013,"USA","CA","Female",15,"Right-Handed",154,22,155,1,"Car",30,0.34,39,"Dancing",700,610,600,800,1000,999,22,"Same length",65,68,"Ring finger","May","Spring","Yes","No","Fruit","Milk","Computers and technology",7,8.5,3,"Yes - other","E-mail",0,3,3,1,26,2,8,1,0,1,20,5,0,1,"A lot","Graduate degree","Pop","Freeze time","Happy","Other","Health"
232,2014,"USA","NC","Female",16,"Right-Handed",169,24,177,2,"Car",22,0.34,32,"Running/Jogging",610,920,390,305,840,850,25,"Left foot",80,84,"Ring finger","October","Summer","No","No","Pizza/Pasta","Water","Physical education",8,9,3,"Yes - broadband connection","In person",40,45,15,1,12,10,24,0,1,1,4,1,0,2,"A lot","Graduate degree","Pop","Fly","Rich","Relative","International aid"
233,2015,"USA","NY","Male",17,"Right-Handed",170,26,177,3,"Rail (Train/Tram/Subway)",30,0.79,45,"Swimming",500,700,500,600,1000,1000,26,"Same length",100,103,"Ring finger","June","Fall","Yes","No","Meat","Water","Science",7,9,5,"Yes - dial-up connection","Myspace, Facebook, other social networking sites, or blog",10,10,5,1,1,1,8,3,24,6,24,5,16,2,"None","Graduate degree","Country","Telepathy","Healthy","Doctor or nurse","Health"
234,2014,"USA","MA","Female",11,"Right-Handed",150,24,147,1,"Bus",15,0.79,35,"Gymnastics",1000,1000,600,430,230,130,23,"Right foot",70,70,"Same length","November","Fall","No","No","No favorite","Water","Mathematics and statistics",8,8,3,"Yes - broadband connection","Text messaging",7,8,50,1,3,15,20,3,2,1,2,5,1,1,"Very little","Graduate degree","Country","Fly","Happy","Relative","Health"
235,2012,"USA","SC","Female",17,"Right-Handed",160,23,163,1,"Car",45,0.39,40,"Running/Jogging",433,364,561,829,107,829,23,"Same length",87,91,"Ring finger","May","Spring","No","No","Pizza/Pasta","Water","Mathematics and statistics",7,9,4,"Yes - broadband connection","In person",30,20,15,2,7,10,15,0,10,5,10,15,0,2,"Some","Undergraduate degree","Pop","Fly","Happy","Relative","Environment"
236,2011,"USA","DC","Male",11,"Right-Handed",160,25,157,1,"Skateboard/Scooter/Rollerblade",20,0.47,48,"Skateboarding/Rollerblading",950,800,900,NA,1000,1000,24,"Right foot",70,75,"Ring finger","July","Summer","Yes","No","Poultry","Juice","Mathematics and statistics",9,6,5,"Yes - broadband connection","Other",6,9,9,1,3,4,8,4,0,2,1,3,0,1,"Some","Graduate degree","Rap/Hip hop","Fly","Healthy","Sports person","Wildlife, animals"
237,2012,"USA","OR","Female",17,"Right-Handed",170,28,158,2,"Car",6,0.35,41,"Walking/Hiking",1000,900,600,800,200,600,28,"Same length",70,80,"Ring finger","October","Summer","Yes","No","Meat","Water","Mathematics and statistics",6,7,7,"Yes - other","Text messaging",150,150,4,1,8,2,1,0,20,35,5,1,36,30,"A lot","Graduate degree","Other","Freeze time","Happy","Business person","International aid"
238,2015,"USA","NY","Male",11,"Right-Handed",142,22,153,1,"Car",55,0.43,43,"Football (American)",551,251,872,471,294,299,23,"Left foot",70,60,"Index finger","August","Fall","Yes","No","Desserts","Sports drink","Mathematics and statistics",8,9,6,"Yes - other","In person",0,3,6,1,2,3,8,6,1,1,1,2,1,3,"Very little","Graduate degree","Pop","Freeze time","Healthy","Sports person","Arts, culture, sports"
239,2013,"USA","SC","Male",16,"Right-Handed",191,29,187,1,"Car",10,0.82,62,"Basketball",300,300,300,900,500,900,29,"Same length",110,100,"Index finger","January","Summer","Yes","No","Seafood","Tea","Physical education",7,5,4,"Yes - broadband connection","In person",30,35,62,1,5,72,10,4,1,3,2,10,0,2,"Some","Graduate degree","Country","Freeze time","Rich","Relative","Wildlife, animals"
240,2015,"USA","CO","Male",14,"Left-Handed",175,28,170,1,"Car",5,0.29,33,"Table Tennis",877,293,503,365,1000,1000,28,"Same length",80,90,"Ring finger","March","Spring","No","No","Seafood","Water","Mathematics and statistics",9,12,5,"Yes - broadband connection","In person",0,0,2,1,5,30,7,10,5,2,30,7,0,1,"Some","Graduate degree","Pop","Invisibility","Healthy","Actor","Health"
241,2011,"USA","GA","Male",11,"Right-Handed",147,23,149,1,"Bus",20,0.42,73,"Cycling",914,995,995,NA,1000,16,24,"Left foot",82,86,"Ring finger","December","Winter","No","No","Pizza/Pasta","Milk","Music",9,11,4,"Yes - broadband connection","Other",0,0,4,1,1,3,2,2,0,1,2,1,1,1,"Very little","Graduate degree","Pop","Fly","Rich","Teacher","International aid"
242,2014,"USA","VA","Male",16,"Right-Handed",180,25,180,1,NA,20,0.36,47,"Other",1000,500,500,500,1000,1000,25,"Same length",NA,NA,NA,"November","Fall","Yes","No","Pizza/Pasta","Soft drink (caffeinated)","English",7,8,5,"Yes - other","Text messaging",200,200,4,2,5,6,0,10,20,80,90,50,12,0,"Some","Graduate degree","Pop","Fly","Happy","Musician or singer","Education/Youth development"
243,2013,"USA","MI","Male",17,"Right-Handed",175,25.4,177,1,"Car",18,0.28,39,"Hockey (Ice)",100,100,100,100,1000,1000,25,"Same length",64,62,"Index finger","May","Summer","No","No","Meat","Milk","Physical education",6,8,5,"Yes - broadband connection","Text messaging",50,60,10,3,1,25,15,0,10,10,10,20,0,2,"Some","Graduate degree","Country","Fly","Famous","Sports person","Health"
244,2012,"USA","CA","Male",15,"Right-Handed",166,26,173,1,"Car",15,0.55,38,"Swimming",800,600,200,600,936,900,27,"Left foot",80,82,"Ring finger","February","Summer","Yes","No","Meat","Milk","Science",7,8,4,"Yes - broadband connection","In person",1,2,10,1,1,39,1,10,0,1,20,10,0,4,"A lot","Graduate degree","Punk rock","Fly","Happy","Relative","Wildlife, animals"
245,2013,"USA","SC","Female",17,"Right-Handed",168,22,167,1,"Car",5,0.35,35,"Walking/Hiking",727,706,872,1000,401,642,23,"Left foot",82,80,"Index finger","October","Fall","No","No","Poultry","Tea","History",7,7,5,"Yes - broadband connection","Text messaging",300,300,20,5,10,35,10,0,40,84,15,30,10,5,"Some","Graduate degree","Country","Super strength","Happy","Relative","Arts, culture, sports"
246,2010,"USA","FL","Male",16,"Right-Handed",178,23,183,1,"Car",28,0.38,47,"Athletics",900,800,900,NA,600,500,23,"Same length",NA,NA,NA,"September","Winter","No","No","Meat","Water","English",7,8,4,"Yes - broadband connection","Text messaging",50,60,42,0,8,35,30,2,6,8,8,4,0,3,"A lot","Graduate degree","Pop","Fly","Happy","Actor","Education/Youth development"
247,2013,"USA","NY","Female",17,"Right-Handed",161,12.7,157,1,"Car",7,0.33,42,"Other",437,456,512,525,860,923,27,"Left foot",110,110,"Same length","June","Fall","No","No","Fruit","Juice","Mathematics and statistics",8,10,4,"Yes - other","Text messaging",300,350,12,1,5,11,6,1,20,24,26,3,0,7,"Some","Graduate degree","Techno/Electronic","Invisibility","Happy","Relative","Arts, culture, sports"
248,2013,"USA","NY","Female",12,"Right-Handed",168,27,180,1,"Bus",10,0.86,51,"Other",1000,1000,100,1000,10,10,27,"Right foot",70,75,"Ring finger","May","Winter","No","No","Desserts","Water","Physical education",8,12,3,"Yes - broadband connection","Text messaging",1,20,16,0,8,10,10,7,7,6,18,13,0,3,"A lot","Graduate degree","Rap/Hip hop","Freeze time","Happy","Relative","Environment"
249,2014,"USA","NY","Female",16,"Right-Handed",218,27,198,2,"Bus",10,0.28,31,"Tennis",700,500,300,200,50,300,26,"Right foot",76,80,"Ring finger","September","Fall","No","Yes","Pizza/Pasta","Tea","History",6,11,4,"Yes - broadband connection","Cell phone",200,220,8,4,3,3,8,0,20,15,4,5,14,2,"A lot","Undergraduate degree","Country","Invisibility","Happy","Religious figure","Wildlife, animals"
250,2011,"USA","WY","Female",15,"Right-Handed",154,23,153,1,"Bus",60,0.34,37,"Dancing",50,99,100,NA,30,30,23,"Same length",80,85,"Ring finger","November","Summer","No","No","Pizza/Pasta","Water","History",8,9,4,"Yes - dial-up connection","In person",33,32,45,1,1,24,4,3,1,49,3,24,2,1,"Some","Some college","Rap/Hip hop","Freeze time","Healthy","Politician","Religious"
251,2012,"USA","TX","Male",16,"Right-Handed",144,20,144,1,"Car",20,0.1,36,"Football (American)",600,500,200,700,900,900,20,"Same length",NA,NA,NA,"August","Summer","Yes","No","Meat","Sports drink","History",6,10,4,"Yes - broadband connection","Text messaging",120,120,25,0,20,10,10,1,5,40,6,8,1,2,"A lot","Graduate degree","Rap/Hip hop","Freeze time","Happy","Sports person","Religious"
252,2015,"USA","OH","Male",12,"Right-Handed",160,24,161,2,"Car",35,0.3,45,"Basketball",465,241,749,1000,722,930,24,"Same length",70,75,"Ring finger","September","Spring","No","No","Desserts","Soft drink (caffeinated)","Mathematics and statistics",9,13,4,"Yes - other","In person",1,3,35,0,10,12,30,25,0,2,15,20,0,5,"A lot","Graduate degree","Pop","Invisibility","Healthy","Sports person","Other"
253,2014,"USA","VA","Female",17,"Right-Handed",169,22,167,1,"Bus",25,0.46,35,"Running/Jogging",1000,545,802,701,310,107,21,"Right foot",72,70,"Index finger","March","Spring","No","No","Meat","Water","Other",7,10,7,"Yes - broadband connection","In person",15,12,45,12,6,40,6,0,0,4,10,5,0,2,"Some","Graduate degree","Country","Telepathy","Healthy","Relative","Wildlife, animals"
254,2015,"USA","CO","Female",14,"Right-Handed",163,23,156,1,"Car",15,0.4,31,"Dancing",500,700,700,700,1000,500,23,"Same length",80,80,"Same length","March","Fall","Yes","No","Meat","Water","Mathematics and statistics",7,NA,6,"Yes - other","Text messaging",35,25,2,0,10,4,20,1,5,10,15,8,0,4,"Some","Other","Pop","Telepathy","Happy","Relative","Education/Youth development"
255,2015,"USA","CA","Female",8,"Right-Handed",127,19.05,119,2,"Car",10,0.57,96,"Baseball/Softball",1000,1000,1000,193,32,273,20,"Left foot",NA,NA,NA,"December","Summer","No","No","Pizza/Pasta","Milk","Music",10,11,4,"Yes - broadband connection","In person",0,0,30,0,3,7,3,2,0,0,0,3,0,1,"Very little","Graduate degree","Country","Invisibility","Healthy","Other","Wildlife, animals"
256,2011,"USA","TX","Male",17,"Right-Handed",167,25,180,2,"Car",10,0.3,37,"Soccer",600,600,700,NA,1000,1000,25,"Same length",80,85,"Ring finger","March","Winter","Yes","No","Meat","Sports drink","Other",7,6,5,"Yes - other","Text messaging",75,80,6,2,1,12,4,4,2,20,12,4,30,3,"None","Other","Rap/Hip hop","Freeze time","Rich","Relative","Education/Youth development"
257,2013,"USA","SC","Female",17,"Right-Handed",163,25,173,1,"Car",15,0.97,47,"None",6,3,5,2,4,1,25,"Same length",70,80,"Ring finger","September","Fall","No","No","Fruit","Tea","Science",6,9,6,"Yes - broadband connection","Text messaging",200,200,20,1,4,10,0,0,15,20,15,5,30,5,"A lot","Graduate degree","Pop","Invisibility","Happy","Teacher","Other"
258,2011,"USA","GA","Male",17,"Right-Handed",175,26,168,1,"Car",20,0.33,30,"Tennis",650,300,200,NA,800,950,26,"Same length",78,78,"Same length","December","Summer","Yes","No","Meat","Water","Physical education",8,10,5,"Yes - broadband connection","Text messaging",30,30,12,0,6,8,0,4,0,1,14,10,0,0,"A lot","Graduate degree","Punk rock","Freeze time","Happy","Relative","Environment"
259,2013,"USA","CA","Male",16,"Right-Handed",176,25.2,175,2,"Car",40,0.49,40,"Table Tennis",652,406,524,813,615,717,25,"Right foot",75,80,"Ring finger","November","Winter","No","No","Other","Water","Mathematics and statistics",6,9,4,"Yes - broadband connection",NA,30,30,10,1,22,6,5,0,15,2,20,1,0,2,"A lot","Graduate degree","Other","Fly","Rich","Politician","Education/Youth development"
260,2012,"USA","CA","Male",16,"Right-Handed",177,26,179,1,"Car",15,0.3,42,"Walking/Hiking",500,500,500,500,750,750,26,"Same length",85,89,"Ring finger","February","Summer","Yes","No","Pizza/Pasta","Milk","History",8,9,3,"Yes - broadband connection","In person",30,30,20,0,3,4,4,3,2,2,7,1,0,1,"Very little","Graduate degree","Rap/Hip hop","Fly","Happy","Business person","Health"
261,2015,"USA","MA","Male",13,"Right-Handed",156,25,156,1,"Bus",10,0.49,63,"Hockey (Ice)",250,600,300,400,400,800,25,"Same length",70,75,"Ring finger","February","Winter","No","No","Desserts","Water","History",8,8,5,"Yes - other",NA,0,0,3,1,9,5,15,1,5,1,2,5,0,1,"A lot","Other","Rap/Hip hop","Invisibility","Healthy","Relative","International aid"
262,2012,"USA","TX","Male",12,"Ambidextrous",163,25,160,3,"Car",3,0.26,45,"Basketball",1000,1000,900,1000,800,900,25,"Same length",80,85,"Ring finger","May","Summer","Yes","Yes","Desserts","Water","Computers and technology",10,13,4,"Yes - broadband connection","Telephone",0,0,4,0,1,5,1,2,0,0,1,1,0,0,"Very little","Graduate degree","Other","Freeze time","Healthy","Religious figure","Health"
263,2011,"USA","HI","Female",14,"Left-Handed",165,25,170,1,"Car",30,0.41,43,"Dancing",1000,1000,1000,NA,1000,1000,24,"Right foot",80,80,"Same length","February","Winter","Yes","No","Pizza/Pasta","Water","History",7,11,5,"Yes - other","Text messaging",200,200,50,10,10,100,10,10,10,20,20,20,0,5,"A lot","Other","Pop","Freeze time","Famous","Musician or singer","Arts, culture, sports"
264,2011,"USA","OH","Female",11,"Right-Handed",151,23,145,1,"Bus",15,0.39,48,"Gymnastics",500,850,20,NA,900,250,23,"Same length",80,90,"Ring finger","October","Spring","No","No","Pizza/Pasta","Sports drink","Mathematics and statistics",7,6,4,"Yes - other","Text messaging",25,30,35,14,14,56,14,3,1,14,3,4,1,1,"None","Graduate degree","Rap/Hip hop","Telepathy","Happy","Musician or singer","Health"
265,2013,"USA","PA","Male",17,"Right-Handed",170,24.5,156,2,"Bus",11,0.33,52,"Running/Jogging",636,396,316,326,588,1000,25,"Same length",82,87,"Ring finger","March","Winter","No","No","Breads/Sandwiches","Water","Art",7,9.5,4,"Yes - broadband connection","In person",0,0,7,3,19,2,2,20,2,0,3,1,0,0,"Very little","Undergraduate degree","Techno/Electronic",NA,"Happy","Relative","International aid"
266,2013,"USA","NE","Female",17,"Right-Handed",158,22,154,1,"Car",15,0.28,40,"Dancing",455,631,701,733,642,759,23,"Left foot",74,72,"Index finger","April","Summer","No","No","Fruit","Water","Science",6,8,6,"Yes - broadband connection","Text messaging",25,25,10,7,10,21,8,0,14,14,7,6,32,2,"A lot","Graduate degree","Jazz","Freeze time","Healthy","Friend","Health"
267,2010,"USA","DC","Male",12,"Right-Handed",140,23,147,1,"Bus",8,0.35,43,"Football (American)",273,449,401,NA,1000,1000,23,"Same length",65,75,"Ring finger","April","Spring","Yes","No","Seafood","Water","Art",8,NA,3,"Yes - broadband connection","Text messaging",56,48,6,9,4,2,7,12,16,10,2,1,5,1,"Very little","Graduate degree","Rap/Hip hop","Super strength","Happy","Actor","Wildlife, animals"
268,2014,"USA","CA","Male",10,"Right-Handed",146,23,142,2,"Car",6,0.36,36,"Soccer",379,526,390,363,462,462,22,"Right foot",64,70,"Ring finger","September","Summer","No","No","Meat","Juice","Computers and technology",10,9,4,"Yes - broadband connection","Internet chat or instant messaging",0,0,8,0,5,5,3,12,0,0,10,14,0,3,"Some",NA,NA,NA,NA,NA,NA
269,2011,"USA","HI","Female",15,"Right-Handed",169,25,170,1,"Car",30,0.33,34,"Swimming",652,690,789,NA,1000,1000,24,"Right foot",80,75,"Index finger","February","Spring","No","No","No favorite","Juice","English",6,6,4,"Yes - broadband connection","Text messaging",24,33,0,4,5,0,2,1,6,13,16,0,0,7,"Some","Graduate degree","Rap/Hip hop","Telepathy","Healthy","Business person","Wildlife, animals"
270,2015,"USA","CA","Female",17,"Right-Handed",170,24,174,1,"Car",5,0.41,47,"Dancing",1000,200,900,800,500,600,24,"Same length",70,68,"Index finger","August","Winter","No","No","Soups","Coffee","English",6,8,4,"Yes - other","In person",200,200,7,1,7,8,6,0,3,4,5,3,0,3,"A lot","Graduate degree","Rock and roll","Telepathy","Happy","Musician or singer","International aid"
271,2015,"USA","OK","Female",16,"Right-Handed",165,26,154,2,"Car",15,0.38,42,"Skateboarding/Rollerblading",1000,500,700,800,50,100,26,"Same length",70,70,"Same length","March","Fall","Yes","No","Pizza/Pasta","Soft drink (caffeinated)","Mathematics and statistics",8,11,5,"Yes - other","Cell phone",117,123,40,21,21,14,0,0,11,21,14,28,35,7,"None","Graduate degree","Other","Telepathy","Rich","Relative","Health"
272,2011,"USA","NM","Female",17,"Right-Handed",168,24,159,1,"Car",15,0.38,37,"Other",540,877,647,NA,1000,1000,23,"Right foot",66,68,"Ring finger","March","Winter","No","No","Rice/Noodle dishes","Water","History",6,10,4,"Yes - broadband connection","In person",100,100,16,1,20,10,15,0,2,3,7,2,0,1,"A lot","Graduate degree","Other","Telepathy","Healthy","Other","Wildlife, animals"
273,2013,"USA","MI","Male",17,"Right-Handed",188,28,193,1,"Walk",5,0.34,48,"Football (American)",80,64,187,107,717,925,28,"Right foot",86,96,"Ring finger","July","Summer","No",NA,"Meat","Water","History",7,8.5,3,"Yes - other","Text messaging",78,83,3,1,3,6,4,10,10,15,6,8,10,3,"Some","Graduate degree","Heavy metal","Fly","Happy","Sports person","Arts, culture, sports"
274,2015,"USA","OH","Male",17,"Ambidextrous",173,27.5,180,2,"Skateboard/Scooter/Rollerblade",5,0.24,37,"Rowing",606,705,501,320.4,20,701,28,"Same length",108,99,"Index finger","April","Summer","Yes","Yes","Seafood","Soft drink (caffeinated)","Languages",8,9.5,4,"No internet connection","In person",50,50,10,0,15,6,15,0,0,3,7,3,0,4,"Some","Graduate degree","Classical","Fly","Rich","Actor","Wildlife, animals"
275,2014,"USA","GU","Male",14,"Right-Handed",175,11.5,169,2,"Bus",27,1.13,43,"Football (American)",987,988,898,800,1000,1000,11,"Right foot",102,76.2,"Index finger","February","Winter","No","No","Meat","Soft drink (non-caffeinated)","Physical education",9,11,6,"No internet connection","In person",18,37,20,0,4,0,10,14,9,1,27,14,5,0,"Some","Other","Reggae","Freeze time","Happy","Relative","Health"
276,2015,"USA","OH","Female",13,"Right-Handed",157,25,159,1,"Car",10,0.68,61,"Soccer",500,800,700,400,900,900,25,"Same length",70,70,"Same length","June","Fall","Yes","No","Pizza/Pasta","Milk","Social studies",8,11,5,"Yes - broadband connection","Text messaging",300,300,20,1,7,35,9,0,6,6,8,8,0,3,"A lot","Graduate degree","Pop","Fly","Happy","Business person","Health"
277,2010,"USA","GA","Male",17,"Right-Handed",181,28,181,1,"Car",5,0.3,58,"Other",500,300,1000,NA,1000,1000,28,"Same length",110,110,"Same length","June","Fall","No","No","Seafood","Soft drink (caffeinated)","History",8,12,3,"Yes - other","In person",15,18,50,2,3,3,15,10,1,100,2,100,50,20,"A lot","Undergraduate degree","Other","Fly","Happy","Business person","Wildlife, animals"
278,2014,"USA","MO","Male",17,"Right-Handed",186,28,185,1,"Car",8,0.29,42,"Basketball",300,618,412,503,712,900,27,"Right foot",101,101,"Same length","January","Fall","Yes","No","Pizza/Pasta","Milk","Science",7,8,4,"Yes - broadband connection","Text messaging",154,157,4,1,6,2,3,2,12,60,48,12,8,1,"Some","Graduate degree","Pop","Fly","Happy","Relative","Health"
279,2010,"USA","PA","Female",17,"Right-Handed",163,23,153,1,"Car",7,0.33,36,"Dancing",107,342,132,NA,417,588,24,"Left foot",80,100,"Ring finger","December","Spring","No","No","No favorite","Coffee","English",5,9,3,"Yes - broadband connection","Text messaging",26,29,6,4,28,4,3,0,1,14,14,9,5,1,"A lot","Graduate degree","Other","Telepathy","Happy","Teacher","Other"
280,2015,"USA","WI","Male",12,"Right-Handed",157,24,150,1,"Bicycle",5,0.28,45,"Hockey (Ice)",1000,1000,1000,1000,500,250,24,"Right foot",100,70,"Index finger","February","Winter","Yes",NA,"Meat","Water","Physical education",8,9,4,"Yes - other","In person",20,20,24,1,1,30,30,0,2,1,0,2,0,2,"Some","Some college","Pop","Fly","Healthy","Sports person","Wildlife, animals"
281,2012,"USA","NC","Male",11,"Right-Handed",149,24,140,2,"Car",10,0.51,40,"Soccer",80,306,406,636,1000,1000,24,"Same length",70,60,"Index finger","January","Summer","Yes","No","Desserts","Soft drink (caffeinated)","Art",8,NA,5,"Yes - broadband connection","Text messaging",0,0,7,0,1,2,4,4,2,0,4,9,0,0,"Some","Some college","Rap/Hip hop","Invisibility","Famous","Relative","Wildlife, animals"
282,2011,"USA","GA","Male",17,"Ambidextrous",187,37,132,1,"Car",20,0.38,37,"Martial Arts",500,200,700,NA,500,375,37,"Same length",NA,NA,NA,"December","Winter","No","No","Meat","Sports drink","Mathematics and statistics",8,5,7,"Yes - other","Cell phone",0,0,15,2,4,5,20,10,3,30,15,5,45,5,"Very little","Graduate degree","Heavy metal","Invisibility","Happy","Relative","Health"
283,2012,"USA","MO","Male",13,"Right-Handed",171,30.48,175,1,"Car",4,0.28,36,"Baseball/Softball",5,5,0,5,882,904,28,"Right foot",90,80,"Index finger","March","Spring","Yes","No","Meat","Water","History",9,8,5,"Yes - broadband connection","Other",0,0,7,0,7,2,9,5,2,3,3,10,0,1,"A lot","Graduate degree","Pop","Fly","Rich","Other","Wildlife, animals"
284,2012,"USA","SC","Female",17,"Right-Handed",170,24,158,2,"Car",15,0.33,47,"Dancing",500,800,1000,900,400,850,26,"Left foot",87,85,"Index finger","October","Summer","No","No","Fruit","Water","Languages",8,9,2,"Yes - dial-up connection","Internet chat or instant messaging",15,35,8,1,4,10,6,2,3,3,4,5,0,6,"Some","Graduate degree","Pop","Telepathy","Happy","Business person","Health"
285,2014,"USA","NJ","Male",10,"Right-Handed",143,23,136,2,"Car",4,0.48,51,"Athletics",300,700,50,15,1000,1000,23,"Same length",60,65,"Ring finger","July","Summer","Yes","No","Meat","Sports drink","Physical education",10,7,4,"Yes - dial-up connection","In person",0,10,18,0,2,14,16,4,1,2,4,7,0,1,"Some","Undergraduate degree","Pop","Fly","Rich","Sports person","International aid"
286,2013,"USA","PA","Male",16,"Right-Handed",181,28,188,2,"Car",4,0.31,35,"Other",800,800,200,600,500,600,27,"Right foot",110,100,"Index finger","March","Spring","Yes","No","Poultry","Water","Mathematics and statistics",7,10,5,"Yes - broadband connection","Text messaging",20,20,3,2,14,1,5,1,1,1,4,0,0,0,"Some","Graduate degree","Rhythm and blues (R&B)","Invisibility","Healthy","Sports person","Religious"
287,2014,"USA","GU","Male",13,"Left-Handed",160,20,152,3,"Car",15,0.69,73,"Basketball",600,500,300,900,1000,1000,20,"Same length",NA,NA,NA,"March","Summer","Yes","No","Pizza/Pasta","Water","Music",8,8,6,"Yes - broadband connection","Other",2,3,6,0,1,1,4,15,7,6,10,5,0,5,"A lot","Some college","Techno/Electronic","Freeze time","Rich","Actor","Wildlife, animals"
288,2010,"USA","CO","Male",17,"Ambidextrous",186,26,183,1,"Car",7,0.21,28,"Football (American)",551,551,460,NA,405,500,27,"Left foot",78,83,"Ring finger","April","Fall","No","No","Seafood","Sports drink","Mathematics and statistics",7,10,4,"Yes - broadband connection","Text messaging",250,240,6,1,16,4,15,2,3,5,7,3,0,4,"Some","Graduate degree","Rap/Hip hop","Fly","Rich","Community leader or elder","Arts, culture, sports"
289,2011,"USA","OH","Male",17,"Left-Handed",127,10,115,2,"Car",2,0.39,40,"Running/Jogging",524,658,380,NA,957,1000,10,"Same length",80,90,"Ring finger","June","Winter","No","No","Meat","Tea","Mathematics and statistics",8,10,4,"Yes - broadband connection","Text messaging",5,5,6,1,5,20,20,1,2,1,10,7,0,20,"Some","Undergraduate degree","Pop","Freeze time","Rich","Friend","Arts, culture, sports"
290,2014,"USA","PA","Male",16,"Right-Handed",168,24,166,3,"Bus",7,0.37,36,"Soccer",861,674,770,738,1000,1000,24,"Same length",94,91,"Index finger","January","Fall","No","No","Meat","Water","Music",7,9,4,"Yes - broadband connection","Text messaging",22,20,4,0,7,20,12,2,4,6,10,8,0,1,"Some","Graduate degree","Other","Invisibility","Happy","Actor","International aid"
291,2012,"USA","AL","Male",12,"Right-Handed",154,25,150,1,"Car",5,0.33,32,"Soccer",706,540,561,NA,941,941,25,"Same length",85,85,"Same length","December","Winter","No","No","Meat","Juice","Physical education",10,11,5,"Yes - broadband connection","In person",0,0,3,0,2,5,4,15,0,0,12,3,0,1,"Very little","Graduate degree","Techno/Electronic","Invisibility","Happy","Relative","Wildlife, animals"
292,2015,"USA","CA","Female",11,"Right-Handed",150,25,150,1,"Walk",10,0.42,53,"Swimming",503,733,877,727,717,893,23,"Right foot",100,90,"Index finger","October","Summer","No","No","Pizza/Pasta","Water","English",7,8,5,"Yes - other","E-mail",0,0,1,0,5,3,5,1,0,0,5,3,2,4,"A lot","Graduate degree","Pop","Fly","Happy","Relative","Health"
293,2015,"USA","NY","Female",11,"Right-Handed",147,22,147,1,"Bus",45,0.6,87,"Hockey (Ice)",1000,513,818,824,0,0,22,"Same length",70,70,"Same length","July","Fall","Yes","No","Rice/Noodle dishes","Tea","Mathematics and statistics",9,7,3,"No internet connection","Text messaging",0,0,16,2,1,18,3,1,2,1,1,2,0,2,"Some","Less than high school","Country","Telepathy","Healthy","Relative","Environment"
294,2013,"USA","RI","Female",12,"Right-Handed",142,23,143,2,"Car",2,0.36,34,"Tennis",1000,1000,1000,1000,513,0,22,"Right foot",70,60,"Index finger","September","Fall","Yes","No","Rice/Noodle dishes","Juice","Science",10,11,3,"Yes - other","Myspace, Facebook, other social networking sites, or blog",52,59,3,1,1,5,4,1,2,2,2,1,0,1,"Some","Undergraduate degree","Rhythm and blues (R&B)","Freeze time","Healthy","Relative","Health"
295,2014,"USA","OH","Female",11,"Left-Handed",149,23,150,1,"Bus",20,0.49,47,"Walking/Hiking",733,770,749,695,41,604,23,"Same length",60,60,"Same length","February","Fall","No","No","No favorite","Water","Other",9,10,4,"Yes - other","In person",0,0,5,0,13,6,5,0,0,0,0,4,0,2,"Some","Graduate degree","Rhythm and blues (R&B)","Fly","Happy","Other","Environment"
296,2012,"USA","DC","Female",12,"Right-Handed",165,20,149,2,"Car",23,0.64,39,"Other",700,700,800,850,900,1000,21,"Left foot",NA,NA,NA,"March","Spring","No","No","Other","Milk","Mathematics and statistics",8,11,4,"Yes - broadband connection","Text messaging",20,25,5,3,2,0,1,1,4,5,5,2,0,0,"Very little","Graduate degree","Rap/Hip hop","Telepathy","Rich","Actor","International aid"
297,2014,"USA","GU","Female",17,"Right-Handed",170,24,163,1,"Bus",15,0.34,37,"None",500,500,1000,1000,1000,1000,24,"Same length",70,75,"Ring finger","May","Spring","Yes","No","Rice/Noodle dishes","Tea","Mathematics and statistics",6,10,4,"Yes - other","Internet chat or instant messaging",20,20,80,0,6,80,0,70,30,9,90,0,0,35,"Some","Undergraduate degree","Rap/Hip hop","Invisibility","Rich","Community leader or elder","International aid"
298,2015,"USA","CO","Male",17,"Right-Handed",175,25,169,2,"Car",13,0.28,34,"Walking/Hiking",898,374,936,642,930,840,25,"Same length",95,76,"Index finger","May","Fall","Yes","No","Meat","Water","Science",7,8,7,"Yes - broadband connection","In person",82,78,15,1,20,5,8,12,1,2,4,1,20,10,"Some","Graduate degree","Rock and roll","Freeze time","Famous","Actor","Health"
299,2014,"USA","GA","Male",15,"Right-Handed",168,26,170,1,"Bus",5,0.2,32,"Table Tennis",727,642,845,765,588,690,26,"Same length",70,75,"Ring finger","September","Winter","Yes","No","Meat","Water","Music",8,12,3,"Yes - broadband connection","Other",0,2,8,0,0,5,1,24,3,0,38,9,0,2,"Some","Graduate degree","Country","Telepathy","Happy","Relative","Wildlife, animals"
300,2011,"USA","SC","Male",15,"Right-Handed",162,10.16,162,1,"Car",20,0.33,35,"Gymnastics",0,0,0,NA,1000,1000,10,"Same length",NA,NA,NA,"July","Fall","No","No","Salads","Tea","Art",8,10,5,"Yes - broadband connection","Cell phone",50,50,7,1,1,6,6,0,10,7,10,7,2,2,"Some","Graduate degree","Rap/Hip hop","Invisibility","Rich","Musician or singer","Health"
301,2013,"USA","LA","Male",16,"Right-Handed",174,25,173,1,"Car",15,0.34,46,"Soccer",900,845,650,760,900,900,24,"Right foot",86,83,"Index finger","August","Summer","No","No","Pizza/Pasta","Juice","Computers and technology",7,11,3,"Yes - broadband connection","Text messaging",80,81,4,7,14,4,8,2,5,5,14,5,12,3,"Some","Undergraduate degree","Rap/Hip hop","Freeze time","Rich","Relative","Health"
302,2014,"USA","GA","Female",15,"Right-Handed",169,23,173,1,"Bus",35,0.31,34,"Swimming",667,723,613,676,234,389,23,"Same length",91,83,"Index finger","August","Spring","No","No","Pizza/Pasta","Water","Mathematics and statistics",6,12,5,"Yes - broadband connection",NA,50,60,5,1,12,3,9,4,5,6,12,3,0,0,"Some","Graduate degree","Rock and roll","Telepathy","Happy","Relative","Wildlife, animals"
303,2011,"USA","LA","Female",17,"Right-Handed",170,25,174,2,"Car",20,0.3,45,"Tennis",861,797,882,NA,460,519,25,"Same length",76,76,"Same length","October","Spring","No","No","Pizza/Pasta","Water","English",7,10,5,"Yes - broadband connection","Text messaging",100,100,3,1,12,6,4,0,8,10,8,1,7,3,"Some","Graduate degree","Pop","Telepathy","Happy","Teacher","Health"
304,2011,"USA","NC","Male",16,"Right-Handed",181,27,176,1,"Car",2,0.25,32,"Football (American)",834,802,807,NA,364,406,28,"Left foot",78,80,"Ring finger","July","Fall","No","No","Pizza/Pasta","Water","History",7,10,4,"Yes - broadband connection","In person",10,10,1,1,5,45,10,5,2,1,8,15,0,1,"Some","Other","Rap/Hip hop","Super strength","Happy","Coach or club leader","Health"
305,2012,"USA","CA","Female",17,"Right-Handed",159,20,152,2,"Car",20,0.33,38,"Running/Jogging",850,800,850,850,900,900,20,"Same length",68,67,"Index finger","September","Spring","No","No","Fruit","Water","Mathematics and statistics",5,8,3,"Yes - broadband connection","Text messaging",20,20,6,3,5,10,5,0,8,4,10,8,5,5,"A lot","Graduate degree","Other","Telepathy","Happy","Religious figure","International aid"
306,2015,"USA","MA","Female",17,"Ambidextrous",172,21,162,3,"Walk",15,0.28,46,"Dancing",0,700,1000,1000,1000,1000,19,"Right foot",70,60,"Index finger","December","Winter","Yes","No","Pizza/Pasta","Water","History",9,9,2,"Yes - broadband connection","Myspace, Facebook, other social networking sites, or blog",0,1,20,2,10,0,3,5,30,24,32,0,0,5,"A lot","Graduate degree","Rock and roll","Freeze time","Happy","Other","Wildlife, animals"
307,2014,"USA","CA","Male",17,"Right-Handed",188,26,188,1,"Car",25,0.23,85,"Basketball",300,275,500,400,950,940,26,"Same length",80,85,"Ring finger","December","Summer","No","No","Meat","Juice","Other",7,9.5,4,"Yes - broadband connection","Text messaging",100,100,8,3,20,5,15,1,10,20,21,4,0,2,"Some","Undergraduate degree","Rap/Hip hop","Freeze time","Rich","Relative","Other"
308,2013,"USA","WI","Male",13,"Right-Handed",175,27,170,2,"Bus",38,0.36,40,"Other",999,999,500,230,100,50,27,"Same length",82,74,"Index finger","June","Summer","No","No","Rice/Noodle dishes","Soft drink (non-caffeinated)","Computers and technology",9,10.5,3,"Yes - other","Cell phone",0,0,30,3,5,2,1,4,0,0,1,4,0,1,"Very little","Other","Rock and roll","Super strength","Happy","Other","Wildlife, animals"
309,2015,"USA","MT","Female",17,"Right-Handed",172,24,165,1,"Car",11,0.52,62,"Other",800,500,500,400,200,500,25,"Left foot",79,74,"Index finger","November","Winter","No","No","Desserts","Water","Science",8,10,6,"Yes - other","In person",50,50,20,0,6,3,4,0,5,10,15,10,25,3,"Very little","Graduate degree","Country","Fly","Happy","Other","Health"
310,2013,"USA","FL","Female",16,"Left-Handed",165,22.5,164,2,"Car",10,0.38,53,"Table Tennis",900,900,900,800,800,800,23,"Left foot",85,75,"Index finger","November","Fall","No","No","Pizza/Pasta","Juice","English",5,10,3,"Yes - broadband connection","Text messaging",2,2,2,2,11,8,1,0,3,20,12,6,0,3,"A lot","Graduate degree","Pop","Fly","Happy","Other","International aid"
311,2013,"USA","NC","Female",17,"Right-Handed",166,22,172,2,"Car",15,0.3,38,"Walking/Hiking",972,700,980,750,600,600,21,"Right foot",84,78,"Index finger","April","Spring","No","No","Pizza/Pasta","Water","English",8,10,3,"Yes - other","Text messaging",122,134,25,2,11,11,3,2,8,8,8,9,0,8,"Some","Graduate degree","Other","Freeze time","Healthy","Other","Environment"
312,2011,"USA","IN","Female",17,"Right-Handed",162,23,158,1,"Car",4,0.56,45,"Tennis",190,120,150,NA,50,70,22,"Right foot",75,75,"Same length","January","Fall","No","No","Salads","Soft drink (caffeinated)",NA,8,6,4,"Yes - broadband connection","Text messaging",250,230,15,4,4,3,3,1,5,10,3,2,0,2,"Some","Undergraduate degree","Rap/Hip hop","Fly","Happy","Relative","Religious"
313,2014,"USA","IN","Female",17,"Right-Handed",160,26,165,1,"Car",7,0.87,67,"Running/Jogging",1000,1000,1000,100,100,1000,25,"Right foot",90,80,"Index finger","June","Summer","No","Yes","No favorite","Water","Science",6,10,4,"Yes - other","Text messaging",300,300,26,1,3,3,15,3,0,26,84,4,0,3,"Some","Graduate degree","Rock and roll","Invisibility","Healthy","Coach or club leader","Wildlife, animals"
314,2014,"USA","GA","Female",17,"Right-Handed",154,22,160,1,"Car",12,0.39,34,"Other",800,750,750,750,700,700,23,"Left foot",100,100,"Same length","February","Fall","Yes","No","Fruit","Water","English",6,9,3,"Yes - broadband connection","Text messaging",70,70,10,2,20,3,10,1,3,3,2,0,12,4,"A lot","Graduate degree","Other","Fly","Happy","Teacher","Arts, culture, sports"
315,2014,"USA","SC","Male",17,"Right-Handed",182,30,183,1,"Car",14,0.39,44,"Other",529,684,1000,802,1000,1000,30,"Same length",90,90,"Same length","January","Winter","No","No","Pizza/Pasta","Soft drink (caffeinated)","Mathematics and statistics",6,12,4,"Yes - broadband connection","Text messaging",10,12,20,5,6,12,1,18,1,2,24,10,40,0,"A lot","Graduate degree","Rock and roll","Freeze time","Rich","Relative","Other"
316,2014,"USA","MN","Female",16,"Right-Handed",155,23,155,1,"Car",10,0.6,55,"Tennis",200,500,200,200,200,200,23,"Same length",70,80,"Ring finger","October","Summer","No","No","Pizza/Pasta","Milk","Physical education",7,12,4,"Yes - broadband connection","Text messaging",200,210,12,1,8,1,5,0,8,5,2,2,0,1,"Some","Graduate degree","Country","Invisibility","Healthy","Relative","Health"
317,2015,"USA","CA","Male",17,"Right-Handed",180,26.67,184,1,"Car",15,0.34,45,"Basketball",250,250,250,250,1000,1000,25,"Right foot",NA,NA,NA,"October","Summer","Yes","No","Pizza/Pasta","Water","Science",6,10,5,"Yes - broadband connection","In person",150,175,25,1,2,25,10,0,1,1,1,1,25,0,"Very little","Undergraduate degree","Country","Freeze time","Happy","Other","Other"
318,2015,"USA","MA","Male",14,"Right-Handed",168,24,166,1,"Bus",10,0.28,30,"Baseball/Softball",950,900,950,900,1000,1000,26,"Left foot",80,90,"Ring finger","October","Winter","No","No","Pizza/Pasta","Water","Computers and technology",6,5,4,"Yes - broadband connection","Text messaging",133,132,2,0,7,0,0,20,1,4,20,1,3,1,"A lot","Graduate degree","Punk rock","Super strength","Happy","Relative","Health"
319,2013,"USA","NE","Female",14,"Left-Handed",174,24,157,1,"Car",15,0.36,49,"Soccer",733,775,722,797,37,21,25,"Left foot",72,75,"Ring finger","April","Winter","No","No","No favorite","Milk","Art",4,NA,7,"Yes - broadband connection","In person",23,12,12,1,4,2,4,0,3,2,2,0,2,6,"A lot","Graduate degree","Other","Telepathy","Happy","Relative","Health"
320,2012,"USA","NJ","Female",16,"Right-Handed",164,23,162,3,"Walk",2,0.42,40,"Rowing",800,800,800,800,1000,1000,21,"Right foot",70,75,"Ring finger","July","Summer","No","No","Pizza/Pasta","Water","Science",8,12,2,"Yes - other","In person",10,10,15,1,20,14,15,2,3,1,15,2,0,0,"A lot","Undergraduate degree","Pop","Telepathy","Happy","Other","Wildlife, animals"
321,2014,"USA","IN","Female",17,"Left-Handed",155,22,145,1,"Car",10,0.8,48,"Soccer",1000,1000,1000,1000,500,700,20,"Right foot",70,60,"Index finger","December","Winter","Yes","No","Rice/Noodle dishes","Water","Mathematics and statistics",6,8,2,"Yes - broadband connection","Text messaging",5,7,4,1,25,3,8,6,2,3,4,40,10,2,"A lot","Graduate degree","Pop","Invisibility","Happy","Relative","Environment"
322,2012,"USA","SC","Male",16,"Left-Handed",173,24,152,6,"Bus",15,0.4,42,"Martial Arts",500,700,1000,NA,200,300,24,"Same length",75,75,"Same length","January","Fall","Yes","No","No favorite","Water","Other",9,5,6,"Yes - broadband connection","In person",5,5,7,0,2,5,7,2,1,3,2,10,0,3,"A lot","Graduate degree","Punk rock","Telepathy","Happy","Relative","Health"
323,2014,"USA","IN","Male",17,"Right-Handed",177,24,177,1,"Bus",10,0.67,50,"Baseball/Softball",700,800,1000,1000,800,800,24,"Same length",80,90,"Ring finger","August","Spring","No","No","Rice/Noodle dishes","Milk","Art",7,11,5,"Yes - broadband connection","In person",4,2,20,1,4,10,20,10,10,5,30,5,30,20,"A lot","Graduate degree","Other","Invisibility","Happy","Actor","Arts, culture, sports"
324,2013,"USA","CA","Female",11,"Right-Handed",147,25,152,1,"Car",30,0.39,52,"Baseball/Softball",500,50,50,800,100,100,25,"Same length",60,60,"Same length","August","Summer","No","No","Meat","Juice","Physical education",8,8,4,"Yes - broadband connection","Myspace, Facebook, other social networking sites, or blog",0,0,10,0,1,24,3,5,1,20,20,15,0,5,"A lot","Some college","Rap/Hip hop","Telepathy","Healthy","Relative","Health"
325,2015,"USA","SC","Female",15,"Right-Handed",168,23,162,1,"Car",7,0.49,44,"Running/Jogging",636,561,476,695,711,775,23,"Same length",68,72,"Ring finger","February","Fall","No","No","Desserts","Water","Mathematics and statistics",8,9,4,"Yes - broadband connection","Text messaging",25,20,25,3,9,12,10,0,6,0,40,40,3,7,"Some","Graduate degree","Country","Fly","Happy","Relative","Religious"
326,2015,"USA","CA","Female",8,"Right-Handed",133,19.05,132,1,"Walk",15,0.95,95,"Walking/Hiking",1000,1000,1000,1000,20,20,19,"Same length",NA,NA,NA,"July","Summer","No","No","Meat","Water","Other",10,9.5,3,"Yes - broadband connection","In person",0,0,14,0,0,24,8,1,0,0,1,5,1,2,"None","Graduate degree","Other",NA,"Healthy","Relative","Wildlife, animals"
327,2015,"USA","PA","Female",17,"Right-Handed",170,23.5,188,2,"Bus",12,0.41,34,"Athletics",57,74,899,566,459,654,24,"Same length",86.36,64.52,"Index finger","April","Fall","Yes","No","Breads/Sandwiches","Water","Mathematics and statistics",7,8,7,"Yes - broadband connection","Text messaging",80,76,7,23,12,14,0,20,5,5,25,27,5,10,"A lot","Other","Pop","Invisibility","Healthy","Doctor or nurse","Education/Youth development"
328,2014,"USA","MI","Male",17,"Right-Handed",180,10,183,1,"Car",8,0.3,57,"Swimming",535,545,572,529,358,428,10,"Same length",80,70,"Index finger","December","Winter","No","No","Meat","Milk","History",7,6,4,"Yes - broadband connection","In person",35,40,5,3,9,5,12,6,10,13,8,4,0,3,"Some","Graduate degree","Rap/Hip hop","Fly","Happy","Relative","Religious"
329,2013,"USA","CT","Female",17,"Right-Handed",160,23,157,2,"Bus",35,0.33,70,"Dancing",500,500,500,500,500,500,23,"Same length",95,103,"Ring finger","September","Fall","No","No","Fruit","Water","Science",7,10,6,"Yes - other","In person",150,150,27,7,5,6,7,2,2,8,2,1,0,2,"Some","Graduate degree","Country","Telepathy","Healthy","Doctor or nurse","International aid"
330,2015,"USA","FL",NA,11,"Ambidextrous",164,27,164,1,"Car",4,0.47,61,"Football (American)",209,91,674,706,631,1000,27,"Same length",60,60,"Same length","February","Fall","Yes","No","Pizza/Pasta","Sports drink","Art",9,10,5,NA,NA,27,30,9,1,4,6,16,3,0,2,4,2,35,2,NA,NA,NA,NA,NA,NA,NA
331,2015,"USA","NY","Male",12,"Ambidextrous",142,22,142,1,"Bus",15,0.49,70,"Basketball",1000,1000,1000,1000,0,0,25,"Left foot",72,76,"Ring finger","April","Summer","No","No","Pizza/Pasta","Sports drink","Physical education",5,12,4,"Yes - other","Internet chat or instant messaging",0,5,7,10,4,10,8,7,10,7,8,10,0,2,"A lot","Graduate degree","Rap/Hip hop","Super strength","Rich","Sports person","Arts, culture, sports"
332,2013,"USA","CA","Female",17,"Right-Handed",153,22,148,1,"Car",6,0.39,45,"Skateboarding/Rollerblading",845,631,770,695,840,829,21,"Right foot",70,65,"Index finger","June","Spring","No","No","Seafood","Water","Other",7,8,4,"Yes - broadband connection","In person",30,30,10,1,30,34,1,0,7,3,14,9,0,7,"A lot","Graduate degree","Jazz","Freeze time","Happy","Relative","Environment"
333,2013,"USA","LA","Female",17,"Right-Handed",161,24,162,2,"Car",20,0.29,37,"Walking/Hiking",800,700,800,700,900,1000,24,"Same length",70,70,"Same length","December","Fall","No","No","No favorite","Water","Art",6,6,3,"Yes - broadband connection","Cell phone",75,75,50,2,8,7,15,0,3,25,35,0,0,5,"Some","Graduate degree","Pop","Telepathy","Happy","Relative","Environment"
334,2014,"USA","FL","Male",17,"Right-Handed",174,27,172,2,"Car",25,0.32,59,"Baseball/Softball",1000,1000,1000,1000,1000,1000,28,"Left foot",72,77,"Ring finger","July","Fall","No","No","Meat","Water","Mathematics and statistics",7,9,4,"Yes - broadband connection","Cell phone",9,10,45,3,12,20,7,2,7,1,28,17,0,7,"A lot","Graduate degree","Techno/Electronic","Fly","Happy","Sports person","International aid"
335,2010,"USA","GA","Female",17,"Right-Handed",171,20,173,2,"Car",20,0.31,40,"Athletics",219,594,866,NA,1000,1000,20,"Same length",74,70,"Index finger","May","Fall","No","No","Rice/Noodle dishes","Milk","History",7,9,4,"Yes - broadband connection","Myspace, Facebook, other social networking sites, or blog",30,40,8,11,9,6,6,4,3,1,7,5,10,1,"A lot","Graduate degree","Pop","Fly","Happy","Relative","Religious"
336,2014,"USA","CO","Male",17,"Right-Handed",185,27.5,187,3,"Car",47,0.38,69,"Cycling",679,503,631,460,251,251,27,"Right foot",85,83,"Index finger","January","Winter","Yes","No","Meat","Water","Science",6,9,4,"Yes - broadband connection","Text messaging",70,80,5,1,14,8,14,0,9,12,12,6,22,5,"A lot","Graduate degree","Country","Super strength","Happy","Friend","Wildlife, animals"
337,2011,"USA","SC","Male",17,"Left-Handed",185,27,188,2,"Car",15,0.25,35,"Dancing",200,300,600,NA,1000,1000,26,"Right foot",85,80,"Index finger","September","Summer","No","No","Rice/Noodle dishes","Water","Science",7,10,3,"Yes - broadband connection","Text messaging",100,100,25,1,10,15,5,3,4,2,4,10,0,2,"A lot","Graduate degree","Pop","Fly","Happy","Friend","Religious"
338,2014,"USA","WI","Female",17,"Right-Handed",170,23,173,1,"Car",20,0.44,37,"Other",900,800,800,850,500,1000,23,"Same length",75,77,"Ring finger","June","Summer","Yes","No","Rice/Noodle dishes","Water","Mathematics and statistics",7,11,4,"Yes - other","In person",45,250,1,7,11,12,8,10,2,3,6,5,4,9,"Some","Graduate degree","Rap/Hip hop","Invisibility","Rich","Relative","Wildlife, animals"
339,2013,"USA","WI","Male",14,"Right-Handed",174,32,181,1,"Bus",60,0.24,41,"Other",1000,1000,1000,764,745,850,32,"Same length",75,70,"Index finger","February","Spring","Yes","No","Fruit","Milk","Science",9,6,4,"Yes - broadband connection","In person",150,150,8,1,1,1,2,6,0,1,2,2,6,3,"Some","Graduate degree","Other","Freeze time","Happy","Religious figure","Wildlife, animals"
340,2013,"USA","KY","Male",16,"Right-Handed",170,28,170,1,"Car",5,0.31,48,"Golf",1000,1000,1000,1000,1000,1000,28,"Same length",70,70,"Same length","September","Fall","No","No","Poultry","Water","Computers and technology",7,7,4,"Yes - broadband connection","Cell phone",100,120,10,2,45,32,1,75,52,7,5,6,7,8,"None","Other","Rap/Hip hop","Telepathy","Rich","Business person","Other"
341,2015,"USA","NY","Female",16,"Left-Handed",163,23,153,2,"Car",5,0.9,35,"Running/Jogging",583,663,818,936,203,53,24,"Left foot",80,70,"Index finger","September","Fall","Yes","No","Desserts","Water","Science",7,9,3,"Yes - broadband connection","In person",20,15,2,1,15,3,8,0,2,4,1,0,2,2,"A lot","Graduate degree","Pop","Telepathy","Happy","Relative","International aid"
342,2013,"USA","CO","Female",16,"Right-Handed",178,26,185,1,"Car",15,0.32,33,"Athletics",300,300,800,500,300,200,26,"Same length",108,106,"Index finger","September","Summer","No","No","Meat","Water","Science",7,10,6,"Yes - broadband connection","Cell phone",150,150,25,0,20,10,10,7,7,10,7,7,10,7,"A lot","Graduate degree","Country","Fly","Happy","Sports person","Health"
343,2012,"USA","NY","Male",11,"Right-Handed",146,22,133,2,"Walk",10,0.36,46,"Running/Jogging",503,503,503,503,53,53,22,"Same length",70,70,"Same length","November","Summer","Yes","No","Pizza/Pasta","Juice","Physical education",7,6,5,"Yes - other","In person",0,0,9,0,2,0,9,7,0,0,1,2,9,1,"Some","High school","Reggae","Freeze time","Rich","Friend","Environment"
344,2012,"USA","AL","Male",12,"Right-Handed",149,24,150,2,"Car",15,0.4,63,"Football (American)",417,176,70,NA,1000,1000,23,"Right foot",80,80,"Same length","April","Summer","No","No","Meat","Sports drink","Physical education",7,12,5,"Yes - broadband connection","Myspace, Facebook, other social networking sites, or blog",0,0,2,3,2,1,7,2,1,3,3,4,0,0,"Some","Some college","Techno/Electronic","Telepathy","Happy","Sports person","Religious"
345,2013,"USA","PA","Female",17,"Right-Handed",158,22.9,157,1,"Car",2,0.23,52,"Dancing",620,1000,380,380,749,872,23,"Same length",80,100,"Ring finger","April","Spring","Yes","Yes","Desserts","Water","English",7,9,2,"Yes - broadband connection","Text messaging",70,75,24,5,5,55,15,0,50,2,5,5,14,10,"Some","Undergraduate degree","Pop","Fly","Happy","Relative","Wildlife, animals"
346,2013,"USA","RI","Female",12,"Right-Handed",148,24,150,1,"Car",3,0.6,48,"Dancing",96,80,70,91,1000,1000,23,"Right foot",70,70,"Same length","March","Summer","No","No","Seafood","Water","Art",9,11,4,"Yes - broadband connection","Myspace, Facebook, other social networking sites, or blog",1,1,10,12,12,20,50,1,50,40,30,20,0,2,"Some","Graduate degree","Pop","Telepathy","Famous","Relative","Health"
347,2012,"USA","IN","Male",17,"Right-Handed",165,26,166,2,"Car",10,0.32,27,"Martial Arts",400,500,300,NA,1000,1000,25,"Right foot",65,63,"Index finger","June","Fall","No","No","Soups","Soft drink (caffeinated)","Science",6,12,4,"Yes - broadband connection","Text messaging",0,0,15,0,3,0,0,50,30,30,40,2,0,1,"None","Other","Rock and roll","Freeze time","Healthy","Doctor or nurse","Other"
348,2015,"USA","CA","Female",13,"Right-Handed",164,23,168,2,"Car",5,0.85,62,"Baseball/Softball",1000,900,1000,800,900,1000,23,"Same length",80,85,"Ring finger","July","Winter","No","No","Pizza/Pasta","Water","History",10,10,4,"Yes - other","Myspace, Facebook, other social networking sites, or blog",11,20,3,0,2,6,2,0,4,1,10,4,0,1,"A lot","Other","Pop","Invisibility","Famous","Relative","Wildlife, animals"
349,2011,"USA","CA","Female",17,"Right-Handed",146,22,143,2,"Bus",10,0.34,41,"Tennis",600,700,750,NA,950,950,22,"Same length",88,93,"Ring finger","July","Summer","No","No","Fruit","Tea","Music",6,5,8,"Yes - broadband connection","In person",2,6,6,1,6,2,2,0,2,1,3,7,0,2,"Very little","Graduate degree","Other","Telepathy","Rich","Friend","Arts, culture, sports"
350,2010,"USA","HI","Male",14,"Right-Handed",155,20,152,1,"Car",40,0.36,39,"Walking/Hiking",900,700,1000,NA,600,700,20,"Same length",76,76,"Same length","February","Fall","Yes","No","Desserts","Water","Languages",8,10,4,"Yes - broadband connection","In person",0,0,30,0,21,8,8,1,0,0,4,4,0,2,"Very little","Graduate degree","Other","Freeze time","Healthy","Relative","Wildlife, animals"
351,2014,"USA","MD","Female",16,"Right-Handed",165,25.4,165,2,"Bus",15,0.42,32,"Dancing",550,600,400,900,800,700,26,"Left foot",NA,NA,NA,"October","Summer","Yes","No","No favorite","Water","Other",5,9,6,"Yes - other","Text messaging",100,100,100,5,20,35,20,10,30,100,100,30,40,40,"A lot","Graduate degree","Other","Telepathy","Happy","Doctor or nurse","Health"
352,2013,"USA","PA","Male",16,"Left-Handed",179,27,156,1,"Car",7,0.32,37,"Baseball/Softball",159,321,125,540,603,698,27,"Same length",100,100,"Same length","April","Summer","No","No","Meat","Water","History",7,10,5,"Yes - broadband connection","Text messaging",20,45,5,1,5,1,10,4,2,1,1,8,5,1,"Some","Graduate degree","Rock and roll","Super strength","Happy","Relative","Health"
353,2015,"USA","PA","Male",12,"Right-Handed",164,26,163,1,"Bus",5,0.41,43,"Football (American)",476,476,1000,1000,326,326,26,"Same length",70,77,"Ring finger","February","Summer","Yes","No","Other","Juice","Mathematics and statistics",9,9.5,4,"Yes - broadband connection","Other",0,0,15,0,1,20,12,12,5,0,4,20,0,1,"None","Undergraduate degree","Rap/Hip hop","Telepathy","Healthy","Sports person","Religious"
354,2011,"USA","VA","Male",17,"Right-Handed",173,26.67,200,1,"Car",30,0.33,43,NA,310,497,706,NA,1000,1000,27,"Same length",60.96,60.96,"Same length","June","Summer","Yes","No","Meat","Soft drink (caffeinated)","History",8,10,4,"Yes - other","Text messaging",25,20,5,3,2,0,4,8,4,4,8,7,0,2,"Some","Some college","Country","Super strength","Rich","Sports person","Wildlife, animals"
355,2012,"USA","NE","Male",15,"Right-Handed",187,27,177,2,"Car",10,0.36,65,"Soccer",600,990,500,990,999,999,27,"Same length",85,88,"Ring finger","April","Spring","No","No","Meat","Sports drink","Physical education",7,12,4,"Yes - other","Myspace, Facebook, other social networking sites, or blog",0,0,26,1,25,4,24,2,5,0,6,8,0,4,"Some","Graduate degree","Rock and roll","Telepathy","Happy","Musician or singer","Arts, culture, sports"
356,2014,"USA","FL","Male",17,"Right-Handed",172,27,167,2,"Car",25,0.33,47,"Soccer",550,600,598,632,842,800,26,"Right foot",78,75,"Index finger","November","Summer","Yes","No","Meat","Sports drink","History",6,9,4,"Yes - broadband connection","In person",50,50,15,1,7,1,16,10,6,5,10,2,18,1,"Some","Undergraduate degree","Techno/Electronic","Invisibility","Happy","Relative","Health"
357,2011,"USA","NM","Female",17,"Right-Handed",174,25,174,2,"Car",15,0.33,44,"Tennis",1000,1000,735,NA,1000,1000,25,"Right foot",100,98,"Index finger","August","Fall","Yes","No","No favorite","Water","Music",7,11,4,"Yes - other","Text messaging",25,30,2,0,12,15,0,1,3,18,14,3,0,3,"A lot","Graduate degree","Rock and roll","Telepathy","Happy","Other","Arts, culture, sports"
358,2014,"USA","MI","Male",16,"Left-Handed",171,27,175,1,"Car",10,0.43,59,"Soccer",545,471,433,636,100,100,26,"Right foot",NA,NA,NA,"January","Winter","No","No","Meat","Water","Social studies",8,10,6,"Yes - broadband connection","In person",10,12,3,0,4,2,5,2,0,1,2,1,0,1,"Some","Graduate degree","Rap/Hip hop","Super strength","Happy","Other","International aid"
359,2015,"USA","WI","Male",17,"Right-Handed",166,26,194,1,"Car",10,0.36,36,"Baseball/Softball",230,235,594,893,556,1000,25,"Right foot",75,80,"Ring finger","January","Summer","No","No","Desserts","Milk","Physical education",6,10,3,"Yes - broadband connection","In person",100,97,20,1,0,2,30,0,5,30,10,1,25,0,"Some","Some college","Techno/Electronic","Super strength","Rich","Actor","Arts, culture, sports"
360,2014,"USA","SC","Female",17,"Right-Handed",165,25,166,1,"Bus",5,0.42,33,"None",700,700,700,800,900,1000,25,"Right foot",82,66,"Index finger","November","Fall","Yes","No","Soups","Tea","Mathematics and statistics",7,8,3,"Yes - broadband connection","Text messaging",200,50,5,5,8,10,0,0,0,40,10,7,15,3,"A lot","Other","Rap/Hip hop","Telepathy","Healthy","Relative","Health"
361,2013,"USA","ID","Female",17,"Right-Handed",163,22.5,159,2,"Car",10,0.38,43,"Running/Jogging",225,572,433,519,583,765,23,"Left foot",70,75,"Ring finger","March","Summer","Yes","No","Pizza/Pasta","Water","Science",7,10,4,"Yes - broadband connection","Text messaging",102,112,4,3,10,10,17,0,3,5,4,1,0,4,"A lot","Graduate degree","Other","Telepathy","Happy","Relative","International aid"
362,2013,"USA","WI","Female",13,"Right-Handed",152,21,152,2,"Bus",20,0.47,62,"Baseball/Softball",494,627,503,761,128,213,21,"Same length",70,65,"Index finger","August","Spring","Yes","No","Pizza/Pasta","Water","Art",7,11,3,"Yes - other","Text messaging",50,30,24,5,60,10,10,5,10,5,20,5,0,10,"A lot","Graduate degree","Country","Invisibility","Happy","Musician or singer","Wildlife, animals"
363,2011,"USA","HI","Male",14,"Right-Handed",168,30,167,1,"Other",20,0.26,43,"Baseball/Softball",1000,1000,1000,NA,1000,1000,30,"Same length",80,90,"Ring finger","March","Spring","Yes","No","Meat","Sports drink","Physical education",5,8,4,"Yes - broadband connection","Text messaging",100,100,10,0,5,10,15,1,69,60,60,50,0,10,"Very little","Graduate degree","Rap/Hip hop","Telepathy","Happy","Sports person","Health"
364,2013,"USA","MI","Female",17,"Right-Handed",160,23,162,1,"Car",17,0.5,60,"Running/Jogging",670,750,40,100,999,999,22,"Right foot",95,95,"Same length","February","Fall","No","No","Desserts","Water","Other",7,10,3,"Yes - broadband connection","Text messaging",140,140,10,1,20,15,7,0,11,8,10,20,0,2,"A lot","Graduate degree","Pop","Freeze time","Happy","Other","Wildlife, animals"
365,2010,"USA","IN","Male",17,"Right-Handed",186,25,184,1,"Bus",24,0.23,28,"Bowling",1000,602,488,NA,298,565,25,"Same length",80,80,"Same length","April","Spring","Yes","No","Meat","Powdered drink","Languages",8,9,6,"Yes - broadband connection","Cell phone",5,7,21,3,9,4,2,33,0,1,50,2,0,6,"Some","Graduate degree","Country","Freeze time","Happy","Community leader or elder","International aid"
366,2014,"USA","PA","Female",17,"Right-Handed",163,22,160,1,"Car",10,0.36,32,"Dancing",600,1000,500,600,700,900,22,"Same length",77,75,"Index finger","April","Fall","No","No","Meat","Water","English",7,8,3,"Yes - broadband connection","Cell phone",15,30,2,1,7,8,9,0,3,1,23,1,3,4,"Some","Undergraduate degree","Other","Invisibility","Happy","Other","Health"
367,2012,"USA","NE","Female",11,"Right-Handed",155,21,156,1,"Walk",10,1.02,59,"Dancing",561,626,1000,626,155,155,22,"Left foot",72,65,"Index finger","February","Summer","No","No","Pizza/Pasta","Soft drink (caffeinated)","Science",9,5,5,"Yes - broadband connection","Text messaging",50,50,40,5,15,5,35,10,15,50,10,50,5,10,"Very little","Graduate degree","Pop","Telepathy","Healthy","Musician or singer","Wildlife, animals"
368,2014,"USA","GA","Male",17,"Right-Handed",190,24,193,1,"Car",15,0.31,38,"None",0,0,0,0,0,0,25,"Left foot",76,76,"Same length","August","Spring","No","No","Poultry","Soft drink (caffeinated)","Other",4,NA,2,"Yes - dial-up connection","Text messaging",0,0,0,0,1,0,0,20,0,1,40,1,0,0,"None","Other","Other","Telepathy","Rich","Other","Other"
369,2013,"USA","MA","Male",10,"Right-Handed",139,23,144,2,"Car",15,0.36,55,"Baseball/Softball",1000,1000,100,1000,1000,1000,24,"Left foot",70,75,"Ring finger","August","Summer","Yes","No","Pizza/Pasta","Water","History",10,12,3,"Yes - other","In person",0,0,33,2,4,9,12,16,0,0,23,10,0,5,"Very little","Graduate degree","Rap/Hip hop","Super strength","Famous","Sports person","Education/Youth development"
370,2011,"USA","SC","Female",15,"Right-Handed",170,24,167,2,"Car",20,0.34,40,"Dancing",610,790,70,NA,690,650,23,"Right foot",78,75,"Index finger","September","Fall","Yes","No","Breads/Sandwiches","Water","History",8,9,3,"Yes - broadband connection","Text messaging",70,70,5,1,3,4,16,0,2,3,2,5,0,1,"Some","Graduate degree","Country","Telepathy","Happy","Coach or club leader","Arts, culture, sports"
371,2015,"USA","SC","Female",16,"Right-Handed",170,24,158,1,"Car",15,0.44,34,"Swimming",1000,1000,800,1000,500,500,24,"Same length",70,70,"Same length","March","Summer","No","No","Pizza/Pasta","Water","Languages",8,10,2,"Yes - broadband connection","Text messaging",25,15,35,2,5,10,5,3,10,7,8,10,10,5,"Some","Other","Pop","Fly","Happy","Relative","International aid"
372,2011,"USA","NM","Female",17,"Right-Handed",171,22,174,2,"Car",9,0.26,44,"Baseball/Softball",800,200,900,NA,700,600,22,"Same length",60,60,"Same length","December","Winter","Yes","No","Breads/Sandwiches","Water","Physical education",8,10,3,"Yes - broadband connection","Text messaging",12,20,2,0,3,3,9,0,1,35,1,21,0,4,"A lot","Graduate degree","Reggae","Telepathy","Happy","Coach or club leader","Wildlife, animals"
373,2011,"USA","GA","Female",11,"Left-Handed",151,24,159,1,"Bus",15,0.42,50,"Swimming",503,1000,342,NA,631,1000,24,"Same length",60,80,"Ring finger","May","Winter","Yes","No","Meat","Milk","Art",9,11,4,"Yes - broadband connection","In person",0,0,20,2,8,3,2,1,9,1,2,5,0,2,"Very little","Graduate degree","Pop","Fly","Famous","Relative","Wildlife, animals"
374,2015,"USA","WI","Male",12,"Right-Handed",159,26,157,1,"Car",15,0.31,29,"Dancing",561,877,1000,1000,754,807,26,"Same length",70,60,"Index finger","January","Fall","No","No","Pizza/Pasta","Water","Art",5,7,3,"Yes - other","Cell phone",20,24,10,2,12,7,3,9,20,20,20,12,0,5,"A lot","Graduate degree","Pop","Fly","Rich","Friend","Arts, culture, sports"
375,2014,"USA","NC","Male",13,"Ambidextrous",163,24,161,2,"Car",7,0.32,41,"Soccer",650,500,300,600,600,700,25,"Left foot",65,75,"Ring finger","August","Fall","Yes","No","Rice/Noodle dishes","Juice","Physical education",9,7,3,"Yes - broadband connection","Text messaging",6,6,30,1,3,6,7,4,1,2,3,4,2,4,"Some","Graduate degree","Pop","Invisibility","Happy","Sports person","Education/Youth development"
376,2015,"USA","SC","Female",16,"Right-Handed",164,22,161,1,"Car",15,0.74,59,"Running/Jogging",1000,1000,1000,1000,500,500,23,"Left foot",90,100,"Ring finger","June","Summer","Yes","No","Other","Water","Music",8,11,3,"Yes - broadband connection","In person",104,100,8,2,10,8,6,1,4,14,4,5,0,2,"A lot","Graduate degree","Pop","Invisibility","Happy","Relative","Environment"
377,2015,"USA","CA","Male",11,"Right-Handed",178,28,185,1,"Bicycle",5,0.34,50,"Baseball/Softball",800,600,1000,500,600,300,29,"Left foot",85,90,"Ring finger","May","Summer","Yes","No","Meat","Soft drink (non-caffeinated)","Physical education",8,11,4,"Yes - broadband connection","In person",2,4,2,1,2,3,5,5,3,1,4,1,2,1,"Very little","Graduate degree","Techno/Electronic","Fly","Happy","Business person","International aid"
378,2013,"USA","SC","Female",17,"Right-Handed",168,23,166,2,"Car",15,0.34,40,"Dancing",900,800,1000,500,600,800,24,"Left foot",98,104,"Ring finger","July","Spring","Yes","No","Poultry","Water","English",7,10,3,"Yes - broadband connection","Cell phone",120,128,5,25,12,10,3,0,3,6,4,5,25,2,"Very little","Other","Rhythm and blues (R&B)","Freeze time","Happy","Relative","Health"
379,2015,"USA","CO","Female",17,"Right-Handed",163,24.13,206,1,"Car",14,0.74,40,"Soccer",1000,600,800,400,0,200,24,"Same length",NA,NA,NA,"October","Winter","No","No","Meat","Water","Science",7,9,3,"Yes - broadband connection","Text messaging",200,250,20,4,10,15,10,1,10,10,7,3,5,10,"A lot","Graduate degree","Rap/Hip hop","Freeze time","Happy","Relative","Wildlife, animals"
380,2013,"USA","NC","Female",11,"Right-Handed",150,22,148,1,"Car",5,0.45,49,"Baseball/Softball",500,400,600,300,900,900,22,"Same length",60,60,"Same length","July","Summer","No","No","Meat","Soft drink (non-caffeinated)","Physical education",9,8,6,"Yes - broadband connection","Text messaging",12,13,10,1,10,15,12,1,0,9,20,20,0,2,"Some","Graduate degree","Country","Invisibility","Healthy","Relative","Arts, culture, sports"
381,2015,"USA","TX","Female",17,"Right-Handed",165,25,135,1,"Car",13,0.35,40,"Other",600,800,900,800,900,1000,25,"Same length",70,75,"Ring finger","May","Fall","No","No","No favorite","Water","Science",6,9,5,"Yes - broadband connection","Text messaging",50,80,10,1,13,20,14,0,10,5,5,5,0,0,"A lot","Graduate degree","Pop","Freeze time","Happy","Relative","International aid"
382,2013,"USA","AZ","Female",17,"Left-Handed",160,23,154,1,"Car",5,0.38,45,"Tennis",50,100,50,50,1000,1000,23,"Same length",77,79,"Ring finger","February","Fall","No","No","Breads/Sandwiches","Water","Science",9,10,5,"Yes - broadband connection","Text messaging",100,120,6,0,5,4,3,0,1,3,4,4,0,1,"Some","Graduate degree","Pop","Telepathy","Happy","Relative","International aid"
383,2012,"USA","PA","Female",16,"Right-Handed",154,21,154,1,"Car",2,0.3,60,"Athletics",122,300,900,600,23,91,22,"Left foot",75,60,"Index finger","June","Spring","Yes","Yes","Fruit","Water","History",6,9,5,"Yes - broadband connection","Text messaging",100,101,12,2,10,10,9,1,1,2,4,3,4,2,"Some","Graduate degree","Country","Freeze time","Happy","Relative","Health"
384,2014,"USA","TX","Male",17,"Ambidextrous",178,26.4,180,1,"Car",15,0.35,36,"Baseball/Softball",0,0,0,0,0,0,27,"Left foot",84,77,"Index finger","March","Spring","No","No","Meat","Sports drink","Physical education",7,12,3,"Yes - broadband connection","Text messaging",50,50,30,0,1,6,12,3,2,3,4,20,0,0,"Very little","Graduate degree","Other","Freeze time","Happy","Other","Other"
385,2013,"USA","TX","Female",11,"Right-Handed",132,21,132,2,"Bus",5,0.51,35,"Other",1000,1000,1000,1000,0,0,21,"Same length",60,70,"Ring finger","February","Summer","No","No","Other","Soft drink (non-caffeinated)","Art",10,12,7,"Yes - other","In person",0,0,2,0,1,4,2,0,1,0,1,3,0,0,"Very little","Other","Other",NA,NA,"Relative","Wildlife, animals"
386,2012,"USA","SC","Male",15,"Right-Handed",179,26.5,177,1,"Car",7,0.44,64,"Other",800,900,700,NA,1000,1000,27,"Same length",95,95,"Same length","April","Summer","Yes","No","Meat","Soft drink (caffeinated)","Mathematics and statistics",8,9,3,"Yes - broadband connection","Text messaging",100,90,8,1,4,6,5,10,7,0,12,5,0,1,"A lot","Undergraduate degree","Rap/Hip hop","Super strength","Happy","Sports person","International aid"
387,2011,"USA","GA","Female",11,"Right-Handed",165,24,170,1,"Bus",7,0.47,42,"Soccer",800,1000,900,NA,1000,1000,25,"Left foot",70,80,"Ring finger","January","Summer","Yes","No","Pizza/Pasta","Milk","Art",10,11,4,"Yes - other","Text messaging",12,13,3,1,5,4,4,2,2,2,3,4,0,1,"A lot","Graduate degree","Pop","Invisibility","Famous","Musician or singer","Health"
388,2015,"USA","VA","Male",17,"Left-Handed",163,25.4,163,2,"Car",9,0.38,47,"Football (American)",364,364,684,684,160,203,26,"Left foot",80.9,90.4,"Ring finger","December","Fall","No","No","Meat","Water","English",8,9,6,"Yes - broadband connection","Text messaging",50,70,14,6,3,14,14,1,16,16,16,7,20,9,"A lot","Graduate degree","Rap/Hip hop","Super strength","Rich","Business person","Health"
389,2014,"USA","IL","Male",12,"Right-Handed",170,25,160,1,"Walk",7,0.45,37,"Table Tennis",722,465,134,1000,1000,1000,29,"Left foot",60,75,"Ring finger","August","Summer","No","No","Meat","Milk","Physical education",10,9,5,"Yes - other","Text messaging",5,4,20,1,4,20,5,40,1,2,45,5,0,1,"Very little","Graduate degree","Punk rock","Freeze time","Healthy","Relative","Health"
390,2012,"USA","SC","Male",15,"Right-Handed",173,26,177,2,"Car",15,0.44,45,"Swimming",200,700,700,700,600,600,26,"Same length",80,80,"Same length","April","Summer","Yes","No","Pizza/Pasta","Water","Science",8,11,3,"Yes - broadband connection","Text messaging",40,48,6,1,18,4,10,2,1,1,3,1,0,2,"A lot","Graduate degree","Pop","Invisibility","Happy","Relative","Religious"
391,2013,"USA","PA","Female",17,"Right-Handed",160,23,165,1,"Bus",15,0.42,46,"Other",390,797,572,578,829,786,23,"Same length",75,70,"Index finger","December","Summer","No","No","Fruit","Water","Science",7,10.5,3,"Yes - broadband connection","In person",6,5,21,0,5,12,22,5,0,0,8,4,0,2,"A lot","Graduate degree","Pop","Freeze time","Happy","Religious figure","Arts, culture, sports"
392,2014,"USA","VA","Male",17,"Right-Handed",171,24.8,171,2,"Car",7,0.33,56,"Other",500,350,800,600,750,750,24,"Right foot",NA,NA,NA,"April","Winter","No","No","Soups","Water","Mathematics and statistics",9,7,5,"Yes - broadband connection","In person",0,1,2,0,28,20,1,16,0,1,4,0,0,2,"A lot","Graduate degree","Other","Freeze time","Healthy","Friend","Health"
393,2014,"USA","GA","Male",15,"Left-Handed",185,22.85,191,1,"Car",10,0.21,37,"Baseball/Softball",990,900,1000,500,300,755,23,"Left foot",80,90,"Ring finger","October","Spring","Yes","No","Meat","Sports drink","Physical education",7,11,5,"Yes - broadband connection","Text messaging",22,18,11,1,20,5,25,3,10,2,2,21,0,4,"Some","Graduate degree","Rock and roll","Fly","Rich","Sports person","Health"
394,2011,"USA","HI","Female",15,"Right-Handed",156,22,156,2,"Car",27,0.39,50,"Soccer",540,230,390,NA,770,840,22,"Right foot",60,70,"Ring finger","January","Winter","No","No","Other","Juice","Physical education",10,10,3,"Yes - other","Myspace, Facebook, other social networking sites, or blog",0,0,2,1,11,4,14,14,9,4,13,4,0,2,"A lot","Graduate degree","Rap/Hip hop","Telepathy","Healthy","Business person","International aid"
395,2012,"USA","SC","Male",17,"Right-Handed",177,26,179,1,"Car",10,0.33,40,"None",497,497,604,508,134,134,26,"Same length",85,95,"Ring finger","December","Winter","No","No","Meat","Soft drink (caffeinated)","Science",7,7,3,"Yes - broadband connection","In person",0,0,20,5,1,2,0,0,1,0,3,2,25,1,"None","Some college","Country","Invisibility","Healthy","Friend","Wildlife, animals"
396,2014,"USA","NE","Male",15,"Ambidextrous",182,24,190,3,"Car",20,0.42,57,"Basketball",500,700,800,600,500,900,24,"Same length",76,76,"Same length","May","Summer","No","No","Poultry","Sports drink","Physical education",7,12,5,"Yes - dial-up connection","Text messaging",4,3,6,3,21,4,35,28,42,21,42,14,0,2,"Some","Graduate degree","Rap/Hip hop","Fly","Happy","Sports person","International aid"
397,2014,"USA","GU","Female",16,"Right-Handed",155,21.5,151,1,"Bus",15,0.54,89,"Other",556,1000,578,840,1000,1000,22,"Same length",84,90.5,"Ring finger","February","Fall","No","No","Pizza/Pasta","Water","Other",8,12,3,"Yes - broadband connection","In person",3,1,24,3,1,24,3,0,24,24,24,24,0,0,"A lot","Graduate degree","Other","Freeze time","Happy","Actor","Arts, culture, sports"
398,2015,"USA","CA","Female",17,"Right-Handed",164,24,164,2,"Car",5,0.31,41,"Swimming",600,700,800,500,1000,1000,23,"Right foot",66,75,"Ring finger","February","Fall","No","No","Salads","Water","Mathematics and statistics",6,9,4,"Yes - other","Internet chat or instant messaging",6,13,7,0,40,15,0,0,45,30,80,10,0,2,"Some","Graduate degree","Other","Freeze time","Happy","Relative","Religious"
399,2014,"USA","VA","Male",17,"Right-Handed",167,25,167,2,"Bus",20,0.27,43,"Other",563,543,500,673,956,500,25,"Same length",74,70,"Index finger","January","Spring","No","No","Rice/Noodle dishes","Water","Music",7,8,7,"Yes - broadband connection","In person",3,4,12,1,3,12,4,5,1,1,2,2,0,2,"Very little","Graduate degree","Other","Fly","Happy","Other","Other"
400,2014,"USA","VT","Female",17,"Left-Handed",168,25,175,1,"Car",4,0.7,47,"Dancing",1000,786,513,497,48,37,25,"Right foot",80,85,"Ring finger","October","Fall","No","No","Rice/Noodle dishes","Water","History",9,8,4,"Yes - other","Text messaging",60,65,5,9,1,6,3,0,2,8,8,0,8,2,"Very little","Graduate degree","Country","Invisibility","Happy","Other","Education/Youth development"
401,2014,"USA","CA","Male",11,"Right-Handed",155,25,154,1,"Car",13,0.17,34,"Soccer",610,561,604,588,250,750,25,"Same length",70,70,"Same length","July","Summer","Yes","No","Fruit","Milk","Art",10,6,4,"Yes - other","Text messaging",3,6,35,1,18,3,7,2,1,1,5,3,1,2,"A lot","Other","Rap/Hip hop","Freeze time","Famous","Coach or club leader","Wildlife, animals"
402,2013,"USA","PA","Female",12,"Right-Handed",157,20.32,165,1,"Car",5,0.41,36,"Basketball",400,200,100,300,50,60,22,"Left foot",80,80,"Same length","January","Winter","Yes","No","Rice/Noodle dishes","Tea","Art",6,6,5,"Yes - other","In person",0,0,0,0,14,5,2,10,0,0,10,9,0,0,"Some","Graduate degree","Other","Telepathy","Happy","Relative","Other"
403,2014,"USA","NY","Female",17,"Right-Handed",161,26,102,1,"Car",5,0.86,40,"Other",500,900,1000,400,1000,1000,26,"Same length",100,100,"Same length","July","Summer","Yes","No","Pizza/Pasta","Water","Science",7,11,5,"Yes - other","Text messaging",200,5,24,1,100,2,1,1,2,1,3,7,1,4,"A lot","Graduate degree","Pop","Invisibility","Happy","Actor","Arts, culture, sports"
404,2011,"USA","NJ","Male",17,"Right-Handed",178,25.4,178,1,"Car",15,0.28,38,"Hockey (Ice)",900,900,300,NA,1000,1000,24,"Right foot",71,76,"Ring finger","May","Winter","No","No","Meat","Sports drink","Mathematics and statistics",7,12,5,"Yes - broadband connection","In person",3,5,70,1,0,3,6,40,10,1,50,30,6,1,"Some","Graduate degree","Reggae","Freeze time","Happy","Relative","International aid"
405,2012,"USA","NE","Male",14,"Right-Handed",169,28,171,2,"Car",5,0.38,40,"Basketball",399,697,134,412,588,529,28,"Same length",78,85,"Ring finger","January","Winter","Yes","No","Pizza/Pasta","Juice","Computers and technology",6,10,7,"Yes - broadband connection","Myspace, Facebook, other social networking sites, or blog",51,55,5,1,5,6,8,15,15,2,15,4,0,3,"Some","Graduate degree","Pop","Freeze time","Happy","Relative","Health"
406,2015,"USA","TX","Male",11,"Right-Handed",150,26,158,2,"Car",8,0.49,52,"Walking/Hiking",600,800,200,700,900,900,26,"Same length",72,75,"Ring finger","January","Winter","No","No","Pizza/Pasta","Water","Mathematics and statistics",9,7,5,"Yes - broadband connection","In person",0,0,1,0,2,3,2,6,0,0,2,1,1,2,"Very little","Graduate degree","Other","Freeze time","Rich","Other","Health"
407,2011,"USA","AZ","Male",17,"Right-Handed",185,32,181,1,"Car",7,0.38,37,"Football (American)",400,300,500,NA,1000,1000,32,"Same length",96,99,"Ring finger","February","Summer","Yes","No","Meat","Water","Mathematics and statistics",8,9,4,"Yes - broadband connection","Cell phone",9,10,12,1,19,2,15,2,3,1,9,4,0,1,"Some","Graduate degree","Rock and roll","Telepathy","Happy","Business person","International aid"
408,2014,"USA","CA","Female",11,"Right-Handed",163,26.5,167,1,"Car",7,0.14,40,"Swimming",866,845,1000,791,995,979,27,"Same length",80,82,"Ring finger","May","Winter","Yes","No","Soups","Tea","Computers and technology",11,NA,4,"Yes - broadband connection","In person",40,80,25,1,1,3,14,2,2,3,9,6,0,1,"A lot","Graduate degree","Other","Telepathy","Happy","Friend","International aid"
409,2015,"USA","MS","Female",14,"Right-Handed",163,24,163,2,"Bus",15,0.43,51,"Other",800,700,800,700,950,950,24,"Same length",85,90,"Ring finger","November","Spring","Yes","No","Desserts","Powdered drink","Mathematics and statistics",7,10,5,"No internet connection","Text messaging",50,40,2,1,10,1,10,10,10,10,10,15,40,4,"Some","Graduate degree","Pop","Freeze time","Happy","Community leader or elder","Education/Youth development"
410,2015,"USA","CA","Female",13,"Left-Handed",171,26,163,2,"Walk",10,0.43,46,"Baseball/Softball",995,626,999,587,225,251,27,"Left foot",90,70.5,"Index finger","May","Fall","No","No","Other","Water","Art",6,8,3,"Yes - other","Text messaging",20,34,24,1,15,10,15,6,0,4,4,9,0,16,"A lot","Graduate degree","Other","Fly","Happy","Other","Wildlife, animals"
411,2011,"USA","SC","Female",17,"Right-Handed",177,24,160,1,"Car",10,0.38,27,"Swimming",487,882,765,NA,759,759,24,"Same length",80,85,"Ring finger","March","Fall","No","No","Pizza/Pasta","Tea","English",8,9,4,"Yes - broadband connection","Myspace, Facebook, other social networking sites, or blog",20,20,15,4,6,12,1,0,6,10,10,6,0,2,"Some","Graduate degree","Pop","Invisibility","Happy","Other","Health"
412,2014,"USA","WI","Male",11,"Right-Handed",156,30,151,1,"Car",12,0.16,32,"Soccer",400,700,800,200,0,50,29,"Right foot",70,80,"Ring finger","April","Spring","No","No","No favorite","Other","Physical education",6,5,5,"Yes - other","In person",5,9,6,1,6,8,8,0,0,1,0,2,0,3,"Very little","Graduate degree","Rap/Hip hop","Super strength","Happy","Sports person","Health"
413,2010,"USA","DC","Male",15,"Right-Handed",163,28,168,2,"Rail (Train/Tram/Subway)",30,0.73,41,"Football (American)",364,604,487,NA,1000,1000,27,"Right foot",110,100,"Index finger","September","Summer","No","No","Fruit","Water","Languages",7,NA,5,"Yes - dial-up connection","Text messaging",100,101,5,1,20,20,2,1,3,9,3,1,0,1,"Some","Some college","Other","Freeze time","Rich","Relative","International aid"
414,2013,"USA","RI","Female",12,"Right-Handed",164,24,165,1,"Car",5,0.34,45,"Baseball/Softball",643,563,578,361,368,742,25,"Left foot",90,88,"Index finger","May","Summer","No","No","Pizza/Pasta","Water","Physical education",9,9,3,"Yes - broadband connection","Internet chat or instant messaging",150,160,10,1,5,12,7,1,1,5,1,7,0,3,"Some","Graduate degree","Pop","Telepathy","Happy","Musician or singer","Wildlife, animals"
415,2015,"USA","SC","Female",16,"Right-Handed",163,26,159,2,"Car",11,0.53,43,"Other",700,800,900,650,1000,1000,26,"Same length",75,80,"Ring finger","July","Summer","No","No","Pizza/Pasta","Tea","Physical education",7,9,5,"Yes - other","In person",20,20,1,0,7,4,13,0,3,10,3,0,0,2,"A lot","Graduate degree","Gospel","Fly","Happy","Religious figure","International aid"
416,2013,"USA","WI","Female",12,"Right-Handed",161,25,165,1,"Bus",10,0.52,45,"Other",615,500,750,800,210,350,25,"Same length",90,90,"Same length","September","Winter","No","No","Desserts","Water","Art",8,10,4,"Yes - broadband connection","Text messaging",32,41,45,1,4,30,10,13,0,71,15,21,0,2,"Some","Graduate degree","Country","Telepathy","Happy","Relative","Wildlife, animals"
417,2015,"USA","FL","Male",17,"Right-Handed",183,27,183,1,"Car",35,0.47,37,"Basketball",100,200,300,300,600,900,27,"Right foot",100,98,"Index finger","August","Summer","Yes","No","Meat","Water","Art",8,10,5,"Yes - broadband connection","Text messaging",90,95,15,4,1,1,15,2,8,15,4,6,0,0,"Very little","Graduate degree","Rap/Hip hop","Freeze time","Happy","Relative","Education/Youth development"
418,2012,"USA","SC","Female",17,"Right-Handed",154,23,154,2,"Bus",50,0.48,43,"Walking/Hiking",807,807,807,786,412,406,23,"Same length",85,90,"Ring finger","November","Summer","Yes","Yes","No favorite","Milk","Art",4,8,7,"Yes - broadband connection","In person",0,0,40,4,50,8,3,2,50,50,20,10,0,20,"A lot","Undergraduate degree","Pop","Telepathy","Famous","Actor","International aid"
419,2013,"USA","CA","Female",16,"Right-Handed",158,25,158,1,"Car",2,0.36,37,"Tennis",898,898,791,856,775,818,25,"Same length",72,74,"Ring finger","September","Summer","No","No","No favorite","Water","Mathematics and statistics",6,9,7,"Yes - other","In person",45,50,23,2,16,25,9,1,5,5,10,8,0,10,"A lot","Graduate degree","Rap/Hip hop","Telepathy","Healthy","Relative","Education/Youth development"
420,2015,"USA","MT","Female",15,"Right-Handed",170,24,178,1,"Car",6,0.33,39,"Soccer",999,600,899,799,50,100,24,"Same length",85,95,"Ring finger","November","Fall","Yes","No","Seafood","Water","Languages",5,8,4,"Yes - broadband connection","Text messaging",50,50,10,2,5,10,15,0,10,7,5,4,2,4,"Some","Graduate degree","Other","Fly","Happy","Coach or club leader","International aid"
421,2015,"USA","CA","Male",17,"Right-Handed",180,27,182,1,"Bus",45,0.38,43,"Basketball",50,100,100,100,1000,1000,26,"Right foot",90,70,"Index finger","January","Summer","No","No","Meat","Sports drink","Mathematics and statistics",7,10,4,"Yes - broadband connection","Myspace, Facebook, other social networking sites, or blog",15,15,15,1,50,10,10,5,20,1,50,50,0,1,"Some","Graduate degree","Rap/Hip hop","Telepathy","Rich","Sports person","International aid"
422,2011,"USA","GA","Male",11,"Right-Handed",155,24,158,1,"Bus",20,0.39,71,"Swimming",348,299,299,NA,599,652,24,"Same length",NA,NA,NA,"April","Winter","Yes","No","Desserts","Milk","Social studies",8,8,4,"Yes - broadband connection","In person",0,0,35,0,28,24,0,0,0,0,0,0,0,0,"A lot","Graduate degree","Techno/Electronic","Invisibility","Happy","Other","Arts, culture, sports"
423,2012,"USA","IN","Male",16,"Right-Handed",173,26,168,1,"Car",8,0.34,45,"Soccer",450,450,450,700,1000,1000,26,"Same length",72,75,"Ring finger","August","Spring","Yes","No","Desserts","Water","Mathematics and statistics",8,10,4,"Yes - broadband connection","Text messaging",150,152,4,1,6,10,14,15,2,25,15,7,0,1,"Some","Graduate degree","Punk rock","Freeze time","Happy","Relative","Education/Youth development"
424,2013,"USA","NC","Male",13,"Right-Handed",162,27,170,1,"Car",40,0.37,58,"Football (American)",759,396,941,756,1000,995,25,"Right foot",80,70,"Index finger","August","Winter","Yes","No","Seafood","Soft drink (caffeinated)","Mathematics and statistics",7,10,5,"Yes - broadband connection","Text messaging",0,0,8,0,1,4,5,6,0,0,2,5,6,1,"Some","Graduate degree","Rap/Hip hop","Fly","Happy","Relative","Health"
425,2015,"USA","WI","Female",17,"Right-Handed",160,22,151,2,"Car",20,0.36,36,"Baseball/Softball",900,850,875,1000,700,699,22,"Same length",75,64,"Index finger","February","Spring","Yes","No","Desserts","Water","English",6,9,3,"Yes - broadband connection","Text messaging",10,10,12,1,3,5,2,1,10,5,20,8,5,5,"Some","Undergraduate degree","Rap/Hip hop","Fly","Rich","Friend","Environment"
426,2014,"USA","VA","Male",17,"Right-Handed",185,29,170,1,"Car",24,0.36,44,"Basketball",750,680,632,634,500,700,29,"Same length",60,60,"Same length","February","Fall","Yes","No","Meat","Water","Science",6,10,5,"Yes - broadband connection","Text messaging",30,30,4,0,2,4,7,5,3,5,10,15,0,2,"Some","Graduate degree","Other","Invisibility","Rich","Sports person","Health"
427,2015,"USA","VT","Female",15,"Right-Handed",173,25,167,1,"Car",12,0.74,56,"Soccer",900,700,600,500,550,650,24,"Right foot",75,70,"Index finger","February","Summer","Yes","No","No favorite","Water","Mathematics and statistics",8,10,4,"Yes - other","Text messaging",20,20,10,1,3,2,8,0,5,7,20,10,0,3,"Some","Graduate degree","Pop","Telepathy","Rich","Relative","International aid"
428,2014,"USA","MD","Female",13,"Right-Handed",155,22,198,1,"Bus",15,0.47,53,"Dancing",0,0,380,37,850,690,22,"Same length",69,80,"Ring finger","April","Summer","Yes","No","Poultry","Tea","Physical education",8,NA,5,"Yes - other","Text messaging",30,40,10,8,1,8,0,0,35,0,42,42,0,1,"A lot","Graduate degree","Rap/Hip hop","Invisibility","Rich","Other","International aid"
429,2015,"USA","PA","Female",11,"Right-Handed",150,22,146,1,"Bus",5,0.36,39,"Other",904,749,326,893,198,198,22,"Same length",78,75,"Index finger","May","Spring","Yes","No","Meat","Juice","English",10,9,4,"Yes - broadband connection","In person",10,10,4,0,2,10,2,12,2,1,18,20,0,2,"Some","Graduate degree","Pop","Fly","Happy","Relative","Environment"
430,2014,"USA","IN","Female",15,"Right-Handed",162,23,135,2,"Car",5,0.9,45,"Other",80,80,90,80,90,90,23,"Same length",80,75,"Index finger","December","Winter","No","No","Fruit","Water","Geography",8,10,2,"Yes - broadband connection","Internet chat or instant messaging",20,30,6,3,10,5,3,3,6,3,7,6,0,4,"Some","Undergraduate degree","Pop","Telepathy","Happy","Friend","Health"
431,2015,"USA","NC","Female",17,"Right-Handed",164,24,162,1,"Car",8,0.66,52,"Soccer",1000,1000,900,900,900,800,23,"Right foot",72,77,"Ring finger","April","Fall","Yes","No","Seafood","Water","Science",7,9,3,"Yes - broadband connection","Text messaging",9,11,15,1,5,2,7,1,4,1,1,7,6,1,"A lot","Graduate degree","Other","Telepathy","Happy","Friend","Other"
432,2013,"USA","MI","Female",16,"Right-Handed",168,24.5,170,1,"Car",14,0.29,34,"Soccer",700,500,500,600,200,400,25,"Left foot",67,70,"Ring finger","July","Fall","No","No","Fruit","Water","Science",7,6.5,4,"Yes - broadband connection","In person",9,9,4,1,11,4,10,1,2,1,1,4,7,2,"A lot","Graduate degree","Pop","Telepathy","Healthy","Other","Environment"
433,2013,"USA","NC","Male",17,"Right-Handed",160,23,165,1,"Bus",10,0.54,38,"Baseball/Softball",750,550,450,900,250,500,23,"Same length",75,70,"Index finger","September","Fall","No","No","Meat","Soft drink (caffeinated)","Mathematics and statistics",6,10,3,"Yes - broadband connection","Text messaging",100,102,12,0,2,10,3,30,1,10,7,7,23,3,"Very little","Graduate degree","Techno/Electronic","Freeze time","Happy","Actor","Environment"
434,2015,"USA","CA","Male",8,"Right-Handed",125,18,127,1,"Car",5,0.54,63,"Baseball/Softball",900,950,1000,900,700,500,18,"Same length",65,60,"Index finger","March","Fall","Yes","No","Pizza/Pasta","Water","Mathematics and statistics",10,10,4,"Yes - broadband connection","In person",0,0,5,0,0,30,1,5,0,0,6,6,0,0,"Some","Graduate degree","Pop","Freeze time","Healthy","Other","Health"
435,2015,"USA","MI","Male",17,"Ambidextrous",181,27,107,2,"Car",12,0.34,42,"Baseball/Softball",790,550,830,730,720,800,27,"Same length",NA,NA,NA,"May","Fall","No","No","Pizza/Pasta","Tea","Other",7,12,4,"Yes - broadband connection","Text messaging",100,100,8,2,7,12,6,12,10,11,11,12,21,6,"A lot","Graduate degree","Other","Freeze time","Rich","Business person","Wildlife, animals"
436,2014,"USA","FL","Male",17,"Right-Handed",175,26,175,2,"Car",30,0.3,59,"Baseball/Softball",750,750,750,1000,500,500,26,"Same length",NA,NA,NA,"October","Summer","No","No","Meat","Water","Mathematics and statistics",6,11,4,"Yes - other","Text messaging",50,50,20,10,10,15,10,3,5,10,30,20,0,5,"Some","Graduate degree","Rap/Hip hop","Super strength","Rich","Relative","Education/Youth development"
437,2015,"USA","FL","Male",16,"Right-Handed",170,20,121,1,"Bus",15,0.29,35,"Other",743,337,1000,508,1000,1000,20,"Same length",76,78,"Ring finger","December","Winter","Yes","No","Meat","Soft drink (caffeinated)","Physical education",6,9,5,"Yes - broadband connection","Other",14,13,10,0,4,0,0,20,0,1,20,2,40,5,"Some","Graduate degree","Heavy metal","Fly","Rich","Other","Wildlife, animals"
438,2012,"USA","MI","Male",17,"Left-Handed",175,27.94,173,1,"Car",5,0.27,48,"Football (American)",600,500,500,500,900,900,28,"Same length",79,83,"Ring finger","December","Summer","No","No","Poultry","Water","Social studies",6,9,6,"Yes - broadband connection","Text messaging",30,30,30,12,1,5,15,30,30,30,30,20,12,1,"Very little","Other","Punk rock","Fly","Rich","Politician","International aid"
439,2010,"USA","PA","Female",17,"Right-Handed",173,25,170,1,"Car",10,0.34,34,"Baseball/Softball",588,422,390,NA,840,775,25,"Same length",98,106,"Ring finger","June","Spring","No","No","Desserts","Water","Art",7,10,5,"Yes - broadband connection","In person",0,0,5,0,10,7,8,0,1,0,35,3,0,1,"Some","Undergraduate degree","Pop","Freeze time","Happy","Teacher","International aid"
440,2012,"USA","CA","Male",17,"Right-Handed",168,27.5,168,2,"Car",20,0.32,42,"Tennis",1000,1000,1000,1000,1000,1000,28,"Same length",NA,NA,NA,"September","Spring","No","No","Rice/Noodle dishes","Water","Other",6,8,4,"Yes - broadband connection","Internet chat or instant messaging",10,10,4,0,0,0,35,2,3,1,30,0,17,0,"Very little","Some college","Other","Freeze time","Happy","Other","Health"
441,2015,"USA","MO","Female",17,"Right-Handed",160,23,168,1,"Car",13,0.33,44,"Soccer",642,535,679,599,385,499,23,"Same length",69,77,"Ring finger","August","Summer","Yes","No","Fruit","Water","Languages",7,10,5,"Yes - broadband connection","In person",100,100,10,0,10,15,10,1,5,5,30,5,0,3,"A lot","Graduate degree","Other","Invisibility","Happy","Actor","Arts, culture, sports"
442,2014,"USA","CO","Female",17,"Right-Handed",173,22.86,171,1,"Car",12,0.4,38,"Tennis",503,695,326,187,1000,1000,23,"Left foot",69.85,63.5,"Index finger","June","Summer","Yes","No","Breads/Sandwiches","Water","Art",8,11,4,"Yes - broadband connection","Text messaging",60,60,6,5,15,3,2,2,8,35,15,3,15,1,"A lot","Graduate degree","Other","Fly","Happy","Friend","International aid"
443,2013,"USA","GA","Male",11,"Right-Handed",132,26,132,1,"Bus",5,0.39,56,"Football (American)",80,198,241,1000,1000,1000,27,"Left foot",60,80,"Ring finger","May","Winter","Yes","No","Meat","Energy drink","History",7,5,4,"Yes - other","Cell phone",0,0,6,0,0,4,6,10,0,0,0,11,0,0,"Some","Graduate degree","Reggae","Invisibility","Rich","Business person","Other"
444,2013,"USA","MI","Female",16,"Right-Handed",175,25,183,1,"Car",3,0.39,39,"Cycling",850,800,750,750,900,1000,24,"Right foot",90,82,"Index finger","August","Fall","Yes","No","Pizza/Pasta","Water","Art",7,10,3,"Yes - broadband connection","Text messaging",20,20,10,2,4,20,0,25,2,2,30,6,0,1,"Very little","Graduate degree","Techno/Electronic","Fly","Healthy","Teacher","Wildlife, animals"
445,2013,"USA","MI","Male",17,"Right-Handed",178,29,183,1,"Car",25,0.36,33,"Running/Jogging",631,385,497,668,797,765,29,"Same length",90,85,"Index finger","March","Summer","No","No","Rice/Noodle dishes","Sports drink","Computers and technology",6,5,4,"Yes - broadband connection","Text messaging",100,100,20,0,1,3,12,2,6,65,15,7,10,3,"Very little","Graduate degree","Other","Freeze time","Happy","Relative","International aid"
446,2011,"USA","AZ","Male",15,"Right-Handed",173,26.18,173,1,"Bus",20,0.31,38,"Martial Arts",500,750,1000,NA,500,500,26,"Same length",88.9,93.98,"Ring finger","February","Fall","Yes","No","Meat","Juice","Social studies",9,11,5,"Yes - broadband connection","In person",2,2,7,0,12,16,2,4,2,7,5,14,0,1,"Very little","Other","Rap/Hip hop","Invisibility","Happy","Business person","Arts, culture, sports"
447,2013,"USA","NE","Male",14,"Right-Handed",160,27,170,1,"Car",25,0.55,35,"Bowling",524,503,765,824,1000,1000,27,"Same length",90,90,"Same length","May","Fall","Yes","No","Fruit","Soft drink (caffeinated)","Computers and technology",7,7,6,"Yes - broadband connection","In person",2,3,20,1,20,7,7,10,4,1,62,35,0,1,"A lot","High school","Rock and roll","Freeze time","Rich","Other","Health"
448,2013,"USA","SC","Male",16,"Right-Handed",180,26,184,2,"Car",10,0.33,27,"Swimming",1000,900,1000,1000,800,900,26,"Same length",90,85,"Index finger","September","Summer","Yes","No","Poultry","Water","Geography",8,10,4,"Yes - broadband connection","Internet chat or instant messaging",20,30,30,1,23,7,18,10,0,4,10,2,0,3,"A lot","Graduate degree","Other","Telepathy","Rich","Religious figure","Religious"
449,2015,"USA","CO","Female",17,"Right-Handed",160,23,160,1,"Car",25,0.54,67,"Walking/Hiking",1000,800,700,700,500,750,23,"Same length",70,70,"Same length","February","Fall","No","No","Fruit","Tea","Mathematics and statistics",10,10,4,"Yes - broadband connection","Other",10,10,30,0,2,3,0,0,20,1,15,2,0,1,"Some","Graduate degree","Other","Telepathy","Happy","Doctor or nurse","Wildlife, animals"
450,2015,"USA","MI","Female",16,"Right-Handed",160,20,156,2,"Car",10,0.28,43,"Football (American)",100,200,200,500,800,1000,21,"Left foot",100,100,"Same length","December","Summer","Yes","No","Meat","Water","Music",6,9,3,"Yes - broadband connection","Text messaging",200,200,10,5,6,5,5,0,10,10,5,2,20,3,"A lot","Graduate degree","Pop","Fly","Healthy","Friend","Health"
451,2011,"USA","ID","Male",17,"Right-Handed",177,25.4,180,1,"Car",8,0.22,32,"Tennis",900,700,500,NA,350,400,25,"Same length",87,92,"Ring finger","January","Summer","No","No","Meat","Water","Mathematics and statistics",7,9,5,"Yes - broadband connection","In person",100,120,10,2,10,4,5,9,4,3,5,2,0,3,"A lot","Graduate degree","Rock and roll","Freeze time","Happy","Relative","Wildlife, animals"
452,2015,"USA","PA","Male",17,"Right-Handed",177,28,183,1,"Car",7,0.33,26,"Cycling",500,500,800,900,1000,1000,28,"Same length",110,110,"Same length","September","Winter","No","No","Seafood","Milk","Science",8,8,5,"Yes - broadband connection","Text messaging",15,20,14,0,2,4,4,16,0,2,16,1,0,4,"Very little","Graduate degree","Other","Freeze time","Happy","Relative","Health"
453,2015,"USA","VA","Male",16,"Left-Handed",178,25.4,178,1,"Bus",7,0.35,47,"Lacrosse",500,500,750,800,1000,1000,24,"Right foot",91.44,88.9,"Index finger","August","Summer","No","No","Rice/Noodle dishes","Water","Computers and technology",6,8,5,"Yes - broadband connection","Internet chat or instant messaging",50,50,3,0,3,4,0,63,2,8,70,1,0,2,"Some","Undergraduate degree","Techno/Electronic","Fly","Happy","Community leader or elder","Education/Youth development"
454,2015,"USA","CO","Male",17,"Right-Handed",193,29,202,2,"Car",20,0.31,39,"Baseball/Softball",100,150,250,200,300,300,29,"Same length",95,97,"Ring finger","July","Summer","Yes","No","Pizza/Pasta","Water","Science",8,12,4,"Yes - other","Text messaging",25,20,15,5,7,12,10,12,12,5,10,10,0,5,"Some","High school","Rap/Hip hop","Invisibility","Happy","Teacher","Wildlife, animals"
455,2013,"USA","GA","Female",16,"Right-Handed",169,25,169,2,"Bus",30,0.48,39,"Other",500,500,500,700,900,900,26,"Left foot",75,75,"Same length","October","Fall","Yes","No","Desserts","Energy drink","Art",7,10,4,"Yes - other","Text messaging",75,80,5,3,15,5,4,0,10,20,20,20,8,2,"A lot","Graduate degree","Rap/Hip hop","Freeze time","Rich","Business person","Education/Youth development"
456,2013,"USA","WI","Female",17,"Right-Handed",168,25,169,1,"Car",15,0.32,38,"Athletics",540,652,893,668,840,940,25,"Same length",70,80,"Ring finger","March","Fall","Yes","No","Rice/Noodle dishes","Water","Mathematics and statistics",7,8,5,"Yes - broadband connection","Text messaging",20,20,18,5,15,20,15,0,1,1,5,5,6,6,"Some","Other","Pop","Fly","Happy","Relative","Health"
457,2015,"USA","CA","Male",15,"Right-Handed",167,25,173,2,"Walk",15,0.31,36,"Other",770,909,1000,770,845,845,25,"Same length",76,80,"Ring finger","September","Fall","Yes","No","Meat","Water","Music",8,10,4,"Yes - other","In person",12,26,6,3,6,8,5,2,5,3,6,2,16,5,"Some","Other","Rap/Hip hop","Freeze time","Happy","Relative","Education/Youth development"
458,2014,"USA","ID","Female",17,"Right-Handed",160,23,150,1,"Car",4,0.32,34,"Dancing",100,250,250,500,750,900,23,"Same length",75,75,"Same length","April","Summer","No","No","Fruit","Water","Other",8,8.5,4,"Yes - broadband connection","Text messaging",150,160,5,1,16,5,3,0,4,6,20,0,0,7,"A lot","Graduate degree","Other","Fly","Healthy","Relative","International aid"
459,2015,"USA","CA","Female",11,"Right-Handed",155,23,155,2,"Car",15,0.91,30,"Swimming",1000,1000,1000,1000,50,500,22,"Right foot",70,80,"Ring finger","May","Summer","No","No","No favorite","Water","Physical education",8,10,4,"Yes - other","Myspace, Facebook, other social networking sites, or blog",100,100,0,3,7,14,7,0,2,7,2,21,0,3,"Some","Graduate degree","Pop","Telepathy","Healthy","Other","Health"
460,2013,"USA","NY","Female",17,"Right-Handed",163,26,179,2,"Rail (Train/Tram/Subway)",60,0.43,35,"Dancing",500,600,600,700,800,1000,26,"Same length",97,90,"Index finger","September","Spring","Yes","No","Fruit","Water","Mathematics and statistics",6,9,6,"Yes - broadband connection","Cell phone",300,320,5,2,20,2,5,0,5,10,30,1,0,5,"A lot","Other","Pop","Freeze time","Happy","Friend","Health"
461,2013,"USA","PA","Female",17,"Right-Handed",168,23,165,2,"Car",11,0.46,45,"None",583,743,476,695,1000,1000,23,"Same length",72,77,"Ring finger","January","Spring","Yes","Yes","Desserts","Coffee","Social studies",7,12,4,"Yes - broadband connection","Text messaging",10,10,8,1,7,2,0,3,3,2,28,3,0,0,"A lot","Graduate degree","Rap/Hip hop","Invisibility","Rich","Business person","Education/Youth development"
462,2010,"USA","FL","Female",14,"Right-Handed",165,23,155,2,"Bus",35,0.33,35,"Table Tennis",850,765,920,NA,754,979,23,"Same length",63.5,63.5,"Same length","December","Winter","Yes","No","Seafood","Juice","Science",9,11,5,"Yes - broadband connection","In person",0,0,2,1,10,4,0,0,0,0,7,4,0,1,"Some","Graduate degree","Pop","Fly","Happy","Business person","Environment"
463,2011,"USA","CA","Female",17,"Right-Handed",157,23.5,154,3,"Car",5,0.28,59,"Tennis",400,400,600,NA,1000,1000,24,"Same length",70,75,"Ring finger","May","Winter","Yes","No","No favorite","Water","History",8,9,8,"Yes - other","Text messaging",150,200,3,1,3,0,0,0,24,8,30,2,0,1,"Some","Graduate degree","Other","Telepathy","Happy","Friend","Health"
464,2014,"USA","PA","Male",17,"Right-Handed",182,26.8,179,2,"Car",7,0.39,40,"Table Tennis",450,550,500,750,900,800,26,"Right foot",105,109,"Ring finger","November","Spring","No","No","Desserts","Juice","Computers and technology",7,10,4,"Yes - broadband connection","Internet chat or instant messaging",3,2,9,1,10,1,5,15,3,1,40,0,0,2,"Some","Graduate degree","Rock and roll","Freeze time","Happy","Politician","Arts, culture, sports"
465,2014,"USA","IA","Male",17,"Right-Handed",177,27,180,1,"Car",15,0.34,38,"Basketball",112,203,305,631,663,1000,27,"Same length",85,105,"Ring finger","March","Fall","No","No","Pizza/Pasta","Soft drink (caffeinated)","Physical education",8,8,5,"Yes - broadband connection","Text messaging",21,19,4,1,2,1,20,1,1,2,1,1,1,1,"A lot","Undergraduate degree","Country","Freeze time","Happy","Religious figure","Religious"
466,2013,"USA","OH","Female",10,"Right-Handed",140,19,135,1,"Bus",25,1.16,47,"Gymnastics",400,600,900,900,50,100,19,"Same length",70,70,"Same length","December","Summer","No","No","Fruit","Water","English",10,9,5,"Yes - broadband connection","Text messaging",2,0,4,1,1,45,3,2,1,2,0,6,0,3,"Very little","Graduate degree","Country","Fly","Healthy","Relative","Health"
467,2010,"USA","SC","Female",17,"Right-Handed",170,20,170,1,"Car",5,0.44,43,"Tennis",118,615,492,NA,1000,1000,20,"Same length",76,76,"Same length","November","Spring","Yes","No","Breads/Sandwiches","Water","History",7,11,4,"Yes - broadband connection","Text messaging",100,75,12,2,4,7,10,0,2,20,3,7,0,3,"Some","Graduate degree","Rap/Hip hop","Freeze time","Happy","Actor","Health"
468,2015,"USA","CA","Female",11,"Right-Handed",153,19,150,3,"Car",5,0.39,54,"Dancing",1000,650,1000,1000,200,500,20,"Left foot",70,75,"Ring finger","November","Summer","No","No","No favorite","Milk","Mathematics and statistics",10,12,5,"Yes - broadband connection","Internet chat or instant messaging",0,0,48,1,10,5,2,1,12,5,48,1,1,1,"Some","Graduate degree","Pop","Invisibility","Healthy","Relative","Health"
469,2014,"USA","CA","Male",16,"Left-Handed",170,24.9,163,1,"Car",10,0.32,36,"Other",984,976,989,845,712,1000,25,"Same length",76.2,88.9,"Ring finger","September","Fall","Yes","No","Meat","Water","Music",6,8,3,"Yes - broadband connection","Myspace, Facebook, other social networking sites, or blog",4,2,2,0,4,5,2,3,6,0,7,4,0,0,"Some","Graduate degree","Techno/Electronic","Freeze time","Happy","Relative","Education/Youth development"
470,2015,"USA","CA","Female",12,"Right-Handed",160,26,109,2,"Bicycle",15,0.44,39,"Soccer",900,900,1000,1000,10,1,26,"Same length",75,70,"Index finger","November","Spring","No","Yes","Fruit","Water","Physical education",10,11,5,"Yes - other","Cell phone",0,1,3,1,17,4,14,1,0,0,5,5,0,1,"A lot","Graduate degree","Classical","Telepathy","Happy","Sports person","Arts, culture, sports"
471,2011,"USA","SC","Female",17,"Right-Handed",157,22,152,1,"Car",20,0.33,52,"Running/Jogging",0,100,300,NA,1000,1000,22,"Same length",70,75,"Ring finger","January","Summer","Yes","No","Meat","Water","History",6,10,3,"Yes - broadband connection","Myspace, Facebook, other social networking sites, or blog",150,150,12,1,5,10,0,0,14,24,14,21,0,3,"A lot","Graduate degree","Rap/Hip hop","Telepathy","Rich","Relative","Health"
472,2014,"USA","MI","Male",17,"Right-Handed",183,20,185,1,"Car",20,0.52,44,"Other",358,492,100,638,600,700,20,"Same length",NA,NA,NA,"March","Summer","Yes","No","Meat","Water","Physical education",7,9,3,"Yes - broadband connection","Text messaging",50,50,14,0,1,4,12,0,7,7,7,7,0,3,"None","Undergraduate degree","Country","Super strength","Healthy","Other","Health"
473,2012,"USA","SC","Male",17,"Right-Handed",175,29,173,1,"Car",20,0.3,40,"Football (American)",100,100,100,NA,100,300,30,"Left foot",85,80,"Index finger","June","Summer","No","No","Poultry","Tea","Mathematics and statistics",7,9,4,"Yes - broadband connection","Text messaging",21,24,8,1,8,1,3,0,1,5,1,1,1,1,"A lot","Undergraduate degree","Rap/Hip hop","Invisibility","Happy","Business person","Arts, culture, sports"
474,2014,"USA","GU","Female",14,"Right-Handed",162,23,167,1,"Car",8,0.59,36,"Golf",1000,1000,1000,1000,600,800,24,"Left foot",73,71,"Index finger","December","Winter","Yes",NA,"Rice/Noodle dishes","Water","English",7,9,5,"Yes - broadband connection","Internet chat or instant messaging",50,100,40,5,3,15,6,6,45,28,45,2,0,14,"Very little","Graduate degree","Pop","Freeze time","Happy","Religious figure","Health"
475,2014,"USA","MI","Female",16,"Right-Handed",158,21,157,2,"Other",4,0.37,35,"Basketball",0,0,0,0,0,1000,23,"Left foot",80,80,"Same length","June","Summer","No","No","Meat","Water","Other",7,8,4,"Yes - broadband connection","Text messaging",75,79,100,4,5,7,12,0,60,7,7,28,0,1,"A lot","Graduate degree","Gospel","Telepathy","Famous","Other","Other"
476,2012,"USA","SC","Female",17,"Right-Handed",168,25,173,1,"Car",15,0.92,54,"Dancing",10,5,10,NA,10,10,20,"Right foot",85,80,"Index finger","January","Spring","Yes","No","Seafood","Water","English",6,NA,5,"Yes - broadband connection","Text messaging",150,200,15,10,6,5,3,0,8,18,9,9,12,5,"Some","Graduate degree","Country","Invisibility","Rich","Relative","Religious"
477,2015,"USA","FL","Male",16,"Left-Handed",178,28,164,1,"Car",40,0.8,50,"Running/Jogging",1000,750,1000,1000,800,1000,26,"Right foot",95,70,"Index finger","September","Summer","No","No","Desserts","Soft drink (caffeinated)","Science",8,9,4,"Yes - other","Text messaging",6,5,5,6,8,7,3,25,0,5,18,10,0,0,"A lot","Graduate degree","Pop","Freeze time","Happy","Other","Wildlife, animals"
478,2013,"USA","OH","Male",15,"Right-Handed",181,28,185,1,"Bus",30,0.34,58,"Other",500,1000,750,1000,750,1000,27,"Right foot",80,90,"Ring finger","March","Summer","No","No","Meat","Juice","Computers and technology",6,10,5,"Yes - broadband connection","Internet chat or instant messaging",50,50,4,0,1,2,1,40,6,40,40,0,15,2,"A lot","Graduate degree","Techno/Electronic","Freeze time","Healthy","Friend","Health"
479,2014,"USA","IL","Female",14,"Left-Handed",170,24,176,1,"Car",10,0.45,57,"Swimming",500,100,50,1000,1000,500,25,"Left foot",70,75,"Ring finger","November","Spring","Yes","No","Seafood","Water","Music",8,10,3,"Yes - broadband connection","In person",0,0,5,1,9,12,2,0,0,0,3,15,1,1,"A lot","Graduate degree","Classical","Freeze time","Happy","Relative","Health"
480,2014,"USA","IL","Female",17,"Right-Handed",159,23,159,1,"Car",4,0.33,33,"Walking/Hiking",471,471,455,492,171,75,24,"Left foot",70,68,"Index finger","February","Fall","No","No","No favorite","Water","Social studies",7,10,5,"Yes - broadband connection","Text messaging",40,40,20,4,10,15,8,1,5,20,15,15,0,10,"Some","Graduate degree","Rock and roll","Fly","Happy","Relative","International aid"
481,2015,"USA","CA","Female",17,"Right-Handed",163,22.4,159,4,"Bus",50,0.48,47,"Other",1000,1000,800,800,1000,1000,23,"Left foot",66,76.2,"Ring finger","January","Winter","Yes","No","Desserts","Water","Science",8,10,4,"Yes - broadband connection","Text messaging",25,30,6,2,21,6,8,0,12,6,8,10,0,2,"A lot","Graduate degree","Pop","Telepathy","Happy","Relative","Health"
482,2014,"USA","NE","Female",16,"Right-Handed",170,28,163,1,"Car",35,0.5,40,"Other",305,754,128,37,1000,1000,28,"Same length",81,69,"Index finger","March","Fall","No","No","Pizza/Pasta","Juice","Social studies",5,9,3,"Yes - broadband connection","Text messaging",60,65,7,1,2,4,1,0,9,2,17,0,6,2,"A lot","Graduate degree","Other","Invisibility","Happy","Friend","Religious"
483,2011,"USA","NM","Female",17,"Right-Handed",167,24.5,169,1,"Bus",25,0.38,40,"Dancing",1000,1000,1000,NA,829,829,25,"Same length",72,68,"Index finger","November","Winter","Yes","Yes","Pizza/Pasta","Water","Music",7,7,4,"Yes - broadband connection","Myspace, Facebook, other social networking sites, or blog",2,5,10,35,5,18,0,10,10,2,17,8,7,7,"Some","Graduate degree","Other","Telepathy","Happy","Musician or singer","Other"
484,2011,"USA","NY","Female",17,"Right-Handed",160,24,162,1,"Car",30,0.32,39,"Soccer",941,679,390,NA,203,203,24,"Same length",92,96,"Ring finger","June","Fall","Yes","No","Breads/Sandwiches","Water","Mathematics and statistics",5,7,6,"Yes - other","Text messaging",30,34,5,3,5,17,7,1,5,7,6,7,0,4,"Some","Graduate degree","Rock and roll","Super strength","Happy","Relative","Health"
485,2014,"USA","CA","Female",12,"Right-Handed",99,25,106,2,"Car",11,0.75,39,"Soccer",631,695,829,738,781,797,26,"Left foot",70,80,"Ring finger","June","Summer","Yes","No","Fruit","Milk","Science",8,8,5,"Yes - broadband connection","In person",62,56,28,2,12,16,0,4,0,4,16,4,2,5,"Some","Other","Pop","Fly","Happy","Relative","Education/Youth development"
486,2011,"USA","IN","Female",11,"Right-Handed",137,23,138,1,"Bus",30,0.41,70,"Swimming",144,433,658,NA,273,86,23,"Same length",70,70,"Same length","April","Summer","No","No","Meat","Water","Art",10,9,4,"Yes - dial-up connection","In person",0,0,0,0,14,100,20,1,0,0,1,3,0,20,"A lot","Some college","Country","Invisibility","Healthy","Teacher","Health"
487,2011,"USA","CA","Male",16,"Right-Handed",170,28,175,2,"Car",11,0.3,37,"Other",500,500,462,NA,1000,600,28,"Same length",86,94,"Ring finger","September","Winter","Yes","No","Pizza/Pasta","Water","Music",7,11,6,"Yes - broadband connection","Myspace, Facebook, other social networking sites, or blog",32,37,10,1,17,3,12,1,20,7,20,2,0,2,"A lot","Graduate degree","Rock and roll","Freeze time","Happy","Musician or singer","International aid"
488,2014,"USA","MD","Male",13,"Right-Handed",158,9,168,1,"Bus",30,0.36,53,"Football (American)",8,9,5,10,2,8,9,"Same length",90,70,"Index finger","March","Summer","Yes","No","Meat","Energy drink","Physical education",7,5,6,"Yes - other","Text messaging",100,120,3,7,1,2,5,3,3,4,2,6,2,2,"Some","Graduate degree","Rap/Hip hop","Freeze time","Rich","Sports person","Wildlife, animals"
489,2013,"USA","PA","Female",11,"Right-Handed",152,21,150,2,"Bus",10,0.34,41,"Other",1000,1000,1000,1000,1,10,20,"Right foot",70,70,"Same length","May","Summer","No","No","Pizza/Pasta","Water","Computers and technology",9,10,6,"Yes - other","Myspace, Facebook, other social networking sites, or blog",0,0,6,1,2,2,6,1,1,1,1,4,1,1,"Some","Graduate degree","Other","Telepathy","Healthy","Other","Wildlife, animals"
490,2014,"USA","IL","Male",12,"Right-Handed",165,26,163,1,"Walk",2,0.48,47,"Lacrosse",700,600,500,400,100,100,24,"Right foot",65,68,"Ring finger","December","Winter","Yes","No","Other","Water","Physical education",9,8,4,"Yes - other","Text messaging",0,0,8,0,0,1,1,1,0,0,1,1,1,1,"Some","Graduate degree","Pop","Fly","Rich","Sports person","Other"
491,2015,"USA","OH","Male",15,"Left-Handed",152,28.5,187,1,"Bus",30,0.3,46,"Basketball",0,10,238,264,1000,1000,29,"Left foot",100,100,"Same length","April","Winter","No","No","Meat","Soft drink (caffeinated)","Mathematics and statistics",6,NA,3,"Yes - other","Text messaging",200,250,24,1,2,22,0,50,0,100,0,1,0,0,"A lot","Some college","Rap/Hip hop","Fly","Rich","Sports person","Arts, culture, sports"
492,2013,"USA","RI","Male",14,"Left-Handed",165,27.94,163,1,"Bus",20,0.34,43,"Swimming",600,600,600,600,1000,1000,25,"Right foot",78,85,"Ring finger","March","Summer","No","No","Pizza/Pasta","Water","History",8,10,6,"Yes - broadband connection","Text messaging",300,300,10,1,5,30,20,2,0,3,2,4,0,5,"None","Other","Country","Freeze time","Rich","Doctor or nurse","Health"
493,2010,"USA","DC","Male",12,"Ambidextrous",144,22,146,1,"Skateboard/Scooter/Rollerblade",20,0.37,50,"Soccer",866,861,872,NA,1000,1000,22,"Same length",60,75,"Ring finger","March","Summer","Yes","No","Rice/Noodle dishes","Sports drink",NA,7,9,4,"Yes - other","Text messaging",14,16,6,3,3,5,2,3,0,5,1,4,5,5,"Some","Other","Rap/Hip hop","Freeze time","Rich","Friend","Arts, culture, sports"
494,2014,"USA","PA","Male",17,"Left-Handed",183,28,186,1,"Car",8,0.74,41,"Basketball",500,300,650,600,750,900,26,"Right foot",70,70,"Same length","June","Summer","No","No","Pizza/Pasta","Milk","History",7,8,6,"Yes - broadband connection","Text messaging",155,150,7,1,12,6,11,2,28,30,1,21,12,1,"Some","Graduate degree","Rap/Hip hop","Telepathy","Happy","Sports person","Health"
495,2010,"USA","DC","Male",12,"Left-Handed",157,27,164,1,"Car",7,0.3,37,"Football (American)",830,780,890,NA,999,999,19,"Right foot",73,80,"Ring finger","June","Spring","Yes","No","Other","Water","History",8,NA,4,"Yes - broadband connection","In person",0,0,11,2,3,5,8,4,3,0,2,6,5,1,"A lot","Graduate degree","Rap/Hip hop","Freeze time","Rich","Business person","International aid"
496,2015,"USA","IL","Male",17,"Right-Handed",175,26,175,1,"Car",12,0.34,44,"Golf",500,700,600,500,1000,1000,26,"Same length",90,85,"Index finger","March","Summer","Yes","No","No favorite","Milk","Physical education",8,8,4,"Yes - broadband connection","Text messaging",20,20,2,0,4,2,2,20,1,5,40,5,2,1,"Some","Graduate degree","Techno/Electronic","Telepathy","Happy","Relative","Arts, culture, sports"
497,2012,"USA","NE","Male",11,"Right-Handed",153,24,152,1,"Car",5,0.38,76,"Football (American)",850,850,500,800,200,200,24,"Same length",85,95,"Ring finger","March","Summer","No","No","Meat","Milk","Computers and technology",10,8,4,"Yes - broadband connection","Text messaging",2,3,2,0,3,4,2,0,0,1,0,2,0,3,"Very little","Some college","Country","Freeze time","Rich","Other","Wildlife, animals"
498,2014,"USA","VA","Female",17,"Right-Handed",170,23,156,1,"Car",27,0.38,56,"Running/Jogging",847,900,1000,1000,900,999,19,"Right foot",75,70,"Index finger","May","Fall","No","No","Pizza/Pasta","Water","English",7,10,4,"Yes - other","In person",25,25,5,1,7,5,10,0,4,5,5,3,0,4,"Some","Graduate degree","Rhythm and blues (R&B)","Telepathy","Happy","Friend","International aid"
499,2015,"USA","CA","Male",12,"Right-Handed",161,26,150,2,"Car",5,0.69,44,"Basketball",930,904,1000,1000,0,0,26,"Same length",80,70,"Index finger","June","Summer","No","No","Meat","Water","Mathematics and statistics",8,6,4,"Yes - other","Text messaging",4,4,3,0,1,3,2,3,1,0,0,1,0,0,"Some","Undergraduate degree","Rap/Hip hop","Fly","Happy","Sports person","Wildlife, animals"
500,2015,"USA","CO","Female",16,"Right-Handed",169,22,169,2,"Car",8,0.66,60,"Other",369,824,134,481,786,917,23,"Left foot",78,66,"Index finger","November","Summer","No","No","Desserts","Water","Mathematics and statistics",8,10,4,"Yes - broadband connection","Text messaging",20,20,20,1,10,5,8,0,3,1,15,10,25,5,"A lot","Undergraduate degree","Pop","Fly","Happy","Business person","Wildlife, animals"
501,2015,"USA","MI","Female",17,"Right-Handed",163,22.86,152,1,"Car",8,0.4,47,"Other",500,600,100,200,900,1000,23,"Same length",76.2,75,"Index finger","June","Summer","No","No","Fruit","Water","Art",8,9,5,"Yes - other","Text messaging",300,300,5,1,5,3,15,2,2,10,2,5,0,0,"A lot","Undergraduate degree","Pop","Telepathy","Happy","Relative","Education/Youth development"
502,2011,"USA","GA","Male",12,"Right-Handed",161,24,168,1,"Bus",30,0.53,54,"Swimming",952,1000,914,NA,965,973,23,"Right foot",70,63,"Index finger","September","Fall","No","No","Meat","Sports drink","Physical education",9,8,4,"Yes - broadband connection","In person",0,0,8,1,7,8,9,4,3,2,5,4,2,2,"Some","Graduate degree","Pop","Fly","Happy","Doctor or nurse","Education/Youth development"
503,2014,"USA","WI","Female",17,"Right-Handed",170,23,173,1,"Car",20,0.44,37,"Other",900,800,800,850,500,1000,23,"Same length",75,77,"Ring finger","June","Summer","Yes","No","Rice/Noodle dishes","Water","Mathematics and statistics",7,11,4,"Yes - other","In person",45,250,1,7,11,12,8,10,2,3,6,5,4,9,"Some","Graduate degree","Rap/Hip hop","Invisibility","Rich","Relative","Wildlife, animals"
504,2015,"USA","CA","Female",16,"Right-Handed",135,21,135,2,"Bus",45,0.3,48,"Basketball",1000,1000,1000,1000,500,1000,22,"Left foot",66.5,66,"Index finger","October","Winter","Yes","No","Soups","Tea","Science",7,9,4,"Yes - broadband connection","Text messaging",300,300,8,3,8,3,0,0,6,10,2,4,10,2,"Some","Undergraduate degree","Rap/Hip hop","Invisibility","Happy","Relative","International aid"
505,2015,"USA","MI","Female",17,"Right-Handed",168,24,170,1,"Car",9,0.32,42,"Baseball/Softball",80,116,520,200,900,990,25,"Left foot",70,80,"Ring finger","May","Spring","No","No","No favorite","Soft drink (caffeinated)","Science",7,9,3,"Yes - broadband connection","Text messaging",100,200,10,10,5,10,30,5,30,30,20,30,30,5,"Very little","Graduate degree","Rap/Hip hop","Telepathy","Rich","Sports person","Wildlife, animals"
506,2015,"USA","FL","Male",11,"Right-Handed",155,20,155,2,"Car",6,0.28,66,"None",925,770,727,615,203,171,21,"Left foot",60,60,"Same length","November","Winter","No","No","Other","Soft drink (caffeinated)","Science",9,10,3,"Yes - broadband connection","In person",0,0,7,4,5,5,1,6,1,2,4,4,0,1,"Some","High school","Pop","Invisibility","Happy","Business person","Wildlife, animals"
507,2015,"USA","NC","Male",17,"Right-Handed",177,26,176,2,"Car",40,0.3,44,"Soccer",600,300,700,700,500,750,26,"Same length",82,85,"Ring finger","May","Fall","Yes","No","Pizza/Pasta","Water","Social studies",4,9,4,"Yes - broadband connection","In person",10,10,10,1,45,3,10,10,14,1,30,10,1,5,"A lot","Graduate degree","Other","Invisibility","Happy","Friend","International aid"
508,2013,"USA","SC","Female",17,"Right-Handed",163,23.3,164,1,"Car",15,0.38,43,"Basketball",600,700,800,500,900,800,23,"Left foot",92,94,"Ring finger","June","Summer","Yes","No","Pizza/Pasta","Soft drink (caffeinated)","Languages",6,8,2,"Yes - broadband connection","Text messaging",20,45,10,2,4,1,1,0,1,4,10,20,30,1,"A lot","Graduate degree","Other","Invisibility","Happy","Relative","Arts, culture, sports"
509,2014,"USA","NC","Female",13,"Right-Handed",173,20,153,1,"Bus",45,0.4,54,"Swimming",476,476,465,476,1000,1000,19,"Right foot",70,60,"Index finger","April","Winter","Yes","No","Poultry","Soft drink (caffeinated)","Mathematics and statistics",7,5,2,"Yes - other","Myspace, Facebook, other social networking sites, or blog",80,88,8,2,1,4,0,2,2,2,1,6,0,1,"Some","Graduate degree","Rap/Hip hop","Invisibility","Happy","Relative","Arts, culture, sports"
510,2015,"USA","CO","Male",17,"Right-Handed",180,25,188,1,"Car",15,0.36,34,"Walking/Hiking",1000,1000,1000,1000,0,0,25,"Same length",NA,NA,NA,"December","Winter","Yes","No","No favorite","Water","Science",3,11,6,"Yes - broadband connection","In person",1,1,0,0,10,5,0,5,0,0,6,0,0,0,"Very little","Graduate degree","Heavy metal","Telepathy","Rich","Relative","Wildlife, animals"
511,2014,"USA","WI","Male",17,"Left-Handed",185,25,185,1,"Bus",40,0.61,47,"Running/Jogging",500,500,500,500,100,100,25,"Same length",92,87,"Index finger","February","Fall","No","No","Fruit","Water","Other",6,10,4,"Yes - broadband connection","In person",5,5,10,1,12,10,5,5,1,1,10,3,0,6,"Some","Undergraduate degree","Jazz","Invisibility","Happy","Musician or singer","International aid"
512,2014,"USA","FL","Male",17,"Right-Handed",182,28,189,1,"Car",22,0.3,30,"None",500,600,900,800,1000,1000,28,"Same length",77,75,"Index finger","February","Fall","No","No","Meat","Soft drink (caffeinated)","Computers and technology",7,6,4,"Yes - broadband connection","In person",7,6,7,2,19,7,0,31,0,1,33,0,0,2,"Some","Graduate degree","Techno/Electronic","Telepathy","Happy","Teacher","Education/Youth development"
513,2012,"USA","CA","Female",17,"Right-Handed",169,25,173,1,"Car",20,0.3,35,"Running/Jogging",500,500,500,500,200,300,26,"Left foot",75,75,"Same length","June","Summer","Yes","No","Meat","Water","Mathematics and statistics",6,11,5,"Yes - other","Text messaging",150,150,30,1,16,25,12,1,25,70,60,10,0,1,"Some","Graduate degree","Country","Fly","Happy","Musician or singer","Health"
514,2014,"USA","MN","Female",16,"Right-Handed",170,25,170,1,"Car",5,0.35,35,"Other",800,500,300,300,900,1000,25,"Same length",67,66,"Index finger","May","Summer","Yes","No","Pizza/Pasta","Coffee","Music",6,10,4,"Yes - broadband connection","Internet chat or instant messaging",15,15,4,10,12,2,0,5,21,45,50,7,15,0,"A lot","Undergraduate degree","Punk rock","Fly","Happy","Friend","Other"
515,2014,"USA","PA","Male",17,"Right-Handed",186,27,188,1,"Walk",15,0.4,40,"Dancing",400,700,400,400,1000,1000,27,"Right foot",NA,NA,NA,"May","Spring","No","Yes","Rice/Noodle dishes","Water","Social studies",9,7,3,"Yes - broadband connection","Cell phone",12,8,7,2,4,12,10,12,6,6,40,2,4,6,"Very little","Graduate degree","Rap/Hip hop","Freeze time","Happy","Teacher","Arts, culture, sports"
516,2014,"USA","VA","Male",17,"Right-Handed",171,28,171,1,"Car",10,0.32,47,"Soccer",700,700,850,850,400,350,27,"Right foot",60,70,"Ring finger","March","Summer","Yes","No","Pizza/Pasta","Water","History",7,10,4,"Yes - broadband connection","Text messaging",30,30,3,1,10,1,10,1,3,5,2,1,10,1,"Some","Graduate degree","Rap/Hip hop","Fly","Rich","Relative","Health"
517,2012,"USA","PA","Female",10,"Right-Handed",149,23,158,2,"Car",25,0.46,21,"Hockey (Field)",1000,950,950,950,200,200,22,"Right foot",90,90,"Same length","March","Fall","Yes","Yes","Pizza/Pasta","Water","Art",8,10,4,"Yes - other","In person",0,0,20,1,6,15,15,1,0,0,1,2,0,0,"Very little","Graduate degree","Pop","Telepathy","Happy","Relative","Wildlife, animals"
518,2013,"USA","CA","Female",12,"Right-Handed",159,20,146,1,"Car",20,0.48,47,"Martial Arts",1000,900,1000,900,500,500,20,"Same length",65,70,"Ring finger","April","Summer","No","No","Seafood","Water","Mathematics and statistics",9,7,4,"Yes - broadband connection","Cell phone",4,5,5,1,3,1,3,1,0,1,1,1,0,2,"Some","Graduate degree","Pop","Telepathy","Happy","Business person","International aid"
519,2012,"USA","OH","Male",12,"Right-Handed",173,31,211,3,"Car",7,0.19,30,"Football (American)",1000,1000,1000,1000,500,750,31,"Same length",95,95,"Same length","March","Fall","No","No","Meat","Soft drink (caffeinated)","Science",8,7,5,"Yes - broadband connection","Text messaging",100,110,10,1,2,1,7,5,2,3,2,1,0,0,"Some","Undergraduate degree","Rap/Hip hop","Fly","Rich","Coach or club leader","Wildlife, animals"
520,2015,"USA","WI","Male",17,"Right-Handed",175,25,175,1,"Car",15,0.39,51,"Other",500,750,1000,1000,250,500,25,"Same length",60,60,"Same length","September","Fall","Yes","No","Meat","Water","Mathematics and statistics",8,10,4,"Yes - broadband connection","Text messaging",10,15,5,1,1,1,30,1,5,1,3,1,0,5,"Very little","Some college","Rap/Hip hop","Fly","Healthy","Sports person","International aid"
521,2014,"USA","TX","Female",17,"Left-Handed",158,22,164,2,"Car",12,0.33,45,"Other",100,300,200,100,500,500,22,"Same length",90,86,"Index finger","August","Fall","No","No","Poultry","Water","History",7,9,3,"Yes - broadband connection","Text messaging",100,130,12,1,4,5,15,0,2,6,7,2,0,0,"Very little","Graduate degree","Other","Fly","Healthy","Relative","Health"
522,2013,"USA","CA","Male",17,"Right-Handed",177,26.67,127,2,"Car",5,0.46,40,"Soccer",600,700,1000,900,800,800,27,"Same length",NA,NA,NA,"July","Winter","No","No","Meat","Sports drink","Physical education",7,5,5,"Yes - other","Text messaging",15,10,16,8,10,15,10,0,0,20,10,7,14,7,"Some","Some college","Rap/Hip hop","Freeze time","Happy","Relative","International aid"
523,2014,"USA","CA","Female",17,"Left-Handed",147,20,137,2,"Walk",7,0.3,53,"Other",1000,1000,1000,1000,500,500,20,"Same length",63,75,"Ring finger","June","Summer","No",NA,"Meat","Juice","Music",7,8,3,"Yes - dial-up connection","Text messaging",0,8,30,1,7,50,10,50,2,1,50,5,8,7,"A lot","Graduate degree","Pop","Telepathy","Happy","Religious figure","Religious"
524,2012,"USA","CA","Female",16,"Right-Handed",172,25,171,2,"Car",35,0.36,34,"Dancing",524,604,802,749,294,337,25,"Same length",70,75,"Ring finger","February","Summer","No","No","Fruit","Water","Music",6,10,4,"Yes - broadband connection","Text messaging",15,20,25,1,7,12,7,2,1,3,40,6,3,2,"A lot","Graduate degree","Other","Invisibility","Happy","Musician or singer","International aid"
525,2013,"USA","MD","Female",13,"Ambidextrous",165,15.24,165,4,"Bus",30,0.34,31,"Other",872,620,556,1000,867,867,15,"Same length",81.28,81.28,"Same length","February","Winter","No","No","Rice/Noodle dishes","Tea","Science",6,NA,4,"Yes - other","Myspace, Facebook, other social networking sites, or blog",0,0,0,0,2,5,10,35,2,0,35,0,0,2,"Very little","Graduate degree","Other","Super strength","Happy","Other","Wildlife, animals"
526,2014,"USA","NJ","Male",11,"Right-Handed",160,30,165,1,"Car",7,0.37,42,"Other",700,700,750,800,800,900,25,"Right foot",75,75,"Same length","November","Winter","No","No","Pizza/Pasta","Coffee","History",6,9,4,"Yes - other","In person",0,0,5,1,3,5,2,4,0,0,3,2,5,7,"A lot","Other","Jazz","Telepathy","Healthy","Relative","International aid"
527,2015,"USA","CA","Female",12,"Ambidextrous",120,25,229,2,"Car",25,0.37,38,"Other",100,700,1000,950,800,900,25,"Same length",69,74,"Ring finger","November","Summer","Yes","No","Meat","Soft drink (caffeinated)","Art",7,10,4,"Yes - other","Text messaging",0,2,3,0,1,2,3,0,0,4,4,5,7,1,"A lot","Graduate degree","Other","Freeze time","Rich","Relative","Environment"
528,2014,"USA","NJ","Female",10,"Right-Handed",144,19,143,2,"Car",5,0.42,62,"Walking/Hiking",800,800,800,800,900,900,19,"Same length",70,75,"Ring finger","April","Spring","No","No","Pizza/Pasta","Water","Mathematics and statistics",9,8,7,"Yes - broadband connection","In person",0,0,0,0,5,3,2,10,0,0,10,0,0,5,"Very little","Graduate degree","Other","Invisibility","Healthy","Relative","International aid"
529,2013,"USA","CA","Male",17,"Right-Handed",160,23.5,147,2,"Walk",15,0.36,48,"Basketball",900,800,1000,800,500,500,24,"Same length",75,85,"Ring finger","July","Winter","No","No","Meat","Water","English",7,9,4,"Yes - dial-up connection","Text messaging",100,120,40,5,30,10,10,5,10,35,20,10,0,4,"Some","Graduate degree","Pop","Super strength","Happy","Religious figure","Religious"
530,2015,"USA","VA","Male",17,"Right-Handed",177,27.94,177,1,"Car",15,0.28,50,"Martial Arts",900,900,900,900,800,800,28,"Same length",76.2,77.1,"Ring finger","June","Summer","No","No","Meat","Water","History",7,9,4,"Yes - broadband connection","Text messaging",50,50,8,1,4,5,8,5,2,2,2,0,8,2,"Some","Graduate degree","Reggae","Telepathy","Happy","Relative","International aid"
531,2015,"USA","CA","Female",12,"Right-Handed",150,27,148,3,"Car",30,0.58,54,"Soccer",417,754,893,893,1000,1000,27,"Same length",110,70,"Index finger","September","Summer","No","No","No favorite","Tea","Other",6,NA,2,"Yes - other","Internet chat or instant messaging",277,281,20,1,3,17,2,1,7,7,7,1,0,1,"A lot","Graduate degree","Gospel","Freeze time","Happy","Other","Religious"
532,2012,"USA","AZ","Male",17,"Right-Handed",183,29,188,1,"Bicycle",5,0.25,30,"Baseball/Softball",680,320,700,400,950,1000,29,"Same length",94,84,"Index finger","July","Summer","Yes","No","Meat","Water","Physical education",8,8,4,"Yes - broadband connection","Text messaging",35,33,30,5,4,15,9,60,10,70,90,30,0,6,"Very little","Undergraduate degree","Rap/Hip hop","Telepathy","Rich","Sports person","Education/Youth development"
533,2011,"USA","HI","Male",14,"Left-Handed",173,25,175,1,"Car",5,0.32,41,"Baseball/Softball",278,770,604,NA,209,385,25,"Same length",76.2,88.9,"Ring finger","August","Summer","Yes","No","Meat","Sports drink","Physical education",8,12,4,"Yes - other","Text messaging",0,0,6,1,7,3,8,2,0,0,4,8,0,2,"Some","Graduate degree","Pop","Invisibility","Happy","Coach or club leader","International aid"
534,2015,"USA","MT","Female",16,"Right-Handed",171,24,154,1,"Car",12,0.46,30,"Walking/Hiking",497,508,701,519,647,759,25,"Left foot",75,72,"Index finger","July","Fall","Yes","No","Pizza/Pasta","Milk","English",7,7.5,4,"Yes - broadband connection","In person",47,46,35,0,2,14,0,0,28,3,3,14,12,3,"Some","Some college","Reggae","Freeze time","Happy","Relative","Environment"
535,2013,"USA","PA","Female",11,"Right-Handed",132,23,148,1,"Bus",15,0.41,31,"Gymnastics",1000,1000,1000,1000,1000,1000,22,"Right foot",70,70,"Same length","February","Spring","No","No","Desserts","Juice","Music",8,NA,6,"Yes - broadband connection","Telephone",0,0,0,3,0,0,3,5,0,0,0,5,0,0,"Very little","Graduate degree","Rap/Hip hop","Super strength","Rich","Musician or singer","Education/Youth development"
536,2014,"USA","KS","Female",15,"Right-Handed",170,23,172,2,"Car",5,0.81,47,"Baseball/Softball",900,400,500,300,100,200,23,"Same length",72,71,"Index finger","June","Summer","No","No","Meat","Water","History",9,9,3,"Yes - other","Text messaging",200,300,3,5,5,2,2,1,2,4,4,3,1,1,"Some","Graduate degree","Pop","Telepathy","Happy","Actor","Health"
537,2013,"USA","KY","Male",13,"Right-Handed",167,27,169,1,"Car",6,0.48,20,"Football (American)",439,535,850,888,535,235,27,"Same length",82,73,"Index finger","November","Spring","No","No","Meat","Soft drink (non-caffeinated)","Mathematics and statistics",6,5,5,"Yes - broadband connection","Text messaging",5,7,8,2,7,2,3,10,1,2,8,4,6,1,"A lot","Graduate degree","Pop","Freeze time","Happy","Religious figure","Education/Youth development"
538,2012,"USA","CA","Female",17,"Right-Handed",170,24,179,2,"Car",10,0.3,44,"Swimming",800,800,1000,980,1000,1000,25,"Left foot",75,80,"Ring finger","January","Summer","Yes","No","No favorite","Water","Music",7,9,4,"Yes - broadband connection","Myspace, Facebook, other social networking sites, or blog",3,3,6,0,21,24,6,0,2,1,18,10,0,8,"Some","Graduate degree","Pop","Freeze time","Healthy","Teacher","International aid"
539,2015,"USA","VA","Male",17,"Right-Handed",192,27,191,1,"Bus",10,0.33,45,"Other",750,750,500,500,750,750,27,"Same length",90,97,"Ring finger","April","Fall","No","Yes","Pizza/Pasta","Water","History",8,12,3,"Yes - broadband connection","Text messaging",25,25,12,1,5,3,12,12,1,3,24,3,0,1,"Some","Graduate degree","Rap/Hip hop","Invisibility","Happy","Musician or singer","Environment"
540,2013,"USA","VA","Female",17,"Right-Handed",166,22,164,1,"Car",15,0.25,40,"Baseball/Softball",1000,1000,920,920,0,0,22,"Same length",73,80,"Ring finger","March","Summer","No","No","Poultry","Water","English",9,10,4,"Yes - other","Text messaging",30,30,50,2,0,50,10,0,4,6,4,7,8,5,"Some","Graduate degree","Pop","Telepathy","Happy","Other","International aid"
541,2014,"USA","CA","Female",16,"Right-Handed",163,25,164,2,"Car",8,0.82,68,"Swimming",300,200,400,400,500,500,25,"Right foot",110,75,"Index finger","December","Summer","Yes","No","Pizza/Pasta","Water","Mathematics and statistics",7,9,5,"Yes - broadband connection","Text messaging",100,110,3,1,6,5,4,1,3,7,3,0,0,2,"Some","Graduate degree","Pop","Invisibility","Happy","Musician or singer","Health"
542,2013,"USA","NY","Male",13,"Left-Handed",171,26.5,172,1,"Bus",32,0.5,41,"Table Tennis",400,550,450,500,750,900,27,"Same length",NA,NA,NA,"March","Spring","No","No","Pizza/Pasta","Milk","History",9,11.5,5,"Yes - broadband connection","In person",0,0,3,0,10,1,0,7,1,0,3,1,0,1,"A lot","Graduate degree","Rock and roll","Freeze time","Happy","Teacher","Religious"
543,2015,"USA","CA","Female",16,"Right-Handed",142,22,150,2,"Car",6,0.44,50,"None",700,700,900,1000,1000,1000,22,"Same length",70,60,"Index finger","November","Summer","Yes","No","Meat","Water","Other",6,10,4,"Yes - broadband connection","In person",40,50,30,1,8,15,0,0,10,8,10,6,0,3,"A lot","Graduate degree","Rock and roll","Invisibility","Happy","Relative","Wildlife, animals"
544,2014,"USA","MI","Male",17,"Right-Handed",178,26.67,191,1,"Car",2,0.28,49,"Soccer",50,50,90,70,80,90,27,"Same length",82.55,76.2,"Index finger","July","Fall","No","No","Vegetables","Water","Science",7,7,3,"Yes - broadband connection","In person",1,0,15,0,10,7,20,10,1,0,10,0,0,1,"Very little","Graduate degree","Rap/Hip hop","Telepathy","Happy","Relative","Health"
545,2015,"USA","WA","Male",17,"Right-Handed",181,26,192,1,"Car",10,0.26,55,"Other",1,500,500,1,1,1000,26,"Same length",70,70,"Same length","February","Summer","Yes","No","Poultry","Sports drink","Physical education",8,9,4,"Yes - broadband connection","Text messaging",75,150,60,1,0,60,8,0,10,10,5,20,25,2,"None","Graduate degree","Rap/Hip hop","Fly","Rich","Relative","Health"
546,2014,"USA","MT","Male",17,"Right-Handed",179,31,174,1,"Car",25,0.14,30,"Football (American)",300,300,500,300,700,1000,28,"Right foot",NA,NA,NA,"February","Winter","No","No","Meat","Water","Science",8,5,4,"Yes - broadband connection","In person",150,200,12,1,10,15,20,5,5,10,20,5,0,15,"A lot","Graduate degree","Country","Fly","Rich","Doctor or nurse","Wildlife, animals"
547,2011,"USA","OH","Female",11,"Right-Handed",147,23,140,1,"Car",10,0.72,49,"Baseball/Softball",1000,1000,1000,NA,0,0,23,"Same length",90,90,"Same length","May","Summer","No","No","Fruit","Tea","Physical education",9,10,5,"No internet connection","In person",0,0,40,12,5,8,8,0,0,0,0,44,0,8,"Very little","Graduate degree","Country","Telepathy","Happy","Musician or singer","International aid"
548,2011,"USA","OH","Female",17,"Right-Handed",177,24,175,1,"Car",17,0.28,32,"Athletics",900,1000,500,NA,1000,1000,25,"Left foot",95,99,"Ring finger","January","Summer","No","No","Meat","Water","Mathematics and statistics",8,11,4,"Yes - broadband connection","Text messaging",125,125,8,8,22,9,10,0,10,35,18,7,8,3,"A lot","Graduate degree","Country","Fly","Happy","Relative","Health"
549,2015,"USA","SC","Female",15,"Right-Handed",167,23,167,1,"Car",12,0.73,47,"Running/Jogging",578,529,519,727,861,920,23,"Same length",66,70,"Ring finger","February","Summer","No","No","Rice/Noodle dishes","Water","Science",6,NA,5,"Yes - broadband connection","Text messaging",30,52,25,1,10,6,10,0,3,7,3,5,4,2,"A lot","Graduate degree","Country","Fly","Happy","Relative","Religious"
550,2015,"USA","PA","Female",12,"Right-Handed",152,20,150,1,"Walk",13,0.46,76,"Bowling",1000,100,1000,1000,1000,1000,26,"Left foot",100,80,"Index finger","September","Summer","Yes","No","Poultry","Water","Music",7,NA,3,"Yes - other","In person",3,2,3,1,1,4,2,3,1,1,2,6,0,0,NA,"Graduate degree","Classical","Fly","Healthy","Musician or singer","Health"
551,2011,"USA","FL","Male",17,"Right-Handed",175,10,190,2,"Car",20,0.4,12,"Basketball",300,200,400,NA,1000,900,11,"Left foot",NA,NA,NA,"May","Summer","No","No","Pizza/Pasta","Milk","History",8,10,4,"Yes - broadband connection","Text messaging",150,175,30,1,4,7,12,0,10,8,6,2,0,1,"A lot","Graduate degree","Rap/Hip hop","Fly","Happy","Sports person","Health"
552,2015,"USA","CA","Female",12,"Right-Handed",155,25,150,2,"Car",10,0.64,45,"Baseball/Softball",727,710,1000,547,500,800,25,"Same length",80,70,"Index finger","December","Winter","No","No","Meat","Water","English",7,8,4,"Yes - broadband connection","Text messaging",30,50,2,10,10,8,2,0,3,7,10,5,0,1,"Some","Graduate degree","Pop","Freeze time","Happy","Business person","Health"
553,2012,"USA","MI","Female",17,"Right-Handed",170,23,168,1,"Car",5,0.52,49,"Basketball",642,572,738,631,775,727,23,"Same length",80,85,"Ring finger","June","Summer","No","No","No favorite","Water","English",5,8,6,"Yes - other","Text messaging",10,10,5,2,10,6,8,1,3,2,5,4,0,2,"A lot","Graduate degree","Other","Freeze time","Happy","Relative","International aid"
554,2013,"USA","MI","Male",16,"Right-Handed",177,25.5,183,1,"Car",10,0.32,62,"Hockey (Ice)",735,679,854,678,934,1000,25,"Right foot",100,90,"Index finger","February","Fall","Yes","No","Meat","Water","History",6,8,5,"Yes - broadband connection","Text messaging",300,310,35,5,1,45,35,1,3,40,1,1,2,2,"None","Graduate degree","Country","Fly","Healthy","Sports person","Religious"
555,2010,"USA","UT","Male",15,"Left-Handed",175,27,180,1,"Car",5,0.25,45,"Baseball/Softball",500,600,500,NA,800,900,27,"Same length",NA,NA,NA,"August","Summer","Yes","No","Meat","Water","English",7,6,3,"Yes - broadband connection","Text messaging",200,211,12,1,3,16,20,9,5,2,5,10,0,3,"Some","Some college","Rock and roll","Freeze time","Healthy","Sports person","International aid"
556,2015,"USA","WI","Male",14,"Right-Handed",148,25,151,1,"Bus",30,0.32,52,"Basketball",1000,1000,1000,1000,500,500,25,"Same length",100,80,"Index finger","May","Spring","No","No","Meat","Water","Physical education",7,10,7,"Yes - other","In person",0,10,15,1,2,20,10,0,1,2,1,5,0,1,"Very little","Graduate degree","Pop","Fly","Healthy","Sports person","Health"
557,2011,"USA","ME","Female",17,"Right-Handed",161,24,164,1,"Car",8,0.45,41,"Soccer",433,650,738,NA,219,91,24,"Same length",70,80,"Ring finger","November","Fall","Yes","No","Fruit","Water","Physical education",8,10,2,"Yes - broadband connection","Cell phone",70,72,4,0,2,1,3,0,1,1,3,1,0,1,"A lot","Some college","Country","Invisibility","Happy","Relative","Education/Youth development"
558,2011,"USA","TX","Female",17,"Right-Handed",158,23,150,1,"Car",5,0.47,36,"None",1000,1000,1000,NA,1000,1000,23,"Same length",66,66,"Same length","July","Spring","Yes","No","Poultry","Water","Science",7,9,5,"Yes - broadband connection","Text messaging",70,65,15,5,30,20,0,5,21,30,35,8,0,8,"A lot","Undergraduate degree","Rhythm and blues (R&B)","Telepathy","Happy","Religious figure","Health"
559,2015,"USA","MA","Female",17,"Right-Handed",162,21,168,1,"Walk",7,0.84,53,"Tennis",1000,1000,1000,1000,500,500,21,"Same length",82,75,"Index finger","May","Spring","Yes","No","Seafood","Water","Science",8,9,4,"Yes - broadband connection","Text messaging",10,3,10,2,36,50,0,0,20,50,30,40,0,0,"A lot","Graduate degree","Pop","Invisibility","Healthy","Relative","Environment"
560,2014,"USA","IL","Male",11,"Right-Handed",170,29,163,1,"Bicycle",5,0.57,52,"Skateboarding/Rollerblading",900,300,100,800,10,2,29,"Same length",80,80,"Same length","July","Winter","Yes","No","Meat","Water","Physical education",8,7,6,"Yes - other","In person",10,40,4,0,2,12,10,0,0,1,2,1,10,2,NA,"Some college","Country","Telepathy","Healthy","Other","Wildlife, animals"
561,2011,"USA","CA","Female",16,"Right-Handed",144,22,150,2,"Car",5,0.42,39,"Basketball",300,800,700,NA,700,800,22,"Same length",102,98,"Index finger","May","Winter","No","No","Rice/Noodle dishes","Water","Mathematics and statistics",6,8,6,"Yes - broadband connection","Text messaging",50,100,1,0,7,2,1,0,6,1,40,3,0,1,"Some","Graduate degree","Pop","Invisibility","Happy","Other","Health"
562,2015,"USA","PA","Male",17,"Left-Handed",195,38,200,2,"Car",25,0.23,42,"Basketball",500,500,750,800,850,750,38,"Same length",90,90,"Same length","March","Summer","No","No","Meat","Water","Science",5,9,4,"Yes - broadband connection","Text messaging",12,13,12,1,6,3,10,0,8,14,10,2,22,4,"A lot","Graduate degree","Rap/Hip hop","Freeze time","Happy","Relative","Health"
563,2013,"USA","RI","Female",11,"Ambidextrous",140,21,139,1,"Car",7,0.42,47,"Dancing",1000,1000,1000,1000,500,800,21,"Same length",70,65,"Index finger","July","Summer","Yes","No","Poultry","Water","English",8,9,5,"Yes - broadband connection","Text messaging",7,5,6,3,10,5,6,3,0,4,5,7,0,3,"Some","Graduate degree","Pop","Invisibility","Healthy","Relative","Health"
564,2014,"USA","VA","Female",17,"Right-Handed",166,22,166,1,"Car",5,0.39,58,"Soccer",100,500,200,700,100,200,24,"Left foot",70,70,"Same length","September","Winter","Yes","No","Salads","Water","History",9,6,7,"Yes - broadband connection","Myspace, Facebook, other social networking sites, or blog",32,56,70,1,10,5,20,10,50,3,50,2,10,0,"Some","Graduate degree","Rock and roll",NA,"Happy","Musician or singer","Health"
565,2013,"USA","OK","Female",15,"Right-Handed",155,20,153,1,"Car",12,0.44,40,"Running/Jogging",1000,1000,1000,500,500,800,23,"Left foot",95,65,"Index finger","July","Winter","No","No","Pizza/Pasta","Sports drink","Mathematics and statistics",8,9,4,"Yes - broadband connection","Text messaging",120,130,6,1,3,8,3,0,4,12,8,1,0,2,"Some","Undergraduate degree","Country","Fly","Happy","Teacher","Health"
566,2014,"USA","MI","Female",16,"Right-Handed",168,21,171,1,"Car",10,0.46,48,"None",791,1000,914,1000,610,1000,21,"Same length",74,61,"Index finger","July","Winter","No","No","Rice/Noodle dishes","Water","History",8,12,3,"Yes - other","In person",0,0,3,0,12,5,0,7,20,0,20,4,0,1,"A lot","Graduate degree","Other","Invisibility","Healthy","Relative","Wildlife, animals"
567,2014,"USA","PA","Male",17,"Right-Handed",184,27.94,184,1,"Car",8,0.27,52,"Other",781,872,925,872,845,968,29,"Left foot",82.55,76.2,"Index finger","April","Winter","Yes","No","No favorite","Milk","Computers and technology",6,10,3,"Yes - broadband connection","Internet chat or instant messaging",0,1,7,1,7,14,0,28,5,1,28,7,0,3,"Some","Undergraduate degree","Other","Freeze time","Happy","Other","Environment"
568,2014,"USA","MO","Female",17,"Right-Handed",163,22.8,167,1,"Car",6,0.39,35,"Walking/Hiking",1000,1000,1000,1000,500,352,22,"Right foot",70,70,"Same length","July","Fall","Yes","No","Pizza/Pasta","Water","Science",6,8,3,"Yes - broadband connection","Text messaging",100,102,10,1,10,4,5,0,6,2,5,2,20,2,"Some","High school","Pop","Invisibility","Happy","Community leader or elder","Education/Youth development"
569,2012,"USA","NJ","Female",15,"Right-Handed",156,20,148,1,"Walk",2,0.47,51,"Running/Jogging",430,580,385,342,905,950,21,"Left foot",75,60,"Index finger","October","Fall","Yes","No","Pizza/Pasta","Water","English",7,10,4,"No internet connection","Text messaging",35,30,20,2,15,4,10,30,3,5,5,2,0,2,"Some","Graduate degree","Pop","Freeze time","Happy","Teacher","International aid"
570,2014,"USA","CA","Female",17,"Right-Handed",178,25,185,2,"Car",10,0.9,55,"Swimming",1000,900,1000,800,500,1000,25,"Same length",NA,NA,NA,"December","Summer","No","No","Pizza/Pasta","Water","Science",7,10,4,"Yes - broadband connection","Cell phone",50,100,8,1,30,5,20,0,5,3,6,1,0,6,"A lot","Graduate degree","Country","Invisibility","Happy","Coach or club leader","International aid"
571,2013,"USA","WI","Male",12,"Left-Handed",177,26,161,1,"Walk",10,0.2,22,"Golf",50,50,50,50,50,51,26,"Same length",80,80,"Same length","September","Summer","Yes","No","Meat","Milk","Physical education",10,12,4,"Yes - broadband connection","In person",0,2,20,1,3,20,14,1,2,1,4,8,1,8,NA,"Graduate degree","Rap/Hip hop","Super strength","Happy","Sports person","Health"
572,2011,"USA","WV","Female",17,"Right-Handed",163,22,161,1,"Car",7,0.39,37,"Baseball/Softball",866,754,620,NA,171,476,22,"Same length",70,80,"Ring finger","August","Spring","Yes","No","Meat","Tea","Science",7,11,3,"Yes - broadband connection","Text messaging",50,50,60,1,6,65,2,0,85,55,60,56,30,2,"Some","Graduate degree","Gospel","Invisibility","Happy","Relative","Health"
573,2012,"USA","OH","Male",17,"Right-Handed",185,26.7,174,2,"Car",8,0.21,41,"Athletics",500,500,300,600,100,200,27,"Same length",102,88.9,"Index finger","January","Summer","Yes","No","Pizza/Pasta","Water","Mathematics and statistics",5,10,6,"Yes - broadband connection","Text messaging",150,250,10,0,0,20,20,5,1,50,3,10,10,40,"Some","Graduate degree","Pop","Fly","Happy","Relative","Health"
574,2011,"USA","NJ","Male",16,"Right-Handed",183,26,166,2,"Walk",5,0.38,40,"Athletics",957,840,909,NA,888,925,27,"Left foot",80,90,"Ring finger","September","Winter","Yes","No","Meat","Water","Computers and technology",6,8,4,"Yes - broadband connection","In person",75,80,6,1,24,0,16,0,4,3,8,1,0,0,"Some","Graduate degree","Techno/Electronic","Freeze time","Happy","Friend","Environment"
575,2015,"USA","IL","Male",12,"Right-Handed",165,26,166,1,"Car",5,0.59,40,"Football (American)",0,500,500,500,500,500,24,"Right foot",70,80,"Ring finger","January","Winter","No","No","No favorite","Water","Computers and technology",9,7,4,"Yes - other","Internet chat or instant messaging",0,0,20,0,1,10,20,50,0,1,10,1,0,0,NA,"Graduate degree","Classical","Invisibility","Happy","Relative","Health"
576,2013,"USA","NY","Female",17,"Right-Handed",166,26,172,2,"Rail (Train/Tram/Subway)",30,0.97,48,"Other",150,150,250,250,100,100,27,"Left foot",70,75,"Ring finger","July","Summer","No","No","Fruit","Juice","Mathematics and statistics",6,5,3,"Yes - other","Myspace, Facebook, other social networking sites, or blog",20,20,10,1,20,20,10,0,30,10,40,10,0,5,"A lot","Graduate degree","Rap/Hip hop","Fly","Healthy","Coach or club leader","International aid"
577,2015,"USA","SC","Female",14,"Right-Handed",175,23,176,2,"Bus",25,0.34,30,"Swimming",444,449,594,604,535,701,23,"Same length",77,76,"Index finger","September","Fall","No","No","No favorite","Juice","Art",6,8,6,"Yes - broadband connection","Myspace, Facebook, other social networking sites, or blog",2,2,1,0,10,8,7,0,3,2,10,2,0,3,"Some","Graduate degree","Other","Freeze time","Rich","Actor","Arts, culture, sports"
578,2015,"USA","MA","Male",14,"Right-Handed",167,26,152,1,"Bus",5,0.42,54,"Baseball/Softball",500,700,800,800,300,1000,26,"Same length",NA,NA,NA,"June","Summer","No","Yes","Meat","Milk","Physical education",8,8,6,"Yes - other","In person",6,5,30,5,2,6,6,0,4,2,3,8,3,2,"Some","High school","Country","Fly","Famous","Actor","Health"
579,2014,"USA","SC","Male",17,"Right-Handed",172,26,180,2,"Bus",20,0.36,29,"Table Tennis",775,786,818,829,1000,1000,25,"Right foot",105,105,"Same length","March","Winter","Yes","No","Meat","Water","Computers and technology",7,7,5,"Yes - other","In person",0,0,0,0,35,9,6,0,1,1,35,0,0,3,"A lot","Graduate degree","Techno/Electronic","Freeze time","Happy","Other","Health"
580,2013,"USA","AZ","Male",17,"Right-Handed",183,26,175,1,"Car",12,0.44,30,"Soccer",594,529,797,594,711,1000,26,"Same length",76,81,"Ring finger","April","Fall","No","No","Pizza/Pasta","Water","Science",7,11,3,"Yes - dial-up connection","Text messaging",5,2,10,1,10,28,0,14,0,1,14,14,0,7,"Some","Graduate degree","Techno/Electronic","Fly","Healthy","Actor","Health"
581,2012,"USA","SC","Male",17,"Ambidextrous",178,24.5,179,1,"Car",10,0.7,30,"Other",0,430,456,296,13,750,26,"Left foot",NA,NA,NA,"November","Fall","Yes","No","Meat","Tea","Mathematics and statistics",10,7,4,"Yes - broadband connection","Cell phone",50,60,12,3,8,10,3,6,6,30,0,3,20,8,"Some","Graduate degree","Rock and roll","Invisibility","Happy","Doctor or nurse","Education/Youth development"
582,2015,"USA","CA","Male",17,"Right-Handed",176,22.86,175,1,"Car",20,0.22,67,"Other",936,930,1000,1000,503,701,23,"Same length",82.55,63.5,"Index finger","November","Summer","Yes","No","Rice/Noodle dishes","Water","Social studies",6,8,5,"Yes - broadband connection","Text messaging",20,50,4,0,42,6,2,12,8,8,21,2,0,4,"A lot","Graduate degree","Pop","Invisibility","Happy","Sports person","International aid"
583,2014,"USA","AZ","Male",17,"Right-Handed",173,30,170,1,"Car",7,0.35,57,"Basketball",500,500,700,600,1000,1000,30,"Same length",63.5,67.3,"Ring finger","March","Summer","No","No","Meat","Water","Physical education",7,11,3,"Yes - broadband connection","Text messaging",100,100,12,10,2,6,6,1,2,12,12,3,0,0,"Very little","Graduate degree","Rap/Hip hop","Telepathy","Rich","Relative","Wildlife, animals"
584,2015,"USA","IN","Male",16,"Right-Handed",163,26,168,1,"Car",5,0.34,42,"Football (American)",0,0,503,0,80,503,27,"Left foot",70,80,"Ring finger","November","Summer","No","No","Meat","Water","History",8,8,6,"Yes - broadband connection","Text messaging",50,50,5,1,5,20,12,2,0,2,1,10,0,10,"Some","Other","Rap/Hip hop","Super strength","Happy","Relative","Religious"
585,2011,"USA","GA","Male",17,"Right-Handed",180,27.3,180,2,"Car",25,0.36,44,"Lacrosse",800,700,600,NA,1000,1000,27,"Same length",81,81,"Same length","February","Winter","Yes","No","Meat","Water","Physical education",7,10,4,"Yes - broadband connection","Text messaging",25,30,20,1,10,15,25,3,12,4,21,18,24,2,"A lot","Graduate degree","Rap/Hip hop","Fly","Famous","Relative","International aid"
586,2015,"USA","CA","Male",13,"Right-Handed",157,25,159,2,"Car",30,0.56,53,"Football (American)",0,500,700,0,1000,1000,25,"Same length",NA,NA,NA,"September","Fall","No","No","Meat","Powdered drink","Social studies",8,6,7,"Yes - broadband connection","Cell phone",8,16,5,0,1,10,7,8,4,1,1,6,0,0,"A lot","Graduate degree","Rap/Hip hop","Fly","Healthy","Sports person","Health"
587,2014,"USA","MI","Female",17,"Right-Handed",182,25,165,1,"Car",5,0.5,36,"Swimming",1000,626,134,369,310,866,13,"Right foot",72,74,"Ring finger","February","Fall","No","No","Poultry","Water","Art",8,9,8,"Yes - broadband connection","In person",100,100,5,1,8,2,14,4,4,4,4,4,5,2,"Some","Graduate degree","Country","Freeze time","Happy","Relative","Religious"
588,2013,"USA","WI","Male",13,"Right-Handed",156,14,160,1,"Bus",10,0.38,45,"Football (American)",1000,668,1000,497,406,781,14,"Same length",85,90,"Ring finger","September","Summer","No","No","Meat","Milk","Other",8,11,4,"Yes - broadband connection","Text messaging",2,11,44,6,12,0,30,8,2,12,8,4,6,6,"Some","Some college","Country","Super strength","Rich","Relative","Arts, culture, sports"
589,2012,"USA","CA","Male",15,"Right-Handed",175,27,170,3,"Car",8,0.23,36,"Soccer",100,100,100,90,60,90,28,"Left foot",84,84,"Same length","October","Summer","Yes","No","Meat","Water","Mathematics and statistics",6,9,4,"Yes - broadband connection","In person",0,0,0,0,30,10,15,0,4,0,80,10,0,30,"A lot","Graduate degree","Rap/Hip hop","Fly","Healthy","Musician or singer","Health"
590,2011,"USA","AZ","Female",15,"Right-Handed",161,25,162,2,"Rail (Train/Tram/Subway)",10,0.75,45,"Other",0,1000,0,NA,1000,1000,24,"Right foot",91,99,"Ring finger","February","Winter","Yes","Yes","Other","Water","Music",7,5,5,"Yes - broadband connection","Myspace, Facebook, other social networking sites, or blog",200,200,10,5,3,7,5,4,4,5,3,4,0,3,"A lot","Graduate degree","Techno/Electronic","Freeze time","Famous","Musician or singer","Wildlife, animals"
591,2010,"USA","PA","Female",17,"Left-Handed",158,26,130,2,"Car",6,0.27,39,"Other",789,999,786,NA,987,987,26,"Same length",80,75,"Index finger","October","Summer","No","No","Seafood","Tea","Art",5,11,4,"Yes - broadband connection","Cell phone",152,168,32,6,14,3,4,3,2,68,6,6,0,3,"Some","Graduate degree","Punk rock","Telepathy","Famous","Musician or singer","Arts, culture, sports"
592,2015,"USA","IN","Female",17,"Right-Handed",171,24,174,1,"Car",20,0.76,50,"None",0,0,0,0,0,1000,24,"Same length",87,87,"Same length","April","Summer","Yes","No","Poultry","Water","Mathematics and statistics",7,10,5,"Yes - other","Text messaging",50,50,41,6,11,2,15,0,34,20,55,2,0,1,"A lot","Graduate degree","Country","Fly","Healthy","Musician or singer","Wildlife, animals"
593,2010,"USA","DC","Male",17,"Right-Handed",175,29,199,1,"Bus",30,0.92,55,"Baseball/Softball",900,1000,900,NA,850,870,28,"Right foot",110,110,"Same length","December","Winter","Yes","No","Poultry","Juice","Mathematics and statistics",10,7,3,"Yes - dial-up connection","Text messaging",50,50,6,10,11,5,6,4,0,8,2,12,0,3,"Very little","Graduate degree","Rap/Hip hop","Freeze time","Healthy","Other","Religious"
594,2014,"USA","MA","Female",12,"Right-Handed",160,22,160,1,"Bus",22,0.27,43,"Soccer",500,450,600,600,500,500,24,"Left foot",65,62,"Index finger","September","Winter","Yes","No","Meat","Juice","English",7,10,4,"Yes - other","In person",36,22,24,2,10,4,10,10,7,48,48,36,0,1,"A lot","Graduate degree","Pop","Fly","Happy","Relative","Health"
595,2015,"USA","MA","Male",12,"Left-Handed",149,21,145,1,"Bus",27,0.38,32,"Hockey (Ice)",250,300,500,500,50,50,22,"Left foot",65,65,"Same length","September","Summer","No","No","Pizza/Pasta","Water","Languages",8,9,5,"Yes - other","In person",0,7,50,0,6,6,4,2,5,5,10,6,0,2,"Very little","Graduate degree","Pop","Telepathy","Happy","Friend","Health"
596,2013,"USA","CA","Female",12,"Left-Handed",167,22,157,1,"Car",15,0.38,41,"Athletics",800,730,900,600,1000,1000,22,"Same length",70,60,"Index finger","March","Summer","No","No","Desserts","Soft drink (caffeinated)","Physical education",9,11,4,"Yes - other","Text messaging",50,50,35,2,18,83,35,2,10,10,2,5,0,5,"Some","Graduate degree","Pop","Super strength","Happy","Religious figure","Arts, culture, sports"
597,2015,"USA","CA","Female",17,"Right-Handed",163,23,159,2,"Car",50,0.42,43,"Other",900,700,1000,800,500,600,23,"Same length",70,70,"Same length","April","Summer","Yes","No","Fruit","Water","Art",7,9,7,"Yes - broadband connection","Cell phone",100,90,5,1,3,5,2,2,1,5,3,2,0,1,"Some","Graduate degree","Pop","Fly","Happy","Other","International aid"
598,2012,"USA","KY","Female",12,"Right-Handed",152,20.32,159,1,"Car",15,0.31,38,"Walking/Hiking",782,775,650,872,956,980,20,"Same length",NA,NA,NA,"October","Winter","Yes","No","Poultry","Juice","Art",10,7,4,"Yes - broadband connection","Text messaging",20,25,12,5,5,28,30,2,1,3,2,6,1,2,"None","Graduate degree","Country","Fly","Healthy","Relative","Arts, culture, sports"
599,2015,"USA","CA","Male",17,"Right-Handed",170,26.5,169,2,"Car",10,0.34,35,"Other",877,850,759,701,845,877,27,"Same length",75,85,"Ring finger","February","Winter","No","No","Seafood","Water","Mathematics and statistics",8,7,2,"Yes - broadband connection","Internet chat or instant messaging",40,41,20,1,6,10,2,10,5,2,20,0,0,3,"Very little","Graduate degree","Other","Freeze time","Happy","Business person","Education/Youth development"
600,2011,"USA","WV","Female",17,"Right-Handed",159,24,158,1,"Car",17,0.38,42,"Soccer",500,300,400,NA,800,600,23,"Right foot",80,70,"Index finger","July","Fall","No","No","No favorite","Water","History",7,8,4,"Yes - broadband connection","In person",0,0,5,1,6,25,12,0,2,2,2,2,0,10,"Some","Graduate degree","Gospel","Fly","Happy","Relative","Religious"
601,2012,"USA","CA","Female",15,"Right-Handed",165,21,166,2,"Rail (Train/Tram/Subway)",40,0.54,36,"Other",813,37,508,422,1000,1000,21,"Same length",75,67,"Index finger","September","Fall","Yes","No","Meat","Soft drink (caffeinated)","Languages",7,10,4,"Yes - broadband connection","Internet chat or instant messaging",6,4,20,1,11,5,0,6,11,10,16,2,3,1,"A lot","Graduate degree","Punk rock","Freeze time","Happy","Relative","Wildlife, animals"
602,2014,"USA","NY","Female",14,"Right-Handed",157,23,151,2,"Bus",30,0.86,64,"Walking/Hiking",481,439,1000,594,64,155,23,"Same length",90,65,"Index finger","September","Summer","Yes","No","Desserts","Sports drink","English",3,5,5,"Yes - other","Text messaging",90,100,8,0,1,3,2,0,1,12,1,0,2,0,"Some","Some college","Country","Fly","Healthy","Other","Health"
603,2015,"USA","IN","Male",17,"Right-Handed",178,38,185,1,"Bus",17,0.75,41,"Athletics",0,0,0,0,500,1000,37,"Right foot",71,69,"Index finger","June","Summer","No","No","Pizza/Pasta","Powdered drink","Social studies",8,7,3,"Yes - broadband connection","Text messaging",30,32,0,0,4,7,16,14,2,2,14,21,0,2,"Very little","Undergraduate degree","Other","Invisibility","Rich","Actor","Health"
604,2010,"USA","AZ","Male",16,"Right-Handed",186,27,188,1,"Bicycle",20,0.28,31,"Running/Jogging",300,350,500,NA,700,700,27,"Same length",NA,NA,NA,"July","Summer","Yes","No","No favorite","Milk","Music",8,6,4,"Yes - broadband connection","E-mail",0,0,5,1,15,4,5,0,1,0,10,8,0,3,"None","Graduate degree","Gospel","Telepathy","Rich","Other","Arts, culture, sports"
605,2014,"USA","PA","Female",17,"Left-Handed",175,26,160,1,"Car",6,0.38,38,"Skateboarding/Rollerblading",786,615,615,727,150,684,26,"Same length",80,75,"Index finger","November","Summer","No","Yes","Soups","Tea","Languages",7,9,4,"Yes - broadband connection","In person",2,1,3,1,3,8,3,0,1,1,4,4,12,5,"Some","Graduate degree","Rock and roll","Invisibility","Happy","Other","Education/Youth development"
606,2014,"USA","NC","Female",17,"Right-Handed",156,23.5,153,4,"Car",7,0.28,30,"Dancing",396,850,658,759,1000,1000,24,"Same length",69,72,"Ring finger","September","Summer","No","No","Pizza/Pasta","Water","Other",7,10,4,"Yes - broadband connection","Text messaging",214,240,47,1,0,0,0,0,15,80,10,5,9,1,"A lot","Undergraduate degree","Gospel","Freeze time","Famous","Friend","Health"
607,2013,"USA","NY","Male",17,"Left-Handed",174,27,176,1,"Rail (Train/Tram/Subway)",40,0.33,40,"Swimming",700,600,700,700,800,800,27,"Same length",102,103,"Ring finger","August","Spring","Yes","No","Rice/Noodle dishes","Water","Computers and technology",7,9,4,"Yes - broadband connection","Text messaging",0,0,2,1,10,10,0,10,0,1,20,14,0,1,"Some","Undergraduate degree","Techno/Electronic","Telepathy","Happy","Coach or club leader","Education/Youth development"
608,2015,"USA","AZ","Male",17,"Right-Handed",190,27.9,187,1,"Car",11,0.8,44,"Running/Jogging",12,45,67,3,76,54,28,"Left foot",96,90,"Index finger","May","Winter","Yes","No","Other","Water","Science",7,8,5,"Yes - broadband connection","Text messaging",20,150,8,1,8,3,6,8,0,1,4,1,16,1,"Some","Graduate degree","Other","Invisibility","Rich","Actor","Environment"
609,2013,"USA","SC","Male",16,"Left-Handed",170,24,168,3,"Car",25,0.74,51,"Soccer",800,700,670,900,1000,1000,24,"Same length",70,80,"Ring finger","December","Fall","Yes","No","Pizza/Pasta","Water","Mathematics and statistics",8,8,4,"Yes - broadband connection","Text messaging",80,120,4,1,4,7,10,8,29,7,29,7,2,2,"Some","Undergraduate degree","Rap/Hip hop","Telepathy","Rich","Sports person","International aid"
610,2015,"USA","VA","Male",17,"Right-Handed",190,28,197,1,"Car",5,0.29,37,"None",900,800,500,500,3,1000,28,"Same length",80,95,"Ring finger","April","Fall","Yes","No","Breads/Sandwiches","Tea","History",6,10,4,"Yes - other","In person",20,20,25,1,2,0,1,4,5,1,0,3,0,2,"Some","Graduate degree","Rock and roll","Fly","Happy","Other","Wildlife, animals"
611,2013,"USA","IL","Male",11,"Right-Handed",150,25,155,1,"Bus",16,0.16,47,"Football (American)",800,850,900,990,995,1000,25,"Same length",89,89,"Same length","May","Spring","Yes","No","Meat","Milk","Physical education",10,13,6,"Yes - broadband connection","In person",36,39,15,3,3,30,25,2,3,3,15,3,0,0,"A lot","Undergraduate degree","Pop","Super strength","Happy","Sports person","Wildlife, animals"
612,2013,"USA","SC","Female",17,"Left-Handed",168,25,175,2,"Car",10,0.72,53,"Other",0,0,0,0,0,0,25,"Same length",76,75,"Index finger","September","Spring","Yes","No","No favorite","Soft drink (caffeinated)","Other",6,5,6,"Yes - broadband connection","Text messaging",117,117,10,15,3,5,3,0,15,50,8,1,35,2,"Very little","Some college","Country","Fly","Happy","Relative","Health"
613,2015,"USA","CA","Female",10,"Right-Handed",129,19,132,1,"Car",30,0.36,48,"Walking/Hiking",900,900,1000,1000,1000,1000,23,"Left foot",80,60,"Index finger","April","Fall","Yes","No","Fruit","Milk","Science",8,9,3,"Yes - broadband connection","In person",0,2,6,1,2,7,4,7,5,7,7,7,0,4,"Very little","Graduate degree","Techno/Electronic","Freeze time","Happy","Friend","Wildlife, animals"
614,2010,"USA","UT","Female",15,"Right-Handed",166,23,173,1,"Car",10,0.28,36,"Dancing",551,203,27,NA,10,20,23,"Same length",95,100,"Ring finger","December","Summer","Yes","No","No favorite","Soft drink (caffeinated)","Other",7,5,4,"Yes - broadband connection","Telephone",100,115,10,18,2,3,4,0,2,6,2,8,10,1,"Some","Graduate degree","Rap/Hip hop","Invisibility","Happy","Relative","International aid"
615,2012,"USA","DC","Female",12,"Right-Handed",154,21,146,2,"Car",30,0.36,36,"Dancing",1000,1000,1000,1000,0,0,21,"Same length",65,64,"Index finger","August","Summer","No","No","Meat","Water","Art",8,6,4,"Yes - broadband connection","Text messaging",100,100,8,1,3,0,6,0,0,6,2,3,0,0,"A lot","Graduate degree","Pop","Invisibility","Healthy","Actor","Wildlife, animals"
616,2011,"USA","NM","Female",17,"Right-Handed",163,23,160,2,"Bus",45,0.38,61,"Martial Arts",850,668,706,NA,327,834,23,"Right foot",70,65,"Index finger","February","Winter","Yes","No","Rice/Noodle dishes","Water","Art",6,7,4,"Yes - broadband connection","Text messaging",200,220,3,1,8,10,4,1,3,70,40,10,20,5,"Very little","Other","Punk rock","Fly","Healthy","Other","Arts, culture, sports"
617,2015,"USA","MI","Female",17,"Right-Handed",165,25,155,2,"Car",10,0.38,34,"Other",300,200,200,400,950,800,26,"Left foot",75,76,"Ring finger","December","Winter","Yes","No","Breads/Sandwiches","Water","Mathematics and statistics",7,6,4,"Yes - broadband connection","Text messaging",100,100,4,1,15,2,14,0,20,20,20,1,0,4,"A lot","Graduate degree","Pop","Freeze time","Famous","Musician or singer","Education/Youth development"
618,2014,"USA","NJ","Female",17,"Right-Handed",165,23,173,1,"Car",25,0.29,42,"Dancing",700,800,600,900,1000,800,23,"Same length",75,65,"Index finger","June","Summer","Yes","No","Fruit","Juice","English",7,11,4,"Yes - other","Text messaging",65,70,16,1,10,2,14,0,7,7,10,16,0,2,"Some","Graduate degree","Pop","Fly","Famous","Other","Health"
619,2014,"USA","MI","Female",17,"Right-Handed",165,22,162,1,"Car",7,0.83,44,"Tennis",700,700,700,800,600,650,25,"Left foot",70,60,"Index finger","March","Fall","No","No","Fruit","Water","Art",7,9,3,"Yes - other","Myspace, Facebook, other social networking sites, or blog",50,60,40,0,12,20,5,0,29,7,19,3,0,5,"A lot","Graduate degree","Other","Invisibility","Happy","Friend","International aid"
620,2015,"USA","PA","Female",17,"Right-Handed",165,24,165,2,"Car",2,0.29,42,"Soccer",727,733,711,663,604,824,25,"Left foot",80,80,"Same length","March","Spring","No","No","Desserts","Sports drink","Physical education",5,10,7,"Yes - broadband connection","In person",17,18,4,0,18,10,12,5,8,3,10,0,15,0,"A lot","Graduate degree","Pop","Telepathy","Healthy","Relative","Health"
621,2012,"USA","FL","Male",16,"Right-Handed",158,25,170,2,"Car",45,0.34,42,"Soccer",150,50,200,100,900,876,25,"Same length",72,74,"Ring finger","June","Spring","No","No","Desserts","Water","Science",6,10,4,"Yes - broadband connection","Text messaging",100,98,10,1,10,5,12,4,4,6,20,5,15,5,"Some","Graduate degree","Techno/Electronic","Fly","Happy","Musician or singer","Education/Youth development"
622,2013,"USA","MI","Male",17,"Left-Handed",193,30,195,1,"Car",20,0.34,32,"Football (American)",900,300,500,500,400,800,29,"Right foot",100,110,"Ring finger","January","Summer","Yes","No","Meat","Water","Physical education",8,9,2,"Yes - broadband connection","Text messaging",100,100,15,1,20,30,22,1,10,5,5,15,5,5,"Some","Graduate degree","Rap/Hip hop","Super strength","Rich","Coach or club leader","Education/Youth development"
623,2014,"USA","WI","Female",12,"Left-Handed",157,30,153,2,"Bus",3,0.86,54,"Swimming",947,556,904,1000,0,0,21,"Right foot",80,80,"Same length","August","Summer","No","No","Pizza/Pasta","Juice","Art",8,11,4,"Yes - broadband connection","Cell phone",30,100,11,5,2,2,2,1,5,5,1,6,0,3,"Some","Graduate degree","Pop","Super strength","Famous","Teacher","Wildlife, animals"
624,2013,"USA","CA","Male",17,"Right-Handed",170,21.59,170,2,"Walk",15,0.4,64,"Athletics",1000,1000,1000,1000,1000,1000,22,"Same length",100,100,"Same length","June","Winter","No","No","Meat","Water","Mathematics and statistics",9,10,6,"No internet connection","Text messaging",6,8,1,0,3,2,12,0,1,4,9,2,0,0,"A lot","Graduate degree","Rhythm and blues (R&B)","Fly","Happy","Sports person","Environment"
625,2014,"USA","CA","Female",11,"Right-Handed",153,24,152,1,"Walk",30,0.51,32,"Soccer",150,250,50,200,400,800,23,"Right foot",85,85,"Same length","October","Fall","No","No","Salads","Water","Computers and technology",9,6.5,4,"Yes - other","Internet chat or instant messaging",200,300,25,5,10,6,10,1,3,18,5,8,1,2,"Some","Other","Pop","Telepathy","Happy","Sports person","Arts, culture, sports"
626,2012,"USA","TX","Male",17,"Ambidextrous",183,30,183,1,"Car",10,0.27,35,"Running/Jogging",545,545,540,535,358,866,30,"Same length",80,60,"Index finger","September","Winter","Yes","No","Seafood","Water","Social studies",7,10,5,"Yes - broadband connection","Text messaging",30,30,10,0,0,12,10,10,2,10,24,0,0,10,"None","Graduate degree","Classical","Fly","Happy","Politician","International aid"
627,2013,"USA","NC","Female",14,"Ambidextrous",161,24,203,2,"Bus",5,0.41,43,"Dancing",1000,1000,1000,1000,500,500,23,"Right foot",75,80,"Ring finger","May","Winter","Yes","No","No favorite","Juice","English",6,10,4,NA,"Text messaging",40,50,10,5,2,3,4,1,1,24,24,0,0,4,"Some","Graduate degree","Rap/Hip hop","Telepathy","Happy","Relative","Health"
628,2014,"USA","CA","Female",17,"Right-Handed",173,25,169,3,"Car",15,0.71,45,"Swimming",50,100,200,200,1000,1000,26,"Left foot",71,69,"Index finger","February","Summer","No","No","Fruit","Water","Languages",4,6,4,"Yes - broadband connection","In person",10,21,1,1,15,15,4,0,3,2,20,2,20,10,"A lot","Graduate degree","Punk rock","Invisibility","Happy","Musician or singer","Arts, culture, sports"
629,2012,"USA","OH","Male",10,"Right-Handed",158,26,150,2,"Car",5,0.55,56,"Soccer",700,600,900,800,400,300,25,"Right foot",70,75,"Ring finger","April","Spring","No","No","Pizza/Pasta","Milk","Art",11,12,6,"Yes - broadband connection","In person",0,0,6,0,5,20,8,6,0,0,2,4,2,2,"None","Graduate degree","Pop","Fly","Happy","Relative","Health"
630,2014,"USA","PA","Male",17,"Right-Handed",183,30,187,1,"Car",5,0.28,34,"Football (American)",1000,1000,1000,1000,500,500,30,"Same length",90,100,"Ring finger","September","Summer","Yes","No","Pizza/Pasta","Water","History",7,9,5,"Yes - broadband connection","Text messaging",6,7,8,0,2,6,10,10,8,15,20,10,0,1,"Some","Undergraduate degree","Rap/Hip hop","Telepathy","Happy","Sports person","Arts, culture, sports"
631,2014,"USA","IN","Female",17,"Right-Handed",157,24,169,1,"Car",15,0.28,44,"Swimming",400,500,200,200,300,1000,24,"Same length",77,77,"Same length","December","Winter","Yes","No","Soups","Water","Other",9,8,5,"Yes - other","Text messaging",200,200,21,1,21,7,21,0,7,2,5,10,0,0,"A lot","Graduate degree","Country","Telepathy","Healthy","Friend","Health"
632,2014,"USA","WY","Female",12,"Right-Handed",150,23,127,5,"Bus",20,0.7,38,"Swimming",500,500,500,500,500,500,23,"Same length",90,90,"Same length","July","Summer","No","No","Other","Tea","Music",9,10,7,"Yes - other","Myspace, Facebook, other social networking sites, or blog",30,20,4,1,2,4,3,2,5,5,5,1,0,5,"Some","Graduate degree","Other","Invisibility","Healthy","Musician or singer","Other"
633,2014,"USA","TX","Female",17,"Right-Handed",160,24,162,1,"Car",3,0.35,63,"Athletics",604,920,1000,1000,5,385,24,"Same length",90,90,"Same length","April","Summer","No","No","Rice/Noodle dishes","Water","Physical education",7,9,3,"Yes - other","Cell phone",1,2,2,3,2,28,4,0,0,2,0,24,0,7,"Some","Some college","Techno/Electronic","Telepathy","Happy","Sports person","Health"
634,2015,"USA","TX","Male",9,"Right-Handed",142,22,145,3,"Car",3,0.73,72,"Soccer",850,780,990,450,150,400,22,"Same length",62,70,"Ring finger","August","Summer","No","No","No favorite","Water","Mathematics and statistics",9,10,4,"Yes - broadband connection","Cell phone",15,40,15,5,10,20,12,10,0,17,14,10,0,5,"Very little","Graduate degree","Other","Freeze time","Healthy","Other","International aid"
635,2011,"USA","NY","Female",17,"Right-Handed",160,22.5,160,2,"Car",15,0.3,38,"Walking/Hiking",850,500,900,NA,999,1000,23,"Same length",83,86,"Ring finger","December","Summer","Yes","No","No favorite","Water","Science",7,10,4,"Yes - dial-up connection","In person",10,10,5,1,16,6,7,0,1,1,10,0,9,1,"A lot","Graduate degree","Other","Telepathy","Happy","Religious figure","Religious"
636,2015,"USA","NY","Male",16,"Right-Handed",171,26,176,3,"Rail (Train/Tram/Subway)",40,0.32,26,"Other",1000,1000,1000,1000,1000,1000,26,"Same length",68,68,"Same length","June","Winter","No","No","Meat","Water","Mathematics and statistics",6,6,4,"Yes - broadband connection","Myspace, Facebook, other social networking sites, or blog",26,26,5,1,1,1,7,20,3,1,20,15,0,4,"Some","Graduate degree","Other","Telepathy","Healthy","Other","Education/Youth development"
637,2015,"USA","SC","Male",16,"Right-Handed",181,29,173,1,"Car",10,0.66,40,"Soccer",999,400,350,800,200,750,28,"Right foot",80,80,"Same length","November","Winter","Yes","No","Meat","Water","Science",7,6,4,"Yes - broadband connection","Text messaging",8,9,7,2,3,9,11,0,4,5,2,6,4,0,"Some","Other","Rap/Hip hop","Super strength","Rich","Sports person","Health"
638,2013,"USA","SC","Female",16,"Right-Handed",163,21,166,1,"Car",15,0.83,44,"Dancing",500,500,900,300,900,800,22,"Left foot",75,70,"Index finger","September","Spring","Yes","No","Pizza/Pasta","Water","English",9,10,3,"Yes - broadband connection","Cell phone",10,6,3,2,6,5,8,0,2,1,2,5,0,1,"A lot","Some college","Pop","Telepathy","Happy","Coach or club leader","Health"
639,2014,"USA","GU","Female",13,"Right-Handed",161,23,170,2,"Car",10,0.28,30,"Dancing",1000,1000,1000,1000,700,800,23,"Same length",85,90,"Ring finger","July","Spring","No","No","Pizza/Pasta","Water","Music",8,10,8,"No internet connection","Internet chat or instant messaging",60,75,25,1,20,15,14,5,8,12,14,3,0,17,"Some","Graduate degree","Pop","Invisibility","Happy","Religious figure","International aid"
640,2015,"USA","UT","Female",16,"Right-Handed",151,22,151,1,"Car",8,0.5,46,"Walking/Hiking",952,947,995,160,96,70,21,"Right foot",NA,NA,NA,"March","Summer","Yes","No","Salads","Water","Art",6,10,2,"Yes - broadband connection","In person",100,105,4,1,2,2,1,0,2,3,6,5,0,2,"A lot","Undergraduate degree","Pop","Freeze time","Healthy","Doctor or nurse","International aid"
641,2010,"USA","DC","Male",16,"Right-Handed",173,29,185,1,"Rail (Train/Tram/Subway)",50,0.37,46,"Football (American)",513,11,139,NA,1000,1000,28,"Right foot",NA,NA,NA,"September","Spring","Yes","No","Meat","Tea","Mathematics and statistics",7,13,6,"Yes - other","Text messaging",212,210,7,1,1,2,3,3,0,24,5,2,8,2,"Some","Graduate degree","Other","Telepathy","Rich","Musician or singer","Arts, culture, sports"
642,2015,"USA","NC","Female",17,"Right-Handed",168,24,161,1,"Car",15,0.3,40,"Soccer",1000,1000,1000,1000,1000,1000,24,"Same length",75,75,"Same length","September","Fall","Yes","No","Pizza/Pasta","Water","Languages",5,9,4,"Yes - broadband connection","Text messaging",200,200,4,1,20,10,3,6,1,70,84,5,12,1,"A lot","Graduate degree","Pop","Telepathy","Rich","Actor","Wildlife, animals"
643,2014,"USA","IN","Male",11,"Right-Handed",142,22,145,1,"Car",28,0.55,60,"None",100,100,100,100,3,2,22,"Same length",73,75,"Ring finger","September","Spring","No","No","Seafood","Juice","Science",9,11,3,"Yes - other","In person",0,0,35,0,7,20,4,1,0,0,2,17,0,0,"Some","Graduate degree","Rock and roll","Invisibility","Happy","Business person","Wildlife, animals"
644,2012,"USA","SC","Male",16,"Right-Handed",180,27.5,191,2,"Car",10,0.71,57,"Other",500,500,200,NA,900,999,28,"Same length",90,90,"Same length","July","Summer","No","No","Pizza/Pasta","Water","Science",8,10,4,"Yes - broadband connection","Text messaging",50,50,21,1,6,2,28,0,1,2,1,5,0,1,"A lot","Graduate degree","Pop","Freeze time","Happy","Friend","International aid"
645,2014,"USA","IL","Female",17,"Right-Handed",173,25,165,1,"Car",5,0.57,40,"Dancing",0,481,257,604,920,930,25,"Same length",90,80,"Index finger","October","Fall","Yes","No","Pizza/Pasta","Water","Music",6,10,4,"Yes - broadband connection","Text messaging",5,10,4,0,10,12,9,7,9,3,20,21,3,1,"Very little","Graduate degree","Rock and roll","Invisibility","Happy","Relative","Arts, culture, sports"
646,2015,"USA","IL","Female",17,"Right-Handed",172,25,165,1,"Car",3,0.51,54,"Walking/Hiking",800,900,700,700,50,50,25,"Same length",67,67,"Same length","April","Summer","No","Yes","Fruit","Water","English",10,9.5,4,"Yes - broadband connection","In person",15,25,20,0,5,20,30,0,0,2,0,2,15,8,"Some","Graduate degree","Reggae","Fly","Happy","Relative","Environment"
647,2010,"USA","UT","Female",14,"Left-Handed",172,26,185,2,"Bus",10,0.5,42,"Gymnastics",900,900,600,NA,400,500,27,"Left foot",110,110,"Same length","July","Spring","Yes","No","No favorite","Water","Music",7,10,2,"Yes - other","Text messaging",63,74,20,2,12,12,7,6,1,10,7,7,4,6,"Some","Some college","Pop","Fly","Happy","Relative","Religious"
648,2013,"USA","RI","Male",14,"Right-Handed",167,22,137,2,"Bus",35,0.42,40,"Basketball",1000,999,998,997,1,2,22,"Same length",60,60,"Same length","November","Summer","Yes","No","Meat","Soft drink (caffeinated)","Science",7,10,6,"Yes - other","Text messaging",20,20,9,10,3,15,24,6,3,9,3,4,5,2,"None","Graduate degree","Rap/Hip hop","Fly","Healthy","Sports person","Health"
649,2015,"USA","MD","Female",14,"Right-Handed",175,23,165,1,"Car",60,0.81,51,"Soccer",750,850,600,650,200,300,23,"Same length",74,83,"Ring finger","June","Summer","No","No","Meat","Water","Science",7,9,6,"Yes - dial-up connection","In person",20,40,7,1,21,10,16,0,3,6,5,0,0,4,"Some","Graduate degree","Pop","Invisibility","Happy","Community leader or elder","Health"
650,2014,"USA","CA","Male",17,"Right-Handed",175,25.9,182,1,"Car",2,0.7,39,"Walking/Hiking",1000,1000,1000,1000,500,500,25,"Right foot",80,75,"Index finger","February","Fall","No","No","Fruit","Water","History",8,12,4,"Yes - other","Text messaging",20,20,50,1,20,10,30,5,10,10,10,5,5,10,"Some","Graduate degree","Other","Invisibility","Happy","Relative","Religious"
651,2015,"USA","MD","Male",13,"Right-Handed",165,17.78,160,2,"Bus",15,0.73,60,"Cycling",10,10,10,10,10,10,18,"Same length",76.2,76.2,"Same length","February","Winter","No","No","Meat","Juice","Science",9,9,5,"Yes - broadband connection","Text messaging",0,0,2,0,1,3,2,1,0,3,2,2,0,1,"Very little","Graduate degree","Rap/Hip hop","Fly","Rich","Business person","International aid"
652,2015,"USA","CO","Male",17,"Right-Handed",186,28,185,1,"Bus",15,0.48,57,"Martial Arts",1000,1000,1000,1000,1000,1000,27,"Right foot",90,80,"Index finger","December","Spring","Yes","No","Pizza/Pasta","Water","Music",6,9,4,"Yes - broadband connection","In person",43,35,10,0,5,8,5,10,6,10,10,0,1,7,"Some","Graduate degree","Jazz","Telepathy","Happy","Other","Arts, culture, sports"
653,2011,"USA","GA","Female",11,"Right-Handed",157,24,162,1,"Bus",26,0.16,36,"Swimming",898,600,456,NA,388,400,24,"Same length",85,85,"Same length","September","Spring","No","No","Fruit","Water","Art",9,5,5,"Yes - broadband connection","Telephone",0,5,15,3,2,8,6,2,0,1,1,5,3,3,"Some","Graduate degree","Pop","Freeze time","Happy","Other","Wildlife, animals"
654,2013,"USA","CA","Female",17,"Right-Handed",163,23.36,168,1,"Car",4,0.69,58,"Swimming",1000,1000,1000,1000,1000,1000,23,"Right foot",83.82,76.2,"Index finger","June","Summer","Yes","No","Salads","Water","Science",9,10.5,4,"Yes - other","In person",141,201,40,1,7,7,7,0,3,100,1,2,0,1,NA,NA,NA,NA,NA,NA,NA
655,2014,"USA","IL","Female",11,"Right-Handed",163,23,162,2,"Walk",10,0.55,33,"Basketball",743,668,824,717,70,214,23,"Same length",67,65,"Index finger","September","Spring","No","No","Salads","Water",NA,8,7,4,"Yes - other","Text messaging",50,100,6,2,2,6,5,3,0,2,4,7,8,3,"Very little","Graduate degree","Techno/Electronic","Telepathy","Happy","Coach or club leader","International aid"
656,2015,"USA","CO","Female",17,"Right-Handed",174,23,166,1,"Car",18,0.66,41,"Golf",700,800,600,600,900,900,23,"Same length",NA,NA,NA,"June","Summer","No","No","Pizza/Pasta","Tea","Mathematics and statistics",7,7,2,"Yes - other","Text messaging",10,10,6,0,14,5,4,0,0,6,3,8,12,2,"Some","Undergraduate degree","Pop","Invisibility","Happy","Relative","Education/Youth development"
657,2015,"USA","NC","Male",17,"Right-Handed",179,24,169,1,"Walk",5,0.35,54,"Football (American)",850,900,800,900,999,995,25,"Left foot",70,75,"Ring finger","January","Fall","No","No","Seafood","Sports drink","Social studies",5,10,3,"Yes - broadband connection","Text messaging",50,40,3,2,12,2,2,1,4,5,4,1,0,3,"A lot","Graduate degree","Pop","Invisibility","Happy","Relative","Education/Youth development"
658,2015,"USA","WI","Male",17,"Right-Handed",180,29,160,1,"Car",30,0.32,60,"Athletics",500,450,300,400,500,500,28,"Right foot",100,100,"Same length","January","Spring","Yes","No","Meat","Water","Mathematics and statistics",7,10,3,"Yes - broadband connection","Text messaging",200,240,10,1,30,5,15,0,7,0,10,20,6,4,"A lot","Graduate degree","Country","Super strength","Healthy","Business person","Health"
659,2015,"USA","NC","Female",17,"Right-Handed",178,24,175,1,"Car",30,0.29,36,"Swimming",80,80,80,80,81,81,25,"Left foot",71,82,"Ring finger","September","Winter","No","No","Pizza/Pasta","Juice","Art",8,7,3,"Yes - broadband connection","Text messaging",20,20,4,1,15,21,10,0,2,1,6,11,0,8,"A lot","Graduate degree","Pop","Telepathy","Happy","Relative","Health"
660,2013,"USA","TX","Female",16,"Right-Handed",173,29,179,1,"Car",20,0.46,41,"Tennis",465,422,455,449,193,193,29,"Same length",76,70,"Index finger","May","Winter","No","No","Desserts","Water","Mathematics and statistics",7,9,3,"Yes - broadband connection","Text messaging",50,50,12,1,5,20,20,2,20,20,20,10,0,2,"A lot","Graduate degree","Rock and roll","Telepathy","Happy","Relative","International aid"
661,2015,"USA","CA","Female",8,"Right-Handed",123,20,126,1,"Car",20,0.84,74,"Cycling",999,888,900,500,0,0,19,"Right foot",63.5,63.5,"Same length","April","Winter","No","No","Rice/Noodle dishes","Water","Art",9,9.5,4,"Yes - broadband connection","In person",0,0,3,0,2,50,7,1,0,0,1,3,0,1,"Very little","Graduate degree","Pop","Invisibility","Happy","Relative","Environment"
662,2012,"USA","IN","Male",17,"Ambidextrous",192,35,152,1,"Car",2,0.36,40,"Basketball",500,400,400,NA,600,800,35,"Same length",101,76,"Index finger","June","Spring","No","No","Meat","Soft drink (caffeinated)","History",8,10,3,"Yes - broadband connection","Cell phone",100,200,25,2,1,10,10,8,2,100,15,10,10,2,"None","Graduate degree","Rap/Hip hop","Invisibility","Rich","Sports person","Education/Youth development"
663,2012,"USA","MD","Female",15,"Right-Handed",148,20,143,2,"Bus",20,0.35,46,"Other",588,909,717,866,241,230,21,"Left foot",60.5,60.5,"Same length","November","Winter","No","No","Other","Water","Mathematics and statistics",7,10,5,"Yes - broadband connection","Myspace, Facebook, other social networking sites, or blog",0,0,8,2,3,8,1,8,8,10,10,4,0,4,"A lot","Graduate degree","Other","Invisibility","Happy","Musician or singer","Religious"
664,2014,"USA","WI","Male",14,"Right-Handed",164,26,162,1,"Bus",5,0.72,51,"Soccer",700,900,600,400,50,50,26,"Same length",70,70,"Same length","September","Summer","No","No","Meat","Soft drink (non-caffeinated)","Physical education",7,10,3,"Yes - other","Myspace, Facebook, other social networking sites, or blog",16,18,35,7,15,84,8,16,24,7,48,56,0,18,"Some","Some college","Country","Invisibility","Happy","Sports person","Health"
665,2014,"USA","ID","Female",16,"Right-Handed",170,25,174,1,"Bus",40,0.54,63,"Other",400,500,600,500,600,600,25,"Left foot",91,88,"Index finger","August","Summer","No","No","Meat","Milk","Languages",8,6,8,"Yes - broadband connection","Internet chat or instant messaging",2,2,5,2,7,20,6,3,3,4,5,8,13,8,"Some","Undergraduate degree","Country","Telepathy","Happy","Friend","International aid"
666,2013,"USA","SC","Female",16,"Right-Handed",162,23,167,2,"Car",10,0.39,32,"Swimming",578,631,540,588,813,936,23,"Same length",90,100,"Ring finger","July","Summer","Yes","No","Rice/Noodle dishes","Water","Music",8,8,5,"Yes - broadband connection","Text messaging",25,30,6,2,28,4,0,14,3,10,4,2,0,0,"Some","Graduate degree","Pop","Telepathy","Famous","Musician or singer","Health"
667,2015,"USA","FL","Male",17,"Right-Handed",173,26,163,2,"Car",25,0.72,35,"Soccer",300,200,200,453,1000,900,25,"Right foot",85,80,"Index finger","March","Summer","No","No","Meat","Water","Mathematics and statistics",8,9.5,7,"Yes - broadband connection","Text messaging",160,200,20,2,5,4,5,3,4,3,5,5,0,1,"Some","Graduate degree","Techno/Electronic","Invisibility","Happy","Sports person","Health"
668,2015,"USA","CA","Female",11,"Right-Handed",153,23,153,2,"Car",15,0.39,38,"Basketball",888,535,1000,605,439,600,22,"Right foot",95,84,"Index finger","December","Summer","No","No","No favorite","Water","Art",10,9,5,"Yes - broadband connection","In person",15,100,8,0,1,2,2,1,1,2,3,1,2,2,"Some","Graduate degree","Pop","Fly","Happy","Musician or singer","Wildlife, animals"
669,2014,"USA","NC","Male",16,"Right-Handed",170,24,170,1,"Bus",5,0.2,34,"Basketball",439,439,353,241,465,487,24,"Same length",91,91,"Same length","October","Fall","No","No","Meat","Water","Science",8,7,5,"Yes - broadband connection","In person",3,3,2,0,5,6,15,1,0,0,10,0,0,1,"Some","Graduate degree","Rock and roll","Freeze time","Happy","Relative","Health"
670,2015,"USA","NC","Male",16,"Left-Handed",183,28,186,1,"Car",10,0.71,45,"Baseball/Softball",300,400,800,500,700,1000,28,"Right foot",105,105,"Same length","June","Winter","Yes","No","Meat","Sports drink","Mathematics and statistics",7,10,4,"Yes - other","Text messaging",103,110,20,3,5,20,10,6,12,35,4,8,0,5,"Some","Graduate degree","Rap/Hip hop","Invisibility","Rich","Sports person","Religious"
671,2013,"USA","PA","Male",17,"Right-Handed",178,27,182,1,"Bus",25,0.3,39,"Tennis",1000,1000,1000,1000,1000,1000,27,"Same length",98,98,"Same length","February","Winter","No","No","Breads/Sandwiches","Juice","Mathematics and statistics",7,8,4,"Yes - broadband connection","Myspace, Facebook, other social networking sites, or blog",30,75,8,1,10,3,5,3,4,4,21,10,4,1,"Some","Graduate degree","Techno/Electronic","Freeze time","Happy","Musician or singer","Health"
672,2011,"USA","ID","Male",17,"Right-Handed",174,26,175,1,"Car",20,0.32,49,"Other",802,807,856,NA,102,102,26,"Same length",90,75,"Index finger","January","Summer","No","No","Rice/Noodle dishes","Water","Music",7,9,3,"Yes - broadband connection","In person",0,1,5,2,40,8,0,0,0,0,5,1,0,1,"A lot","Graduate degree","Heavy metal","Freeze time","Happy","Relative","Wildlife, animals"
673,2011,"USA","NJ","Female",15,"Left-Handed",165,38,162,3,"Walk",10,0.32,33,"Swimming",600,600,700,NA,600,500,38,"Same length",NA,NA,NA,"July","Summer","Yes","No","Rice/Noodle dishes","Water","Art",8,12,5,"Yes - broadband connection","Text messaging",23,25,21,2,20,0,14,1,3,3,10,0,0,2,"Some","Graduate degree","Techno/Electronic","Freeze time","Happy","Politician","Environment"
674,2014,"USA","WI","Male",11,"Right-Handed",154,19,152,2,"Walk",20,0.59,43,"Soccer",10,25,50,100,250,1000,19,"Same length",60,60,"Same length","April","Summer","No","No","Poultry","Water","Art",8,10,4,"No internet connection","In person",1,2,20,5,15,40,70,100,10,10,100,100,0,70,"Some","Some college","Other","Super strength","Happy","Relative","Other"
675,2015,"USA","NJ","Male",17,"Right-Handed",188,28,191,1,"Walk",7,0.39,35,"Football (American)",749,722,850,626,0,200,29,"Left foot",80,80,"Same length","February","Summer","No","No","Meat","Water","Mathematics and statistics",9,11,3,"Yes - broadband connection","Text messaging",30,50,15,2,12,30,20,0,10,30,20,20,18,20,"A lot","Graduate degree","Rap/Hip hop","Super strength","Happy","Sports person","Wildlife, animals"
676,2012,"USA","SC","Female",15,"Right-Handed",163,22,163,2,"Car",15,0.21,42,"Swimming",500,200,0,NA,800,700,22,"Same length",71,69,"Index finger","June","Summer","No","No","Desserts","Tea","English",8,5,5,"Yes - other","In person",50,60,20,5,3,12,5,1,1,12,2,6,0,2,"Some","Graduate degree","Country","Telepathy","Happy","Coach or club leader","International aid"
677,2012,"USA","TX","Female",17,"Ambidextrous",170,19.05,173,1,"Car",13,0.35,55,"Running/Jogging",100,800,200,1,900,999,19,"Left foot",63.5,63.5,"Same length","December","Fall","Yes","No","Fruit","Water","Science",7,8,3,"Yes - broadband connection","Text messaging",70,75,35,1,7,20,25,0,2,50,5,2,0,2,"A lot","Graduate degree","Country","Freeze time","Healthy","Religious figure","International aid"
678,2011,"USA","NM","Female",17,"Right-Handed",173,22.5,167,1,"Car",25,0.36,42,"Walking/Hiking",620,904,348,NA,1000,1000,22,"Right foot",90,80,"Index finger","May","Summer","Yes","No","Breads/Sandwiches","Milk","English",5,8,3,"Yes - broadband connection","Text messaging",100,115,21,5,5,21,2,0,7,20,10,9,0,14,"Some","Graduate degree","Rock and roll","Freeze time","Happy","Relative","Wildlife, animals"
679,2015,"USA","WI","Male",14,"Right-Handed",170,26,170,2,"Bicycle",7,0.49,53,"Baseball/Softball",100,100,100,100,100,100,26,"Same length",NA,NA,NA,"February","Summer","No","No","Pizza/Pasta","Soft drink (caffeinated)","Science",7,13,4,"Yes - broadband connection","Text messaging",200,200,48,5,0,12,6,60,4,50,78,56,0,0,"A lot","Graduate degree","Country","Fly","Famous","Friend","Wildlife, animals"
680,2014,"USA","MA","Male",17,"Right-Handed",180,23,179,2,"Bus",10,0.34,51,"None",300,100,500,800,900,900,23,"Same length",85,80,"Index finger","March","Winter","No","No","Meat","Water","History",7,12,3,"Yes - broadband connection","Myspace, Facebook, other social networking sites, or blog",1,1,6,2,30,20,2,30,5,3,30,6,0,3,"Some","Graduate degree","Classical","Freeze time","Happy","Other","Health"
681,2011,"USA","CA","Female",17,"Left-Handed",156,25,156,2,"Car",10,0.41,55,"Other",900,850,1000,NA,800,1000,26,"Left foot",79,81,"Ring finger","January","Winter","Yes","No","Pizza/Pasta","Water","Art",8,10,5,"Yes - broadband connection","In person",75,75,12,1,12,8,5,1,10,12,14,6,0,5,"Some","Graduate degree","Pop","Telepathy","Happy","Actor","International aid"
682,2014,"USA","MN","Female",16,"Right-Handed",170,23,174,2,"Car",12,0.38,35,"Basketball",358,630,561,914,16,100,25,"Left foot",80,75,"Index finger","September","Fall","Yes","No","Rice/Noodle dishes","Water","Mathematics and statistics",7,10,4,"Yes - other","Text messaging",50,60,5,4,3,1,3,0,20,20,15,6,12,3,"Some","Graduate degree","Rap/Hip hop","Telepathy","Healthy","Coach or club leader","Environment"
683,2013,"USA","VA","Female",17,"Right-Handed",165,24.77,152,2,"Car",10,0.4,34,"Dancing",872,786,1000,540,385,385,25,"Left foot",82.55,69.85,"Index finger","July","Fall","Yes","No","Pizza/Pasta","Water","Mathematics and statistics",5,9,3,"Yes - broadband connection","Text messaging",47,56,7,1,12,5,4,0,4,2,4,2,0,0,"A lot","Graduate degree","Other","Invisibility","Happy","Actor","Health"
684,2013,"USA","IN","Female",17,"Right-Handed",172,25,166,1,"Car",15,0.46,38,"Cycling",1000,1000,1000,1000,1000,1000,26,"Left foot",80,85,"Ring finger","March","Fall","Yes","No","Meat","Water","Social studies",8,10,4,"Yes - broadband connection","Text messaging",80,80,32,2,8,2,7,0,48,52,47,20,10,2,"A lot","Graduate degree","Country","Invisibility","Happy","Religious figure","Wildlife, animals"
685,2012,"USA","NY","Female",11,"Right-Handed",153,29,152,1,"Walk",20,0.76,45,"Swimming",1000,1000,1000,1000,500,1000,23,"Right foot",80,70,"Index finger","June","Summer","Yes","No","Soups","Sports drink","Music",10,10,5,"Yes - other","In person",0,0,10,0,18,40,2,0,1,1,10,35,0,0,"Some","Graduate degree","Rap/Hip hop","Freeze time","Healthy","Religious figure","Religious"
686,2015,"USA","OH","Female",13,"Left-Handed",158,24.5,158,1,"Walk",10,0.6,51,"Athletics",900,900,900,900,500,800,23,"Right foot",72,77,"Ring finger","August","Summer","Yes","No","No favorite","Water","Art",8,9.5,5,"Yes - other","Text messaging",20,30,24,1,6,50,15,6,6,6,6,6,0,2,"Very little","Graduate degree","Jazz","Freeze time","Healthy","Relative","Health"
687,2010,"USA","AL","Female",17,"Right-Handed",175,21,150,1,"Car",15,0.39,47,"Dancing",10,300,500,NA,1000,1000,23,"Left foot",90,70,"Index finger","June","Spring","Yes","No","Pizza/Pasta","Water","Languages",6,10,3,"Yes - broadband connection","Text messaging",15,20,12,1,2,12,3,0,1,3,8,10,0,2,"Some","Graduate degree","Rap/Hip hop","Telepathy","Healthy","Actor","Religious"
688,2014,"USA","CO","Male",17,"Right-Handed",213,32,208,2,"Car",4,0.31,45,"Tennis",465,652,861,540,540,802,32,"Same length",80,80,"Same length","September","Summer","No","No","Meat","Soft drink (caffeinated)","Physical education",7,7,5,"Yes - broadband connection","Cell phone",10,10,25,3,2,10,15,3,1,2,2,5,15,3,"Very little","Undergraduate degree","Rap/Hip hop","Super strength","Happy","Religious figure","International aid"
689,2015,"USA","CA","Male",17,"Right-Handed",173,26.5,177,2,"Car",10,0.74,77,"Running/Jogging",650,700,750,800,950,1000,27,"Left foot",96.52,101.6,"Ring finger","December","Summer","No","No","Seafood","Water","Languages",7,8,3,"Yes - other","Text messaging",87,90,13,2,15,5,2,5,8,12,15,10,25,2,"A lot","Graduate degree","Rock and roll","Freeze time","Happy","Friend","Health"
690,2015,"USA","TX","Female",9,"Right-Handed",154,24,152,2,"Car",3,1,54,"Gymnastics",1000,500,100,200,100,100,24,"Same length",70,70,"Same length","May","Winter","No","No","Pizza/Pasta","Water","Art",10,11,5,"Yes - other","Myspace, Facebook, other social networking sites, or blog",20,40,4,2,5,5,6,3,2,4,2,3,0,2,"Very little","Graduate degree","Pop","Invisibility","Happy","Musician or singer","Health"
691,2012,"USA","SC","Male",17,"Right-Handed",183,28,185,2,"Car",18,0.32,32,"Other",600,300,0,800,700,700,27,"Right foot",101,110,"Ring finger","March","Fall","No","No","Desserts","Juice","Music",7,10,4,"Yes - broadband connection","In person",15,10,2,3,2,4,0,10,7,10,35,14,0,2,"Some","Undergraduate degree","Other","Invisibility","Happy","Other","Education/Youth development"
692,2013,"USA","NE","Male",17,"Right-Handed",183,28,187,1,"Car",10,0.36,53,"Football (American)",160,246,64,166,722,1000,28,"Same length",80,80,"Same length","November","Summer","Yes","No","Pizza/Pasta","Sports drink","Physical education",7,10,2,"Yes - broadband connection","Text messaging",100,115,7,1,4,5,20,10,16,20,25,18,8,2,"Some","Graduate degree","Rap/Hip hop","Freeze time","Happy","Sports person","Arts, culture, sports"
693,2015,"USA","VA","Female",17,"Right-Handed",159,25.5,159,1,"Bus",30,0.59,41,"Walking/Hiking",674,888,845,947,717,770,26,"Same length",70,70,"Same length","April",NA,"No","No","Meat","Water","Music",5,12,3,"Yes - other","Text messaging",50,50,7,7,0,14,7,0,84,42,84,0,0,7,"Very little","Other","Other","Telepathy","Healthy","Other","Wildlife, animals"
694,2013,"USA","RI","Male",13,"Right-Handed",156,28,158,1,"Car",10,0.35,33,"Hockey (Ice)",850,610,856,738,1000,1000,28,"Same length",80,85,"Ring finger","December","Winter","No","No","Desserts","Water","Science",10,12,6,"Yes - other","Text messaging",3,4,2,4,2,4,6,0,1,1,1,7,0,1,"Some","Graduate degree","Rock and roll","Invisibility","Healthy","Other","Education/Youth development"
695,2012,"USA","OK","Male",16,"Left-Handed",180,28,171,2,"Car",10,0.28,30,"Tennis",500,900,600,750,750,1000,28,"Same length",102,85,"Index finger","July","Fall","Yes","No","Rice/Noodle dishes","Milk","Science",7,NA,5,"Yes - broadband connection","Internet chat or instant messaging",4,5,6,0,5,2,10,56,0,1,56,0,0,0,"A lot","Graduate degree","Country","Telepathy","Happy","Relative","Environment"
696,2013,"USA","NY","Male",13,"Right-Handed",162,26,147,2,"Bus",15,0.32,49,"Football (American)",754,524,652,888,107,32,26,"Same length",67,81,"Ring finger","January","Summer","No","No","No favorite","Water","History",9,8,5,"Yes - broadband connection","Text messaging",10,10,15,0,4,7,11,1,2,1,1,4,2,5,"Very little","Graduate degree","Reggae","Fly","Healthy","Relative","Education/Youth development"
697,2015,"USA","DE","Male",17,"Right-Handed",178,28.3,183,1,"Car",20,0.38,38,"Swimming",900,750,800,800,800,950,28,"Same length",76.2,69.85,"Index finger","July","Summer","Yes","No","Meat","Soft drink (non-caffeinated)","History",7,6,7,"Yes - broadband connection","Internet chat or instant messaging",34,35,16,1,6,10,3,13,1,3,6,5,0,5,"Some","Graduate degree","Techno/Electronic","Freeze time","Rich","Community leader or elder","Education/Youth development"
698,2015,"USA","OR","Male",17,"Right-Handed",177,27,131,1,"Car",3,0.33,43,"Running/Jogging",700,700,0,200,1000,1000,27,"Same length",102,105,"Ring finger","March","Winter","No","No","Pizza/Pasta","Water","Social studies",8,9,3,"Yes - broadband connection","Text messaging",5,200,6,0,2,1,12,0,0,1,7,7,0,1,"Some","Graduate degree","Other","Fly","Healthy","Relative","Health"
699,2015,"USA","WI","Male",17,"Left-Handed",180,27.6,179,1,"Car",10,0.35,40,"Basketball",700,700,700,700,700,700,28,"Same length",70,73,"Ring finger","June","Summer","No","No","Meat","Water","Mathematics and statistics",8,10,4,"Yes - broadband connection","In person",100,100,16,1,10,8,12,0,1,1,1,1,12,3,"Some","Graduate degree","Rap/Hip hop","Freeze time","Happy","Doctor or nurse","Arts, culture, sports"
700,2010,"USA","DC","Male",12,"Ambidextrous",144,22,146,1,"Skateboard/Scooter/Rollerblade",20,0.37,50,"Soccer",866,861,872,NA,1000,1000,22,"Same length",60,75,"Ring finger","March","Summer","Yes","No","Rice/Noodle dishes","Sports drink",NA,7,9,4,"Yes - other","Text messaging",14,16,6,3,3,5,2,3,0,5,1,4,5,5,"Some","Other","Rap/Hip hop","Freeze time","Rich","Friend","Arts, culture, sports"
701,2014,"USA","IL","Male",17,"Right-Handed",193,26,188,1,"Car",5,0.3,32,"Tennis",800,1000,1000,1000,1000,900,27,"Left foot",65,80,"Ring finger","June","Fall","No","No","No favorite","Water","Social studies",6,10,5,"Yes - broadband connection","In person",10,10,8,0,15,3,0,0,2,3,10,10,0,2,"Some","Graduate degree","Other","Telepathy","Happy","Musician or singer","Environment"
702,2014,"USA","WI","Male",14,"Right-Handed",171,28,171,2,"Bus",60,0.36,51,"Soccer",900,850,650,200,500,700,28,"Same length",90,100,"Ring finger","July","Summer","Yes","No","Meat","Water","Science",8,8,5,"Yes - other","In person",0,0,10,2,2,5,11,2,2,0,3,15,0,3,"Some","Graduate degree","Gospel","Telepathy","Happy","Religious figure","Religious"
703,2015,"USA","CA","Female",13,"Right-Handed",171,25,163,2,"Car",18,0.47,59,"Soccer",32,86,374,717,1000,1000,25,"Same length",70,75,"Ring finger","January","Summer","No","No","Pizza/Pasta","Juice","Art",8,10,6,"Yes - other","Text messaging",5,5,2,1,15,24,3,2,10,10,4,6,0,4,"Some","Graduate degree","Rap/Hip hop","Fly","Healthy","Musician or singer","Health"
704,2014,"USA","IN","Male",17,"Ambidextrous",178,25.3,178,2,"Car",12,0.67,43,"Other",967,700,433,869,2,3,27,"Left foot",77,75,"Index finger","June","Spring","Yes","No","No favorite","Water","Music",7,6,4,"Yes - other","Cell phone",15,13,49,0,2,40,9,0,0,2,2,2,0,2,"A lot","Some college","Rhythm and blues (R&B)","Freeze time","Happy","Other","Arts, culture, sports"
705,2014,"USA","ID","Female",17,"Right-Handed",185,23,183,1,"Car",12,0.31,52,"Walking/Hiking",1000,1000,1000,1000,471,476,22,"Right foot",75,70,"Index finger","May","Summer","No","No","Fruit","Water","History",8,8.5,4,"Yes - other","Text messaging",30,30,4,2,6,8,2,0,2,4,4,0,13,6,"A lot","Undergraduate degree","Other","Telepathy","Happy","Friend","Religious"
706,2015,"USA","NY","Female",12,"Right-Handed",151,24,147,1,"Bus",13,0.46,58,"Baseball/Softball",214,390,663,1000,1000,1000,22,"Right foot",71,61,"Index finger","February","Summer","Yes","No","Meat","Milk","Art",11,6,3,"Yes - broadband connection","Internet chat or instant messaging",10,10,0,1,1,3,4,1,1,1,1,1,0,0,"Some","High school","Rap/Hip hop","Fly","Rich","Teacher","Arts, culture, sports"
707,2012,"USA","CA","Female",17,"Right-Handed",170,22,165,1,"Car",22,0.34,35,"Other",500,400,500,100,600,700,22,"Same length",70,70,"Same length","March","Summer","No","No","Meat","Coffee","English",6,8,5,"Yes - broadband connection","Cell phone",80,75,5,3,10,5,5,3,5,5,6,2,1,4,"Some","Graduate degree","Country","Invisibility","Happy","Relative","Wildlife, animals"
708,2015,"USA","VA","Male",17,"Ambidextrous",185,27.94,185,2,"Car",12,0.35,56,"Soccer",422,460,476,487,122,122,28,"Left foot",100,95,"Index finger","October","Fall","Yes","No","Meat","Tea","Art",6,8,5,"Yes - broadband connection","Text messaging",350,350,10,3,2,10,15,2,5,8,4,6,22,5,"Some","Graduate degree","Country","Super strength","Rich","Other","Wildlife, animals"
709,2014,"USA","WI","Male",17,"Right-Handed",175,26,177,2,"Car",14,0.41,38,"Swimming",1000,1000,1000,1000,650,550,25,"Right foot",85,85,"Same length","June","Summer","Yes","No","Meat","Water","Languages",9,10,3,"Yes - broadband connection","Text messaging",30,25,5,0,10,5,10,1,2,2,4,0,15,0,"Some","Undergraduate degree","Rock and roll","Fly","Rich","Relative","Environment"
710,2015,"USA","CA","Male",17,"Right-Handed",174,25,173,2,"Car",39,0.29,50,"Golf",717,663,786,733,401,401,25,"Same length",80,82,"Ring finger","May","Spring","No","No","Meat","Water","Other",6,8,4,"Yes - broadband connection","Text messaging",130,300,16,1,21,3,12,3,10,10,14,3,0,2,"A lot","Graduate degree","Rap/Hip hop","Freeze time","Rich","Sports person","Education/Youth development"
711,2013,"USA","RI","Female",12,"Right-Handed",164,26,163,1,"Car",5,0.36,35,"Baseball/Softball",588,652,668,717,118,96,25,"Right foot",85,95,"Ring finger","November","Summer","No","No","Other","Water","Mathematics and statistics",10,10,4,"Yes - other","In person",10,10,20,2,7,10,15,3,1,1,1,4,0,3,"Some","Graduate degree","Other","Freeze time","Healthy","Relative","Health"
712,2015,"USA","VA","Male",17,"Left-Handed",170,24,165,1,"Bus",20,0.38,40,"Cycling",813,49,155,529,652,652,24,"Same length",85,85,"Same length","March","Summer","Yes","No","Pizza/Pasta","Water","Computers and technology",7,10,4,"Yes - broadband connection","Text messaging",7,10,5,1,10,3,10,8,0,2,10,2,10,4,"A lot","Graduate degree","Other","Freeze time","Happy","Teacher","International aid"
713,2014,"USA","CA","Male",16,"Right-Handed",173,26,175,1,"Car",15,0.32,30,"Baseball/Softball",647,465,866,342,460,1000,26,"Same length",95,95,"Same length","September","Winter","Yes","No","Meat","Water","Physical education",7,9,5,"Yes - broadband connection","Text messaging",75,80,12,1,9,3,15,3,2,4,1,5,0,6,"A lot","Graduate degree","Rap/Hip hop","Freeze time","Happy","Friend","Arts, culture, sports"
714,2011,"USA","SC","Male",17,"Right-Handed",175,28,181,1,"Car",13,0.39,47,"Football (American)",0,0,1000,NA,0,0,28,"Same length",70,80,"Ring finger","May","Winter","No","No","Pizza/Pasta","Water","Other",7,13,3,"No internet connection","In person",20,33,2,1,0,0,3,0,0,3,0,5,0,4,"Very little","Some college","Reggae","Fly","Rich","Other","International aid"
715,2015,"USA","NY","Female",12,"Ambidextrous",149,22,145,1,"Walk",7,0.55,36,"Athletics",1000,850,652,952,305,401,22,"Same length",65,62,"Index finger","August","Fall","Yes","Yes","Rice/Noodle dishes","Water","Science",8,9,3,"Yes - broadband connection","In person",0,0,30,1,5,2,6,10,0,0,16,5,0,5,"Some","Graduate degree","Rock and roll","Telepathy","Happy","Teacher","Environment"
716,2014,"USA","CO","Female",17,"Right-Handed",201,25,201,2,"Car",5,0.27,33,"Dancing",789,800,1000,700,1000,1000,26,"Left foot",80.5,80,"Index finger","June","Summer","No","No","No favorite","Juice","Art",5,NA,5,"Yes - other","Text messaging",100,130,10,0,1,1,3,0,1,2,1,2,10,1,"Very little","Graduate degree","Pop","Invisibility","Famous","Relative","International aid"
717,2014,"USA","MD","Male",13,"Right-Handed",124,20,144,2,"Bus",15,0.59,69,"Football (American)",999,800,1000,1000,1000,1000,22,"Left foot",75,75,"Same length","May","Spring","No","No","No favorite","Sports drink","Computers and technology",9,NA,3,"Yes - broadband connection","Text messaging",11,13,3,1,5,2,7,2,4,0,5,4,2,3,"A lot","Undergraduate degree","Other","Invisibility","Happy","Relative","Wildlife, animals"
718,2013,"USA","SC","Male",15,"Right-Handed",178,10.5,179,1,"Car",8,0.36,48,"Swimming",543,564,843,875,475,492,11,"Same length",80,85,"Ring finger","September","Summer","Yes","No","Pizza/Pasta","Sports drink","History",6,8,4,"Yes - broadband connection","Text messaging",150,150,12,1,4,4,12,1,2,2,2,4,3,3,"Some","Graduate degree","Heavy metal","Telepathy","Healthy","Sports person","Health"
719,2011,"USA","GA","Female",17,"Right-Handed",165,23,162,1,"Car",20,0.38,40,"Soccer",850,850,750,NA,500,500,23,"Same length",70,75,"Ring finger","February","Fall","No","No","Desserts","Water","History",6,8,4,"Yes - broadband connection","In person",15,15,12,1,15,7,6,0,2,1,4,4,0,2,"A lot","Graduate degree","Other","Freeze time","Happy","Relative","Education/Youth development"
720,2010,"USA","DC","Male",13,"Right-Handed",163,26,156,1,"Car",10,0.38,34,"Soccer",1000,599,583,NA,5,5,25,"Right foot",60,63,"Ring finger","April","Summer","Yes","No","Seafood","Water","Physical education",6,7,4,"Yes - broadband connection","Myspace, Facebook, other social networking sites, or blog",5,4,8,2,3,4,1,2,3,3,5,2,0,1,"Some","Graduate degree","Rap/Hip hop","Freeze time","Happy","Musician or singer","Wildlife, animals"
721,2010,"USA","AZ","Female",17,"Right-Handed",162,37,160,2,"Car",50,0.38,44,"Dancing",1000,1000,1000,NA,700,700,37,"Same length",69.8,78.6,"Ring finger","February","Fall","Yes","No","Rice/Noodle dishes","Water","Art",5,10,3,"Yes - broadband connection","Text messaging",0,1,1,1,3,1,1,0,3,1,3,1,0,0,"Some","Graduate degree","Pop","Invisibility","Rich","Business person","International aid"
722,2014,"USA","NE","Male",16,"Right-Handed",172,28,167,2,"Car",12,0.33,45,"Baseball/Softball",400,400,400,400,100,100,26,"Right foot",80,70,"Index finger","April","Fall","Yes","No","Meat","Sports drink","Physical education",8,13,8,"Yes - dial-up connection","Cell phone",45,83,20,1,5,20,20,0,5,2,3,6,2,2,"Some","Graduate degree","Rap/Hip hop","Telepathy","Happy","Coach or club leader","Other"
723,2011,"USA","TX","Male",17,"Right-Handed",170,27,174,2,"Bus",30,0.2,40,"None",358,433,500,NA,666,999,27,"Same length",90,95,"Ring finger","April","Winter","No","No","Meat","Water","Science",6,12,5,"Yes - broadband connection","In person",30,33,40,1,5,0,0,0,2,5,20,0,0,2,"A lot","Graduate degree","Rap/Hip hop","Fly","Rich","Other","Health"
724,2014,"USA","PA","Female",10,"Right-Handed",175,24,158,2,"Walk",15,0.73,87,"Baseball/Softball",900,900,500,200,100,1000,28,"Left foot",80,80,"Same length","January","Summer","Yes","No","Salads","Tea","Art",4,NA,6,"Yes - broadband connection","Text messaging",0,6,10,2,4,2,18,1,3,1,3,4,1,1,"Very little","Other","Rap/Hip hop","Invisibility","Healthy","Teacher","Arts, culture, sports"
725,2011,"USA","SC","Female",17,"Right-Handed",157,15.7,142,1,"Car",12,0.38,39,"Soccer",500,1000,0,NA,1000,1000,16,"Same length",NA,NA,NA,"February","Summer","No","No","Pizza/Pasta","Water","English",9,11,4,"Yes - broadband connection","Text messaging",200,200,10,2,1,25,15,0,2,10,1,6,10,0,"Some","Graduate degree","Pop","Fly","Happy","Actor","Wildlife, animals"
726,2014,"USA","WI","Male",14,"Right-Handed",178,30,195,2,"Car",10,0.56,46,"Basketball",50,60,40,40,70,60,30,"Same length",90,70,"Index finger","December","Summer","Yes","No","Pizza/Pasta","Milk","Physical education",8,10,3,"Yes - dial-up connection","Text messaging",10,9,2,0,2,3,5,1,0,1,2,8,1,2,"Some","Graduate degree","Pop","Invisibility","Happy","Sports person","Education/Youth development"
727,2011,"USA","OK","Male",14,"Ambidextrous",164,25,163,1,"Car",10,0.36,30,"Other",900,900,900,NA,500,500,25,"Same length",82,85,"Ring finger","August","Summer","No","No","Rice/Noodle dishes","Water","History",9,9.5,4,"Yes - broadband connection","In person",0,0,3,0,12,4,1,6,0,0,20,3,0,1,"Some","Graduate degree","Classical","Invisibility","Happy","Politician","International aid"
728,2011,"USA","ID","Female",17,"Right-Handed",166,27,170,1,"Car",15,0.36,39,"Table Tennis",791,497,920,NA,688,1000,28,"Left foot",95,100,"Ring finger","October","Summer","No","No","Pizza/Pasta","Water","Music",7,11,5,"Yes - other","Text messaging",7,12,20,3,4,15,1,1,5,5,5,7,20,2,"Some","Undergraduate degree","Rap/Hip hop","Freeze time","Happy","Relative","Environment"
729,2014,"USA","GA","Male",16,"Right-Handed",181,30,188,1,NA,5,0.7,95,"Basketball",75,25,90,30,40,95,29,"Right foot",90,100,"Ring finger","June","Summer","Yes","No","Soups","Milk","Physical education",11,6,3,"Yes - other","Internet chat or instant messaging",40,45,90,5,12,23,100,50,20,30,10,40,6,1,"Some","Some college","Rap/Hip hop","Telepathy","Happy","Sports person","Wildlife, animals"
730,2014,"USA","SC","Female",15,"Right-Handed",165,24,169,2,"Car",5,0.38,31,"Dancing",700,700,800,600,500,400,23,"Right foot",86.36,91.44,"Ring finger","April","Fall","Yes","No","Pizza/Pasta","Water","Art",4,8,4,"Yes - broadband connection","In person",2,3,1,0,12,5,20,0,3,1,5,3,0,4,"A lot","Graduate degree","Other","Fly","Healthy","Teacher","Wildlife, animals"
731,2014,"USA","WA","Female",15,"Right-Handed",169,22,165,1,"Car",25,0.45,45,"Basketball",1000,1000,700,500,500,500,22,"Same length",80,80,"Same length","November","Summer","No","No","Pizza/Pasta","Water",NA,8,12,5,"Yes - broadband connection","Text messaging",5,7,12,0,1,0,10,0,4,1,5,3,5,0,"Some","Graduate degree","Other","Fly","Happy","Coach or club leader","International aid"
732,2015,"USA","OH","Female",13,"Right-Handed",163,27,162,2,"Bus",30,0.54,40,"Athletics",500,200,400,50,1000,1000,27,"Right foot",80,75,"Index finger","November","Summer","Yes","No","Seafood","Water","Social studies",6,10,3,"Yes - other","Text messaging",50,55,10,1,2,2,2,0,2,5,4,3,0,2,"Some",NA,"Rap/Hip hop","Super strength","Healthy","Other","Wildlife, animals"
733,2012,"USA","SC","Male",16,"Ambidextrous",186,28,182,1,"Car",3,0.26,58,"Baseball/Softball",10,10,10,NA,800,800,28,"Same length",85,80,"Index finger","March","Spring","No","No","Meat","Sports drink","Physical education",8,10,3,"Yes - other","In person",35,40,15,1,3,6,20,0,1,2,2,6,8,4,"Some","Some college","Country","Super strength","Happy","Sports person","Other"
734,2013,"USA","RI","Male",13,"Right-Handed",155,24,157,1,"Bus",17,0.33,29,"Other",1000,1000,1000,1000,1000,1000,24,"Same length",100,80,"Index finger","February","Summer","No","No","Meat","Juice","Physical education",10,NA,4,"Yes - broadband connection","In person",0,0,4,0,6,12,4,9,1,0,7,12,0,0,"None","Undergraduate degree","Rap/Hip hop","Super strength","Rich","Sports person","Wildlife, animals"
735,2015,"USA","WI","Female",13,"Right-Handed",156,23,154,2,"Car",24,0.48,32,"Dancing",576,467,356,567,765,750,23,"Same length",90,95,"Ring finger","February","Fall","No","No","Seafood","Water","Science",8,10,5,"Yes - other","Text messaging",89,139,45,0,3,15,5,2,2,2,4,2,1,1,"Some","Graduate degree","Pop","Fly","Happy","Religious figure","Health"
736,2012,"USA","SC","Male",17,"Ambidextrous",169,29,169,2,"Car",10,0.75,69,"Other",500,750,900,NA,0,0,29,"Same length",70,80,"Ring finger","May","Summer","No","No","Meat","Sports drink","Mathematics and statistics",8,5,3,"Yes - other","Text messaging",200,300,21,1,0,10,15,0,2,5,0,0,20,5,"A lot","Graduate degree","Country","Super strength","Happy","Religious figure","Health"
737,2013,"USA","MI","Female",17,"Right-Handed",163,30,224,1,"Car",3,0.36,24,"Baseball/Softball",400,600,300,300,850,850,30,"Same length",88.9,88.9,"Same length","September","Summer","Yes","No","Desserts","Water","Other",8,11,2,"Yes - broadband connection","Text messaging",50,50,6,1,12,5,4,1,10,6,10,18,20,2,"Some","Graduate degree","Rap/Hip hop","Invisibility","Happy","Teacher","Health"
738,2015,"USA","TX","Female",17,"Right-Handed",163,24.5,164,1,"Car",25,0.4,61,"Running/Jogging",800,700,300,900,1000,1000,25,"Same length",84,76,"Index finger","July","Summer","No","No","Pizza/Pasta","Water","Art",4,9,4,"Yes - broadband connection","Text messaging",200,200,7,0,35,6,0,0,1,8,28,3,0,0,"A lot","Graduate degree","Rock and roll","Freeze time","Happy","Musician or singer","Wildlife, animals"
739,2014,"USA","IN","Male",11,"Right-Handed",144,22,153,1,"Car",15,0.39,54,"Football (American)",1000,1000,1000,930,1000,1000,22,"Same length",NA,NA,NA,"May","Winter","Yes","No","Desserts","Juice","Physical education",9,13,3,"Yes - other","In person",0,0,1,0,4,2,6,5,5,1,7,7,0,5,"Some","Graduate degree","Rap/Hip hop","Invisibility","Rich","Sports person","Arts, culture, sports"
740,2014,"USA","GU","Male",16,"Right-Handed",152,19.05,152,2,"Car",15,0.73,50,"Basketball",1000,1000,1000,1000,1000,1000,19,"Same length",90,90.5,"Ring finger","February","Summer","Yes","No","Seafood","Milk","Mathematics and statistics",7,6,4,"Yes - other","Myspace, Facebook, other social networking sites, or blog",0,2,3,0,3,6,1,0,4,1,4,1,0,4,"A lot","Other","Pop","Freeze time","Healthy","Relative","Education/Youth development"
741,2013,"USA","MD","Female",13,"Right-Handed",151,22,153,1,"Car",20,0.28,32,"Soccer",604,503,545,701,508,508,23,"Left foot",70,75,"Ring finger","June","Summer","No","No","Meat","Water","Physical education",8,10,6,"Yes - broadband connection","In person",0,0,14,3,5,28,7,1,0,0,3,10,0,0,"Some","Graduate degree","Gospel","Fly","Healthy","Relative","Health"
742,2013,"USA","RI","Female",12,"Left-Handed",142,20,139,1,"Car",5,0.45,63,"Swimming",674,604,503,422,348,214,21,"Left foot",80,90,"Ring finger","October","Summer","Yes","No","Seafood","Water","Physical education",8,10,6,"Yes - broadband connection","Internet chat or instant messaging",0,0,0,0,1,1,1,2,1,1,2,3,1,2,"A lot","Other","Pop","Freeze time","Famous","Other","Other"
743,2015,"USA","CA","Female",17,"Left-Handed",150,24,152,1,"Car",12,0.4,32,"Dancing",1000,1000,850,829,500,500,24,"Same length",70,70,"Same length","January","Summer","Yes","No","Rice/Noodle dishes","Sports drink","Art",6,7,4,"Yes - other","Text messaging",20,20,3,0,35,28,8,4,45,39,56,30,0,10,"A lot","Graduate degree","Rhythm and blues (R&B)","Fly","Happy","Relative","Wildlife, animals"
744,2013,"USA","SC","Male",15,"Right-Handed",181,28,184,1,"Car",6,0.98,42,"Table Tennis",700,800,250,250,600,650,27,"Right foot",65,75,"Ring finger","June","Winter","No","No","Meat","Water","Mathematics and statistics",7,8,5,"Yes - broadband connection","Text messaging",75,100,7,1,8,7,2,8,1,2,10,2,0,2,"Very little","Some college","Other","Super strength","Happy","Relative","Health"
745,2015,"USA","VA","Female",17,"Right-Handed",157,25,153,1,"Car",15,0.39,41,"Soccer",599,59,508,21,503,508,25,"Same length",70,64,"Index finger","October","Summer","No","No","Desserts","Water","Social studies",6,9,4,"Yes - broadband connection","Text messaging",30,45,10,5,7,8,5,0,2,3,1,7,25,1,"A lot","Graduate degree","Rap/Hip hop","Telepathy","Happy","Relative","International aid"
746,2013,"USA","GA","Female",17,"Right-Handed",160,21,159,1,"Car",10,0.44,44,"Tennis",900,800,500,750,500,700,21,"Left foot",83,84,"Ring finger","November","Fall","Yes","No","Pizza/Pasta","Water","English",7,9,4,"Yes - broadband connection","Cell phone",4,8,16,2,7,4,5,0,1,1,2,7,0,1,"Some","Undergraduate degree","Rap/Hip hop","Fly","Happy","Religious figure","Health"
747,2014,"USA","GU","Male",17,"Right-Handed",165,25,169,1,"Bus",10,0.47,74,"Basketball",1000,1000,1000,1000,1000,1000,25,"Same length",76,78,"Ring finger","August","Summer","Yes","No","Pizza/Pasta","Soft drink (non-caffeinated)","Mathematics and statistics",9,12,8,"Yes - other","Myspace, Facebook, other social networking sites, or blog",0,1,1,1,5,1,10,24,5,7,5,9,0,3,"Some","Some college","Techno/Electronic","Invisibility","Famous","Musician or singer","Arts, culture, sports"
748,2012,"USA","IN","Female",17,"Right-Handed",173,23,160,1,"Car",13,0.37,40,"Soccer",390,428,262,NA,642,701,23,"Same length",80,80,"Same length","March","Summer","Yes","No","Meat","Water","Physical education",7,10,7,"Yes - other","Text messaging",100,100,24,3,3,20,8,2,9,15,1,18,0,6,"Some","Graduate degree","Country","Invisibility","Happy","Relative","Health"
749,2015,"USA","MA","Female",17,"Right-Handed",160,22.5,160,2,"Car",10,0.39,37,"Soccer",1000,1000,800,700,300,800,23,"Left foot",75,75,"Same length","March","Summer","Yes","No","Desserts","Water","English",7,10,4,"Yes - broadband connection","Text messaging",30,25,6,1,15,2,6,0,5,0,10,0,0,2,"A lot","Graduate degree","Rhythm and blues (R&B)","Freeze time","Rich","Relative","Education/Youth development"
750,2015,"USA","NJ","Male",17,"Left-Handed",174,25,169,2,"Bus",35,0.82,44,"Other",950,975,850,900,600,900,25,"Same length",80,83,"Ring finger","September","Winter","Yes","No","Soups","Water","Other",5,10,4,"Yes - broadband connection","Text messaging",166,127,10,4,12,2,5,6,40,20,21,14,7,4,"Some","Graduate degree","Techno/Electronic","Telepathy","Happy","Actor","Health"
751,2013,"USA","OH","Male",14,"Right-Handed",147,22.86,147,2,"Car",2,0.65,39,"Basketball",1000,1000,1000,1000,0,561,23,"Same length",76.2,76.2,"Same length","June","Summer","No","No","Meat","Water","Physical education",10,NA,2,"Yes - other","In person",0,0,8,0,0,8,0,0,0,0,0,5,0,0,"None","Graduate degree","Rap/Hip hop","Fly","Rich","Sports person","International aid"
752,2014,"USA","MT","Male",16,"Right-Handed",188,27,187,1,"Car",10,0.28,35,"Soccer",600,600,800,400,1000,1000,28,"Left foot",88,91,"Ring finger","May","Winter","No","No","Meat","Energy drink","Mathematics and statistics",5,10,5,"Yes - broadband connection","Internet chat or instant messaging",0,0,10,0,20,10,4,15,5,8,21,7,0,7,"A lot","Graduate degree","Techno/Electronic","Freeze time","Rich","Other","Wildlife, animals"
753,2013,"USA","NY","Male",17,"Right-Handed",180,29,192,2,"Rail (Train/Tram/Subway)",45,0.34,25,"Swimming",825,800,750,750,1000,1000,29,"Same length",100,109,"Ring finger","January","Spring","Yes","No","Meat","Water","History",7,9,4,"Yes - broadband connection","Internet chat or instant messaging",0,0,6,0,15,6,0,40,20,40,40,30,0,5,"A lot","Graduate degree","Classical","Freeze time","Rich","Actor","International aid"
754,2014,"USA","GU","Female",13,"Right-Handed",165,26,191,3,"Car",20,0.72,50,"None",300,50,200,400,1000,1000,26,"Left foot",85,73,"Index finger","March","Summer","Yes","No","Rice/Noodle dishes","Water","Mathematics and statistics",7,8,3,"Yes - broadband connection","Myspace, Facebook, other social networking sites, or blog",0,0,40,0,2,0,0,20,60,60,85,10,0,0,"A lot","Graduate degree","Pop","Telepathy","Happy","Musician or singer","International aid"
755,2013,"USA","KS","Male",17,"Right-Handed",191,26.5,208,1,"Car",6,0.39,44,"Swimming",300,200,500,700,800,900,27,"Same length",92,89,"Index finger","September","Summer","No","No","Poultry","Powdered drink","Mathematics and statistics",7,9,5,"Yes - broadband connection","Text messaging",3,3,3,1,8,4,1,2,2,1,20,5,30,2,"Some","Graduate degree","Country","Invisibility","Happy","Other","Arts, culture, sports"
756,2015,"USA","MI","Female",17,"Right-Handed",168,22.86,122,1,"Car",10,0.84,61,"Soccer",100,100,100,100,400,900,23,"Same length",75,75,"Same length","June","Fall","No","No","Desserts","Soft drink (caffeinated)","Languages",7,10,3,"Yes - other","Text messaging",100,100,7,1,15,10,8,2,11,10,11,9,0,1,"Some","Graduate degree","Pop","Telepathy","Happy","Relative","Environment"
757,2010,"USA","HI","Female",13,"Right-Handed",168,22,168,1,"Car",45,0.34,38,"Walking/Hiking",1000,1000,999,NA,48,400,22,"Same length",88,90,"Ring finger","September","Fall","No","No","Fruit","Water","English",7,8,8,"Yes - broadband connection","In person",1,1,5,1,30,10,0,1,0,0,45,2,0,1,"A lot","Graduate degree","Pop","Fly","Healthy","Relative","Education/Youth development"
758,2013,"USA","FL","Female",17,"Ambidextrous",165,22,160,2,"Car",5,0.85,35,"Rowing",600,800,900,600,900,1000,23,"Left foot",75,65,"Index finger","September","Winter","No","No","Poultry","Soft drink (caffeinated)","History",5,9,8,"Yes - other","In person",10,15,8,1,1,4,5,0,2,2,2,1,4,1,"None","Graduate degree","Rock and roll","Freeze time","Happy","Musician or singer","Education/Youth development"
759,2013,"USA","WI","Female",13,"Right-Handed",158,22,161,1,"Bus",5,0.62,70,"Running/Jogging",262,829,529,401,380,583,22,"Same length",66,70,"Ring finger","December","Fall","No","No","Fruit","Water","Physical education",8,9,4,"Yes - broadband connection","In person",7,9,4,1,6,11,7,1,2,1,1,2,7,10,"Some","Graduate degree","Country","Super strength","Healthy","Relative","Health"
760,2012,"USA","SC","Female",16,"Right-Handed",157,20,147,1,"Car",5,0.75,59,"Walking/Hiking",900,900,900,NA,1000,1000,20,"Same length",72,60,"Index finger","June","Spring","No","No","Desserts","Water","Computers and technology",7,10,4,"Yes - broadband connection","Text messaging",10,12,16,3,6,25,5,0,3,5,6,10,0,5,"A lot","Graduate degree","Rap/Hip hop","Telepathy","Happy","Religious figure","International aid"
761,2011,"USA","SC","Female",16,"Right-Handed",165,24,166,1,"Car",15,0.31,34,"Soccer",945,958,934,NA,981,990,24,"Right foot",70,73,"Ring finger","February","Winter","No","No","Seafood","Other","Music",6,12,5,"Yes - broadband connection","Text messaging",100,95,15,3,5,2,0,1,1,40,1,5,4,3,"A lot","Other","Rock and roll","Freeze time","Happy","Doctor or nurse","Health"
762,2013,"USA","WI","Male",13,"Right-Handed",167,24,164,1,"Bus",15,0.33,44,"Other",500,750,500,500,500,500,22,"Right foot",75,75,"Same length","June","Summer","No","No","Meat","Water","Mathematics and statistics",6,9,5,"Yes - broadband connection","Text messaging",200,200,10,1,2,10,12,2,20,20,20,15,1,4,"Some","Other","Rap/Hip hop","Invisibility","Happy","Other","Other"
763,2015,"USA","CA","Male",11,"Right-Handed",152,25,147,1,"Car",6,0.47,58,"Other",904,1000,1000,139,21,1000,26,"Left foot",62,70,"Ring finger","June","Summer","No","No","Meat","Milk","Music",9,11,7,"Yes - other","In person",13,13,2,0,5,15,0,10,0,2,2,5,0,0,"Very little","Graduate degree","Pop","Freeze time","Happy","Relative","International aid"
764,2014,"USA","IN","Male",17,"Right-Handed",185,28,180,2,"Car",5,0.37,26,"Football (American)",400,300,500,500,100,100,28,"Same length",83,89,"Ring finger","May","Fall","No","No","Meat","Sports drink","Science",9,11,6,"Yes - other","Myspace, Facebook, other social networking sites, or blog",0,2,2,0,10,30,18,0,24,34,34,10,0,6,"Very little","Other","Pop","Telepathy","Happy","Coach or club leader","Health"
765,2013,"USA","NY","Male",17,"Right-Handed",172,24,166,2,"Walk",32,0.51,62,"Cycling",795,631,711,888,797,797,24,"Same length",87,82,"Index finger","January","Fall","Yes","No","Rice/Noodle dishes","Water","History",6,8,4,"Yes - broadband connection","In person",24,31,2,0,16,7,2,0,1,1,12,4,0,2,"Some","Graduate degree","Rock and roll","Fly","Happy","Teacher","Environment"
766,2014,"USA","WI","Male",17,"Right-Handed",175,28,178,1,"Car",2,0.29,34,"Football (American)",200,0,0,0,200,50,28,"Same length",80,79,"Index finger","May","Winter","No","No","Desserts","Sports drink","Science",7,NA,4,"Yes - other","Text messaging",75,75,3,0,6,7,10,0,3,1,5,1,0,0,"Some","Graduate degree","Rock and roll","Freeze time","Happy","Relative","Wildlife, animals"
767,2013,"USA","CA","Female",17,"Right-Handed",150,22,150,1,"Car",5,0.72,45,"Dancing",10,500,400,550,0,450,22,"Same length",NA,NA,NA,"April",NA,"Yes","No","Pizza/Pasta","Powdered drink","Science",7,5,4,"Yes - dial-up connection","Text messaging",200,200,6,4,6,10,8,0,3,20,5,7,0,15,"A lot","Graduate degree",NA,"Telepathy","Rich","Relative","Health"
768,2015,"USA","CA","Female",17,"Right-Handed",158,30,102,2,"Car",10,0.42,52,"Walking/Hiking",866,872,663,503,636,807,29,"Right foot",NA,NA,NA,"December","Winter","No","No","Poultry","Juice","Science",6,8,6,"Yes - other","Text messaging",40,40,10,14,5,5,7,0,84,35,70,21,0,14,"Very little","Graduate degree","Rap/Hip hop","Telepathy","Rich","Doctor or nurse","Health"
769,2012,"USA","TX","Male",16,"Right-Handed",175,23,173,2,"Car",10,0.31,37,"Walking/Hiking",9,8,0,7,5,6,23,"Same length",80,80,"Same length","April","Fall","No","No","Other","Water","Music",6,10,4,"Yes - other","In person",3,6,4,1,7,9,4,2,6,3,9,5,0,4,"Some","Graduate degree","Rock and roll","Super strength","Happy","Relative","Health"
770,2012,"USA","MA","Male",12,"Ambidextrous",145,24,145,1,"Car",4,0.52,73,"Hockey (Ice)",800,750,450,450,800,850,24,"Same length",75,80,"Ring finger","September","Winter","Yes","No","No favorite","Water","Other",9,7.5,4,"Yes - broadband connection","In person",0,0,4,0,3,4,4,2,0,0,1,5,0,1,"Some","Graduate degree","Classical","Freeze time","Happy","Relative","Health"
771,2013,"USA","MI","Female",17,"Right-Handed",148,23.5,156,1,"Car",5,0.33,40,"None",663,417,406,690,610,936,23,"Right foot",70,75,"Ring finger","May","Summer",NA,"No","Pizza/Pasta","Water",NA,8,8,5,"Yes - other","Myspace, Facebook, other social networking sites, or blog",0,0,7,0,7,10,4,0,7,5,20,10,0,4,"Some","High school","Pop","Telepathy","Happy","Relative","Health"
772,2015,"USA","TN","Male",16,"Right-Handed",187,31,186,1,"Car",3,0.39,38,"Other",500,300,500,400,700,900,31,"Same length",70,80,"Ring finger","September","Fall","No","No","Pizza/Pasta","Water","Music",5,NA,3,"Yes - broadband connection","In person",40,40,21,7,28,14,40,16,5,28,35,13,0,11,"Some","Graduate degree","Rock and roll","Freeze time","Rich","Other","Arts, culture, sports"
773,2011,"USA","CO","Male",15,"Right-Handed",182,13.2,188,3,"Car",6,0.2,42,"Football (American)",50,100,500,NA,500,100,23,"Left foot",60,60,"Same length","December","Fall","Yes","No","Fruit","Sports drink","Physical education",8,10,4,"Yes - broadband connection","Myspace, Facebook, other social networking sites, or blog",180,185,3,1,1,3,4,30,1,1,1,1,3,1,"Some","High school","Punk rock","Super strength","Happy","Sports person","Health"
774,2015,"USA","VA","Female",17,"Left-Handed",160,25,157,1,"Car",2,0.42,54,"Other",400,400,400,400,1000,1000,24,"Right foot",70,65,"Index finger","August","Fall","No","No","Pizza/Pasta","Coffee","Music",8,10,5,"Yes - other","Text messaging",100,100,3,1,5,5,4,1,4,8,2,5,8,1,"Some","Undergraduate degree","Pop","Telepathy","Happy","Relative","Arts, culture, sports"
775,2014,"USA","OH","Male",12,"Right-Handed",161,25,160,1,"Car",4,0.36,42,"Basketball",834,898,813,968,203,53,25,"Same length",NA,NA,NA,"August","Fall","Yes","No","No favorite","Water","Mathematics and statistics",10,12,4,"Yes - dial-up connection","In person",1,0,1,0,2,1,3,0,1,0,1,1,0,1,"Some","Graduate degree","Classical","Super strength","Happy","Sports person","Health"
776,2012,"USA","PA","Female",17,"Right-Handed",175,25,180,2,"Bus",15,0.48,37,"Hockey (Field)",900,950,990,950,500,600,25,"Same length",80,80,"Same length","October","Summer","No","No","Other","Water","History",7,7,7,"Yes - broadband connection","Myspace, Facebook, other social networking sites, or blog",1,0,8,5,4,4,5,2,3,1,3,8,12,3,"Some","Graduate degree","Other","Fly","Happy","Teacher","Education/Youth development"
777,2014,"USA","IN","Male",17,"Right-Handed",165,24.45,142,1,"Car",15,0.75,57,"Other",500,500,800,900,1000,1000,24,"Same length",79.38,60.33,"Index finger","February","Spring","No","No","Breads/Sandwiches","Soft drink (non-caffeinated)","Computers and technology",6,9,4,"Yes - broadband connection","Myspace, Facebook, other social networking sites, or blog",0,0,0,1,14,0,0,49,7,0,49,7,24,0,"Some","Undergraduate degree","Classical","Fly","Happy","Other","International aid"
778,2013,"USA","CA","Female",16,"Right-Handed",159,24,159,2,"Bus",25,0.42,32,"Dancing",829,813,1000,487,1000,1000,24,"Same length",67,73,"Ring finger","October","Summer","No","No","Desserts","Powdered drink","English",7,11,4,"Yes - broadband connection","Text messaging",200,250,15,2,20,10,3,0,0,50,20,10,0,5,"A lot","Graduate degree","Pop","Telepathy","Happy","Relative","Education/Youth development"
779,2015,"USA","IN","Male",16,"Right-Handed",188,27,188,1,"Bus",25,0.62,52,"Football (American)",200,100,200,300,800,1000,27,"Same length",89,89,"Same length","March","Summer","Yes","No","Meat","Milk","Computers and technology",6,8,6,"Yes - other","Text messaging",50,70,6,0,3,10,5,15,15,4,70,1,3,5,"Some","Graduate degree","Rap/Hip hop","Super strength","Rich","Sports person","Wildlife, animals"
780,2013,"USA","CA","Female",17,"Right-Handed",163,21,135,3,"Car",5,0.34,37,"Other",1000,900,1000,1000,950,950,22,"Left foot",70,75,"Ring finger","July","Fall","Yes","No","Rice/Noodle dishes","Tea","Science",6,10,4,"Yes - broadband connection","Text messaging",15,17,8,4,30,10,10,0,3,5,40,0,0,20,"A lot","Graduate degree","Rock and roll","Fly","Happy","Business person","Environment"
781,2014,"USA","CA","Male",10,"Right-Handed",146,23,140,2,"Car",15,0.61,57,"Walking/Hiking",1000,503,503,1000,102,150,25,"Left foot",80,80,"Same length","May","Summer","Yes","No","Poultry","Water","Science",10,12,3,"Yes - broadband connection","In person",0,0,6,1,14,24,6,14,0,0,14,7,0,7,"Very little","Graduate degree","Classical","Invisibility","Happy","Other","Other"
782,2012,"USA","NC","Female",10,"Right-Handed",140,24,131,1,"Bus",15,0.59,49,"Gymnastics",5,124,201,600,1000,1000,24,"Same length",70,70,"Same length","July","Summer","Yes","No","Fruit","Soft drink (caffeinated)","Art",7,NA,7,"Yes - other","Text messaging",60,70,20,10,2,8,6,14,18,20,10,14,10,10,"A lot","Graduate degree","Rock and roll","Fly","Rich","Relative","Health"
783,2014,"USA","MI","Female",17,"Right-Handed",165,22,158,2,"Car",12,0.23,34,"Table Tennis",850,750,900,900,400,800,22,"Same length",60,65,"Ring finger","May","Spring","No","No","Pizza/Pasta","Water","Music",6,9.5,6,"Yes - broadband connection","Text messaging",8,14,32,1,0,1,0,0,2,1,10,14,10,4,"Some","Graduate degree","Other","Fly","Happy","Other","Wildlife, animals"
784,2014,"USA","WI","Female",15,"Right-Handed",152,15.24,152,1,"Bus",60,0.41,50,"Basketball",0,0,0,0,1000,1000,15,"Same length",NA,NA,NA,"January","Spring","Yes","No","Poultry","Water","Physical education",8,NA,7,"Yes - other","Myspace, Facebook, other social networking sites, or blog",50,60,23,5,2,1,0,0,24,24,24,3,1,1,"Some","Graduate degree","Rap/Hip hop","Telepathy","Rich","Other","International aid"
785,2013,"USA","RI","Male",12,"Left-Handed",151,23,146,2,"Car",3,0.38,40,"Basketball",738,825,518,618,999,1000,24,"Left foot",72,77,"Ring finger","April","Summer","Yes","No","Poultry","Water","Physical education",9,7,6,"Yes - dial-up connection","Text messaging",4,6,5,2,6,7,5,3,1,2,2,3,3,2,"Some","Graduate degree","Rap/Hip hop","Fly","Rich","Relative","International aid"
786,2010,"USA","IN","Female",17,"Right-Handed",178,25.6,174,1,"Car",8,0.29,37,"Other",588,872,834,NA,968,952,27,"Left foot",74,77,"Ring finger","January","Spring","No","No","Pizza/Pasta","Water","Music",7,11,3,"Yes - broadband connection","Text messaging",30,40,17,2,15,10,0,1,4,8,6,8,7,2,"A lot","Graduate degree","Pop","Telepathy","Happy","Relative","International aid"
787,2015,"USA","CA","Male",13,"Left-Handed",190,28.26,190,2,"Car",10,0.28,41,"Soccer",1000,898,1000,995,1000,1000,28,"Same length",70,79,"Ring finger","November","Summer","No","No","Meat","Juice","Physical education",7,5,3,"Yes - broadband connection","Myspace, Facebook, other social networking sites, or blog",0,0,85,1,3,10,20,15,50,0,30,5,0,2,"Some","Some college","Rap/Hip hop","Invisibility","Rich","Sports person","Arts, culture, sports"
788,2013,"USA","PA","Male",16,"Right-Handed",179,26,178,1,"Car",7,0.56,45,"Soccer",300,600,700,700,750,999,26,"Same length",104.1,103.2,"Index finger","January","Summer","No","No","Pizza/Pasta","Water","Mathematics and statistics",8,9,4,"Yes - broadband connection","Text messaging",30,30,25,1,10,10,30,1,1,1,2,5,10,1,"Some","Graduate degree","Country","Freeze time","Healthy","Coach or club leader","Arts, culture, sports"
789,2015,"USA","IN","Male",17,"Left-Handed",194,30,195,1,"Car",8,0.32,52,"Basketball",406,508,91,0,524,1000,31,"Left foot",110,102,"Index finger","February","Summer","No","No","Seafood","Soft drink (caffeinated)","Other",7,10,3,"Yes - other","Text messaging",20,150,25,2,5,3,7,2,1,1,2,2,30,2,"A lot","Graduate degree","Rock and roll","Freeze time","Rich","Community leader or elder","Wildlife, animals"
790,2014,"USA","PA","Male",16,"Right-Handed",172,32,178,1,"Car",7,0.4,46,"Hockey (Ice)",600,700,500,500,500,600,31,"Right foot",108,106,"Index finger","March","Summer","No","No","No favorite","Water","English",7,10,6,"Yes - other","Text messaging",23,24,35,1,10,100,100,7,7,5,10,60,0,20,"A lot","Some college","Other","Freeze time","Happy","Relative","Religious"
791,2015,"USA","VA","Male",17,"Right-Handed",180,27,180,1,"Bus",15,0.38,40,"Rowing",506,309,2,40,950,900,26,"Right foot",76,76,"Same length","July","Summer","No","No","Pizza/Pasta","Water","Computers and technology",7,12,3,"Yes - broadband connection","Text messaging",2,1,7,2,5,15,36,10,0,1,14,0,0,4,"Some","Graduate degree","Country","Freeze time","Happy","Relative","Health"
792,2010,"USA","UT","Female",15,"Right-Handed",170,24,154,2,"Walk",10,0.27,37,"Tennis",700,374,572,NA,513,369,23,"Right foot",101,109,"Ring finger","May","Fall","No","No","Breads/Sandwiches","Soft drink (non-caffeinated)","Music",8,10,4,"Yes - broadband connection","In person",0,0,16,1,3,8,3,5,5,0,5,1,0,4,"Very little","Some college","Techno/Electronic","Freeze time","Famous","Relative","Wildlife, animals"
793,2011,"USA","SC","Female",16,"Right-Handed",165,25,162,1,"Car",15,0.34,37,"Walking/Hiking",750,850,400,NA,900,900,24,"Right foot",85,80,"Index finger","September","Fall","No","No","Breads/Sandwiches","Water","Mathematics and statistics",8,11,4,"Yes - dial-up connection","In person",8,10,50,1,1,15,6,0,4,5,1,6,8,4,"Some","Graduate degree","Country","Invisibility","Happy","Friend","Religious"
794,2015,"USA","WI","Female",13,"Right-Handed",163,25,179,2,"Bus",19,0.42,36,"Dancing",711,540,439,706,765,1000,25,"Same length",90,100,"Ring finger","March","Summer","No","No","Meat","Soft drink (non-caffeinated)","Social studies",8,10,6,"Yes - other","Text messaging",43,130,43,1,3,7,4,0,7,10,30,8,0,3,"A lot","Undergraduate degree","Country","Fly","Happy","Sports person","Health"
795,2013,"USA","WI","Male",13,"Left-Handed",153,24,150,2,"Bus",30,0.47,46,"Basketball",800,500,200,700,100,500,23,"Right foot",82,86,"Ring finger","August","Fall","No","No","Fruit","Powdered drink","Mathematics and statistics",8,10,7,"Yes - broadband connection","In person",0,0,63,2,10,15,25,5,1,1,3,10,4,13,"Some","Graduate degree","Country","Telepathy","Happy","Other","Environment"
796,2013,"USA","RI","Female",12,"Right-Handed",150,20,152,1,"Bus",15,0.34,37,"Gymnastics",1000,1000,1000,1000,380,305,20,"Same length",65,65,"Same length","October","Summer","No","No","Soups","Sports drink","Art",9,11,6,"Yes - other","Text messaging",7,8,4,1,2,0,5,0,5,2,2,2,0,0,"Very little","Graduate degree","Jazz","Telepathy","Healthy","Relative","International aid"
797,2011,"USA","SC","Male",16,"Right-Handed",183,27,180,1,"Car",5,0.3,50,"Football (American)",500,500,400,NA,800,900,26,"Right foot",80,90,"Ring finger","February","Summer","No","No","No favorite","Sports drink","Other",7,NA,2,"Yes - broadband connection","Cell phone",100,100,80,30,2,60,50,0,30,100,30,20,24,12,"None","Graduate degree","Country","Super strength","Happy","Relative","Health"
798,2015,"USA","WI","Male",14,"Right-Handed",172,25,174,2,"Bus",40,0.25,40,"Basketball",139,300,198,380,481,674,25,"Same length",105,110,"Ring finger",NA,"Summer","Yes","No","Meat","Milk","Mathematics and statistics",9,5,3,"Yes - broadband connection","Text messaging",20,100,6,1,0,21,10,12,4,6,35,10,5,7,"Some","Graduate degree","Pop","Freeze time","Famous","Relative","Health"
799,2015,"USA","CO","Female",17,"Right-Handed",165,21,160,2,"Car",15,0.36,41,"Walking/Hiking",600,200,800,900,1000,1000,22,"Left foot",76,78,"Ring finger","October","Fall","Yes","No","Fruit","Water","Other",5,5,4,"No internet connection","Text messaging",100,75,3,1,5,6,2,0,3,2,1,0,37,3,"Some","Graduate degree","Other","Super strength","Healthy","Relative","Religious"
800,2014,"USA","UT","Male",17,"Left-Handed",173,24,169,2,"Car",5,0.29,37,"Basketball",900,900,600,700,300,800,24,"Same length",80,72,"Index finger","July","Summer","Yes","No","Other","Juice","Physical education",7,9,3,"Yes - other","In person",10,5,10,1,4,24,20,2,3,1,2,6,25,1,"Very little","Graduate degree","Other","Invisibility","Happy","Sports person","Health"
801,2013,"USA","MI","Male",16,"Right-Handed",193,28,193,1,"Car",5,0.3,30,"Soccer",503,802,909,599,70,299,28,"Same length",100,100,"Same length","September","Winter","No","No","No favorite","Milk","Music",8,7,6,"Yes - other",NA,44,50,50,3,6,31,2,1,7,36,36,12,31,3,"Some","Some college","Country","Fly",NA,"Relative","Health"
802,2010,"USA","DC","Female",16,"Right-Handed",157,24,163,1,"Walk",30,0.48,52,"Baseball/Softball",626,750,829,NA,535,594,23,"Right foot",95,102,"Ring finger","October","Spring","No","No","Fruit","Soft drink (caffeinated)","Art",6,6,3,"Yes - broadband connection","Cell phone",200,250,2,5,1,1,1,5,5,20,10,1,2,2,"Some","High school","Pop","Telepathy","Happy","Friend","Education/Youth development"
803,2013,"USA","SC","Male",17,"Right-Handed",174,28,163,1,"Car",10,0.7,53,"Baseball/Softball",0,0,0,0,500,700,28,"Same length",70,72,"Ring finger","August","Spring","No","No","Meat","Soft drink (caffeinated)","History",8,11,4,"Yes - broadband connection","Text messaging",250,250,10,2,0,6,20,0,15,48,15,1,0,5,"None","Some college","Country","Telepathy","Happy","Relative","Other"
804,2012,"USA","PA","Male",17,"Left-Handed",176,26,182,1,"Car",3,0.32,37,"Other",550,800,300,100,600,900,27,"Left foot",105,105,"Same length","March","Spring","No","No","Pizza/Pasta","Water","Mathematics and statistics",6,7,5,"Yes - broadband connection","Text messaging",39,36,8,1,16,6,30,0,5,1,10,4,0,1,"Some","Graduate degree","Techno/Electronic","Invisibility","Happy","Relative","Health"
805,2014,"USA","MN","Male",17,"Right-Handed",183,28,191,1,"Car",5,0.44,55,"Baseball/Softball",900,500,1000,800,100,101,27,"Right foot",76,88,"Ring finger","July","Winter","Yes","No","No favorite","Water","Physical education",8,9,5,"Yes - broadband connection","In person",2,8,10,2,5,5,14,0,2,4,1,10,5,5,"Some","Graduate degree","Pop","Fly","Healthy","Religious figure","Religious"
806,2015,"USA","NC","Female",17,"Right-Handed",180,25,179,1,"Car",8,0.42,28,"Soccer",727,604,781,727,882,882,25,"Same length",76,64,"Index finger","January","Summer","No","No","Rice/Noodle dishes","Water","Other",5,8,3,"Yes - dial-up connection","Text messaging",26,60,2,1,20,1,1,0,5,8,25,0,15,10,"A lot","Graduate degree","Gospel","Invisibility","Happy","Friend","Religious"
807,2012,"USA","CA","Male",17,"Ambidextrous",173,29,173,3,"Car",10,0.33,50,"Running/Jogging",444,449,626,775,984,647,29,"Same length",80,90,"Ring finger","May","Winter","No","No","Rice/Noodle dishes","Water","Computers and technology",8,5,2,"Yes - broadband connection","Text messaging",13,18,5,0,15,5,14,0,2,3,25,2,0,0,"A lot","Graduate degree","Other","Freeze time","Healthy","Musician or singer","Education/Youth development"
808,2012,"USA","SC","Female",16,"Right-Handed",162,24.5,167,1,"Car",25,0.19,59,"Running/Jogging",200,550,200,NA,900,900,25,"Same length",74,72,"Index finger","January","Winter","No","No","Fruit","Water","Mathematics and statistics",8,10,4,"Yes - dial-up connection","Text messaging",0,0,3,0,1,7,2,0,1,0,2,26,0,4,"Some","Undergraduate degree","Other","Telepathy","Happy","Friend","International aid"
809,2014,"USA","IN","Female",17,"Right-Handed",163,25,164,3,"Car",5,0.44,53,"Swimming",500,500,1000,1000,1000,1000,25,"Same length",92,98,"Ring finger","May","Fall","No","No","Pizza/Pasta","Soft drink (caffeinated)","Science",5,5,5,"Yes - broadband connection","Internet chat or instant messaging",3,3,8,10,20,2,0,0,20,10,100,0,0,3,"Some","Graduate degree","Pop","Freeze time","Happy","Other","Health"
810,2012,"USA","NC","Male",16,"Right-Handed",180,25,158,1,"Car",11,0.38,32,"Other",374,610,545,374,583,807,25,"Same length",NA,NA,NA,"January","Winter","Yes","No","Rice/Noodle dishes","Sports drink","Physical education",8,9,2,"Yes - broadband connection","In person",0,0,1,0,2,2,21,1,0,0,3,10,15,2,"Some","Graduate degree","Pop",NA,"Healthy","Coach or club leader","Health"
811,2013,"USA","CA","Male",17,"Right-Handed",172,26,164,3,"Bus",45,0.39,33,"Other",524,455,668,690,786,984,25,"Right foot",80,90,"Ring finger","November","Summer","No","No","Meat","Water","Other",6,10,3,"Yes - broadband connection","Cell phone",20,24,4,2,3,1,2,4,7,1,11,0,0,0,"Some","Graduate degree","Rap/Hip hop","Telepathy","Happy","Business person","Wildlife, animals"
812,2015,"USA","WI","Male",17,"Right-Handed",178,26,176,1,"Car",12,0.32,71,"Cycling",600,300,450,500,900,1000,26,"Same length",85,82,"Index finger","October","Winter","Yes","No","Meat","Milk","Computers and technology",5,7,6,"Yes - broadband connection","Text messaging",25,30,4,5,16,30,10,0,1,10,35,1,30,0,"Very little","Graduate degree","Rock and roll","Freeze time","Happy","Business person","Environment"
813,2015,"USA","MS","Female",14,"Left-Handed",168,24,168,1,"Car",10,0.41,76,"Athletics",1000,700,900,900,700,700,23,"Right foot",65,60,"Index finger","June","Spring","No","No","Salads","Water","Mathematics and statistics",6,8,3,"Yes - broadband connection","Text messaging",15,20,8,1,5,9,3,2,8,7,8,8,3,5,"Some","Graduate degree","Pop","Super strength","Happy","Teacher","Education/Youth development"
814,2012,"USA","WA","Female",17,"Left-Handed",177,26,165,1,"Car",15,0.27,38,"Dancing",578,775,524,513,348,709,26,"Left foot",70,75,"Ring finger","February","Spring","Yes","No","Seafood","Juice","Music",5,9,2,"Yes - broadband connection","Myspace, Facebook, other social networking sites, or blog",100,100,15,2,9,28,10,7,21,63,25,14,0,2,"Some","Graduate degree","Punk rock","Telepathy","Happy","Relative","Environment"
815,2013,"USA","IL","Male",11,"Right-Handed",142,23,146,3,"Bus",16,0.52,45,"Swimming",1000,1000,1000,1000,750,750,24,"Left foot",86,92,"Ring finger","August","Summer","Yes","No","Salads","Water","Geography",9,10,5,"Yes - broadband connection","In person",0,0,35,1,5,8,21,2,0,1,7,12,0,2,"Very little","Graduate degree","Rap/Hip hop","Freeze time","Happy","Sports person","Health"
816,2013,"USA","MI","Female",17,"Right-Handed",163,23,163,1,"Car",10,0.34,40,"Soccer",1000,1000,1000,1000,1000,1000,23,"Same length",64,64,"Same length","June","Fall","Yes","No","No favorite","Water","Languages",4,12,5,"Yes - broadband connection","In person",0,0,3,0,3,6,1,1,6,0,12,12,0,3,"A lot","Graduate degree","Other","Telepathy","Happy","Actor","Wildlife, animals"
817,2012,"USA","PA","Female",10,"Left-Handed",136,21,134,2,"Car",15,0.6,57,"Dancing",701,610,818,909,316,476,22,"Left foot",90,80,"Index finger","May","Spring","No","No","Pizza/Pasta","Water","Art",10,9,4,"Yes - other","In person",1,2,48,1,8,62,5,0,0,1,2,14,1,1,"Some","Graduate degree","Pop","Freeze time","Happy","Relative","International aid"
818,2012,"USA","CA","Female",17,"Right-Handed",165,24,169,3,"Car",7,0.29,38,"Running/Jogging",1000,890,580,790,550,830,24,"Same length",73,75,"Ring finger","November","Spring","No","No","Fruit","Tea","Science",5,8,4,"Yes - dial-up connection","In person",14,12,10,1,12,20,5,0,20,5,24,14,0,8,NA,"Graduate degree","Other","Invisibility","Healthy","Community leader or elder","Health"
819,2013,"USA","CA","Female",16,"Right-Handed",168,21.6,153,3,"Car",7,0.46,55,"Tennis",800,800,900,700,1000,1000,22,"Left foot",110,75,"Index finger","October","Fall","Yes","Yes","Pizza/Pasta","Water","Science",6,9,2,"Yes - broadband connection","Text messaging",50,45,5,2,20,15,3,0,6,7,15,4,0,5,"A lot","Graduate degree","Rhythm and blues (R&B)","Telepathy","Happy","Relative","Health"
820,2013,"USA","SC","Female",17,"Right-Handed",174,25.5,168,1,"Car",7,0.52,32,"Basketball",487,583,390,390,1000,1000,26,"Same length",100,98,"Index finger","October","Spring","No","No","Seafood","Water","Mathematics and statistics",8,9,5,"Yes - broadband connection","Text messaging",150,150,8,2,3,10,10,0,10,20,12,6,5,5,"A lot","Graduate degree","Pop","Freeze time","Happy","Teacher","Education/Youth development"
821,2015,"USA","CA","Female",12,"Right-Handed",165,26,150,1,"Car",8,0.86,57,"Walking/Hiking",500,500,500,300,1000,1000,26,"Same length",80,70,"Index finger","November","Spring","No","No","Seafood","Water","Music",11,13,4,"Yes - other","Internet chat or instant messaging",26,20,7,5,1,18,5,20,22,18,80,50,0,15,"A lot","Graduate degree","Pop","Freeze time","Famous","Actor","Other"
822,2015,"USA","CT","Male",17,"Right-Handed",182,24,184,3,"Walk",0,0.31,68,"Tennis",704,170,5,829,1000,1000,25,"Left foot",65,60,"Index finger","March","Summer","No","No","Seafood","Water","Mathematics and statistics",8,10,3,"Yes - broadband connection","Text messaging",12,18,15,1,20,2,20,5,7,5,20,2,0,2,"A lot","Graduate degree","Rap/Hip hop","Telepathy","Happy","Business person","Education/Youth development"
823,2013,"USA","NC","Female",16,"Right-Handed",165,23,161,2,"Car",10,0.26,32,"Soccer",235,508,374,647,342,936,24,"Left foot",72,75,"Ring finger","August","Summer","Yes","No","Desserts","Water","Mathematics and statistics",7,10,4,"Yes - broadband connection","Text messaging",75,75,6,0,12,4,12,0,1,3,3,3,0,1,"A lot","Graduate degree","Pop","Fly","Happy","Relative","Health"
824,2012,"USA","SC","Female",17,"Right-Handed",173,26,168,2,"Car",10,0.4,33,"Athletics",600,800,800,800,500,400,25,"Right foot",85,85,"Same length","September","Fall","No","No","Seafood","Water","English",7,8,6,"Yes - other","Cell phone",30,20,2,3,5,10,3,0,10,20,10,12,0,8,"A lot","Graduate degree","Country","Telepathy","Happy","Relative","Health"
825,2011,"USA","NM","Female",16,"Right-Handed",166,23,166,3,"Bus",20,0.31,38,"None",1000,225,775,NA,503,503,23,"Same length",83,86,"Ring finger","January","Summer","Yes","No","Meat","Water","Music",9,7,3,"Yes - broadband connection","Text messaging",16,19,7,1,3,35,0,8,0,35,28,35,6,5,"Some","Graduate degree","Gospel","Telepathy","Happy","Relative","Arts, culture, sports"
826,2012,"USA","OH","Female",10,"Right-Handed",136,20,132,2,"Car",10,0.46,67,"Soccer",1000,1000,1000,1000,500,500,19,"Right foot",90,90,"Same length","September","Summer","No","No","Desserts","Water","English",10,9,6,"Yes - broadband connection","In person",0,0,12,1,5,9,3,1,1,1,1,1,2,2,"A lot","Graduate degree","Pop","Fly","Famous","Friend","International aid"
827,2013,"USA","RI","Male",11,"Ambidextrous",156,25,157,1,"Bus",5,0.5,45,"Baseball/Softball",1000,701,818,561,160,299,24,"Right foot",80,70,"Index finger","September","Summer","No","No","Meat","Milk","Mathematics and statistics",10,10,2,"Yes - broadband connection","Internet chat or instant messaging",0,0,30,3,10,4,12,5,0,1,0,10,0,1,"Very little","Graduate degree","Gospel","Fly","Happy","Sports person","Health"
828,2015,"USA","AZ","Male",17,"Right-Handed",193,29,196,2,"Car",27,0.4,27,"Football (American)",700,400,400,500,400,1000,29,"Same length",89,77,"Index finger","November","Winter","No","No","Meat","Water","Art",6,5,3,"Yes - broadband connection","Other",4,150,20,1,5,36,18,4,2,15,15,10,0,2,"Some","Graduate degree","Rap/Hip hop","Fly","Happy","Sports person","Wildlife, animals"
829,2015,"USA","CA","Female",17,"Right-Handed",175,25,175,1,"Car",10,0.34,39,"Other",781,503,1000,920,112,118,25,"Same length",100,80,"Index finger","March","Winter","Yes","No","No favorite","Water","Languages",7,10,3,"Yes - broadband connection","In person",50,50,40,2,15,2,1,0,5,10,20,10,0,3,"Some","Graduate degree","Reggae","Telepathy","Happy","Musician or singer","Environment"
830,2014,"USA","NJ","Female",17,"Right-Handed",170,22,165,1,"Car",25,0.35,32,"Other",0,500,200,300,900,1000,22,"Same length",60,70,"Ring finger","April","Spring","Yes","No","No favorite","Water","Other",8,12,4,"Yes - broadband connection","Text messaging",100,100,19,2,5,5,5,0,10,3,3,10,0,3,"Some","Graduate degree","Rap/Hip hop","Telepathy","Happy","Relative","Health"
831,2012,"USA","OH","Male",17,"Left-Handed",165,20,150,2,"Car",6,0.36,33,"Walking/Hiking",900,750,500,750,950,950,25,"Left foot",90,80,"Index finger","October","Fall","No","No","Pizza/Pasta","Coffee","Geography",8,10,3,"Yes - broadband connection","Text messaging",30,28,15,0,12,2,5,1,3,2,14,3,0,1,"A lot","Graduate degree","Pop","Invisibility","Happy","Teacher","Arts, culture, sports"
832,2011,"USA","HI","Female",15,"Right-Handed",150,23,156,1,"Car",50,0.33,48,"Athletics",578,444,283,NA,722,861,23,"Same length",70,70,"Same length","January","Summer","No","No","Rice/Noodle dishes","Juice","English",6,12,4,"Yes - other","Text messaging",200,200,7,3,15,30,2,1,10,15,50,4,0,2,"A lot","Graduate degree","Pop","Telepathy","Happy","Relative","Education/Youth development"
833,2012,"USA","IL","Female",17,"Right-Handed",162,23.5,159,1,"Car",10,0.39,27,"Baseball/Softball",818,765,936,786,43,11,24,"Left foot",75,70,"Index finger","May","Spring","Yes","No","Pizza/Pasta","Milk","History",7,10,4,"Yes - other","In person",100,100,12,1,8,2,20,0,3,35,1,2,0,2,"Some","Graduate degree","Country","Freeze time","Happy","Relative","Wildlife, animals"
834,2014,"USA","WI","Male",14,"Right-Handed",175,28,181,1,"Bus",15,0.32,44,"Football (American)",722,578,631,866,513,246,28,"Same length",90,80,"Index finger","July","Summer","No","No","No favorite","Other","Computers and technology",4,8,8,"Yes - other","Myspace, Facebook, other social networking sites, or blog",90,80,0,6,2,12,7,17,2,2,2,7,6,3,"Very little","Some college","Rap/Hip hop","Freeze time","Famous","Relative","Education/Youth development"
835,2014,"USA","MI","Female",17,"Right-Handed",170,25,161,1,"Car",3,0.38,42,"Dancing",558,20,11,742,800,1000,24,"Right foot",70,66,"Index finger","October","Winter","No","No","Breads/Sandwiches","Tea","Art",8,11,3,"Yes - broadband connection","In person",6,1,15,0,1,7,0,24,1,1,80,8,0,3,"Very little","Graduate degree","Classical","Telepathy","Happy","Other","Arts, culture, sports"
836,2012,"USA","TX","Female",17,"Right-Handed",165,25,171,2,"Bus",30,0.51,43,"Other",600,500,500,400,400,400,24,"Right foot",75,85,"Ring finger","September","Spring","Yes","No","No favorite","Water","English",7,8,4,"Yes - other","In person",30,30,2,2,10,1,0,0,0,1,3,4,0,1,"A lot","Graduate degree","Gospel","Freeze time","Happy","Religious figure","Religious"
837,2015,"USA","CA","Female",17,"Right-Handed",132,21.5,110,2,"Walk",7,0.59,44,"Dancing",1000,700,1000,700,700,700,20,"Right foot",60,60,"Same length","May","Winter","No","No","Pizza/Pasta","Powdered drink","Mathematics and statistics",8,6,5,"Yes - other","E-mail",30,35,6,10,5,3,3,1,10,10,10,5,1,4,"Some","Graduate degree","Rap/Hip hop","Freeze time","Healthy","Relative","Health"
838,2012,"USA","PA","Male",16,"Right-Handed",180,27,181,1,"Car",8,0.36,31,"Other",214,301,247,175,1000,1000,27,"Same length",100,108,"Ring finger","February","Summer","Yes","No","Pizza/Pasta","Soft drink (caffeinated)","Mathematics and statistics",5,9,5,"Yes - broadband connection","Internet chat or instant messaging",45,55,10,5,15,5,15,25,5,10,20,11,0,5,"Very little","Graduate degree","Pop","Freeze time","Happy","Musician or singer","Health"
839,2013,"USA","KY","Female",11,"Right-Handed",156,23,152,1,"Car",15,0.44,46,"Baseball/Softball",1000,1000,1000,1000,225,476,24,"Left foot",70,80,"Ring finger","March","Summer","No","No","Meat","Sports drink","History",9,10,4,"No internet connection","Text messaging",5,4,10,1,1,10,4,1,2,2,2,0,0,3,"Very little","Graduate degree","Rap/Hip hop","Fly","Happy","Relative","Wildlife, animals"
840,2014,"USA","PA","Female",17,"Right-Handed",163,26,165,1,"Walk",22,0.31,44,"Walking/Hiking",700,600,500,600,800,1000,24,"Right foot",76,76,"Same length","August","Fall","No","No","Pizza/Pasta","Coffee","English",5,8,4,"Yes - broadband connection","In person",4,6,4,0,20,4,0,0,3,1,10,5,12,8,"Some","Graduate degree","Punk rock","Freeze time","Happy","Musician or singer","Environment"
841,2014,"USA","MD","Male",13,"Right-Handed",145,24,154,1,"Bus",30,0.36,63,"Basketball",950,1000,700,1000,1000,950,25,"Left foot",70,65,"Index finger","January","Spring","Yes","No","Meat","Juice","Computers and technology",7,NA,4,"Yes - broadband connection","Text messaging",5,5,90,20,40,100,95,100,5,50,50,60,0,2,"A lot","Graduate degree","Rap/Hip hop","Freeze time","Rich","Business person","Health"
842,2015,"USA","CA","Female",17,"Right-Handed",164,24,154,2,"Bus",40,0.51,47,"Swimming",689,700,345,200,770,200,23,"Right foot",NA,NA,NA,"November","Summer","No","No","Desserts","Water","Computers and technology",6,9,2,"Yes - broadband connection","Myspace, Facebook, other social networking sites, or blog",20,20,0,1,18,4,0,10,13,12,35,0,0,7,"Some","Graduate degree","Jazz","Telepathy","Rich","Friend","Wildlife, animals"
843,2014,"USA","CA","Male",17,"Right-Handed",183,26,191,1,"Car",20,0.3,38,"Soccer",500,500,300,300,500,500,26,"Same length",75,90,"Ring finger","April","Summer","Yes","No","Meat","Water","History",6,9,3,"Yes - broadband connection","Text messaging",8,8,20,25,10,50,10,10,6,2,25,25,0,15,"A lot","Graduate degree","Rap/Hip hop","Telepathy","Rich","Sports person","Education/Youth development"
844,2015,"USA","TX","Female",9,"Right-Handed",142,22,141,2,"Car",3,0.43,57,"Swimming",930,807,995,827,668,620,21,"Right foot",77,82,"Ring finger","July","Summer","No","No","Rice/Noodle dishes","Water","Physical education",10,8,4,"Yes - other","Telephone",0,0,1,1,3,4,2,1,1,0,2,1,1,1,"Some","Graduate degree","Pop","Freeze time","Happy","Other","Wildlife, animals"
845,2014,"USA","NC","Female",16,"Right-Handed",166,25,171,2,"Car",12,0.31,35,"Dancing",652,818,658,561,305,460,25,"Same length",92,90,"Index finger","March","Fall","Yes","No","No favorite","Water","Science",7,12,4,"Yes - broadband connection","Text messaging",15,20,8,1,15,8,12,0,5,2,2,6,0,2,"A lot","Graduate degree","Other","Telepathy","Happy","Other","Health"
846,2015,"USA","CA","Male",16,"Right-Handed",163,26,130,2,"Bus",15,0.38,43,"Table Tennis",700,500,800,500,1000,1000,26,"Same length",90,100,"Ring finger","October","Summer","Yes","No","Rice/Noodle dishes","Water","Other",6,10,5,"Yes - other","Internet chat or instant messaging",7,5,5,0,4,0,0,35,5,10,35,0,10,2,"Some","Graduate degree","Rap/Hip hop","Freeze time","Happy","Business person","Wildlife, animals"
847,2012,"USA","TX","Male",17,"Right-Handed",183,30.48,183,2,"Car",12,0.2,36,"Football (American)",900,753,722,800,750,845,30,"Right foot",80,82,"Ring finger","November","Winter","No","No","Meat","Water","History",8,6,3,"Yes - broadband connection","In person",100,104,36,4,3,5,30,3,30,30,10,6,36,2,"Some","Graduate degree","Rap/Hip hop","Telepathy","Happy","Relative","Environment"
848,2012,"USA","WA","Male",17,"Right-Handed",182,29,177,1,"Car",15,0.25,46,"None",500,500,500,500,1000,1000,28,"Right foot",82,75,"Index finger","February","Summer","Yes","No","Fruit","Milk","Other",8,5,5,"Yes - broadband connection","Text messaging",45,50,10,1,2,3,3,8,12,5,18,4,0,1,"Very little","Graduate degree","Jazz","Freeze time","Rich","Actor","Wildlife, animals"
849,2014,"USA","WI","Male",12,"Ambidextrous",142,19,142,1,"Walk",16,0.4,43,"Football (American)",1000,1000,1000,1000,1000,1000,19,"Same length",60,60,"Same length","August","Summer","Yes","No","Pizza/Pasta","Water","History",7,5,4,"Yes - broadband connection","Text messaging",110,213,8,1,1,10,9,10,1,3,2,4,1,1,"Very little","Graduate degree","Country","Super strength","Happy","Other","Wildlife, animals"
850,2013,"USA","GA","Female",12,"Right-Handed",168,26,174,1,"Bus",15,0.31,47,"Swimming",900,1000,600,1000,1000,800,26,"Same length",80,90,"Ring finger","February","Summer","No","No","Rice/Noodle dishes",NA,"Science",8,6,7,"Yes - broadband connection","Myspace, Facebook, other social networking sites, or blog",20,22,24,4,2,5,7,7,3,5,5,5,6,4,"Some","Graduate degree","Rap/Hip hop","Invisibility","Happy","Musician or singer","Arts, culture, sports"
851,2012,"USA","IA","Male",17,"Right-Handed",177,19.05,174,2,"Car",10,0.38,40,"Soccer",700,700,700,1000,1000,1000,30,"Left foot",75,75,"Same length","February","Winter","No","No","Meat","Soft drink (caffeinated)","Mathematics and statistics",8,NA,8,"No internet connection","Myspace, Facebook, other social networking sites, or blog",30,35,4,1,2,8,4,6,1,1,4,8,8,2,"Some","Graduate degree","Pop","Freeze time","Healthy","Actor","Religious"
852,2015,"USA","NC","Female",15,"Right-Handed",159,23,152,1,"Car",5,0.38,34,"Golf",513,765,909,487,990,999,22,"Right foot",77,79,"Ring finger","September","Fall","No","No","Poultry","Water","Science",7,12,4,"Yes - broadband connection","Text messaging",100,120,5,1,7,9,10,0,3,2,4,5,0,0,"A lot","Undergraduate degree","Punk rock","Telepathy","Rich","Musician or singer","Education/Youth development"
853,2013,"USA","CA","Female",16,"Right-Handed",124,23,123,1,"Car",6,0.72,36,"Table Tennis",800,700,600,700,500,800,24,"Left foot",79,74,"Index finger","February","Fall","Yes","No","Pizza/Pasta","Water","Other",8,6,4,"Yes - other","Myspace, Facebook, other social networking sites, or blog",50,50,15,5,3,4,4,0,20,20,5,40,0,4,"Some","Undergraduate degree","Rap/Hip hop","Freeze time","Happy","Relative","Education/Youth development"
854,2015,"USA","CA","Male",17,"Right-Handed",178,28,187,2,"Car",8,0.4,75,"Football (American)",1000,1000,1000,1000,500,880,28,"Same length",90,80,"Index finger","January","Winter","No","No","Meat","Water","History",6,9,6,"Yes - broadband connection","Myspace, Facebook, other social networking sites, or blog",100,100,5,15,6,5,2,2,3,1,7,8,0,1,"Some","Graduate degree","Other","Freeze time","Rich","Other","International aid"
855,2013,"USA","SC","Male",16,"Right-Handed",160,24,158,1,"Car",10,0.8,59,"Other",500,500,700,800,1000,1000,24,"Same length",70,65,"Index finger","October","Fall","No","No","Breads/Sandwiches","Sports drink","Physical education",8,10,5,"Yes - broadband connection","Text messaging",1,1,2,1,4,5,12,5,0,1,1,2,0,4,"None","Graduate degree","Rock and roll","Freeze time","Happy","Relative","Arts, culture, sports"
856,2015,"USA","SC","Female",15,"Right-Handed",168,24,166,2,"Car",10,0.35,41,"Soccer",100,500,200,200,700,850,25,"Left foot",70,68,"Index finger","May","Summer","No","No","Meat","Milk","Other",7,9,2,"Yes - broadband connection","Text messaging",175,250,10,2,10,15,12,0,8,12,8,5,0,8,"A lot","Graduate degree","Pop","Telepathy","Happy","Relative","Health"
857,2014,"USA","MN","Female",16,"Right-Handed",160,22,159,1,"Car",12,0.42,48,"Other",738,588,396,647,850,754,22,"Same length",65,68,"Ring finger","December","Spring","Yes","No","No favorite","Water","History",7,11,5,"Yes - broadband connection","In person",2,5,6,1,7,2,1,8,2,1,5,7,0,2,"A lot","Graduate degree","Other","Freeze time","Happy","Other","Other"
858,2015,"USA","CA","Male",12,"Right-Handed",155,22,128,1,"Car",10,0.4,72,"Running/Jogging",850,850,1000,500,1000,1000,23,"Left foot",60,70,"Ring finger","December","Winter","Yes","No","Soups","Water","Science",8,10,4,"Yes - broadband connection",NA,0,0,3,1,5,4,5,5,0,0,5,2,0,1,"Some","Other","Techno/Electronic","Freeze time","Healthy","Relative","Health"
859,2013,"USA","ID","Female",17,"Right-Handed",167,22,163,1,"Car",5,0.3,55,"Tennis",829,904,668,578,481,824,22,"Same length",83,74,"Index finger","January","Summer","No","No","Breads/Sandwiches","Juice","Other",8,10,5,"Yes - broadband connection","Text messaging",50,50,10,1,8,3,5,0,16,20,20,8,0,2,"A lot","Graduate degree","Other","Fly","Happy","Relative","Health"
860,2014,"USA","GU","Female",14,"Right-Handed",156,23.5,158,1,"Car",20,0.5,48,"Soccer",1000,999,1000,900,1000,1000,23,"Right foot",68,67,"Index finger","July","Summer","No","No","Seafood","Tea","Other",8,10,4,"Yes - broadband connection","Internet chat or instant messaging",7,0,25,0,0,10,5,0,35,35,35,20,0,5,"Some","Graduate degree","Pop","Fly","Happy","Relative","Wildlife, animals"
861,2015,"USA","MA","Male",13,"Right-Handed",158,24,138,1,"Walk",10,0.42,31,"Hockey (Ice)",700,800,900,800,1000,1000,23,"Right foot",83,85,"Ring finger","August","Summer","No","No","Seafood","Water","History",8,7,6,"Yes - broadband connection","Text messaging",3,7,31,2,9,48,6,16,3,3,30,15,0,5,"Some","Graduate degree","Reggae","Freeze time","Happy","Relative","Health"
862,2014,"USA","GA","Female",14,"Right-Handed",163,15.24,163,1,"Car",12,0.31,36,"Baseball/Softball",50,20,80,85,100,100,15,"Left foot",90,60,"Index finger","April","Summer","Yes","No","Meat","Tea","Physical education",7,8,5,"Yes - other","Text messaging",200,225,55,4,1,2,57,1,70,70,60,30,0,0,"A lot","Graduate degree","Country","Invisibility","Happy","Relative","Health"
863,2012,"USA","OH","Male",10,"Right-Handed",138,21,128,1,"Car",32,0.23,36,"Baseball/Softball",118,128,134,203,487,1000,20,"Right foot",70,60,"Index finger","July","Summer","Yes","No","Fruit","Milk","Mathematics and statistics",9,9.5,6,"Yes - other","In person",0,0,30,0,0,3,6,2,0,0,4,6,0,1,"None","Other","Other","Invisibility","Happy","Sports person","Arts, culture, sports"
864,2014,"USA","IL","Female",17,"Right-Handed",170,24,172,1,"Car",12,0.37,31,"Swimming",717,647,540,535,759,888,24,"Same length",70,73,"Ring finger","September","Fall","No","No","Desserts","Water","Mathematics and statistics",7,11,5,"Yes - broadband connection","Text messaging",45,60,12,1,10,5,16,1,30,5,40,6,25,8,"Some","Graduate degree","Rock and roll","Invisibility","Rich","Actor","Arts, culture, sports"
865,2015,"USA","KS","Male",17,"Right-Handed",170,25,170,2,"Car",10,0.28,36,"Tennis",700,700,800,800,1000,1000,26,"Left foot",80,90,"Ring finger","October","Winter","Yes","No","Soups","Tea","Computers and technology",7,6,4,"Yes - broadband connection","Internet chat or instant messaging",11,9,6,1,24,3,12,20,1,2,15,0,8,3,"Some","Graduate degree","Classical","Freeze time","Healthy","Friend","Arts, culture, sports"
866,2013,"USA","NY","Male",17,"Right-Handed",182,26.7,179,1,"Rail (Train/Tram/Subway)",20,0.37,57,"Cycling",754,235,770,770,866,866,27,"Same length",98,104,"Ring finger","February","Fall","Yes","No","Meat","Water","Science",6,8,4,"Yes - broadband connection","Internet chat or instant messaging",3,3,10,1,35,30,10,30,30,40,50,0,0,5,"Some","Graduate degree","Other","Freeze time","Happy","Business person","Health"
867,2014,"USA","WI","Male",13,"Right-Handed",150,25.5,154,1,"Bus",15,0.75,65,"Other",50,50,30,30,89,90,25,"Right foot",NA,NA,NA,"February","Fall","No","No","Soups","Milk","Mathematics and statistics",10,10,6,"Yes - other","In person",14,18,24,1,3,48,24,72,2,2,12,12,0,3,"Some","Graduate degree","Pop","Freeze time","Happy","Relative","Wildlife, animals"
868,2011,"USA","NC","Female",17,"Right-Handed",163,23,163,1,"Car",10,0.28,33,"Basketball",950,800,900,NA,700,700,23,"Right foot",70,65,"Index finger","August","Spring","No","No","Pizza/Pasta","Milk","English",8,10,2,"Yes - broadband connection","In person",0,1,0,1,5,8,0,6,2,0,4,8,0,0,"A lot","Graduate degree","Techno/Electronic","Telepathy","Happy","Relative","Wildlife, animals"
869,2015,"USA","OH","Female",13,"Right-Handed",163,15,156,1,"Bus",60,0.56,61,"Swimming",326,75,134,310,594,754,13,"Right foot",NA,NA,NA,"September","Fall","No","No","Rice/Noodle dishes","Water","Art",11,13,4,"Yes - broadband connection","Myspace, Facebook, other social networking sites, or blog",2,3,3,1,2,2,4,2,5,4,3,13,0,3,"Some","Other","Pop","Fly","Healthy","Musician or singer","Wildlife, animals"
870,2014,"USA","ID","Female",17,"Right-Handed",159,22,155,2,"Car",15,0.8,38,"Other",900,700,300,800,500,1000,21,"Right foot",83,69,"Index finger","November","Fall","No","No","Soups","Water","History",8,7,5,"Yes - other","Cell phone",2,0,6,1,5,10,10,0,1,2,4,2,16,6,"Some","Graduate degree","Pop","Fly","Rich","Relative","Religious"
871,2013,"USA","OH","Female",17,"Right-Handed",159,24,166,2,"Car",11,0.38,57,"Other",900,900,800,1000,1000,1000,23,"Right foot",80,70,"Index finger","January","Summer","Yes","No","Meat","Water","Mathematics and statistics",6,9,6,"Yes - broadband connection","In person",100,124,24,70,18,16,20,6,0,8,5,5,10,3,"A lot","Graduate degree","Rock and roll","Super strength","Happy","Business person","Health"
872,2013,"USA","SC","Female",16,"Right-Handed",137,21,133,1,"Car",10,0.88,36,"Basketball",600,650,700,800,900,1000,22,"Left foot",85,75,"Index finger","November","Fall","No","No","Desserts","Tea","Physical education",7,9,4,"Yes - broadband connection","Text messaging",190,195,14,8,4,70,40,3,1,6,8,3,1,3,"A lot","Some college","Country","Telepathy","Happy","Relative","Wildlife, animals"
873,2013,"USA","OH","Female",16,"Right-Handed",162,24.5,162,1,"Car",10,0.28,25,"Dancing",594,594,701,706,273,273,24,"Right foot",70,70.4,"Ring finger","January","Summer","No","No","Pizza/Pasta","Water","English",7,9,4,"Yes - broadband connection","Text messaging",35,36,14,1,5,2,8,0,6,1,14,5,6,1,"Some","Graduate degree","Pop","Invisibility","Happy","Musician or singer","Wildlife, animals"
874,2014,"USA","NY","Female",12,"Right-Handed",152,25,150,2,"Bus",20,0.83,38,"Basketball",800,700,400,400,500,300,25,"Same length",70,70,"Same length","March","Spring","No","No","Desserts","Water","Mathematics and statistics",10,10,5,"Yes - other","In person",0,0,7,0,5,21,7,1,0,1,2,14,0,14,"A lot","Graduate degree","Rap/Hip hop","Fly","Healthy","Other","Education/Youth development"
875,2013,"USA","IN","Male",17,"Right-Handed",183,25,184,1,"Car",11,0.38,44,"Walking/Hiking",800,700,600,800,1000,1000,25,"Same length",65,66,"Ring finger","February","Spring","Yes","No","Pizza/Pasta","Water","Science",8,8,4,"Yes - broadband connection","In person",20,20,12,1,6,5,2,18,9,6,10,0,0,3,"None","Graduate degree","Heavy metal","Fly","Happy","Other","Other"
876,2015,"USA","VT","Female",16,"Right-Handed",157,25.5,165,1,"Car",5,0.89,53,"Other",500,900,600,400,500,500,25,"Right foot",70,75,"Ring finger","September","Summer","Yes","No","Fruit","Tea","Art",7,9,3,"Yes - broadband connection","Myspace, Facebook, other social networking sites, or blog",15,10,4,2,5,12,30,3,24,2,15,2,30,2,"Some","Some college","Country","Fly","Happy","Friend","Wildlife, animals"
877,2013,"USA","GA","Male",17,"Right-Handed",177,26.5,181,1,"Car",20,0.43,34,"Other",0,0,50,875,500,700,26,"Right foot",99,105,"Ring finger","November","Summer","No","No","Meat","Water","Other",7,9,5,"Yes - broadband connection","In person",10,10,6,1,4,10,7,7,1,3,5,7,20,10,"Some","Some college","Country","Freeze time","Happy","Other","Other"
878,2015,"USA","CA","Female",17,"Right-Handed",155,20.3,142,2,"Car",5,0.92,87,"Dancing",626,684,813,856,545,856,25,"Left foot",65,64,"Index finger","August","Winter","Yes","No","Pizza/Pasta","Juice","Mathematics and statistics",7,10,2,"Yes - other","Text messaging",90,100,7,34,6,23,8,20,20,50,30,17,0,9,"Very little","Undergraduate degree","Other","Invisibility","Rich","Actor","Arts, culture, sports"
879,2015,"USA","MT","Female",17,"Right-Handed",165,18.3,165,1,"Car",10,0.5,67,"Walking/Hiking",400,200,600,300,400,500,18,"Same length",70,73,"Ring finger","April","Winter","No","Yes","Pizza/Pasta","Water","Physical education",6,6,4,"Yes - other","In person",100,100,6,3,2,6,4,0,10,4,0,5,10,2,"Very little","Graduate degree","Country","Freeze time","Happy","Relative","Wildlife, animals"
880,2014,"USA","VA","Male",17,"Right-Handed",178,28,187,1,"Car",22,0.28,40,"Football (American)",700,650,600,600,800,800,29,"Left foot",70,75,"Ring finger","October","Fall","Yes","No","Seafood","Water","Science",7,8,5,"Yes - broadband connection","Text messaging",135,200,10,1,24,10,24,0,8,50,3,5,24,6,"Some","Some college","Country","Super strength","Happy","Relative","Environment"
881,2015,"USA","MI","Female",16,"Right-Handed",164,26.5,175,2,"Bus",15,0.38,45,"Martial Arts",1000,1000,1000,1000,572,952,26,"Right foot",97,101,"Ring finger","May","Summer","No","No","Seafood","Water","Art",7,11,4,"No internet connection","Text messaging",10,15,2,2,5,1,0,0,10,30,30,0,0,20,"A lot","Undergraduate degree","Rap/Hip hop","Invisibility","Happy","Business person","Wildlife, animals"
882,2014,"USA","WI","Male",14,"Left-Handed",177,30,168,1,"Bus",40,0.45,64,"Football (American)",10,9,9,9,9,9,30,"Same length",65,76,"Ring finger","December","Summer","No","No","Meat","Water","Other",7,8,3,"Yes - other","In person",40,40,6,3,1,4,3,5,8,2,5,3,0,2,"A lot","Some college","Rap/Hip hop","Fly","Happy","Friend","Wildlife, animals"
883,2015,"USA","TX","Female",11,"Right-Handed",150,21,163,1,"Car",7,0.61,45,"Dancing",1000,1000,1000,1000,0,0,21,"Same length",80,80,"Same length","January","Summer","Yes","No","Pizza/Pasta","Soft drink (caffeinated)","Art",9,9,5,"Yes - broadband connection","In person",0,0,8,0,0,0,0,2,1,0,2,3,1,1,"A lot","Graduate degree","Rhythm and blues (R&B)","Invisibility","Healthy","Friend","Health"
884,2015,"USA","CA","Male",14,"Right-Handed",183,30,183,2,"Car",5,0.47,39,"Skateboarding/Rollerblading",11,1000,1000,503,775,893,30,"Right foot",105,100,"Index finger","January","Fall","No","No","Meat","Water","Physical education",7,7,2,"Yes - broadband connection","Myspace, Facebook, other social networking sites, or blog",100,100,10,1,1,8,15,0,5,10,24,1,0,5,"Some","Graduate degree","Pop","Invisibility","Healthy","Relative","International aid"
885,2013,"USA","UT","Male",15,"Right-Handed",154,23,152,2,"Car",15,0.31,33,"Baseball/Softball",176,176,455,631,465,465,25,"Left foot",NA,NA,NA,"November","Summer","No","No","Desserts","Water","Computers and technology",8,11,4,"Yes - broadband connection","In person",0,1,0,1,2,4,1,7,0,0,1,7,3,5,"A lot","Graduate degree","Country","Freeze time","Happy","Friend","Education/Youth development"
886,2014,"USA","IN","Female",16,"Ambidextrous",159,22,158,1,"Car",15,0.76,50,"Gymnastics",600,200,150,300,900,900,21,"Right foot",60,70,"Ring finger","May","Fall","Yes","No","Pizza/Pasta","Water","History",7,10,3,"Yes - broadband connection","Text messaging",200,250,15,2,5,15,3,0,25,30,100,20,20,2,"Some","Graduate degree","Punk rock","Freeze time","Famous","Actor","Health"
887,2013,"USA","MA","Female",11,"Right-Handed",147,21,148,2,"Car",5,0.49,49,"Other",1000,1000,999,1000,12,12,22,"Left foot",70,90,"Ring finger","March","Spring","Yes","No","Rice/Noodle dishes","Water","Science",9,10,4,"Yes - other","In person",0,0,2,0,7,1,12,0,1,1,1,1,0,1,"Some","Graduate degree","Classical","Telepathy","Happy","Actor","Environment"
888,2015,"USA","CO","Male",13,"Right-Handed",162,26,161,1,"Walk",3,0.74,73,"Tennis",750,800,800,400,500,700,26,"Same length",90,85,"Index finger","May","Spring","Yes","No","Other","Water","Physical education",6,NA,5,"Yes - broadband connection","In person",3,20,42,1,3,5,14,5,1,0,5,3,0,2,"Some","Graduate degree","Other","Freeze time","Healthy","Other","Wildlife, animals"
889,2011,"USA","FL","Male",16,"Right-Handed",188,29,200,2,"Car",20,0.44,40,"Football (American)",400,600,500,NA,800,1000,30,"Left foot",90,85,"Index finger","June","Spring","No","No","Meat","Water","Mathematics and statistics",6,10,3,"Yes - broadband connection","Text messaging",100,100,60,2,18,8,15,0,50,50,50,8,0,0,"A lot","Graduate degree","Rap/Hip hop","Freeze time","Rich","Relative","Religious"
890,2015,"USA","CA","Female",13,"Right-Handed",127,40,160,2,"Car",8,0.54,51,"Soccer",1000,999,1000,950,250,1000,40,"Same length",NA,NA,NA,"December","Summer","No","No","Pizza/Pasta","Tea","English",9,6,5,"Yes - other","Text messaging",150,150,33,3,10,15,4,0,10,20,16,6,3,3,"A lot","Undergraduate degree","Rap/Hip hop",NA,"Happy","Relative","Wildlife, animals"
891,2013,"USA","SC","Female",15,"Right-Handed",170,19.05,162,1,"Car",25,1.14,48,"Dancing",500,700,500,500,800,900,19,"Same length",70,60,"Index finger","February","Summer","No","No","Poultry","Water","History",7,10,3,"Yes - other","Cell phone",3,5,50,2,10,50,68,0,3,3,10,4,0,7,"A lot","Graduate degree","Other","Invisibility","Healthy","Relative","Health"
892,2012,"USA","GA","Male",16,"Right-Handed",171,26,171,2,"Car",16,0.37,37,"Other",700,900,600,500,1000,1000,25,"Right foot",NA,NA,NA,"March","Summer","Yes","No","Meat","Sports drink","History",7,10,2,"Yes - broadband connection","Text messaging",30,32,5,1,20,48,5,5,6,5,24,8,4,4,"Some","Graduate degree","Rap/Hip hop","Fly","Happy","Community leader or elder","Education/Youth development"
893,2014,"USA","MO","Female",17,"Right-Handed",170,27,170,1,"Car",5,0.35,33,"Baseball/Softball",0,0,0,0,25,50,27,"Same length",80,75,"Index finger","October","Fall","Yes","No","Pizza/Pasta","Water","Mathematics and statistics",8,8,3,"Yes - broadband connection","In person",6,6,10,0,4,15,25,0,10,5,30,0,20,2,"Very little","Graduate degree","Other","Freeze time","Happy","Other","Arts, culture, sports"
894,2011,"USA","SC","Female",17,"Right-Handed",163,25,151,1,"Car",15,0.3,88,"Other",1000,100,700,NA,300,500,25,"Same length",NA,NA,NA,"January","Fall","Yes","No","No favorite","Water","English",6,10,3,"Yes - other","Text messaging",30,40,3,10,3,12,1,0,2,5,1,2,15,2,"Some","Some college","Pop","Telepathy","Happy","Other","International aid"
895,2015,"USA","WI","Male",12,"Right-Handed",144,18,136,1,"Bus",20,0.52,52,"Football (American)",1000,1000,1000,1000,0,0,18,"Same length",NA,NA,NA,NA,"Spring",NA,"No","Other","Water","Music",10,12,3,"No internet connection","Telephone",0,0,48,2,3,18,2,6,7,0,7,3,0,0,"A lot","Some college","Other","Invisibility","Rich","Musician or singer","Environment"
896,2013,"USA","SC","Male",16,"Left-Handed",183,29,178,2,"Bus",30,0.8,50,"Martial Arts",900,900,700,600,300,300,29,"Same length",80,80,"Same length","July","Summer","No","No","No favorite","Water","Art",8,6,5,"Yes - broadband connection","Text messaging",7,8,2,0,1,3,1,4,0,2,4,2,0,1,"Very little","Some college","Punk rock","Super strength","Happy","Religious figure","Religious"
897,2013,"USA","PA","Female",16,"Right-Handed",174,25,181,3,"Car",10,0.52,36,"Dancing",920,900,900,900,1000,1000,25,"Left foot",102,102,"Same length","May","Summer","No","No","Breads/Sandwiches","Juice","History",6,9,5,"Yes - broadband connection","In person",15,20,3,1,18,1,7,1,7,12,40,2,0,1,"A lot","Graduate degree","Rap/Hip hop","Freeze time","Rich","Politician","Health"
898,2011,"USA","CA","Female",17,"Right-Handed",159,22.7,160,2,"Car",3,0.38,35,"Other",700,700,700,NA,1000,1000,23,"Left foot",89,98,"Ring finger","June","Summer","Yes","No","Rice/Noodle dishes","Water","Other",7,9,4,"Yes - broadband connection","Text messaging",80,80,15,1,3,10,3,0,21,50,21,12,0,0,"None","Graduate degree","Rhythm and blues (R&B)","Telepathy","Happy","Doctor or nurse","Education/Youth development"
899,2013,"USA","OH","Female",15,"Right-Handed",152,25,157,2,"Car",30,0.41,34,"Dancing",0,556,492,374,144,727,25,"Same length",101.6,101.6,"Same length","January","Summer","No","No","Other","Soft drink (caffeinated)","Mathematics and statistics",8,10,4,"No internet connection","Myspace, Facebook, other social networking sites, or blog",120,200,9,10,2,6,7,9,15,3,16,6,0,2,"None","High school",NA,"Telepathy","Rich","Other","Wildlife, animals"
900,2013,"USA","FL","Female",17,"Right-Handed",157,23,162,2,"Car",15,0.71,30,"Golf",900,400,800,650,700,900,25,"Left foot",76,72,"Index finger","February","Winter","No","No","Seafood","Water","Mathematics and statistics",5,10,3,"Yes - dial-up connection","Myspace, Facebook, other social networking sites, or blog",60,80,20,1,15,4,6,5,21,21,21,3,0,0,"A lot","Graduate degree","Pop","Freeze time","Rich","Friend","International aid"
901,2013,"USA","OH","Male",14,"Right-Handed",135,10.5,157,1,"Bus",25,0.31,39,"Football (American)",800,1000,1000,900,650,750,11,"Same length",76.2,69.85,"Index finger","September","Summer","No","No","Poultry","Water","Physical education",5,6,8,"Yes - broadband connection","Internet chat or instant messaging",0,0,2,1,1,1,2,4,1,1,2,1,0,2,"A lot","Graduate degree","Rap/Hip hop","Super strength","Rich","Sports person","Wildlife, animals"
902,2013,"USA","SC","Female",17,"Right-Handed",152,21,155,2,"Car",7,0.75,46,"Other",0,1000,1000,1000,1000,1000,21,"Same length",NA,NA,NA,"July","Summer","Yes","No","Poultry","Water","Science",7,9,4,"Yes - broadband connection",NA,30,40,8,6,20,40,6,0,4,30,6,4,0,20,"Some","Graduate degree","Pop","Freeze time","Happy","Relative","Religious"
903,2015,"USA","NJ","Male",17,"Right-Handed",188,30,229,2,"Car",20,0.77,56,"Baseball/Softball",600,500,500,700,700,1000,30,"Same length",80,95,"Ring finger","May","Winter","No","No","Meat","Juice","Other",7,9,8,"Yes - broadband connection","Text messaging",20,21,5,21,5,2,0,0,0,21,28,15,0,0,"Very little","Graduate degree","Rap/Hip hop","Freeze time","Rich","Sports person","Health"
904,2015,"USA","NC","Male",16,"Ambidextrous",195,28.5,195,1,"Car",15,0.42,52,"Dancing",8,7,8,6,9,10,28,"Right foot",83,86,"Ring finger","February","Winter","Yes","No","No favorite","Water","Music",6,8,6,"Yes - broadband connection","Internet chat or instant messaging",20,16,5,3,2,1,0,0,6,1,15,5,30,2,"A lot","Graduate degree","Other","Telepathy","Happy","Musician or singer","Education/Youth development"
905,2013,"USA","NC","Male",12,"Right-Handed",152,22,152,1,"Bus",45,0.71,68,"Basketball",998,200,700,1000,70,700,22,"Same length",90,80,"Index finger","October","Fall","Yes","No","Desserts","Soft drink (non-caffeinated)","English",8,10,4,"Yes - other","In person",0,0,30,5,10,30,20,10,1,0,6,18,0,0,"Some","Graduate degree","Pop","Freeze time","Happy","Relative","Health"
906,2014,"USA","OR","Female",17,"Right-Handed",168,24.5,180,1,"Car",5,0.45,42,"Walking/Hiking",500,500,500,500,500,500,25,"Same length",90,95,"Ring finger","October","Summer","No","No","Rice/Noodle dishes","Water","Mathematics and statistics",9,5,5,"Yes - broadband connection","Text messaging",97,100,27,1,4,15,0,0,1,4,3,2,27,1,"Some","Undergraduate degree","Country","Freeze time","Happy","Relative","Environment"
907,2015,"USA","AZ","Male",17,"Left-Handed",173,26.9,173,2,"Car",17,0.42,51,"Hockey (Ice)",900,850,700,700,650,700,27,"Same length",83,87,"Ring finger","November","Summer","Yes","No","No favorite","Water","Geography",7,10,5,"Yes - broadband connection","Text messaging",20,20,5,1,20,7,7,2,2,12,20,5,0,3,"Some","Undergraduate degree","Pop","Freeze time","Happy","Relative","International aid"
908,2015,"USA","VT","Male",16,"Left-Handed",183,29.5,195,2,"Car",7,0.36,45,"Football (American)",600,750,500,600,700,750,29,"Right foot",NA,NA,NA,"May","Summer","No","No","Pizza/Pasta","Water","English",8,10,3,"Yes - broadband connection","Text messaging",40,70,15,1,8,18,20,6,1,2,0,4,6,1,"Some","Undergraduate degree","Rap/Hip hop","Super strength","Healthy","Relative","Health"
909,2014,"USA","IL","Female",12,"Right-Handed",146,21,149,2,"Walk",12,0.96,49,"Soccer",888,720,700,695,400,400,22,"Left foot",75,79,"Ring finger","March","Summer","Yes","No","Fruit","Water","Social studies",8,9,6,"Yes - other","Text messaging",200,215,10,1,7,7,7,0,8,9,4,4,0,4,"Some","Undergraduate degree","Pop","Freeze time","Happy","Teacher","Health"
910,2015,"USA","VA","Female",17,"Right-Handed",152,26,155,2,"Walk",8,0.29,31,"Hockey (Field)",900,700,750,850,200,800,26,"Same length",60,65,"Ring finger","November","Fall","Yes","No","No favorite","Water","Art",6,8,5,"Yes - other","Cell phone",75,50,10,1,5,30,10,0,5,12,10,5,10,5,"Some","Graduate degree","Other","Fly","Happy","Relative","Wildlife, animals"
911,2014,"USA","MA","Female",12,"Right-Handed",160,22,160,1,"Bus",22,0.27,43,"Soccer",500,450,600,600,500,500,24,"Left foot",65,62,"Index finger","September","Winter","Yes","No","Meat","Juice","English",7,10,4,"Yes - other","In person",36,22,24,2,10,4,10,10,7,48,48,36,0,1,"A lot","Graduate degree","Pop","Fly","Happy","Relative","Health"
912,2015,"USA","OH","Male",14,"Right-Handed",188,27,188,2,"Bus",60,0.4,40,"Basketball",800,500,0,600,5,5,27,"Same length",100,100,"Same length","January","Fall","Yes","Yes","Pizza/Pasta","Water","Other",5,NA,7,"Yes - other","In person",4,20,8,1,1,44,81,6,3,1,1,6,20,81,"A lot","High school","Classical","Super strength","Rich","Other","Religious"
913,2011,"USA","SC","Female",17,"Right-Handed",172,23.5,168,1,"Car",25,0.31,40,"Tennis",300,500,672,NA,989,1000,23,"Right foot",60,65,"Ring finger","January","Summer","No","No","Pizza/Pasta","Soft drink (caffeinated)","History",5,10,4,"Yes - broadband connection","Text messaging",150,150,18,14,7,3,1,0,7,100,7,1,42,1,"Some","Graduate degree","Rap/Hip hop","Invisibility","Rich","Friend","Arts, culture, sports"
914,2013,"USA","CA","Female",17,"Right-Handed",170,23,163,2,"Car",20,0.38,37,"Other",1000,1000,1000,1000,800,800,23,"Same length",80,75,"Index finger","April","Summer","Yes","Yes","Pizza/Pasta","Water","Science",7,9,3,"Yes - broadband connection","Text messaging",89,103,7,1,27,4,8,1,0,5,7,4,0,2,"A lot","Graduate degree","Other","Fly","Happy","Doctor or nurse","Health"
915,2013,"USA","RI","Female",12,"Left-Handed",152,18,149,1,"Car",5,0.45,49,"Dancing",850,781,701,160,75,337,19,"Left foot",62,61,"Index finger","November","Fall","Yes","No","Fruit","Juice","Art",10,12,5,"Yes - broadband connection","Text messaging",52,54,9,6,10,16,5,2,6,7,8,7,0,1,"A lot","Undergraduate degree","Pop","Telepathy","Happy","Musician or singer","Wildlife, animals"
916,2010,"USA","SC","Male",17,"Left-Handed",173,23,186,2,"Bus",35,0.39,37,"Other",310,460,583,NA,583,540,23,"Same length",76.2,101.6,"Ring finger","April","Winter","Yes","No","Meat","Juice","Music",5,10,6,"Yes - other","Text messaging",45,45,2,1,1,1,2,1,2,5,3,4,4,2,"A lot","Graduate degree","Rap/Hip hop","Freeze time","Happy","Musician or singer","Health"
917,2013,"USA","FL","Male",17,"Right-Handed",178,27,175,2,"Car",25,0.32,44,"Football (American)",500,500,500,700,200,300,27,"Same length",75,80,"Ring finger","February","Winter","No","No","Meat","Water","Social studies",6,8,3,"Yes - broadband connection","Text messaging",20,20,10,4,5,10,15,1,1,3,5,5,0,2,"Very little","Graduate degree","Rap/Hip hop","Super strength","Healthy","Business person","Other"
918,2014,"USA","WI","Female",14,"Left-Handed",172,30,149,1,"Car",25,0.5,37,"Dancing",50,20,50,50,500,1000,30,"Same length",60,60,"Same length","September","Spring","Yes","No","Pizza/Pasta","Water","Art",6,12,4,"Yes - dial-up connection","Myspace, Facebook, other social networking sites, or blog",10,52,5,0,12,2,6,0,4,0,0,3,2,5,"A lot","Undergraduate degree","Pop","Telepathy","Happy","Relative","Arts, culture, sports"
919,2013,"USA","RI","Female",11,"Left-Handed",162,23,166,1,"Car",5,0.52,44,"Swimming",702,683,628,674,601,613,23,"Same length",72,74,"Ring finger","June","Summer","Yes","No","Pizza/Pasta","Water","History",9,10,5,"Yes - other","Text messaging",25,40,8,1,4,7,9,1,2,3,3,5,1,2,"Some","Other","Pop","Freeze time","Happy","Relative","International aid"
920,2014,"USA","GU","Female",12,"Right-Handed",198,20,147,3,"Car",30,0.46,45,"Athletics",869,100,1000,500,200,300,20,"Same length",110,110,"Same length","March","Spring","No","No","Pizza/Pasta","Juice","Physical education",8,10,2,"Yes - other","Internet chat or instant messaging",0,0,7,0,1,0,3,1,0,1,1,0,0,0,"Some","Graduate degree","Rap/Hip hop","Telepathy","Happy","Musician or singer","International aid"
921,2013,"USA","CA","Male",17,"Right-Handed",152,22.86,165,1,"Car",10,0.49,34,"Football (American)",500,800,800,500,200,500,23,"Same length",88.9,76.2,"Index finger","July","Summer","Yes","No","Poultry","Juice","History",7,10,6,"Yes - broadband connection","Text messaging",32,36,4,0,5,35,10,15,5,45,45,5,0,0,"Some","Undergraduate degree","Rap/Hip hop","Super strength","Rich","Relative","Wildlife, animals"
922,2015,"USA","CA","Male",11,"Right-Handed",149,24,145,1,"Car",7,0.36,43,"Martial Arts",770,695,765,738,759,759,24,"Same length",73,77,"Ring finger","November","Summer","Yes","No","Poultry","Water","Music",8,NA,6,"Yes - other","In person",0,2,8,0,10,3,2,2,12,0,18,2,0,2,"Some","Graduate degree","Other","Telepathy","Healthy","Relative","Health"
923,2013,"USA","NC","Male",12,"Left-Handed",167,25,164,1,"Bus",60,0.38,32,"Athletics",455,864,212,569,46,32,26,"Left foot",70,74,"Ring finger","December","Winter","No","No","Pizza/Pasta","Water","Science",10,5,8,"Yes - broadband connection","In person",0,0,10,1,7,18,7,4,0,0,10,0,4,5,"Very little","Other","Techno/Electronic","Freeze time","Happy","Other","International aid"
924,2015,"USA","NY","Female",17,"Right-Handed",177,24.5,182,2,"Rail (Train/Tram/Subway)",30,0.34,28,"Other",800,800,600,850,950,999,24,"Right foot",104,108,"Ring finger","August","Spring","No","No","No favorite","Water","Computers and technology",6,10,6,"Yes - broadband connection","Myspace, Facebook, other social networking sites, or blog",10,20,5,0,0,10,4,2,42,10,84,0,0,1,"Very little","Graduate degree","Pop","Telepathy","Happy","Other","Education/Youth development"
925,2015,"USA","CO","Male",13,"Right-Handed",170,20.32,167,2,"Bicycle",10,0.62,50,"Soccer",250,500,500,750,800,800,27,"Left foot",80,80,"Same length","March","Spring","No","No","Rice/Noodle dishes","Milk","Mathematics and statistics",9,11,4,"Yes - broadband connection","Text messaging",18,59,8,1,5,10,7,8,3,4,8,2,0,11,"Very little","Other","Pop","Fly","Happy","Business person","Health"
926,2014,"USA","WI","Male",12,"Left-Handed",150,24,146,1,"Car",15,0.37,43,"Basketball",492,697,1000,1000,70,503,26,"Left foot",80,85,"Ring finger","August","Summer","Yes","No","Other","Water","Social studies",9,11,6,"Yes - broadband connection","Text messaging",54,58,15,0,30,20,15,5,0,10,20,30,5,2,"Some","Graduate degree","Other","Super strength","Happy","Relative","Wildlife, animals"
927,2012,"USA","TN","Female",17,"Right-Handed",163,24.8,175,1,"Car",5,0.3,25,"None",449,449,305,647,642,701,25,"Left foot",83,95,"Ring finger","October","Fall","Yes","No","Poultry","Juice","Mathematics and statistics",8,9,2,"Yes - other","Text messaging",50,75,0,3,0,6,0,0,15,51,25,10,28,0,"None","Graduate degree","Gospel","Fly","Healthy","Relative","Health"
928,2014,"USA","NC","Female",13,"Right-Handed",162,23,157,2,"Car",5,0.59,66,"Soccer",872,37,465,422,1000,1000,23,"Same length",75,70,"Index finger","August","Winter","No","No","Pizza/Pasta","Juice","English",9,12,5,"Yes - broadband connection","Text messaging",20,20,40,0,0,1,0,0,5,5,4,2,0,0,"Very little","Undergraduate degree","Heavy metal","Fly","Happy","Musician or singer","Health"
929,2013,"USA","WI","Male",13,"Right-Handed",160,27,160,1,"Bus",60,0.39,56,"Gymnastics",492,439,374,738,86,219,28,"Left foot",80,70,"Index finger","March","Summer","Yes","No","Pizza/Pasta","Other","Other",8,8,4,"Yes - other","In person",0,0,1,0,4,4,1,5,0,0,1,5,2,2,"Some","Graduate degree","Gospel","Freeze time","Happy","Musician or singer","International aid"
930,2014,"USA","PA","Male",16,"Right-Handed",192,28,195,1,"Car",8,0.28,46,"Baseball/Softball",800,800,600,900,500,600,27,"Right foot",90,95,"Ring finger","July","Summer","Yes","No","Meat","Water","Physical education",6,10,2,"Yes - broadband connection","Text messaging",100,100,15,1,1,5,5,3,1,5,1,2,6,2,"Some","Graduate degree","Rap/Hip hop","Fly","Happy","Relative","Arts, culture, sports"
931,2014,"USA","FL","Female",17,"Right-Handed",175,27,176,1,"Car",30,0.32,39,"Dancing",500,500,300,400,1000,1000,24,"Right foot",70,73,"Ring finger","May","Fall","No","No","Pizza/Pasta","Soft drink (caffeinated)","Art",6,10,5,"Yes - broadband connection","Text messaging",200,250,30,2,20,19,24,2,13,13,24,5,0,2,"Some","Undergraduate degree","Pop","Telepathy","Happy","Relative","International aid"
932,2011,"USA","SC","Male",17,"Right-Handed",184,27,162,2,"Car",15,0.28,44,"Other",680,680,857,NA,530,680,25,"Right foot",80,77,"Index finger","February","Winter","No","No","Meat","Tea","History",7,9,3,"Yes - broadband connection","Text messaging",20,35,14,5,10,10,15,2,5,15,15,25,0,15,"Some","Some college","Heavy metal","Freeze time","Rich","Teacher","Education/Youth development"
933,2015,"USA","CA","Female",17,"Right-Handed",164,21,154,1,"Car",30,0.35,38,"Hockey (Field)",750,800,800,750,550,550,22,"Left foot",100,65,"Index finger","April","Spring","Yes","No","Vegetables","Water","Science",8,8,3,"Yes - broadband connection","Text messaging",115,175,15,2,19,5,8,0,2,1,7,3,0,1,"A lot",NA,"Country","Fly","Healthy","Doctor or nurse","Health"
934,2014,"USA","VA","Male",17,"Right-Handed",176,25,182,1,"Bicycle",30,0.34,24,"Walking/Hiking",930,765,840,567,706,679,26,"Left foot",100,80,"Index finger","July","Fall","No","No","Pizza/Pasta","Soft drink (caffeinated)","Computers and technology",8,12,2,"Yes - broadband connection","In person",35,39,2,0,1,2,1,6,0,1,1,2,0,2,"Some","Graduate degree","Rock and roll","Fly","Happy","Relative","Wildlife, animals"
935,2015,"USA","PA","Female",16,"Right-Handed",162,22,132,2,"Bus",10,0.5,29,"Tennis",500,500,600,600,1000,1000,27,"Left foot",68,68,"Same length","December","Fall","No","No","Seafood","Water","Social studies",7,9,3,"Yes - broadband connection","Text messaging",50,100,1,1,20,10,20,5,6,3,15,10,0,2,"A lot","Graduate degree","Pop","Fly","Happy","Friend","Arts, culture, sports"
936,2013,"USA","NY","Female",17,"Right-Handed",158,24,169,1,"Bus",40,0.46,36,"Cycling",707,792,485,803,802,902,23,"Right foot",85,80,"Index finger","September","Fall","Yes","No","Desserts","Juice","Mathematics and statistics",5,9,5,"Yes - broadband connection","In person",1,2,25,0,15,6,2,3,6,1,17,3,0,8,"A lot","Graduate degree","Other","Fly","Happy","Teacher","Health"
937,2015,"USA","AZ","Male",17,"Right-Handed",173,28,160,1,"Car",35,0.39,52,"Football (American)",0,0,50,0,100,100,28,"Same length",87,88,"Ring finger","June","Winter","No","No","Meat","Water","Mathematics and statistics",8,10,5,"Yes - broadband connection","Cell phone",25,50,12,1,8,10,12,6,6,4,80,20,0,8,"Some","Graduate degree","Pop","Fly","Rich","Sports person","Arts, culture, sports"
938,2014,"USA","MD","Female",16,"Right-Handed",151,15,135,1,"Bus",35,0.3,46,"Soccer",1000,1000,700,1000,200,1000,15,"Same length",70,80,"Ring finger","November","Summer","No","No","Meat","Water","Physical education",5,10,4,"Yes - broadband connection","Text messaging",5,5,0,4,1,2,1,0,5,5,0,6,15,2,"A lot","Graduate degree","Rap/Hip hop","Invisibility","Healthy","Friend","Health"
939,2012,"USA","NE","Female",16,"Right-Handed",170,25,165,1,"Car",7,0.37,31,"Other",500,500,600,600,900,900,22,"Right foot",NA,NA,NA,"June","Fall","No","No","Seafood","Soft drink (caffeinated)","History",4,10,3,"Yes - broadband connection","Text messaging",50,50,15,3,21,20,15,20,30,10,30,20,0,10,"Some","Graduate degree","Pop","Invisibility","Happy","Musician or singer","Education/Youth development"
940,2012,"USA","VA","Male",17,"Right-Handed",183,12,183,1,"Car",2,0.59,45,"Other",834,834,278,75,829,829,13,"Left foot",60,65,"Ring finger","July","Fall","No","No","Meat","Water","Music",8,9,4,"Yes - broadband connection","Text messaging",150,200,10,1,5,15,16,0,3,4,5,21,12,4,"A lot","Graduate degree","Pop","Fly","Happy","Relative","Religious"
941,2013,"USA","MI","Female",17,"Right-Handed",175,26,173,1,"Car",15,0.62,36,"Basketball",530,460,380,572,500,570,25,"Right foot",63.5,63.5,"Same length","August","Fall","Yes","No","Rice/Noodle dishes","Water","Mathematics and statistics",7,10,4,"Yes - broadband connection","Text messaging",10,20,11,3,6,36,20,0,1,1,1,1,15,3,"A lot","Other","Rap/Hip hop","Fly","Happy","Coach or club leader","International aid"
942,2015,"USA","PA","Male",17,"Right-Handed",174,24.9,174,3,"Car",8,0.3,44,"Cycling",800,900,650,950,300,550,25,"Left foot",98,88,"Index finger","May","Spring","No","No","Breads/Sandwiches","Water","Science",8,9,3,"Yes - broadband connection","Text messaging",10,15,5,1,12,12,5,1,0,1,10,8,10,2,"Some","Graduate degree","Pop","Fly","Happy","Sports person","International aid"
943,2015,"USA","CA","Female",14,"Right-Handed",170,25,203,1,"Car",10,0.38,55,"Football (American)",950,1000,1000,570,5,1000,25,"Same length",NA,NA,NA,"December","Fall","Yes","Yes","Poultry","Tea","Music",7,12,2,"Yes - broadband connection","In person",3,2,0,1,4,4,0,5,8,1,12,8,0,11,"Some","Graduate degree","Punk rock","Telepathy","Happy","Musician or singer","Environment"
944,2015,"USA","WI","Male",12,"Left-Handed",158,15.24,150,1,"Walk",5,0.39,78,"Bowling",1000,1000,1000,1000,524,529,15,"Same length",70,100,"Ring finger","March","Winter","No","No","Pizza/Pasta","Water","Social studies",10,6,6,"Yes - broadband connection","Text messaging",0,0,70,1,30,7,60,5,10,10,1,30,1,2,"A lot","Some college","Country","Fly","Healthy","Relative","Education/Youth development"
945,2013,"USA","FL","Male",16,"Left-Handed",168,23,100,1,"Car",15,0.33,36,"Basketball",257,241,246,781,503,615,23,"Same length",70,70,"Same length","March","Spring","Yes","No","No favorite","Juice","Other",8,5,5,"Yes - broadband connection","Internet chat or instant messaging",0,2,3,0,5,6,2,6,1,3,6,1,0,2,"A lot","Graduate degree","Rap/Hip hop","Invisibility","Happy","Other","Arts, culture, sports"
946,2012,"USA","VA","Male",16,"Right-Handed",183,29.2,175,2,"Car",12,0.47,33,"Football (American)",750,600,500,350,300,250,30,"Left foot",NA,NA,NA,"April","Fall","Yes","No","Other","Sports drink","Mathematics and statistics",7,5,5,"Yes - broadband connection","In person",0,0,10,1,25,30,12,4,5,10,16,16,20,2,"A lot","Graduate degree","Country","Invisibility","Happy","Relative","Health"
947,2013,"USA","IL","Female",11,"Right-Handed",140,21.5,143,2,"Car",5,0.75,48,"Swimming",1000,1000,980,760,1000,1000,21,"Right foot",75,87,"Ring finger","February","Spring","Yes","No","Fruit","Water","Mathematics and statistics",9,12,4,"Yes - broadband connection","Text messaging",86,70,5,6,5,4,4,1,7,8,11,7,0,1,"Some","Graduate degree","Pop","Freeze time","Healthy","Relative","International aid"
948,2014,"USA","CA","Female",17,"Right-Handed",157,25,115,2,"Car",15,0.39,33,"Dancing",1000,1000,1000,1000,1000,1000,25,"Same length",NA,NA,NA,"April","Spring","Yes","No","Meat","Juice","Science",6,10,5,"Yes - broadband connection","In person",40,40,9,2,24,0,10,0,15,15,24,5,0,0,"Some","Graduate degree","Pop","Telepathy","Healthy","Relative","Wildlife, animals"
949,2014,"USA","MD","Female",17,"Right-Handed",162,22,170,1,"Bus",10,0.28,40,"Gymnastics",1000,1000,1000,1000,0,0,22,"Same length",65,70,"Ring finger","November","Winter","Yes","No","Seafood",NA,"Other",4,6,4,"Yes - broadband connection","In person",0,0,0,0,0,0,0,30,0,0,0,0,0,10,"A lot","Graduate degree","Other","Freeze time","Happy","Other","Wildlife, animals"
950,2013,"USA","SC","Female",17,"Left-Handed",163,23,172,1,"Car",7,0.27,43,"Other",800,800,800,800,800,800,23,"Same length",63,64,"Ring finger","March","Summer","No","No","Desserts","Tea","History",7,11,4,"Yes - broadband connection","Text messaging",50,50,10,4,2,4,10,0,3,1,3,2,12,0,"Some","Graduate degree","Country","Freeze time","Happy","Sports person","Health"
951,2011,"USA","NC","Female",16,"Ambidextrous",166,24,160,2,"Bus",30,0.29,44,"Golf",0,0,0,NA,1000,1000,24,"Same length",85,85,"Same length","April","Summer","Yes","No","Vegetables","Tea","Science",10,12,2,"No internet connection","Cell phone",5,5,0,9,1,0,2,0,0,1,0,0,0,0,"None","Graduate degree","Rock and roll","Freeze time","Rich","Teacher","Education/Youth development"
952,2014,"USA","GU","Male",13,"Right-Handed",157,24,157,1,"Car",30,0.39,41,"Basketball",850,800,800,950,1000,1000,24,"Right foot",75,80,"Ring finger","December","Summer","Yes","No","Pizza/Pasta","Water","Physical education",8,9,5,"Yes - broadband connection","In person",0,0,35,1,1,5,5,21,1,1,22,1,5,17,"A lot","Graduate degree","Pop","Freeze time","Happy","Relative","International aid"
953,2014,"USA","MD","Female",13,"Right-Handed",163,23,163,1,"Bus",7,0.38,39,"Running/Jogging",800,700,900,750,600,1000,24,"Left foot",74,75,"Ring finger","April","Fall","Yes","No","Pizza/Pasta","Water","Music",8,8,4,"Yes - broadband connection","Internet chat or instant messaging",16,19,4,1,5,7,1,6,8,3,9,2,0,0,"Some","Graduate degree","Rhythm and blues (R&B)","Telepathy","Happy","Musician or singer","Wildlife, animals"
954,2015,"USA","IA","Female",17,"Right-Handed",152,22,162,2,"Car",2,0.87,76,"Skateboarding/Rollerblading",6,8,6,6,5,5,22,"Same length",75,80,"Ring finger","June","Fall","Yes","No","Pizza/Pasta","Water","English",7,10,5,"Yes - broadband connection","In person",50,50,40,1,5,0,2,0,4,4,0,2,30,2,"A lot","Graduate degree","Punk rock","Telepathy","Happy","Other","International aid"
955,2012,"USA","IL","Female",17,"Right-Handed",170,26,170,1,"Car",7,0.33,41,"Running/Jogging",330,340,530,700,920,960,26,"Same length",80,80,"Same length","December","Summer","No","No","Rice/Noodle dishes","Water","Mathematics and statistics",8,12,4,"Yes - broadband connection","Text messaging",200,200,10,1,2,8,3,0,2,20,5,2,0,1,"Very little","Undergraduate degree","Pop","Freeze time","Rich","Relative","Health"
956,2014,"USA","IN","Male",16,"Right-Handed",163,25,170,1,"Car",15,0.41,45,"Soccer",900,800,900,600,800,900,25,"Same length",90,90,"Same length","March","Fall","Yes","No","Meat","Milk","Science",8,8,5,"Yes - other","Text messaging",100,100,15,5,10,10,10,3,24,24,24,10,5,8,"A lot","Graduate degree","Country","Fly","Happy","Community leader or elder","Education/Youth development"
957,2012,"USA","PA","Male",15,"Right-Handed",168,29.21,177,1,"Walk",8,0.28,35,"Baseball/Softball",400,300,400,500,500,800,30,"Left foot",70,72,"Ring finger","August","Summer","No","No","Seafood","Soft drink (caffeinated)","Other",7,NA,4,"Yes - other","Text messaging",125,200,30,1,1,7,12,35,3,5,2,5,24,1,"A lot","Some college","Rap/Hip hop","Freeze time","Famous","Friend","Health"
958,2015,"USA","OK","Female",17,"Right-Handed",171,24,171,1,"Car",12,0.9,57,"Other",650,750,880,800,950,900,24,"Same length",78,74,"Index finger","September","Winter","Yes","No","No favorite","Water","History",7,10,5,"Yes - other","Text messaging",60,40,6,0,6,4,20,0,8,5,18,10,0,2,"Some","Undergraduate degree","Rap/Hip hop","Freeze time","Happy","Relative","Education/Youth development"
959,2013,"USA","KY","Male",11,"Right-Handed",150,24,150,1,"Car",3,0.38,37,"Skateboarding/Rollerblading",583,561,679,818,476,561,23,"Right foot",73,70,"Index finger","December","Summer","Yes","No","Pizza/Pasta","Water","History",8,9,4,"Yes - broadband connection","In person",0,0,10,3,5,15,10,6,0,0,9,12,1,4,"A lot","Graduate degree","Rock and roll","Freeze time","Happy","Religious figure","Religious"
960,2012,"USA","SC","Male",15,"Right-Handed",176,29,178,2,"Car",10,0.7,43,"Other",200,200,200,NA,300,300,29,"Same length",80,80,"Same length","May","Spring","No","No","Seafood","Tea","Music",8,12,4,"Yes - broadband connection","Cell phone",140,160,25,13,7,17,15,14,2,32,10,10,0,12,"Very little","Other","Heavy metal","Telepathy","Happy","Friend","Religious"
961,2013,"USA","WI","Male",14,"Ambidextrous",178,28,171,1,"Bus",60,0.3,40,"Other",1000,750,500,500,250,500,28,"Same length",90,91,"Ring finger","January","Summer","Yes","No","Meat","Soft drink (caffeinated)","Mathematics and statistics",5,NA,5,"Yes - broadband connection","Myspace, Facebook, other social networking sites, or blog",5,4,20,1,3,4,2,48,5,2,48,0,16,0,"A lot","Graduate degree","Other","Fly","Rich","Musician or singer","Other"
962,2014,"USA","WI","Female",12,"Right-Handed",157,24,155,1,"Bus",20,0.52,45,"Basketball",1000,1000,701,802,604,909,23,"Right foot",80,83,"Ring finger","April","Fall","Yes","No","Meat","Water","Social studies",9,10,5,"Yes - other","Internet chat or instant messaging",0,0,79,1,6,40,90,0,25,75,25,10,12,15,"Very little","Graduate degree","Pop","Telepathy","Happy","Relative","Health"
963,2014,"USA","KS","Male",16,"Ambidextrous",178,28,181,1,"Bus",10,0.5,47,"Basketball",0,0,0,0,0,0,29,"Left foot",90,80,"Index finger","December","Summer","No","No","Meat","Milk","Science",8,5,5,"Yes - other","Text messaging",88,197,3,2,0,4,9,9,9,9,9,9,9,9,"Very little","Graduate degree","Rap/Hip hop","Freeze time","Happy","Musician or singer","International aid"
964,2013,"USA","RI","Male",12,"Right-Handed",155,25,154,1,"Walk",10,0.25,41,"Basketball",1000,1000,711,711,150,21,26,"Left foot",80,80,"Same length","December","Summer","Yes","No","Desserts","Juice","Physical education",10,9.5,5,"Yes - other","In person",20,15,15,1,4,2,10,1,3,2,1,3,0,1,"Very little","Graduate degree","Rap/Hip hop","Invisibility","Happy","Sports person","Health"
965,2015,"USA","IN","Male",15,"Right-Handed",175,25,154,1,"Bus",14,0.7,37,"Martial Arts",500,700,100,300,700,700,25,"Same length",84,78,"Index finger","May","Spring","No","No","Pizza/Pasta","Water","Computers and technology",7,8,4,"Yes - broadband connection","In person",2,2,18,1,6,6,10,12,1,1,16,20,0,3,"Some","Graduate degree","Rock and roll","Telepathy","Happy","Relative","International aid"
966,2012,"USA","CA","Female",16,"Right-Handed",165,24,165,1,"Rail (Train/Tram/Subway)",60,0.37,31,"Skateboarding/Rollerblading",700,700,500,500,200,900,25,"Left foot",80,75,"Index finger","June","Fall","No","Yes","Vegetables","Water","English",9,8.5,4,"Yes - broadband connection","In person",250,270,26,3,4,1,2,0,2,4,3,4,0,2,"A lot","Graduate degree","Rap/Hip hop","Freeze time","Happy","Other","Wildlife, animals"
967,2015,"USA","NH","Female",17,"Right-Handed",170,26,166,2,"Car",5,0.54,40,"Walking/Hiking",900,800,500,1000,1000,1000,25,"Right foot",108,108,"Same length","January","Fall","No","No","Rice/Noodle dishes","Water","Music",7,8,3,"Yes - broadband connection","Text messaging",30,30,10,4,10,3,3,0,3,3,2,10,15,3,"Some","Undergraduate degree","Jazz","Fly","Happy","Musician or singer","International aid"
968,2014,"USA","GU","Male",13,"Right-Handed",172,29,175,1,"Car",20,0.55,30,"Football (American)",1000,1000,1000,1000,900,1000,29,"Same length",100,100,"Same length","October","Summer","No","No","No favorite","Water","Science",5,7,7,"Yes - broadband connection","Myspace, Facebook, other social networking sites, or blog",0,0,25,1,2,5,10,10,20,10,50,10,0,10,"Some","Graduate degree","Other",NA,"Healthy","Other","Education/Youth development"
969,2010,"USA","SC","Male",17,"Right-Handed",180,28,186,1,"Car",30,0.4,40,"Soccer",100,300,0,NA,800,800,27,"Right foot",90,70,"Index finger","February","Winter","No","No","Other","Soft drink (caffeinated)","Art",5,10,5,"Yes - dial-up connection","Text messaging",15,50,10,0,2,2,0,0,5,1,20,20,15,1,"A lot","Undergraduate degree","Other","Freeze time","Healthy","Community leader or elder","Religious"
970,2012,"USA","SC","Female",16,"Right-Handed",160,21,160,2,"Car",6,0.71,55,"Tennis",500,900,100,NA,1000,1000,21,"Same length",70,64,"Index finger","January","Summer","No","No","Fruit","Water","Mathematics and statistics",8,9,3,"Yes - broadband connection","Cell phone",100,100,12,1,1,3,3,0,1,7,1,2,10,1,"Some","Graduate degree","Country","Fly","Happy","Religious figure","International aid"
971,2015,"USA","SC","Male",16,"Right-Handed",186,28,191,1,"Car",5,0.4,45,"Football (American)",503,540,417,642,706,850,27,"Right foot",80,90,"Ring finger","June","Summer","Yes","No","Pizza/Pasta","Sports drink","Music",7,10,4,"Yes - broadband connection","Text messaging",100,103,20,2,8,2,9,5,3,10,15,20,0,1,"Some","Graduate degree","Rap/Hip hop","Freeze time","Happy","Sports person","Education/Youth development"
972,2014,"USA","SC","Female",16,"Right-Handed",125,19.2,150,2,"Car",6,0.39,41,"Dancing",524,497,727,679,668,668,20,"Left foot",70,65,"Index finger","February","Spring","Yes","No","Breads/Sandwiches","Soft drink (caffeinated)","Science",5,8,4,"Yes - other","Text messaging",250,300,4,2,5,1,16,0,10,49,2,15,8,3,"A lot","Graduate degree","Rap/Hip hop","Invisibility","Rich","Doctor or nurse","Health"
973,2012,"USA","SC","Female",16,"Right-Handed",156,24,156,1,"Car",30,0.34,45,"Swimming",900,500,700,NA,900,850,23,"Right foot",75,70,"Index finger","May","Fall","No","No","Meat","Tea","Other",6,8,4,"Yes - broadband connection","In person",250,300,40,4,5,30,8,3,20,20,25,25,4,8,"A lot","Graduate degree","Country","Telepathy","Happy","Relative","Other"
974,2012,"USA","NJ","Male",17,"Right-Handed",183,27,189,1,"Walk",0,0.44,37,"Swimming",797,1000,1000,1000,1000,1000,29,"Left foot",87,95,"Ring finger","October","Spring","Yes","No","Rice/Noodle dishes","Juice","Science",8,8,4,"Yes - other","Internet chat or instant messaging",10,10,7,3,5,2,17,1,0,2,14,0,0,1,"A lot","Graduate degree","Other","Fly","Happy","Sports person","Wildlife, animals"
975,2015,"USA","CA","Male",15,"Right-Handed",170,23,160,2,"Bicycle",20,0.48,49,"Soccer",500,600,650,500,1000,999,23,"Same length",NA,NA,NA,"December","Winter","No","No","Pizza/Pasta","Energy drink","Mathematics and statistics",7,5,5,"Yes - other","Internet chat or instant messaging",70,70,3,0,1,1,2,4,2,3,3,0,0,1,"Some","Some college","Techno/Electronic","Invisibility","Happy","Friend","Other"
976,2011,"USA","CA","Female",17,"Right-Handed",168,22.2,161,1,"Car",10,0.34,27,"Other",1000,1000,1000,NA,890,890,22,"Same length",65,68,"Ring finger","January","Spring","No","No","Rice/Noodle dishes","Tea","Art",6,9,4,"Yes - other","Myspace, Facebook, other social networking sites, or blog",1,1,8,1,35,3,6,8,12,1,12,1,0,21,"A lot","Graduate degree","Pop","Freeze time","Happy","Musician or singer","Wildlife, animals"
977,2015,"USA","CO","Male",17,"Right-Handed",179,25,179,1,"Car",25,0.42,54,"Basketball",1000,1000,1000,1000,1000,1000,25,"Same length",90,80,"Index finger","April","Summer","No","No","Poultry","Soft drink (caffeinated)","English",7,8,3,"Yes - broadband connection","Text messaging",100,100,10,1,2,3,10,0,5,3,6,2,0,4,"None","Graduate degree","Rap/Hip hop","Super strength","Happy","Sports person","Health"
978,2015,"USA","TX","Male",11,"Ambidextrous",160,10,163,2,"Bus",15,0.55,52,"Football (American)",750,30,800,300,1000,1000,10,"Same length",70,80,"Ring finger","June","Summer","No","No","Seafood","Sports drink","Physical education",10,7,5,"Yes - broadband connection","Cell phone",21,34,6,2,1,48,1,12,2,4,15,4,2,1,"None","Undergraduate degree","Rap/Hip hop","Freeze time","Rich","Sports person","Education/Youth development"
979,2010,"USA","PA","Male",17,"Right-Handed",171,25,170,1,"Bus",55,0.31,48,"Soccer",300,200,100,NA,100,800,25,"Same length",80,87,"Ring finger","June","Summer","Yes","No","Breads/Sandwiches","Milk","Music",8,11,4,"Yes - broadband connection","In person",3,4,1,2,7,2,1,1,4,4,21,1,1,1,"Some","Graduate degree","Country","Telepathy","Rich","Relative","Health"
980,2015,"USA","WI","Female",16,"Right-Handed",178,25,178,2,"Car",10,0.37,37,"Swimming",1000,1000,999,780,1000,780,25,"Same length",82,75,"Index finger","October","Fall","No","No","Pizza/Pasta",NA,"Mathematics and statistics",8,10,4,"Yes - other","In person",45,35,6,1,6,4,1,1,8,6,9,5,56,2,"Very little","Graduate degree","Pop","Telepathy","Healthy","Business person","Wildlife, animals"
981,2014,"USA","WI","Female",15,"Ambidextrous",164,29,141,2,"Bus",25,0.33,38,"Dancing",500,700,900,900,1000,1000,29,"Same length",70,60,"Index finger","October","Summer","Yes","Yes","Breads/Sandwiches","Soft drink (caffeinated)","Music",6,NA,2,"Yes - other","Telephone",50,49,0,3,4,2,0,6,7,2,8,3,0,0,"A lot","Some college","Pop","Telepathy","Happy","Relative","Wildlife, animals"
982,2013,"USA","NC","Female",12,"Right-Handed",150,23,153,1,"Bus",45,0.32,39,"Baseball/Softball",900,700,600,800,0,400,23,"Same length",70,70,"Same length","December","Spring","Yes","No","Seafood","Water","Music",9,8,4,"Yes - broadband connection","E-mail",0,0,0,0,14,4,6,0,0,0,4,5,0,1,"A lot","Graduate degree","Classical","Super strength","Happy","Actor","Other"
983,2013,"USA","RI","Female",11,"Right-Handed",150,22,152,1,"Walk",2,0.45,52,"Basketball",600,1000,100,200,999,800,22,"Same length",80,75,"Index finger","September","Summer","No","No","Meat","Water","Art",10,5,8,"Yes - broadband connection","In person",10,11,10,3,1,2,10,4,2,2,3,5,1,0,"Very little","Graduate degree","Country","Fly","Healthy","Sports person","Wildlife, animals"
984,2013,"USA","NY","Male",17,"Right-Handed",158,22,159,2,"Rail (Train/Tram/Subway)",50,0.34,38,"Swimming",1000,1000,1000,1000,1000,1000,14,"Right foot",95,95,"Same length","July","Winter","No","No","Rice/Noodle dishes","Tea","Mathematics and statistics",9,7,3,"Yes - broadband connection","Internet chat or instant messaging",0,0,20,2,5,5,4,30,30,5,30,5,0,0,"A lot","Some college","Rhythm and blues (R&B)","Freeze time","Rich","Business person","Health"
985,2012,"USA","KY","Female",12,"Right-Handed",152,22,152,1,"Car",10,0.4,57,"Other",364,267,86,1000,225,1000,22,"Same length",90,90,"Same length","April","Summer","Yes","No","Fruit","Soft drink (non-caffeinated)","Social studies",8,10,7,"Yes - other","Text messaging",2,2,0,0,1,24,1,24,24,24,24,1,0,5,"A lot","Graduate degree","Country","Telepathy","Famous","Doctor or nurse","Health"
986,2015,"USA","VA","Male",15,"Right-Handed",171,24,163,1,"Bus",40,0.27,43,"Athletics",561,663,781,647,32,166,24,"Same length",102,88,"Index finger","January","Fall","No","No","Rice/Noodle dishes","Water","Mathematics and statistics",4,6,5,"Yes - other","In person",2,5,4,0,8,3,2,1,0,1,4,1,0,1,"Some","Other","Classical","Freeze time","Happy","Relative","Education/Youth development"
987,2014,"USA","WI","Female",16,"Right-Handed",147,22,142,2,"Car",10,0.33,38,"Walking/Hiking",700,700,400,700,700,700,22,"Same length",75,80,"Ring finger","March","Spring","No","No","Desserts","Soft drink (caffeinated)","Social studies",5,10,3,"Yes - broadband connection","In person",0,0,11,0,4,6,0,7,35,0,70,1,0,7,"Some","Graduate degree","Techno/Electronic","Telepathy","Rich","Teacher","Health"
988,2012,"USA","CA","Female",17,"Right-Handed",160,21,160,3,"Car",6,0.23,29,"Tennis",800,800,950,950,500,900,22,"Left foot",70,70,"Same length","September","Fall","No","No","Desserts","Water","Languages",7,9,4,"Yes - broadband connection","Text messaging",100,150,12,3,25,7,10,0,15,5,15,4,0,2,"A lot","Graduate degree","Pop","Fly","Happy","Religious figure","International aid"
989,2012,"USA","NJ","Male",17,"Right-Handed",169,24,171,3,"Walk",4,0.36,49,"Tennis",800,800,600,600,800,800,25,"Left foot",72,70,"Index finger","August","Spring","Yes","No","Seafood","Water","Mathematics and statistics",5,8,4,"Yes - broadband connection","Internet chat or instant messaging",0,0,22,1,5,1,1,10,10,2,30,2,0,1,"Very little","Graduate degree","Pop","Telepathy","Happy","Relative","Environment"
990,2013,"USA","IL","Male",11,"Right-Handed",133,21,138,2,"Bus",15,0.58,45,"Baseball/Softball",500,500,800,500,300,700,21,"Same length",80,80,"Same length","August","Summer","No","No","No favorite","Water","Physical education",10,10,4,"Yes - broadband connection","In person",0,0,2,1,8,3,5,1,0,1,1,6,0,0,"A lot","Graduate degree","Pop","Freeze time","Healthy","Other","International aid"
991,2015,"USA","VA","Male",17,"Right-Handed",180,27,170,2,"Car",12,0.52,64,"Basketball",59,59,492,444,1000,1000,28,"Left foot",80,70,"Index finger","March","Winter","No","No","Meat","Powdered drink","History",7,9,3,"Yes - other","Text messaging",20,20,13,9,12,13,8,9,72,20,80,20,0,12,"Some","Graduate degree","Rap/Hip hop","Freeze time","Rich","Musician or singer","Health"
992,2012,"USA","CA","Male",16,"Right-Handed",184,29,194,1,"Car",20,0.33,40,"Athletics",1000,1000,540,360,600,1000,29,"Same length",100,100,"Same length","June","Summer","No","No","Meat","Water","Science",6,NA,5,"Yes - broadband connection","Text messaging",200,200,16,1,30,5,15,0,50,14,30,10,0,1,"Some","Graduate degree","Rock and roll","Invisibility","Rich","Sports person","Environment"
993,2015,"USA","OH","Male",14,"Right-Handed",185,28,178,1,"Bicycle",10,0.49,54,"Cycling",900,900,900,900,600,600,28,"Same length",96,97,"Ring finger","April","Fall","No","No","No favorite","Water","Physical education",8,11,2,"Yes - broadband connection","Text messaging",100,100,3,0,7,5,4,2,3,5,4,3,4,4,"A lot","Other","Punk rock","Invisibility","Happy","Friend","Environment"
994,2011,"USA","CO","Female",14,"Left-Handed",171,22,167,1,"Car",3,0.56,42,"Other",604,900,900,NA,600,600,22,"Same length",80,70,"Index finger","September","Summer","No","No","Desserts","Coffee","Physical education",7,10,3,"Yes - broadband connection","Text messaging",100,100,4,4,1,10,5,0,0,4,0,3,0,6,"A lot","Graduate degree","Other","Invisibility","Happy","Relative","Health"
995,2014,"USA","VA","Male",17,"Right-Handed",173,28,173,2,"Car",15,0.33,38,"Dancing",679,1000,1000,91,500,489,28,"Same length",90,90,"Same length","December","Fall","Yes","Yes","Fruit","Juice","Physical education",6,6,6,"Yes - other","In person",20,20,0,0,0,5,7,1,4,1,1,0,0,2,"A lot","Other","Rap/Hip hop","Fly","Rich","Sports person","Other"
996,2013,"USA","WI","Male",13,"Right-Handed",170,28,171,1,"Bus",12,0.62,45,"Football (American)",995,985,905,990,755,820,29,"Left foot",89,93,"Ring finger","February","Fall","No","No","Pizza/Pasta","Water","Science",8,10,4,"Yes - broadband connection","In person",0,0,4,1,2,10,16,7,0,0,8,8,2,2,"Some","Graduate degree","Rock and roll","Telepathy","Healthy","Musician or singer","Wildlife, animals"
997,2014,"USA","NC","Female",15,"Right-Handed",154,23,154,2,"Bus",15,0.84,28,"Soccer",880,845,925,909,893,1000,24,"Left foot",60,60,"Same length","January","Winter","No","No","Fruit","Water","Art",8,7,7,"Yes - broadband connection","Text messaging",7,10,15,10,8,24,6,4,20,22,10,23,0,22,"Some","Graduate degree","Rap/Hip hop","Telepathy","Famous","Relative","International aid"
998,2012,"USA","PA","Male",17,"Right-Handed",184,27,186,1,"Car",4,0.28,32,"Soccer",749,749,401,578,802,802,27,"Same length",99,99,"Same length","September","Winter","No","No","Fruit","Water","Science",8,10,5,"Yes - broadband connection","Text messaging",25,25,20,1,7,7,10,5,4,2,4,7,0,5,"A lot","Other","Other","Fly","Happy","Relative","Education/Youth development"
999,2010,"USA","SC","Male",17,"Right-Handed",177,33,178,1,"Car",2,0.34,42,"Football (American)",43,20,50,NA,34,34,33,"Same length",80,80,"Same length","November","Fall","No","No","Poultry","Water","Physical education",6,NA,6,"No internet connection","In person",20,30,24,2,2,5,34,0,0,3,1,1,30,10,"A lot","High school","Country","Super strength","Happy","Relative","Environment"
1000,2014,"USA","WI","Female",17,"Right-Handed",159,23,147,1,"Car",20,0.41,49,"Tennis",487,171,508,503,1000,1000,23,"Same length",80,80,"Same length","March","Fall","No","No","Seafood","Water","Languages",5,5,3,"Yes - other","Text messaging",35,45,15,1,3,1,5,0,2,4,2,2,25,0,"Very little","Graduate degree","Pop","Fly","Happy","Friend","International aid"
