"census","sector_type","longitude","latitude","census_pop","total","july","aug","sept","oct","nov","dec","jan","feb","mar","apr","may","june","count"
101110,"Residential",-118.29,34.26,4500,168910,31643,188,35424,69,140,30996,25,22458,10286,11429,12168,14084,1125
101120,"Residential",-118.29,34.27,3280,189926,38666,299,44384,160,5319,30491,3738,18967,18183,1882,25236,2601,1171
101210,"Business",-118.29,34.25,6066,18548,1824,1728,1907,1663,19,2787,588,1233,1841,1919,801,2238,126
101210,"Residential",-118.29,34.25,6066,159767,26783,629,28301,771,4046,24482,3328,21389,16496,8162,15949,9431,395
101220,"Business",-118.28,34.25,3028,10426,831,792,940,872,420,1223,351,777,1641,838,791,950,42
101220,"Residential",-118.28,34.25,3028,111446,20864,146,22517,96,10710,9363,7910,7863,14849,62,16992,74,670
101300,"Business",-118.27,34.25,3974,33338,4685,3393,3455,2996,2973,2531,1752,0,4051,2094,2292,3116,65
101300,"Residential",-118.27,34.25,3974,219770,43552,349,49532,149,40757,312,26603,32,25668,51,32630,135,1380
101400,"Business",-118.29,34.25,3760,30173,4152,3700,3745,2555,2119,1739,1415,925,2039,1814,2329,3641,86
101400,"Residential",-118.29,34.25,3760,191212,38885,99,43172,116,35829,95,24080,65,21192,12,27585,82,1260
102101,"Business",-118.35,34.24,3387,45815,5485,5564,5504,4503,3770,2697,2156,1787,1960,2842,4617,4930,41
102101,"Residential",-118.35,34.24,3387,255843,45734,242,53322,229,50929,295,42449,70,24911,157,37322,183,776
102102,"Business",-118.35,34.22,6739,38044,3807,4739,4903,4008,3199,1949,2009,1746,1700,3059,3015,3910,35
102102,"Residential",-118.35,34.22,6739,386273,76506,300,84260,289,70090,309,44050,174,49020,207,60776,292,1540
103101,"Residential",-118.31,34.27,2610,133511,26456,170,28974,124,171,24367,27,16604,2986,12724,3685,17223,910
103102,"Business",-118.31,34.26,4462,18353,2143,1879,1588,2009,34,1747,1182,946,1241,2245,844,2495,60
103102,"Residential",-118.31,34.26,4462,194571,35851,829,40086,812,341,33958,561,24569,804,22697,567,33496,1490
103200,"Business",-118.33,34.27,5484,98047,13508,13136,13477,10575,4675,9878,4505,3837,4629,5438,5464,8925,40
103200,"Residential",-118.33,34.27,5484,285121,33946,31685,32903,28146,393,48499,1679,31419,1274,31564,1560,42053,1340
103300,"Business",-118.35,34.26,3739,37756,5116,3601,4694,3136,1168,3258,3412,2385,2260,2815,2525,3386,43
103300,"Residential",-118.35,34.26,3739,351351,45345,36034,45130,34576,653,64218,261,34241,404,37963,440,52086,1404
103400,"Business",-118.31,34.26,6209,34667,3072,2947,3415,3717,3247,3102,2654,2052,2520,2720,2404,2817,86
103400,"Residential",-118.31,34.26,6209,293131,56934,417,61642,450,56509,287,36531,261,32434,229,47144,293,1586
104103,"Residential",-118.39,34.28,3840,125295,172,24273,523,25448,196,21423,24,16938,81,16069,36,20112,767
104104,"Residential",-118.38,34.28,3507,140561,509,29768,107,28963,98,24232,26,17351,25,16694,45,22743,742
104105,"Business",-118.41,34.28,5233,16871,1975,1448,1577,1617,1465,1463,1176,1157,1154,1154,1254,1431,17
104105,"Residential",-118.41,34.28,5233,69826,2263,8808,2783,9786,2042,8344,1797,7076,1841,12371,1925,10790,120
104106,"Business",-118.4,34.27,4886,9786,802,682,691,767,788,759,702,852,854,890,1078,921,21
104106,"Residential",-118.4,34.27,4886,192448,5204,29384,7103,32206,6824,27892,5775,21579,4779,20222,5516,25964,491
104201,"Business",-118.42,34.29,4787,11330,1530,787,1062,1219,864,1013,820,680,743,850,888,874,39
104201,"Residential",-118.42,34.29,4787,140183,196,27553,373,26914,210,24081,241,18637,506,18391,106,22975,744
104202,"Business",-118.41,34.28,7809,83846,5572,10824,8230,8333,7139,7793,6050,5777,4712,5473,6170,7773,50
104202,"Residential",-118.41,34.28,7809,260413,3123,45689,3652,46341,3102,36191,2781,37618,2691,35907,2990,40328,856
104310,"Business",-118.43,34.28,3176,14696,1035,1094,1088,1263,1021,1197,1106,1658,1147,1296,1454,1337,54
104310,"Residential",-118.43,34.28,3176,82465,36,14699,737,15313,151,14975,122,10930,20,11641,107,13734,462
104320,"Business",-118.42,34.27,5695,14720,1365,1503,1251,1270,1081,1324,1122,1140,1068,1070,1199,1327,110
104320,"Residential",-118.42,34.27,5695,164435,803,28161,1194,29226,794,35928,672,20424,504,20518,512,25699,830
104401,"Business",-118.43,34.27,4584,23296,1909,2201,2154,2154,2051,1931,1785,1655,1737,1801,1965,1953,108
104401,"Residential",-118.43,34.27,4584,116912,143,23612,340,21325,199,19311,169,16280,77,15575,135,19746,663
104402,"Business",-118.43,34.26,5012,15707,1452,1377,1380,1485,1307,1359,1279,1193,1346,1134,1202,1193,54
104402,"Residential",-118.43,34.26,5012,157717,131,46984,107,23903,70,25389,15,18511,2,19717,76,22812,724
104500,"Business",-118.43,34.25,4847,21122,1844,1329,2033,1363,1285,2550,2168,1902,1305,1202,2496,1645,42
104500,"Residential",-118.43,34.25,4847,134343,25625,142,28394,232,22951,186,20266,18,16962,61,19456,50,728
104610,"Business",-118.42,34.26,3600,17233,1447,1709,1491,1573,1344,1471,1451,1252,1120,1260,1130,1985,61
104610,"Residential",-118.42,34.26,3600,87050,16327,41,17625,152,14950,49,14251,36,10868,21,12711,19,487
104620,"Residential",-118.42,34.26,3417,94578,18374,55,19802,87,16029,47,14427,33,10850,45,14788,41,561
104701,"Business",-118.42,34.27,4168,29256,3390,2270,2496,2239,2680,2869,2333,2108,2237,2053,2058,2523,39
104701,"Residential",-118.42,34.27,4168,134771,1171,18421,976,14937,822,36390,675,12074,662,30979,682,16982,306
104702,"Business",-118.4,34.26,6262,80360,6588,7622,8023,7839,7578,7009,6090,5722,5312,6062,6186,6329,209
104702,"Residential",-118.4,34.26,6262,151623,1422,25606,1232,29657,1226,24223,1186,18707,966,17574,1045,28779,447
104810,"Business",-118.41,34.25,5101,25739,2437,2714,2348,2317,1941,2164,1888,1797,1877,2206,1831,2219,54
104810,"Residential",-118.41,34.25,5101,154176,29888,395,32540,234,26422,300,22820,174,18562,37,22735,69,851
104820,"Business",-118.42,34.25,5389,21385,1945,1914,1700,1840,1733,1955,1843,1839,1633,1666,1577,1740,39
104820,"Residential",-118.42,34.25,5389,171320,30766,2128,31919,2052,27797,1840,25100,1451,19998,2038,24250,1981,604
106010,"Residential",-118.44,34.32,4139,191206,112,37351,166,38895,127,28199,88,27269,4,22101,9,36885,617
106020,"Business",-118.43,34.32,5817,15176,1137,1334,1336,1057,1000,1118,949,606,701,3340,1124,1474,23
106020,"Residential",-118.43,34.32,5817,241573,372,50585,308,49781,141,39612,139,28955,271,31273,60,40076,1311
106111,"Residential",-118.41,34.32,3869,320726,11794,55564,242,42711,34384,36992,12849,24607,13623,34524,8390,45046,875
106112,"Business",-118.42,34.31,4753,101220,10001,10920,9888,9503,9433,9949,7455,6542,6452,6848,6953,7276,94
106112,"Residential",-118.42,34.31,4753,175649,298,36514,260,35008,253,29436,141,21622,69,23044,109,28895,1062
106113,"Business",-118.42,34.31,3084,24418,2150,2366,2249,2237,2133,2253,1761,1564,1595,2127,2245,1738,21
106113,"Residential",-118.42,34.31,3084,125993,209,26844,208,25930,119,21121,215,14792,47,15917,91,20500,674
106114,"Business",-118.43,34.3,5136,33581,3321,2993,2853,2908,2879,3025,2791,2460,2197,2658,2653,2843,40
106114,"Residential",-118.43,34.3,5136,149687,2823,26046,2641,26429,2280,22678,2080,20269,1665,17334,1171,24271,488
106402,"Business",-118.45,34.32,6817,8491,880,890,894,798,677,692,768,554,506,603,574,655,23
106402,"Residential",-118.45,34.32,6817,372186,929,67364,4370,63703,358,61117,3012,37117,720,62774,374,70348,994
106403,"Residential",-118.44,34.3,3619,123174,161,25377,187,24617,107,19354,167,16851,63,16484,155,19651,773
106404,"Business",-118.44,34.31,4833,21461,918,3052,1812,2150,1646,2112,1659,1706,1336,1241,2198,1631,19
106404,"Residential",-118.44,34.31,4833,104102,3684,16165,3296,16249,2970,14427,3186,12635,2615,12131,3060,13684,128
106510,"Business",-118.48,34.32,3651,14660,1280,1558,1716,1295,1393,1512,1105,700,671,966,1141,1323,31
106510,"Residential",-118.48,34.32,3651,179551,1275,37365,1309,37300,874,28559,1097,19669,583,20488,815,30217,647
106520,"Business",-118.46,34.31,5717,67925,6281,6554,6756,6249,5594,5140,4836,4522,4896,5172,5548,6377,73
106520,"Residential",-118.46,34.31,5717,177125,287,34851,247,34429,247,27674,110,22284,4534,21820,85,30557,895
106602,"Business",-118.49,34.29,5536,142596,21737,19974,18576,12150,10891,5541,9343,3970,3270,5882,13054,18208,38
106602,"Residential",-118.49,34.29,5536,430713,236,94778,167,87515,256,70100,210,44941,89,53074,99,79248,1735
106603,"Residential",-118.51,34.31,3051,227247,272,48580,42,46974,65,37067,79,25547,65,27454,76,41026,977
106604,"Business",-118.47,34.3,4861,114270,10860,11675,12163,11821,9682,9005,8593,6310,6262,7365,8477,12057,104
106604,"Residential",-118.47,34.3,4861,313414,1696,68435,1863,62836,1237,46236,298,32583,2084,41758,1099,53289,1081
106605,"Business",-118.46,34.29,5818,14842,1336,1433,1533,1117,1004,1700,1336,1197,904,990,1242,1050,47
106605,"Residential",-118.46,34.29,5818,196039,1010,38114,904,38188,700,31270,608,25886,535,25137,707,32980,1022
106606,"Business",-118.46,34.28,317,53601,8140,6906,10972,2411,2097,5397,2545,2651,2470,3034,3588,3390,17
106641,"Residential",-118.51,34.3,2335,174507,200,37212,130,34407,59,27975,56,19466,10,22497,20,32475,789
106642,"Residential",-118.51,34.29,2881,223311,221,49832,167,45052,57,34919,57,24337,31,27328,58,41252,1025
106643,"Residential",-118.52,34.29,3747,424782,894,93188,1138,91483,656,66889,211,41676,309,49739,310,78289,1160
107010,"Residential",-118.45,34.3,3225,104038,124,20408,74,20494,55,17414,84,13968,52,13390,31,17944,633
107020,"Residential",-118.45,34.3,4299,138372,213,27390,200,27502,562,22127,127,19224,62,17908,84,22973,737
108101,"Residential",-118.54,34.28,2251,173599,35806,123,36358,254,33891,39,25992,95,16961,58,23686,336,785
108102,"Business",-118.55,34.28,3527,92730,6139,19873,12160,13253,6449,6377,3065,1248,1472,2934,9494,10266,28
108102,"Residential",-118.55,34.28,3527,293990,63142,2380,58379,2400,50129,2279,40213,1714,27462,1722,42133,2037,845
108103,"Residential",-118.54,34.29,3508,339744,70407,758,76582,1107,65988,395,47337,248,28672,410,46956,884,1116
108104,"Residential",-118.55,34.29,1716,132404,28701,0,26073,145,25104,0,19812,0,13728,65,18665,111,586
108200,"Business",-118.56,34.29,4838,68249,4996,6227,7112,7378,5495,7007,5109,2273,2343,4211,8974,7124,31
108200,"Residential",-118.56,34.29,4838,438982,82801,770,90565,1802,86453,1427,64812,415,41923,928,65595,1491,1874
109100,"Business",-118.45,34.28,2450,208798,25561,26462,27318,19187,16790,10914,8410,4205,8888,20111,18572,22380,46
109100,"Residential",-118.45,34.28,2450,100984,286,18714,112,20983,138,17696,67,12572,103,12610,14,17689,582
109200,"Business",-118.48,34.28,3111,16178,1583,1432,2031,1335,1149,814,788,699,736,3040,1192,1379,26
109200,"Residential",-118.48,34.28,3111,151563,275,31515,224,30864,327,24688,184,17001,38,18947,76,27424,927
109300,"Business",-118.48,34.27,3408,31028,2656,2957,2477,2692,2668,3135,2301,2378,2045,2674,2532,2513,47
109300,"Residential",-118.48,34.27,3408,171528,1371,34147,1539,33065,95,26614,27,20007,4408,20281,60,29914,885
109400,"Business",-118.45,34.27,4873,12307,1579,1598,1598,1143,1148,676,606,453,575,838,1008,1085,17
109400,"Residential",-118.45,34.27,4873,188244,1009,38063,1032,37295,760,29380,719,22931,776,22878,719,32682,1016
109500,"Business",-118.44,34.27,2870,13039,808,1106,1302,1179,1250,1108,1134,965,931,1023,1119,1114,40
109500,"Residential",-118.44,34.27,2870,107126,880,20093,1314,20995,961,17231,1008,14423,883,12374,1013,15951,545
109601,"Residential",-118.45,34.26,3302,160002,539,34727,952,31374,195,25323,11,19037,30,20282,87,27445,932
109602,"Business",-118.46,34.26,4114,10692,1033,991,1083,1030,882,816,917,862,707,907,668,796,54
109602,"Residential",-118.46,34.26,4114,203427,587,43216,431,42032,462,31994,336,24492,374,24340,284,34879,1024
109700,"Business",-118.48,34.26,4088,30424,3029,3043,3267,3059,2438,2583,1994,1630,2665,2023,2164,2529,54
109700,"Residential",-118.48,34.26,4088,211674,1118,42679,1054,41280,1140,32365,1126,20901,6022,25789,1166,37034,1170
109800,"Business",-118.48,34.25,5543,10676,906,818,1273,1243,1112,820,610,326,556,559,651,1802,54
109800,"Residential",-118.48,34.25,5543,261667,1410,52563,1304,50159,1054,41488,677,25030,8613,32898,685,45786,1483
111100,"Business",-118.49,34.27,5346,36709,3457,4551,3703,3016,3258,3313,2168,575,3488,2394,2640,4146,45
111100,"Residential",-118.49,34.27,5346,284984,1787,59608,689,56799,302,45055,1238,24345,8840,36030,1051,49240,1614
111201,"Business",-118.51,34.27,2556,17330,2421,2163,1873,1751,984,1197,740,668,593,1957,1138,1845,17
111201,"Residential",-118.51,34.27,2556,219266,44295,31715,16357,27315,15038,3086,30093,2015,18092,2307,25475,3478,859
111202,"Business",-118.51,34.27,4795,35233,3360,2882,3204,2931,2355,3166,2996,2647,3101,3236,2588,2767,136
111202,"Residential",-118.51,34.27,4795,270557,55116,38935,18149,34762,17586,190,41148,132,29056,421,34842,220,1414
111203,"Business",-118.54,34.26,6562,61038,5579,5917,5589,6873,5162,5333,4240,3910,3617,4710,4619,5489,67
111203,"Government",-118.54,34.26,6562,22097,2321,2172,1908,6501,2155,1611,922,540,374,915,1203,1475,27
111203,"Residential",-118.54,34.26,6562,503014,107174,324,102148,378,96611,545,76129,462,51467,277,67174,325,1932
111204,"Government",-118.55,34.26,5756,23995,2149,2601,3824,3771,2579,1207,990,851,740,1200,1757,2326,17
111204,"Residential",-118.55,34.26,5756,599717,131165,588,126152,242,115145,200,90302,201,51667,420,82721,914,1950
111301,"Business",-118.52,34.26,6714,67046,7835,7534,6249,5955,3315,6485,4522,4989,4323,4772,5494,5573,155
111301,"Government",-118.52,34.26,6714,27568,3446,2991,3222,3164,1770,2763,1599,1624,1029,1652,1795,2513,20
111301,"Residential",-118.52,34.26,6714,344663,58031,43281,24701,36634,27380,5042,53381,4451,38927,4481,43955,4399,1077
111302,"Business",-118.52,34.25,5269,173717,5825,5363,5764,5837,10284,5656,4138,3455,104388,7119,5351,10537,50
111302,"Residential",-118.52,34.25,5269,336309,16528,55089,15848,48557,12536,3989,53206,3647,32762,34964,9357,49826,1028
111400,"Business",-118.5,34.26,7132,40257,5301,3723,3793,3476,1646,3530,2927,1528,3751,3857,2226,4499,65
111400,"Residential",-118.5,34.26,7132,342586,8935,63788,5201,64302,4070,48519,6278,989,38100,37660,5375,59369,1286
113100,"Business",-118.58,34.26,6244,129539,10475,13718,15885,13463,9978,8786,7880,12911,5383,9610,9818,11632,99
113100,"Government",-118.58,34.26,6244,34197,4373,6684,5713,3373,2137,2357,2138,611,415,1950,1820,2626,22
113100,"Residential",-118.58,34.26,6244,1071385,229485,6413,234684,5151,195418,3923,139421,517,97318,2553,150863,5639,3234
113202,"Business",-118.63,34.24,4623,217717,20195,21788,21123,21911,18635,19239,15739,14301,12789,15714,17575,18708,301
113202,"Government",-118.63,34.24,4623,23561,2264,1946,1587,1811,1545,1569,3281,4346,2092,2420,420,280,15
113202,"Residential",-118.63,34.24,4623,272303,54086,1317,61293,1676,49254,1508,33505,1105,24006,1330,40439,2784,825
113211,"Residential",-118.61,34.27,3839,286875,64281,1363,67942,1360,51996,800,31773,732,25136,774,39604,1114,1169
113212,"Business",-118.6,34.26,3050,29523,2457,2397,2355,3379,2619,2695,2229,2272,1849,2234,2451,2586,46
113212,"Residential",-118.6,34.26,3050,156448,30462,1286,30270,870,26896,970,21367,802,18038,896,23517,1074,701
113213,"Business",-118.61,34.25,4394,19701,1467,1655,1491,1678,1382,1823,1678,1376,1299,1617,2013,2222,46
113213,"Residential",-118.61,34.25,4394,251939,46202,548,48395,781,47793,1243,34440,1243,29789,1194,38884,1427,815
113231,"Residential",-118.64,34.22,2103,158232,33061,185,37218,106,27948,138,18490,36,15485,35,25419,111,731
113232,"Business",-118.61,34.23,3907,28342,1981,2189,2267,2157,1689,1463,1407,1166,6567,1809,1582,4065,21
113232,"Residential",-118.61,34.23,3907,293000,61663,430,65444,550,54756,437,36057,155,29034,172,44105,197,1268
113233,"Business",-118.6,34.23,6222,43946,3588,3779,4011,3843,3411,3611,2906,3462,3099,4052,3867,4317,139
113233,"Residential",-118.6,34.23,6222,241783,33982,8867,35903,9701,30542,8342,28326,7283,32753,8698,27980,9406,398
113234,"Business",-118.59,34.22,4224,33655,3371,3278,2839,2964,2666,2953,2527,2523,2363,2559,2932,2680,59
113234,"Residential",-118.59,34.22,4224,173365,29901,1571,36917,1593,28683,902,23343,814,22177,815,25769,880,348
113301,"Business",-118.56,34.25,1915,136592,12585,11663,13194,12497,11310,10755,12509,8829,9034,8625,9933,15658,128
113301,"Residential",-118.56,34.25,1915,259903,59326,1776,54996,1816,44629,1734,29428,1161,26664,1360,35408,1605,641
113303,"Business",-118.57,34.25,3855,408390,35468,38789,38471,36980,38526,34095,31289,26285,27442,31001,34532,35512,489
113303,"Residential",-118.57,34.25,3855,211838,43216,814,45794,812,38126,443,31541,351,19510,459,30214,558,1095
113321,"Business",-118.59,34.25,5385,35146,3034,3604,3713,2830,3474,2961,2319,2156,2252,2797,3015,2991,91
113321,"Residential",-118.59,34.25,5385,214164,36867,2333,34843,2608,37914,2292,26112,1707,32466,1680,33475,1867,227
113322,"Business",-118.57,34.25,3917,23199,2641,2210,2354,2449,1989,1659,1344,1166,1082,1630,2297,2378,48
113322,"Residential",-118.57,34.25,3917,312380,61824,2891,63012,2966,53796,4476,42221,2307,30027,2482,43594,2784,1230
113401,"Business",-118.56,34.22,5037,115239,9527,8603,9978,8795,16117,8294,7653,7864,8978,9466,9710,10254,244
113401,"Residential",-118.56,34.22,5037,285103,615,55660,757,66439,673,41319,554,29236,3332,37438,397,48683,1370
113421,"Business",-118.59,34.23,5713,168272,15273,18252,17582,16824,13111,13063,12388,12095,11088,11895,12851,13850,288
113421,"Residential",-118.59,34.23,5713,234456,38173,5791,38839,5211,35191,5319,26518,4995,32449,4397,32664,4909,497
113422,"Business",-118.58,34.22,5948,8548,800,942,892,809,738,916,660,645,450,598,547,551,15
113422,"Residential",-118.58,34.22,5948,292579,55303,1927,58143,2014,50823,1888,40726,1763,33208,1276,43865,1643,1062
115101,"Business",-118.51,34.24,4771,26562,2777,2982,3290,2460,0,2521,1424,1294,1304,3375,251,4884,20
115101,"Residential",-118.51,34.24,4771,629024,1104,140067,746,126493,204,34423,65007,672,55424,80765,95,124024,1694
115102,"Business",-118.52,34.24,5639,41221,3473,3586,4309,3684,0,4770,1228,1453,1803,9752,584,6579,20
115102,"Residential",-118.52,34.24,5639,197832,3749,36622,4314,33813,27,17170,14182,3114,18912,28488,8,37433,372
115201,"Business",-118.54,34.24,5728,54600,5300,5537,5755,6001,5062,4930,3600,3107,2905,3704,3701,4998,59
115201,"Government",-118.54,34.24,5728,157793,12930,15061,16786,21414,16353,16364,7221,8000,9661,11497,10987,11519,21
115201,"Residential",-118.54,34.24,5728,323317,57020,5510,54331,8879,53725,7602,43907,6064,32197,6075,40552,7455,750
115202,"Business",-118.54,34.23,4674,75175,6077,10279,6229,7634,5282,7344,3922,4232,6793,5396,5770,6217,198
115202,"Residential",-118.54,34.23,4674,235912,15360,31134,14152,31206,14091,27792,11837,2179,27075,21086,10901,29099,1033
115301,"Residential",-118.55,34.24,3636,303235,54705,9404,53752,9678,48731,8294,38873,1336,27485,5993,35150,9834,858
115302,"Business",-118.55,34.22,4802,34841,3054,3032,3319,3176,3653,2943,2292,148,4577,2579,2926,3142,50
115302,"Residential",-118.55,34.22,4802,161278,950,31671,790,28460,760,25668,554,249,22685,22208,546,26737,456
115401,"Business",-118.51,34.22,5489,6935,584,711,708,554,0,783,469,507,567,895,99,1058,23
115401,"Residential",-118.51,34.22,5489,329009,2418,63958,7461,61033,45,30455,23726,3489,34698,40679,1474,59573,684
115402,"Business",-118.54,34.22,6010,71539,6090,6096,6262,6038,6941,8036,3696,2123,9718,5179,5418,5942,371
115402,"Residential",-118.54,34.22,6010,240012,493,46994,575,44797,195,39568,82,3381,28644,33169,78,42036,946
117100,"Business",-118.46,34.24,6242,31635,4920,2791,2635,2857,1051,2642,2566,2291,2360,2501,2236,2785,64
117100,"Residential",-118.46,34.24,6242,346449,66799,59434,6604,50371,4809,2662,60711,1690,40739,1780,48596,2254,736
117200,"Business",-118.47,34.24,5982,148674,5105,3783,6728,3984,1979,3889,13325,4067,94581,4171,3281,3781,52
117200,"Government",-118.47,34.24,5982,62028,8332,3597,3772,11383,25,9195,1348,4324,3279,5692,3840,7241,15
117200,"Residential",-118.47,34.24,5982,281794,53008,42962,15147,39197,12050,3552,42943,2469,29805,2012,34016,4633,1011
117301,"Residential",-118.49,34.24,3585,220012,318,46609,208,43123,232,35859,113,108,23225,27936,77,42204,1229
117302,"Business",-118.5,34.24,4613,45181,4962,5081,5269,4194,0,6081,676,2509,4866,3380,3226,4937,56
117302,"Residential",-118.5,34.24,4613,302508,2245,62499,2192,57900,320,37811,12893,1531,30168,38248,438,56263,1442
117303,"Business",-118.49,34.23,3153,180956,9162,12518,8740,4112,0,8909,2636,2213,104294,9942,2294,16136,72
117303,"Residential",-118.49,34.23,3153,195199,588,43569,521,37320,523,392,32125,220,19407,23984,139,36411,1025
117404,"Business",-118.48,34.23,3965,1706553,164165,154123,165673,147661,9,266198,2857,140709,256566,126222,132264,150106,56
117404,"Residential",-118.48,34.23,3965,231613,13121,48982,1298,43310,75,1097,38011,952,24005,21838,7925,30999,1076
117405,"Business",-118.47,34.23,3553,17777,1822,1542,1682,1823,1432,1646,1342,1281,1345,1455,1183,1224,21
117405,"Residential",-118.47,34.23,3553,103368,17592,1290,16408,1559,16845,1565,16591,1350,11911,1256,15672,1329,91
117406,"Business",-118.47,34.23,6894,22067,1645,2072,2108,2343,2144,2103,1444,1442,1713,1774,1456,1823,41
117406,"Residential",-118.47,34.23,6894,219786,36983,2057,36187,3281,35454,2880,34741,1536,28484,1604,33959,2620,166
117510,"Residential",-118.46,34.23,4136,126767,21465,1335,20917,1536,21924,1369,19903,1048,16025,1094,18863,1288,143
117520,"Business",-118.46,34.23,3762,12841,1090,984,1003,1089,1169,1301,1027,945,1044,1035,1030,1124,28
117520,"Residential",-118.46,34.23,3762,87612,13624,1851,15253,2173,12696,2027,11453,1758,12356,1898,10597,1926,111
117530,"Business",-118.46,34.23,5518,15180,1735,1533,1620,1880,1473,1429,842,731,780,1236,866,1055,70
117530,"Residential",-118.46,34.23,5518,192402,30245,2511,28370,7142,31564,3603,30059,3059,25264,2817,24785,2983,176
119000,"Business",-118.42,34.24,6036,24424,1912,1958,2072,3378,2049,2252,2313,1436,1403,1719,1779,2153,52
119000,"Residential",-118.42,34.24,6036,228366,44671,452,50092,258,39899,266,34049,89,25928,44,32339,279,1312
119100,"Business",-118.44,34.25,4911,18810,2287,1534,1754,2103,1498,1429,1232,1218,1320,1431,1429,1575,23
119100,"Residential",-118.44,34.25,4911,165180,16123,16249,17035,15428,15058,13824,13834,11033,10292,10774,12263,13267,905
119200,"Business",-118.44,34.25,4039,21722,2364,2378,2188,2127,1728,1473,1571,1257,1169,1507,1780,2180,26
119200,"Residential",-118.44,34.25,4039,145590,13802,15482,14109,14848,12022,12128,9634,11141,9053,9955,10909,12507,614
119310,"Business",-118.45,34.24,3152,11540,1960,916,926,1009,67,1115,924,790,838,977,895,1123,15
119310,"Residential",-118.45,34.24,3152,100579,17365,6998,8995,6637,8104,233,12388,15,22221,11,17561,51,167
119320,"Residential",-118.45,34.24,3812,122420,22209,22625,1458,21390,37,1393,18904,1062,14394,1211,16428,1309,260
119330,"Business",-118.45,34.24,5824,8816,968,948,932,956,816,782,316,1100,439,432,376,751,21
119330,"Residential",-118.45,34.24,5824,157678,25953,1338,26938,486,24952,4375,26117,998,22300,1192,21585,1444,107
119340,"Business",-118.45,34.23,6864,22196,1654,1821,2067,1896,1919,2049,1703,1810,1780,2010,1677,1810,28
119340,"Residential",-118.45,34.23,6864,188323,31847,3062,29477,3341,29750,3243,29464,2944,23729,3082,25455,2929,202
119400,"Business",-118.44,34.24,6726,15127,1709,2035,2205,1787,1280,1091,707,451,417,989,1061,1395,33
119400,"Residential",-118.44,34.24,6726,258385,51523,440,54862,531,44412,277,38147,312,30084,267,37354,176,1491
119700,"Business",-118.42,34.23,4666,16045,1880,2193,1814,1725,1218,1276,751,524,592,1189,1238,1645,15
119700,"Residential",-118.42,34.23,4666,193989,37590,307,41035,452,34758,271,29502,63,21604,86,28103,218,1237
119800,"Business",-118.43,34.23,5714,18994,1932,2122,2089,1916,1509,1542,1243,930,1033,1565,1424,1689,42
119800,"Residential",-118.43,34.23,5714,215375,41838,344,45781,230,38136,124,32450,158,24089,79,31971,175,1251
119900,"Business",-118.44,34.23,6065,36747,3221,3705,3488,3668,3286,3102,2840,2540,2369,2853,2787,2888,60
119900,"Residential",-118.44,34.23,6065,238531,46146,369,48072,250,41868,222,37799,91,27562,140,35793,219,1427
120010,"Business",-118.46,34.22,3384,2888,234,208,253,304,234,249,260,263,217,192,237,237,21
120010,"Residential",-118.46,34.22,3384,103175,20712,588,18747,502,17617,524,16094,549,12882,379,14233,348,517
120020,"Business",-118.46,34.22,4257,18549,1980,1596,1864,1940,1605,1715,1649,1106,1193,1381,1173,1347,43
120020,"Residential",-118.46,34.22,4257,129507,24822,166,23416,0,23808,228,21877,72,16266,34,18795,23,281
120030,"Business",-118.45,34.22,2852,12018,949,1071,1135,1108,891,755,1598,815,890,890,895,1021,57
120030,"Residential",-118.45,34.22,2852,71475,12187,45,12267,0,12346,22,12562,0,11276,108,10662,0,89
120101,"Business",-118.45,34.23,7527,92706,7839,8306,7808,8236,8177,8806,7418,7415,7251,6976,7445,7029,126
120101,"Residential",-118.45,34.23,7527,242419,40527,2759,40809,3057,38452,5947,36788,3054,31042,2802,34130,3052,429
120102,"Residential",-118.46,34.23,10941,365591,60983,5351,57375,5004,59294,4772,57149,2719,53776,4273,50296,4599,265
120300,"Business",-118.44,34.22,4982,39332,3410,3752,3693,4162,3246,3545,2707,2731,2163,2749,3059,4115,105
120300,"Residential",-118.44,34.22,4982,204328,38852,1293,39511,1498,35721,1377,31652,1252,23111,1318,27568,1175,1228
120400,"Business",-118.43,34.22,5575,97207,7538,9736,9953,10431,8142,8238,6929,6176,6583,6813,6650,10018,67
120400,"Residential",-118.43,34.22,5575,210593,35966,4784,36219,5355,32806,4865,30428,3752,22079,4074,25966,4299,791
121010,"Business",-118.4,34.22,4535,26959,2107,2770,2542,2713,2199,2006,2578,2007,1359,2533,1963,2182,35
121010,"Residential",-118.4,34.22,4535,193168,38200,1031,40559,942,34309,633,26673,653,20542,751,28273,602,1043
121020,"Residential",-118.4,34.21,3795,140312,27329,34,28104,167,25466,55,20537,56,17470,48,21035,11,684
121100,"Business",-118.37,34.23,4315,1203111,26270,203931,160885,148786,83546,123793,89770,76035,48633,55313,54266,131883,650
121100,"Government",-118.37,34.23,4315,248628,14829,34741,34377,33443,23023,22162,22640,5550,19357,11596,9477,17433,34
121100,"Residential",-118.37,34.23,4315,204976,22537,21825,22619,19100,19977,17181,16403,9142,14538,9768,17686,14200,982
121210,"Business",-118.4,34.24,4853,37658,3621,3766,2976,2449,2236,5906,2698,2599,1581,1892,4697,3237,65
121210,"Residential",-118.4,34.24,4853,165124,30667,1618,33235,1668,27833,1343,23634,968,17759,1093,24165,1141,558
121220,"Business",-118.39,34.23,4110,13660,1349,1371,1288,1209,1186,1072,1009,1020,967,1042,1085,1062,97
121220,"Residential",-118.39,34.23,4110,138081,26956,55,28568,62,24719,21,20603,25,16123,89,20824,36,758
121600,"Business",-118.41,34.21,2841,11327,684,834,844,999,489,1681,977,955,978,1002,1002,882,50
121600,"Residential",-118.41,34.21,2841,143994,28205,625,29956,363,26848,480,21066,423,14973,219,20534,302,849
121800,"Business",-118.39,34.21,7451,55979,5410,5876,6134,5646,4478,4132,4129,3955,2910,4314,4108,4887,112
121800,"Residential",-118.39,34.21,7451,236379,43016,2920,43488,3404,39332,2931,33184,2519,27040,2396,33337,2812,1033
121900,"Business",-118.38,34.21,4262,29468,2797,3136,2817,2778,2456,2299,1724,1850,1862,2191,2275,3283,135
121900,"Residential",-118.38,34.21,4262,133508,24664,1091,26634,1111,23385,1022,18536,769,15677,713,19070,836,723
122000,"Business",-118.42,34.22,5077,90276,8247,8860,9058,8403,7774,7724,6599,6111,5712,7244,7146,7398,425
122000,"Residential",-118.42,34.22,5077,245011,47865,1109,50587,2222,43316,1613,35565,1440,25244,1322,33250,1478,1247
122110,"Business",-118.37,34.22,5421,46339,3962,3486,4695,3927,3995,4028,3588,3659,3316,3985,3373,4325,165
122110,"Residential",-118.37,34.22,5421,128905,22648,793,24355,727,23316,770,18390,686,16437,632,19431,720,494
122120,"Residential",-118.37,34.21,4761,158708,28575,3547,31077,826,26960,70,22653,1566,19075,642,23003,714,722
122200,"Business",-118.36,34.22,5607,71263,6141,7151,6813,6897,5999,6416,5041,4865,4761,5205,5786,6188,217
122200,"Government",-118.36,34.22,5607,11179,936,1626,1314,1303,1532,1026,514,493,362,396,879,798,17
122200,"Residential",-118.36,34.22,5607,193240,37022,983,39312,1088,32817,988,26838,885,22139,816,29409,943,904
122410,"Business",-118.39,34.21,4041,35099,3309,3928,3321,3463,2526,2438,2247,2528,2326,2976,2916,3121,125
122410,"Residential",-118.39,34.21,4041,99139,15902,2921,16094,2510,15178,2534,12590,1709,12038,2421,13233,2009,165
122420,"Business",-118.38,34.2,5000,29241,2732,2629,2705,2802,2535,2603,2122,1903,1817,2347,2248,2798,61
122420,"Residential",-118.38,34.2,5000,152616,28722,2045,26238,2485,23650,2101,21434,2014,18671,1702,21325,2229,596
123010,"Business",-118.37,34.2,4507,21380,1851,1801,1826,2158,1842,1846,2029,1687,1439,1466,1583,1852,47
123010,"Residential",-118.37,34.2,4507,132818,24203,106,25266,110,22718,55,20385,145,17460,19,22351,0,498
123020,"Business",-118.37,34.21,3317,2214,147,239,286,238,266,254,126,122,109,117,149,161,19
123020,"Residential",-118.37,34.21,3317,104137,19175,926,20602,633,16970,597,15083,590,12331,562,16064,604,541
123103,"Business",-118.37,34.19,4223,17799,1493,1638,1646,1759,1760,1467,1473,1221,1028,1217,1457,1640,72
123103,"Residential",-118.37,34.19,4223,148868,735,29831,582,26948,754,24024,632,20667,495,19553,542,24105,425
123104,"Business",-118.36,34.18,4774,26529,2055,1992,2336,2371,2275,2094,2566,2283,2039,2089,2298,2131,47
123104,"Residential",-118.36,34.18,4774,145671,371,26896,368,28450,314,23932,308,21019,233,19073,310,24397,578
123203,"Business",-118.39,34.2,4071,18477,1264,1848,2066,2226,1829,1562,968,2170,1036,1282,1012,1214,95
123203,"Residential",-118.39,34.2,4071,101743,354,17923,1496,17501,313,16967,310,14554,272,15268,271,16514,261
123204,"Business",-118.39,34.19,3479,8798,759,844,728,824,686,769,735,723,723,652,586,769,19
123204,"Residential",-118.39,34.19,3479,93144,11,16140,131,16745,92,17020,136,14543,84,13425,85,14732,274
123205,"Business",-118.38,34.19,2700,30288,2414,2476,2711,2859,2890,2410,2309,2408,2611,2404,2023,2773,117
123205,"Residential",-118.38,34.19,2700,69221,22,13231,31,13046,49,12052,17,10286,16,9549,9,10913,263
123206,"Business",-118.38,34.19,3017,101228,7981,9799,9826,9008,9305,8413,6552,7660,7110,7978,8539,9057,72
123206,"Residential",-118.38,34.19,3017,71270,2661,12082,2892,10419,2030,9354,1736,7576,1558,7813,2266,10883,232
123301,"Business",-118.4,34.2,4800,23113,1983,2188,2494,2185,1899,1791,1718,1715,1560,1993,1671,1916,64
123301,"Government",-118.4,34.2,4800,32515,4395,4849,4229,3740,2661,1747,1288,636,1437,1903,2423,3207,21
123301,"Residential",-118.4,34.2,4800,177332,15464,18255,14505,19033,13052,16229,9667,15412,12666,13903,12102,17044,652
123303,"Business",-118.41,34.2,3317,27501,2230,2265,2171,2369,2179,2347,2301,2453,2332,2227,2215,2412,63
123303,"Residential",-118.41,34.2,3317,113747,156,21903,112,21559,186,17682,111,16244,135,15949,115,19595,459
123304,"Business",-118.41,34.19,4096,17642,1497,1373,1507,1581,1709,1546,1460,1567,1334,1408,1287,1373,44
123304,"Residential",-118.41,34.19,4096,145315,226,26528,70,26058,112,24049,43,20837,129,21951,128,25184,488
123410,"Business",-118.42,34.2,4487,15356,1532,1250,1317,1244,1320,1335,1278,1335,1077,1073,1235,1360,18
123410,"Residential",-118.42,34.2,4487,141592,1405,25452,1512,25044,1227,21285,1274,20026,1026,18416,1053,23872,408
123420,"Business",-118.42,34.2,4512,49398,1700,1534,12273,3887,3832,3880,3784,3454,3309,4169,3662,3914,25
123420,"Residential",-118.42,34.2,4512,145920,866,27772,701,26236,626,24868,602,19534,464,19006,498,24747,521
123510,"Business",-118.43,34.19,4872,14387,1351,1161,1160,1302,1606,1098,1057,1141,1060,1091,1075,1285,33
123510,"Residential",-118.43,34.19,4872,187633,650,36526,675,34249,727,30430,691,24040,771,26501,811,31562,600
123520,"Business",-118.43,34.19,3152,7184,522,526,531,497,588,716,666,735,561,642,608,592,19
123520,"Residential",-118.43,34.19,3152,107428,1061,20580,940,20385,843,16964,634,13150,599,13725,550,17997,424
123601,"Business",-118.42,34.18,4988,17233,1531,1143,1606,1569,1492,1914,1113,1198,1287,1428,1309,1643,27
123601,"Government",-118.42,34.18,4988,69625,6207,8474,9926,6988,7842,3487,2790,3980,2712,3490,6399,7330,27
123601,"Residential",-118.42,34.18,4988,209437,2938,36513,3131,36475,2907,33834,2981,26683,2312,26602,2729,32332,675
123602,"Business",-118.43,34.18,3461,3486,396,395,302,276,285,418,183,214,207,243,242,325,28
123602,"Residential",-118.43,34.18,3461,174657,497,35533,497,33437,355,28331,332,21152,363,22736,279,31145,700
123700,"Business",-118.41,34.18,4145,12986,1276,1052,1180,1042,1086,1092,1022,1262,893,860,1036,1185,55
123700,"Residential",-118.41,34.18,4145,193634,667,36858,625,36549,403,31096,373,26544,389,25346,319,34465,951
123800,"Business",-118.4,34.18,5710,40657,3091,3357,3363,3181,3404,3111,5078,2851,2991,2805,3167,4258,115
123800,"Residential",-118.4,34.18,5710,282069,1125,52641,1307,52944,1334,46368,950,36904,1119,36069,1036,50272,1041
123900,"Business",-118.39,34.18,6701,43309,5403,4806,3504,4199,4332,2924,3181,2458,2456,2658,4589,2799,99
123900,"Residential",-118.39,34.18,6701,292936,3139,54579,2789,52979,2380,46703,2428,38187,2082,37099,2184,48387,1234
124000,"Business",-118.4,34.16,4376,9767,738,844,910,868,952,987,891,824,757,645,642,709,39
124000,"Residential",-118.4,34.16,4376,289943,929,56414,564,58225,616,52445,526,34825,564,36842,654,47339,1148
124101,"Business",-118.38,34.18,7509,30960,2456,2631,2600,2492,2754,2415,2755,2757,2333,2457,2633,2677,100
124101,"Residential",-118.38,34.18,7509,225858,1540,40373,1656,41341,1360,36914,1314,31967,1145,30907,1235,36106,783
124102,"Business",-118.38,34.18,4101,24907,2188,2011,2054,2065,2373,2280,2364,2059,1754,1967,1884,1908,120
124102,"Residential",-118.38,34.18,4101,135208,1383,24286,1363,24706,1141,22483,1173,18360,931,17270,1109,21003,587
124201,"Business",-118.38,34.18,3610,20046,1817,2052,2065,1887,1707,1334,1594,1163,1250,1519,1660,1998,33
124201,"Residential",-118.38,34.18,3610,145665,176,29609,326,27533,24,23768,6,18696,87,19937,65,25438,784
124202,"Business",-118.38,34.18,6261,15810,1469,1431,1525,1628,1388,1421,1170,1160,1064,1091,1250,1213,50
124202,"Residential",-118.38,34.18,6261,191173,323,34962,421,35275,250,31488,253,27608,395,27660,217,32321,716
124300,"Business",-118.36,34.18,4319,22838,1738,1985,2276,1854,2005,1934,1883,1615,1659,1887,2085,1917,138
124300,"Residential",-118.36,34.18,4319,138905,229,25178,811,26443,60,22690,234,19928,65,19004,43,24220,678
124400,"Business",-118.41,34.17,4157,2498,202,219,287,277,218,189,180,161,166,142,239,218,18
124400,"Residential",-118.41,34.17,4157,203717,1349,37909,1738,37646,1140,33026,1184,26045,891,26060,1130,35599,807
124500,"Business",-118.43,34.17,2882,9352,790,733,826,852,863,860,742,716,670,721,844,735,41
124500,"Residential",-118.43,34.17,2882,172569,1172,34227,945,32541,905,27144,930,20790,952,20772,831,31360,729
124600,"Business",-118.43,34.16,4270,21451,2274,2009,2057,2256,1457,1916,1644,1298,1390,1246,1931,1973,52
124600,"Government",-118.43,34.16,4270,16666,1521,1637,1769,1830,1739,1182,988,834,1313,1131,1176,1546,15
124600,"Residential",-118.43,34.16,4270,286110,13710,42048,12679,45627,1449,48591,2546,33408,2361,36580,2878,44233,1143
124700,"Business",-118.42,34.16,4636,35442,3220,3214,3148,3398,3193,2983,2930,2554,2921,2463,2507,2911,65
124700,"Residential",-118.42,34.16,4636,287062,2562,51388,2609,53011,2496,49880,2183,36121,2349,36350,2370,45743,985
124901,"Business",-118.4,34.17,6058,48098,4218,4293,4678,4241,3995,4021,3837,3287,3554,3609,3878,4487,70
124901,"Residential",-118.4,34.17,6058,232294,3106,38596,3044,38310,2774,38586,2812,31701,2470,31728,2701,36466,388
125100,"Business",-118.39,34.17,5581,12205,1225,1135,1118,987,1007,976,864,818,1013,1084,1039,939,70
125100,"Residential",-118.39,34.17,5581,264596,2772,48753,1448,49234,1290,45746,1127,33459,1175,34149,2459,42984,834
125200,"Business",-118.38,34.17,3445,18021,1724,1410,1705,2077,1540,1524,1260,1204,1216,1301,1522,1538,75
125200,"Government",-118.38,34.17,3445,63758,7388,12515,7920,8197,4448,4431,1850,1029,728,2705,4039,8508,22
125200,"Residential",-118.38,34.17,3445,181580,1204,33501,1464,33182,1389,31035,1083,22969,2317,22627,1173,29636,741
125310,"Business",-118.37,34.17,3984,33088,2861,2737,2990,3219,3243,2913,2185,2119,2432,2560,2799,3030,266
125310,"Residential",-118.37,34.17,3984,122768,75,23744,58,23232,87,20882,20,16870,36,17184,13,20567,551
125320,"Business",-118.37,34.17,4425,24342,2557,2277,2253,2235,2123,1989,2021,1986,1563,1609,1808,1921,105
125320,"Residential",-118.37,34.17,4425,90487,1261,15009,1314,14924,1468,14633,1180,12442,944,12601,1050,13661,180
125400,"Business",-118.37,34.16,7495,39287,3664,3569,3942,3192,3292,3283,2825,2700,3226,2923,3204,3467,174
125400,"Residential",-118.37,34.16,7495,304981,4446,50341,4653,46767,4553,48095,4206,40910,4301,45699,4371,46639,678
125500,"Business",-118.37,34.16,5948,32059,2980,2845,2748,2747,2874,2982,2539,2394,2337,2448,2556,2609,93
125500,"Residential",-118.37,34.16,5948,271120,2464,48629,2741,46014,2922,46151,2863,35660,2448,35589,2239,43400,917
125600,"Business",-118.36,34.16,2379,4511,326,379,366,380,409,462,334,356,391,381,342,385,22
125600,"Residential",-118.36,34.16,2379,209380,571,43114,837,41888,1319,35728,667,23389,629,25139,801,35298,730
127101,"Business",-118.43,34.2,6969,14556,1558,1183,1311,1161,1380,1112,985,1124,1152,1140,1161,1289,41
127101,"Residential",-118.43,34.2,6969,234903,2274,41906,2055,42101,1114,36809,1055,31004,1162,34592,2232,38599,618
127102,"Business",-118.45,34.2,4940,30612,3233,2660,3144,2545,2878,2561,2234,1908,2433,2144,2233,2639,51
127102,"Residential",-118.45,34.2,4940,179415,6800,26013,6650,27080,5143,25410,4854,20313,4751,22466,4724,25211,351
127210,"Business",-118.46,34.21,5058,61802,5304,6424,5484,5023,5239,4286,4350,1,10093,4337,5949,5312,257
127210,"Residential",-118.46,34.21,5058,161029,4445,26791,5327,23832,5693,21675,4335,101,23356,18792,4152,22530,481
127220,"Business",-118.45,34.2,5020,21034,1583,1851,1954,2047,1865,2147,1377,1273,1585,2032,1658,1662,38
127220,"Residential",-118.45,34.2,5020,163921,3186,29222,3497,24584,3495,21959,1946,5420,24331,19255,3360,23666,440
127300,"Business",-118.47,34.21,4975,61410,5175,6822,6766,6215,5647,4892,3812,338,7793,4216,4539,5195,102
127300,"Residential",-118.47,34.21,4975,194267,5524,33249,5670,31109,4859,27026,3743,512,26054,23392,4209,28920,574
127400,"Business",-118.48,34.21,4291,44338,3548,4104,4320,3778,336,7387,264,3047,6422,3210,4613,3309,301
127400,"Residential",-118.48,34.21,4291,158974,649,30184,570,29839,739,26389,742,118,21353,21491,359,26541,578
127510,"Business",-118.49,34.2,4261,74138,6555,6673,7185,6690,562,11750,490,5348,9633,6128,6707,6417,324
127510,"Residential",-118.49,34.2,4261,165980,9676,22671,9918,22571,8818,19038,8196,1330,20267,14881,8010,20604,558
127520,"Business",-118.47,34.22,3534,21352,1713,1825,1983,2018,1816,1958,1749,1536,1560,1727,1695,1772,51
127520,"Residential",-118.47,34.22,3534,130336,19623,2983,20224,1758,19421,5542,19685,1257,19123,1274,18096,1350,27
127601,"Business",-118.48,34.2,5965,26506,2056,2241,2623,2409,820,3530,892,2171,3352,2031,2200,2181,90
127601,"Residential",-118.48,34.2,5965,213213,31533,7711,32272,7819,28508,9529,25803,3196,27098,6845,25824,7075,515
127602,"Business",-118.48,34.19,6490,19521,1357,1476,1682,1732,1578,1820,1738,1696,1488,1573,1643,1738,31
127602,"Residential",-118.48,34.19,6490,240873,42612,1266,46090,1226,39281,1147,37722,1079,31500,980,36271,1699,745
127710,"Business",-118.47,34.19,6755,33974,3088,3046,3000,3038,2682,2627,2313,2549,2290,2654,2613,4074,50
127710,"Residential",-118.47,34.19,6755,296323,54429,2126,57736,2296,51677,2178,39442,2049,32895,2098,47242,2155,874
127801,"Business",-118.46,34.2,7838,121699,11305,10852,11072,11519,10204,11045,10362,9141,7893,9396,9005,9905,126
127801,"Residential",-118.46,34.2,7838,309690,52557,4807,53933,4295,49363,3797,44961,3134,40002,3888,44557,4396,859
127802,"Business",-118.46,34.19,6808,81950,7523,7997,6902,7909,6911,7164,6652,6424,5375,6433,6066,6594,170
127802,"Government",-118.46,34.19,6808,23107,2454,2869,2484,2483,1987,1333,967,620,943,1702,2259,3006,16
127802,"Residential",-118.46,34.19,6808,246660,43291,2218,45930,2242,41476,2186,35881,1860,30827,1946,36752,2051,804
127910,"Business",-118.44,34.2,4898,34475,2763,3982,3063,3032,3110,2869,2253,2347,3276,2072,3028,2680,48
127910,"Residential",-118.44,34.2,4898,164574,26355,3562,26750,3916,24746,3353,23600,3079,20119,4075,21561,3458,312
127920,"Residential",-118.44,34.2,4078,151730,940,28702,896,28310,1090,24799,703,19734,677,20008,630,25241,612
128100,"Business",-118.44,34.19,8145,47344,3676,3820,3537,3745,4203,4576,4145,3829,3466,3928,4316,4103,128
128100,"Government",-118.44,34.19,8145,11923,1652,1298,1277,1348,1058,729,688,646,642,766,919,900,15
128100,"Residential",-118.44,34.19,8145,314395,27631,31147,30140,29135,29278,25543,26148,20738,21244,22247,25126,26018,1060
128210,"Business",-118.44,34.18,5194,27174,2731,2628,2621,2524,2215,2898,1964,2164,1423,1851,1715,2440,78
128210,"Residential",-118.44,34.18,5194,138684,22712,2516,22419,2623,20875,2513,20447,2411,18680,2249,18866,2373,263
128220,"Business",-118.44,34.18,3100,5779,514,467,480,483,567,410,407,408,467,549,558,469,22
128220,"Residential",-118.44,34.18,3100,127213,1234,23581,1091,23162,1195,20424,1118,16439,904,16229,1114,20722,465
128302,"Business",-118.46,34.18,4763,72857,2210,2426,2206,22401,19435,4764,2784,2492,2647,3523,5852,2117,79
128302,"Residential",-118.46,34.18,4763,135700,22899,1128,24519,963,22124,1065,20059,929,19940,1034,20070,970,372
128303,"Business",-118.45,34.18,4087,15798,1470,1556,1564,1429,1349,1181,1147,1364,1011,1184,1260,1283,164
128303,"Residential",-118.45,34.18,4087,118260,20179,470,20820,487,22183,518,17789,587,16906,618,17192,511,170
128400,"Business",-118.46,34.17,4101,78793,6984,7716,7572,7783,6682,6745,6611,5081,4931,5871,6066,6751,285
128400,"Residential",-118.46,34.17,4101,197852,38423,331,39713,415,35204,355,29486,187,22762,177,30038,761,1030
128500,"Business",-118.44,34.17,5166,39550,3700,3548,3709,3494,3279,3498,3158,2983,2658,2938,3089,3496,164
128500,"Residential",-118.44,34.17,5166,254565,47478,2006,47641,2222,40352,2087,40355,2081,29803,1746,36611,2183,992
128600,"Business",-118.44,34.18,6168,16910,1702,1476,1450,1454,1408,1439,1341,1243,1079,1507,1397,1414,40
128600,"Residential",-118.44,34.18,6168,323363,48689,14430,52695,15130,44920,13943,32532,12188,28695,11635,35469,13037,1050
128702,"Business",-118.44,34.16,5330,57065,4960,5025,5073,4671,4890,5846,3877,3854,3935,4731,5063,5140,50
128702,"Residential",-118.44,34.16,5330,279187,45988,3622,51587,3904,47032,3953,35464,4320,35026,3343,40561,4387,929
128800,"Business",-118.46,34.17,6889,63036,5424,5751,5870,5427,5062,5214,5311,4583,4536,5728,4718,5412,74
128800,"Residential",-118.46,34.17,6889,353519,55931,7498,61417,8120,56240,7219,48087,6086,41176,6406,46409,8930,1000
128910,"Business",-118.46,34.16,3775,34754,3221,3124,3442,3323,2914,2964,2759,2463,2488,2705,2688,2663,34
128910,"Residential",-118.46,34.16,3775,212516,37556,2064,41996,2054,36877,1889,30482,1467,23614,1563,31123,1831,981
131010,"Business",-118.54,34.21,5999,17856,2153,1856,2030,1446,1532,1163,985,885,1065,1272,1478,1991,15
131010,"Residential",-118.54,34.21,5999,197056,2500,33351,2507,31839,2297,27874,11362,24160,2444,25228,3145,30349,592
131020,"Business",-118.54,34.2,5184,44852,3708,3734,3988,3629,3426,3621,3193,3325,2941,3494,3250,6543,164
131020,"Residential",-118.54,34.2,5184,200731,1298,39299,968,37230,960,31933,713,26176,608,27142,669,33735,1081
131100,"Residential",-118.51,34.21,3067,166065,20228,35894,422,32546,318,254,25611,76,16609,8882,12085,13140,1046
131200,"Business",-118.51,34.22,3181,7264,631,516,594,644,1,716,1101,445,568,879,111,1058,23
131200,"Residential",-118.51,34.22,3181,164247,11860,34449,195,31852,329,146,25374,168,17671,14626,7153,20424,1079
131300,"Business",-118.52,34.21,4781,5141,770,412,435,470,0,419,720,334,385,380,395,421,19
131300,"Residential",-118.52,34.21,4781,178090,11696,36427,444,32192,434,343,28563,170,21272,16570,7664,22315,1217
131400,"Business",-118.53,34.21,5161,77885,7545,6209,9163,6390,6490,6312,5904,2579,2502,2505,15576,6710,44
131400,"Residential",-118.53,34.21,5161,250463,5140,38553,5750,40482,5583,41027,4491,30137,3686,28290,4198,43126,896
131600,"Business",-118.55,34.21,4779,23894,3218,2257,2379,2313,2107,1733,1472,1280,1459,1776,1867,2033,38
131600,"Residential",-118.55,34.21,4779,246206,242,52157,292,46556,37,38996,163,30770,160,32415,132,44286,1294
131700,"Business",-118.55,34.2,7400,16464,1671,1510,1621,1377,1317,1280,842,1405,1151,1381,1337,1572,28
131700,"Residential",-118.55,34.2,7400,310395,5054,54561,3774,54748,4596,47640,4090,37604,3639,39666,3895,51128,1137
131800,"Business",-118.53,34.2,4664,40714,4012,3794,3887,3697,2589,4029,3693,2788,2697,2972,3341,3215,117
131800,"Residential",-118.53,34.2,4664,202304,21399,29217,10906,28256,9732,16201,16888,14026,12314,12856,14472,16037,960
131900,"Business",-118.51,34.2,3840,27680,4242,2716,2411,2405,841,3120,2137,1765,2064,1966,1928,2085,58
131900,"Residential",-118.51,34.2,3840,193047,37713,28430,11574,25133,12128,249,30040,97,20804,155,26327,397,1319
132000,"Business",-118.51,34.19,6115,23782,2110,1841,2171,1981,2098,2191,2185,1872,1676,1807,1799,2051,73
132000,"Government",-118.51,34.19,6115,70487,8724,8633,8506,8249,6115,5126,3321,2067,2011,3283,6333,8119,26
132000,"Residential",-118.51,34.19,6115,332223,66548,1812,66949,835,62242,690,50580,708,35319,567,44865,1108,1805
132100,"Business",-118.5,34.19,4935,33264,3336,3430,3204,2933,534,4547,268,3849,3311,2238,2775,2839,71
132100,"Residential",-118.5,34.19,4935,248340,23941,22321,25599,22037,21164,19075,17873,837,32919,21198,19950,21426,1109
132300,"Business",-118.53,34.2,5684,66476,5239,5457,5398,5493,4939,5443,4642,4935,4508,9609,5261,5552,165
132300,"Residential",-118.53,34.2,5684,254575,25807,23593,27949,21055,25847,19454,22759,16530,15773,15727,21149,18932,901
132500,"Business",-118.55,34.19,7076,50737,2630,2345,2422,16520,3376,3012,2876,2522,2716,3495,4000,4823,28
132500,"Residential",-118.55,34.19,7076,270723,2474,51145,2610,49779,2607,42671,2424,33947,1716,35835,2016,43499,853
132700,"Business",-118.53,34.19,4844,21533,1753,1723,2114,1863,2141,1993,1786,1711,1473,1466,1745,1765,39
132700,"Residential",-118.53,34.19,4844,201954,24497,15614,24565,15041,22818,13572,18213,12385,12923,11682,15908,14736,1034
132900,"Business",-118.53,34.18,3481,26345,1138,5727,5225,7162,2378,864,1170,372,303,569,649,788,21
132900,"Residential",-118.53,34.18,3481,186889,16512,21217,16119,20885,15576,17398,13095,14726,8417,13890,11042,18012,986
133000,"Business",-118.56,34.2,4011,15043,1371,1388,1449,1337,1211,1421,1087,1196,952,1113,1200,1318,24
133000,"Residential",-118.56,34.2,4011,182758,1391,35573,1209,35127,1119,29424,1034,22911,961,21413,1955,30641,1022
133100,"Business",-118.54,34.18,4981,51556,4855,5156,5227,4443,4230,3826,4063,3230,3415,3932,4274,4905,51
133100,"Residential",-118.54,34.18,4981,213248,377,42868,793,41259,775,34256,424,28924,451,26535,677,35909,969
134000,"Business",-118.59,34.2,6930,25976,2287,2359,2450,2382,2405,2150,1846,2040,1748,1939,1982,2388,54
134000,"Residential",-118.59,34.2,6930,248757,31932,16863,32260,15768,29552,12782,26362,11170,23401,9822,24440,14405,980
134101,"Residential",-118.57,34.21,4645,213442,1633,42127,729,39627,714,33628,724,26484,500,29865,473,36938,1125
134103,"Business",-118.58,34.22,3986,13434,1185,1355,1227,1390,1043,1253,1052,1077,724,973,975,1180,19
134103,"Residential",-118.58,34.22,3986,187313,34240,2077,37341,2352,30325,2741,24319,2255,20247,2209,26892,2315,865
134104,"Residential",-118.58,34.21,4274,117309,20492,1541,21279,1719,19432,1715,16583,1607,13431,1551,16610,1349,565
134201,"Business",-118.59,34.21,3919,33280,2963,3089,3655,3145,2407,2975,2060,2889,1665,2097,3391,2944,115
134201,"Residential",-118.59,34.21,3919,196725,40453,637,41208,592,33829,414,27817,349,21826,296,28912,392,996
134302,"Business",-118.62,34.21,3618,3750,310,351,288,283,342,287,196,233,318,302,333,507,18
134302,"Residential",-118.62,34.21,3618,213230,43774,479,46575,479,37472,144,28607,183,22526,214,32729,48,1252
134303,"Business",-118.61,34.2,4633,63327,5887,5158,6081,5544,5762,4784,4560,4765,5143,5097,4979,5567,111
134303,"Residential",-118.61,34.2,4633,237065,49154,522,49096,272,43269,453,28628,113,28836,397,36194,131,1163
134304,"Business",-118.61,34.21,2838,41784,4668,4795,4582,3955,3430,2902,2316,2149,2333,2951,3549,4154,21
134304,"Residential",-118.61,34.21,2838,141451,28797,290,31280,179,24540,141,19357,35,15175,21,21630,6,707
134305,"Business",-118.6,34.22,4142,13401,1056,1242,1378,1471,1381,1380,871,877,792,901,981,1071,51
134305,"Residential",-118.6,34.22,4142,118748,19238,1006,20436,828,19320,1099,20220,773,16399,872,17770,787,41
134306,"Business",-118.6,34.21,3458,21151,1753,1967,1858,1947,1625,1970,1769,1682,1367,1597,1640,1976,60
134306,"Residential",-118.6,34.21,3458,79533,15708,1175,14055,1044,12166,1170,10145,901,10011,857,11334,967,209
134401,"Business",-118.64,34.21,6225,14135,1246,1065,1189,1259,1280,1250,1014,1012,1121,1164,1156,1379,20
134401,"Residential",-118.64,34.21,6225,546772,110608,311,123577,709,100213,4329,59413,2399,53989,2230,85074,3920,2062
134421,"Residential",-118.65,34.2,3877,376101,76652,498,82552,745,70482,248,47566,73,36823,130,60228,104,1384
134422,"Business",-118.63,34.2,4512,75470,7879,7275,8042,6623,6015,6225,4375,4268,4411,5678,6937,7742,25
134422,"Residential",-118.63,34.2,4512,302888,63994,335,65041,225,56346,283,36952,116,31816,150,47375,255,1521
134510,"Business",-118.6,34.2,6431,48060,4391,4065,4305,4286,4120,3835,3510,2030,5599,3789,3998,4132,202
134510,"Residential",-118.6,34.2,6431,212435,34596,2059,35197,2442,35584,2704,34214,972,28339,3014,31300,2014,489
134520,"Business",-118.6,34.2,5401,55447,3777,3491,3684,18310,3662,3304,3228,922,5171,2850,3383,3665,208
134520,"Residential",-118.6,34.2,5401,152292,15697,12058,15241,11343,15351,11558,14497,9669,13424,9111,13399,10944,254
134710,"Business",-118.58,34.21,5229,5430,487,470,456,533,386,501,548,477,306,455,395,416,21
134710,"Residential",-118.58,34.21,5229,167091,27711,3489,29384,3065,26472,2740,23602,2351,19890,2511,23356,2520,420
134720,"Business",-118.57,34.2,4490,20150,1752,1776,1647,1736,1399,1601,1660,1571,1341,1992,1978,1697,55
134720,"Residential",-118.57,34.2,4490,184785,12905,22428,13536,20964,12933,17753,12551,15321,10061,15573,11876,18884,666
134800,"Business",-118.57,34.2,5531,22447,2007,2002,2300,1997,2049,2102,1699,1554,1514,1572,1704,1947,47
134800,"Residential",-118.57,34.2,5531,250363,566,49819,2233,50732,541,38868,504,31003,790,32295,418,42594,1569
134901,"Business",-118.56,34.19,2962,13003,944,1220,1469,1492,1404,1043,785,780,761,915,962,1228,19
134901,"Residential",-118.56,34.19,2962,175461,678,34652,422,34991,535,29576,284,21036,469,21704,638,30476,894
134902,"Business",-118.58,34.19,7385,149988,12138,16308,14073,17987,13285,12578,10693,8912,8331,9991,11311,14381,151
134902,"Residential",-118.58,34.19,7385,320691,2579,59059,11332,55440,5048,48776,5044,37365,4521,37788,5027,48712,1001
135102,"Business",-118.62,34.19,3333,32867,3551,3203,3518,3080,1982,3569,1314,1790,3304,2302,2572,2682,35
135102,"Residential",-118.62,34.19,3333,262604,32126,20816,34331,27984,11269,36255,7616,22001,18164,11914,24256,15872,1081
135111,"Business",-118.61,34.19,3007,26999,2854,2538,2379,1975,2093,1428,3519,7,3439,1959,2192,2616,34
135111,"Residential",-118.61,34.19,3007,173585,33574,1560,34945,1660,31518,1601,20560,184,19192,1131,26504,1156,859
135112,"Business",-118.61,34.18,6011,204374,20814,22994,19945,21472,17315,13683,12692,7028,12408,23025,14914,18084,94
135112,"Residential",-118.61,34.18,6011,255818,14475,23007,18287,22504,20995,27082,16840,22547,11123,32623,14649,31686,60
135201,"Business",-118.63,34.19,2449,70151,6057,7518,6910,6056,1202,10048,1499,4673,8792,4788,5925,6683,75
135201,"Residential",-118.63,34.19,2449,174861,20052,16574,21570,16642,213,32063,23,18812,12274,8730,15996,11912,793
135202,"Business",-118.64,34.19,4283,15764,1690,1436,1547,1280,0,2236,560,991,2206,1405,1019,1394,44
135202,"Residential",-118.64,34.19,4283,268002,54592,605,59270,460,544,48874,262,29419,20315,9854,27430,16377,1482
135203,"Business",-118.65,34.19,6996,14282,1022,969,998,1463,0,2453,701,925,1219,1846,304,2382,25
135203,"Residential",-118.65,34.19,6996,440752,87731,833,96683,484,534,82070,331,47539,8002,43423,11207,61915,2169
137000,"Business",-118.64,34.17,4583,32849,2100,2019,1808,7704,2833,2105,1174,1276,1787,5492,2132,2419,64
137000,"Residential",-118.64,34.17,4583,423029,52341,39271,55426,40045,631,76420,546,42325,513,45612,482,69417,1609
137102,"Business",-118.59,34.17,7366,265102,22547,24253,29991,20616,16249,14226,39744,15381,14831,20077,22832,24355,92
137102,"Residential",-118.59,34.17,7366,422065,17337,65644,18200,66051,15085,60932,16263,39804,8802,43449,14883,55615,1035
137201,"Business",-118.61,34.17,5121,53619,3591,4827,4385,5681,4526,5774,3470,3225,2868,3247,7669,4356,134
137201,"Residential",-118.61,34.17,5121,307834,5945,54310,6624,58463,10271,50086,5181,32290,4950,33758,3250,42706,1078
137301,"Residential",-118.64,34.18,2174,222438,35439,14821,36015,16040,335,41651,111,18304,46,23757,248,35671,755
137302,"Residential",-118.65,34.18,4392,433910,86972,704,95056,594,530,82956,274,44596,178,47397,353,74300,1575
137401,"Business",-118.61,34.16,4299,24817,2398,2375,2253,2403,2097,2610,1854,1334,1572,1825,1885,2211,94
137401,"Residential",-118.61,34.16,4299,323686,1122,81433,1800,65632,1274,52054,627,33103,727,34884,605,50425,1543
137402,"Business",-118.63,34.16,5404,57687,4708,5249,5115,5489,3583,10109,3328,3142,2688,4236,4601,5439,66
137402,"Residential",-118.63,34.16,5404,435004,1160,91249,1727,91724,10621,72950,1808,42283,1843,47121,2034,70484,1698
137501,"Business",-118.58,34.16,3723,82094,7909,7784,7638,6742,7313,7061,6824,5037,5774,6209,6680,7123,119
137501,"Residential",-118.58,34.16,3723,365016,2479,65381,2981,63338,1890,52872,26809,39130,1598,36419,12606,59513,739
137502,"Business",-118.6,34.16,4025,123414,9668,10827,9798,13199,10178,10708,9768,8762,8418,9937,11729,10422,174
137502,"Residential",-118.6,34.16,4025,259586,570,51668,577,53773,475,45822,121,31130,84,30885,254,44227,1586
137504,"Residential",-118.57,34.15,1944,275723,542,64365,323,60355,318,46652,84,27826,73,28172,51,46962,717
138000,"Residential",-118.59,34.15,4299,380605,322,80241,613,80631,197,67047,157,43655,153,43198,202,64189,1801
139000,"Business",-118.51,34.17,4776,59434,10776,8036,6340,5225,2992,2394,1344,1082,645,2976,7215,10409,21
139000,"Government",-118.51,34.17,4776,201665,24837,39476,22990,20553,17973,12479,9915,7009,12517,10667,10918,12331,30
139000,"Residential",-118.51,34.17,4776,259125,45842,3062,48028,2702,48893,3524,38398,2017,24970,4133,34214,3342,1364
139200,"Business",-118.53,34.18,4823,18972,1636,2900,1967,1918,1613,1388,1433,1122,1048,1258,1181,1508,21
139200,"Residential",-118.53,34.18,4823,237685,33004,11964,33169,11477,31131,10402,26059,9258,18904,17788,22551,11978,1022
139301,"Business",-118.56,34.18,4152,12021,1535,1491,1629,1298,976,926,818,611,812,598,637,690,25
139301,"Government",-118.56,34.18,4152,18042,1799,2028,2164,1913,1606,1268,730,820,867,1099,1491,2257,18
139301,"Residential",-118.56,34.18,4152,377684,228,82703,510,81484,428,59676,289,39998,284,42890,1407,67787,1313
139302,"Business",-118.54,34.18,4338,22668,1667,1726,2218,2018,1732,2770,1818,1735,1614,1716,1722,1932,26
139302,"Residential",-118.54,34.18,4338,185955,5702,18559,6637,22718,6522,44306,8256,20333,6767,18640,7158,20357,53
139303,"Business",-118.53,34.18,4384,10997,1106,922,967,843,841,947,951,1118,1037,828,694,743,23
139303,"Residential",-118.53,34.18,4384,180077,8214,22218,9158,20638,9769,21805,7602,24301,7561,19420,6806,22585,52
139400,"Business",-118.55,34.17,5387,202816,17618,19014,18616,21142,19552,16635,15324,14024,12367,15307,16333,16884,328
139400,"Government",-118.55,34.17,5387,16068,3745,1760,1868,1221,948,1251,951,594,621,961,1047,1101,20
139400,"Residential",-118.55,34.17,5387,529277,1355,113919,1360,114190,869,82788,2081,55566,738,60906,828,94677,1323
139501,"Business",-118.52,34.17,7987,24077,1803,1876,1863,1933,1759,4193,1685,1730,1574,1757,1784,2120,38
139501,"Residential",-118.52,34.17,7987,337984,38667,19365,39081,19990,35302,21999,32457,17855,32453,16545,45142,19128,219
139502,"Business",-118.53,34.16,2887,24524,2233,2634,2511,2663,2165,2097,1791,1513,1250,1764,1890,2013,72
139502,"Residential",-118.53,34.16,2887,185327,34142,3332,36303,3574,30024,2872,25907,2132,17828,2274,23608,3331,944
139600,"Business",-118.51,34.17,4547,121556,9960,9711,9628,16714,11771,9239,9966,8152,8137,9363,9008,9907,149
139600,"Government",-118.51,34.17,4547,10363,821,910,803,797,590,1507,1406,499,393,831,771,1035,15
139600,"Residential",-118.51,34.17,4547,522935,116840,5541,104656,5427,93785,5548,66241,5991,40759,4392,68293,5462,858
139701,"Business",-118.5,34.16,4571,136049,11656,13278,12779,13286,11315,14418,10427,9973,9031,9538,9876,10472,117
139701,"Government",-118.5,34.16,4571,35140,4251,6119,4652,3982,2461,2257,1735,504,753,1899,2737,3790,18
139701,"Residential",-118.5,34.16,4571,579134,121416,1122,132420,776,103374,309,76102,1287,58680,422,77541,5685,1708
139702,"Business",-118.5,34.14,5928,16200,948,1044,1018,968,734,851,604,3374,380,4116,1387,776,15
139702,"Residential",-118.5,34.14,5928,895684,190737,1264,199660,1090,167055,1141,125202,1247,84740,1274,120867,1407,2333
139703,"Residential",-118.53,34.15,2965,477889,82265,27233,82995,26433,64892,18643,46742,10195,37555,10655,49057,21224,1076
139801,"Residential",-118.54,34.15,3446,558188,994,121699,1007,121117,410,96970,328,54674,387,61724,707,98171,1368
139802,"Residential",-118.56,34.15,3667,598831,4150,129723,5305,128755,1821,95552,967,54679,624,66846,2659,107750,1373
141100,"Business",-118.43,34.15,5202,49258,4388,3804,3740,3706,2261,4804,3342,3173,4603,6849,4216,4372,194
141100,"Residential",-118.43,34.15,5202,270635,40441,10509,43421,9574,24517,24278,19941,18456,21754,14938,26892,15914,817
141200,"Business",-118.44,34.15,6154,68722,6458,5774,6061,6314,6122,5214,4940,3521,7841,5225,5342,5910,154
141200,"Residential",-118.44,34.15,6154,334772,59043,3898,62858,4528,55971,3466,42222,1799,41825,3137,52184,3841,935
141301,"Business",-118.45,34.15,5260,55748,5418,5312,5724,5056,4602,3407,4950,3786,4202,4172,4503,4616,127
141301,"Residential",-118.45,34.15,5260,278444,41634,7083,46484,7774,43764,7176,34724,6358,31011,6601,38920,6915,596
141302,"Business",-118.46,34.15,5325,106888,12038,9625,10098,9209,9156,7882,8631,8003,7752,8317,7972,8205,126
141302,"Residential",-118.46,34.15,5325,275115,45481,5295,47824,4928,45522,4761,36653,4169,32132,4431,39427,4492,837
141400,"Business",-118.48,34.16,4286,116143,19812,10916,10113,9613,9544,9489,8415,6971,7249,7850,8026,8145,111
141400,"Residential",-118.48,34.16,4286,362845,71887,1753,77519,2134,66739,2063,49719,1767,37249,1346,49223,1446,1201
141500,"Residential",-118.48,34.14,2952,515172,118513,454,112543,319,94959,505,61100,8,56294,215,69689,573,1170
141600,"Residential",-118.46,34.14,3871,426377,86978,334,93455,747,79116,329,52348,506,47211,480,64462,411,1747
141700,"Residential",-118.44,34.14,2789,364408,71904,596,80429,485,34514,33897,21764,20446,32171,11919,40683,15600,1322
143100,"Business",-118.36,34.15,3528,313202,37782,41122,24386,38419,28440,17478,14019,18041,14122,22835,24756,31802,160
143100,"Residential",-118.36,34.15,3528,284512,1209,54773,1160,53617,1390,48029,1032,33275,894,39338,1169,48626,849
143200,"Business",-118.37,34.15,3752,19533,1646,1823,1999,1984,1747,1633,1383,1332,1150,1453,1547,1836,72
143200,"Residential",-118.37,34.15,3752,163975,3054,28821,1624,28749,1269,26761,1742,21271,1009,22215,1050,26410,480
143300,"Business",-118.39,34.15,5565,14072,1358,1320,1272,1315,1280,1159,951,965,952,1001,987,1512,36
143300,"Residential",-118.39,34.15,5565,335092,2763,61803,2810,63109,2403,56706,2310,41815,2278,41980,2243,54872,1187
143400,"Business",-118.41,34.15,5358,9272,1003,826,808,854,611,1037,558,564,808,738,622,843,40
143400,"Residential",-118.41,34.15,5358,331508,57871,6149,61348,6348,1293,59860,2295,37814,2133,40246,2462,53689,1289
143500,"Business",-118.41,34.15,4218,21856,5281,2821,2624,1786,0,1512,1117,908,598,1178,1579,2452,34
143500,"Residential",-118.41,34.15,4218,259533,47679,852,50533,808,209,47059,844,32450,726,34498,306,43569,1102
143601,"Business",-118.37,34.14,4991,232412,15264,8180,42274,20154,24167,17999,16831,13612,15350,19320,17480,21781,70
143601,"Government",-118.37,34.14,4991,26628,2046,4108,4174,3169,2590,2266,1180,390,589,1303,2164,2649,17
143601,"Residential",-118.37,34.14,4991,209213,5570,32392,5019,33412,4797,32369,4399,25309,5150,25535,3997,31264,443
143602,"Business",-118.39,34.15,3773,70592,7924,7942,7151,6367,2399,5625,5013,4777,4503,7929,1871,9091,93
143602,"Residential",-118.39,34.15,3773,219662,13233,26328,16221,26247,2799,35954,3359,25873,2956,28420,2670,35602,632
143700,"Business",-118.35,34.13,3976,107835,9302,10006,10436,9046,9130,7600,7547,8131,8345,9256,9132,9904,140
143700,"Residential",-118.35,34.13,3976,371451,54415,19201,57896,21711,47279,16477,40061,10910,32442,11723,41852,17484,1864
143800,"Business",-118.38,34.14,4650,57798,4897,5131,5544,4786,4570,4840,5102,4406,4059,5107,3797,5559,173
143800,"Residential",-118.38,34.14,4650,389617,1859,74710,1893,78148,1369,68765,1105,47488,1016,45932,1128,66204,1605
143901,"Business",-118.4,34.13,3863,88143,10785,8531,8598,8786,548,7860,6930,5682,5840,9555,3007,12021,173
143901,"Residential",-118.4,34.13,3863,468355,52944,43919,57952,45064,882,86024,820,49034,7984,46545,9589,67598,1676
143902,"Business",-118.42,34.14,2853,37911,4360,3250,2664,2690,0,4582,1138,4829,4985,3107,3504,2802,67
143902,"Residential",-118.42,34.14,2853,289971,57899,1129,62881,949,171,49739,890,33627,27295,8449,36458,10484,799
181000,"Business",-118.2,34.14,6134,36645,3244,3598,3556,3599,2705,3153,2671,1513,3227,3380,2166,3833,103
181000,"Government",-118.2,34.14,6134,22469,2475,2951,2902,3482,1363,905,767,221,1842,1337,1650,2574,20
181000,"Residential",-118.2,34.14,6134,295820,32363,24363,35265,25275,18760,34074,12750,23957,17575,17231,22898,31309,1810
181300,"Business",-118.22,34.14,3771,38703,3353,3536,3454,3574,3145,3595,3274,2882,2765,3076,2743,3306,29
181300,"Residential",-118.22,34.14,3771,153969,70,28712,84,30311,82,27812,95,21065,36,20176,9,25517,1072
181400,"Business",-118.21,34.14,4439,51371,4422,4301,4199,4901,3914,4817,4229,3826,4058,4343,3657,4704,123
181400,"Government",-118.21,34.14,4439,3875,284,262,253,325,228,755,190,357,305,286,275,355,23
181400,"Residential",-118.21,34.14,4439,132642,6406,17429,6303,19264,1061,22108,1354,18938,1780,17533,1232,19234,679
181500,"Business",-118.19,34.13,3891,10812,909,997,920,822,210,895,889,678,945,1593,227,1727,34
181500,"Residential",-118.19,34.13,3891,141277,26399,415,28476,450,6907,17176,5554,14111,5057,13599,5887,17246,1151
181600,"Business",-118.21,34.13,5662,99174,7882,9978,9405,12332,10036,9902,5480,5051,5419,8131,7467,8091,91
181600,"Government",-118.21,34.13,5662,22188,2154,1874,2004,2451,1996,1997,556,1303,1611,1711,2300,2231,17
181600,"Residential",-118.21,34.13,5662,149028,88,27930,67,28897,72,25494,56,21317,123,20146,52,24786,1019
183101,"Business",-118.18,34.12,3998,13783,1085,1076,1192,1239,1219,1143,1196,1229,1084,1116,1046,1158,47
183101,"Government",-118.18,34.12,3998,12565,1007,1484,1777,1214,895,553,408,441,2244,412,947,1183,18
183101,"Residential",-118.18,34.12,3998,125188,22552,174,24444,210,21867,428,18553,145,16648,155,19874,138,1012
183102,"Business",-118.18,34.12,6132,8593,803,721,806,902,761,705,747,518,561,639,654,776,19
183102,"Residential",-118.18,34.12,6132,213731,38223,525,40412,681,37467,498,31689,493,29096,556,33497,594,1149
183210,"Business",-118.19,34.13,5663,13348,935,1373,1185,1234,1258,1156,1114,968,939,1032,1136,1018,26
183210,"Residential",-118.19,34.13,5663,167549,552,30952,569,31206,923,29173,726,23357,547,22880,784,25880,1147
183220,"Business",-118.19,34.12,4363,17594,1536,1649,1316,1690,1551,1523,1415,1346,1293,1403,1424,1448,53
183220,"Residential",-118.19,34.12,4363,100442,21,18215,90,17933,30,18210,621,15389,46,14422,16,15449,635
183300,"Business",-118.2,34.12,4897,26887,2286,2274,2210,2352,2269,2437,2191,2110,1974,2270,2442,2072,70
183300,"Residential",-118.2,34.12,4897,131887,6672,18777,6566,18452,5930,16800,5771,14277,5135,12845,5785,14877,1023
183400,"Business",-118.21,34.12,4127,18912,3173,1646,1438,1485,1560,1516,1340,1315,1234,1339,1371,1495,81
183400,"Residential",-118.21,34.12,4127,111149,1266,19614,1300,19141,1090,18074,1006,15850,975,14533,1075,17225,763
183510,"Residential",-118.2,34.12,2900,71149,12416,674,12548,673,11380,592,10706,552,9818,516,10662,612,586
183520,"Residential",-118.2,34.11,4138,73090,11587,1195,12659,1317,11654,981,10936,1106,8862,880,10588,1325,349
183610,"Business",-118.19,34.11,3729,7420,412,512,748,672,625,750,580,623,538,624,669,667,29
183610,"Residential",-118.19,34.11,3729,67868,12163,494,12113,442,11082,360,10392,354,9575,334,10202,357,319
183620,"Business",-118.19,34.12,3316,13924,1095,1069,1171,1137,1165,1267,1356,1227,1027,1042,1139,1229,37
183620,"Residential",-118.19,34.12,3316,83792,15784,43,15748,40,14168,50,13218,22,11618,24,13066,11,540
183700,"Business",-118.19,34.11,6422,25825,1940,1829,1782,2019,1886,3700,2251,2264,1820,2013,2064,2257,63
183700,"Government",-118.19,34.11,6422,8854,656,1073,736,455,378,940,323,324,1197,419,1448,905,20
183700,"Residential",-118.19,34.11,6422,200094,33845,2110,34810,2493,33495,1874,31468,1181,27709,1404,28011,1694,918
183810,"Business",-118.2,34.11,4582,34616,2757,2709,3107,2779,2719,3023,2945,3065,2665,2905,2848,3094,71
183810,"Residential",-118.2,34.11,4582,63776,10192,1249,11037,1352,9583,1050,9737,997,8018,890,8591,1080,230
183820,"Residential",-118.2,34.1,3784,41262,7308,284,7145,352,6496,327,6209,313,6289,269,5997,273,160
185100,"Business",-118.21,34.1,6159,34264,3700,3762,3497,4009,2994,2632,2331,1752,1778,2423,2543,2843,45
185100,"Government",-118.21,34.1,6159,12708,767,1300,948,4015,1463,565,386,563,624,573,636,868,20
185100,"Residential",-118.21,34.1,6159,230740,4704,39020,4277,40041,8436,32695,5893,27680,4721,26080,4611,32582,1709
185201,"Business",-118.23,34.1,5308,19086,2590,1743,1792,1292,1168,1039,779,868,786,3202,1624,2203,60
185201,"Government",-118.23,34.1,5308,34509,4180,5172,5303,2237,3441,2109,1212,1072,1086,3133,2103,3461,17
185201,"Residential",-118.23,34.1,5308,172778,36,33088,111,32465,50,28051,41,25296,117,24438,24,29061,1272
185202,"Residential",-118.22,34.09,3827,130489,697,24866,418,24634,504,20575,474,19083,431,16819,406,21582,876
185310,"Business",-118.22,34.09,3364,2092,123,155,159,188,147,187,187,184,185,185,184,208,16
185310,"Residential",-118.22,34.09,3364,78115,33,14291,81,14638,10,13330,27,11996,6,11214,0,12489,483
185320,"Business",-118.23,34.09,3186,11357,1139,1290,1212,1124,950,942,790,726,685,817,767,915,38
185320,"Residential",-118.23,34.09,3186,71724,20,13138,49,13549,30,11423,37,10595,9,10521,15,12338,444
186100,"Business",-118.23,34.13,4875,6081,558,540,517,493,526,515,518,491,450,533,446,494,30
186100,"Residential",-118.23,34.13,4875,170450,131,32497,38,33361,73,29891,53,24076,77,22368,56,27829,1365
186200,"Business",-118.22,34.12,8146,32620,2605,2709,3209,2697,2731,2620,2700,2503,2766,2583,2649,2848,79
186200,"Residential",-118.22,34.12,8146,264135,2172,48192,2057,47424,1898,42801,1756,38398,1494,35124,1200,41619,1782
186300,"Business",-118.23,34.11,6120,24922,2067,2115,2063,2178,2182,2210,2157,1956,1754,2013,2184,2043,85
186300,"Residential",-118.23,34.11,6120,192398,113,36074,153,36304,48,32502,27,28293,52,27053,133,31646,1500
186401,"Business",-118.24,34.12,6239,38634,3274,3625,3824,3675,3071,3019,3025,2981,2773,3247,2843,3277,122
186401,"Government",-118.24,34.12,6239,8279,641,575,613,739,875,736,399,540,594,530,1346,691,17
186401,"Residential",-118.24,34.12,6239,150171,911,25423,966,26456,1105,25409,445,21259,426,20286,3414,24071,383
186402,"Business",-118.24,34.11,5777,46650,4046,3828,4139,4570,3724,4210,3333,3397,3961,3564,3548,4330,125
186402,"Residential",-118.24,34.11,5777,143086,134,26325,346,26010,356,23542,217,22088,91,20808,232,22937,803
187100,"Business",-118.26,34.11,6849,29888,2372,2463,2411,2652,2738,2768,2356,2410,2374,2330,2458,2556,111
187100,"Government",-118.26,34.11,6849,8515,584,618,697,1007,869,872,807,643,298,422,767,931,24
187100,"Residential",-118.26,34.11,6849,212824,233,40137,59,40402,70,36108,81,30673,70,29078,96,35817,1457
187200,"Business",-118.25,34.1,3178,9207,1032,959,903,875,839,692,607,704,604,630,589,773,92
187200,"Residential",-118.25,34.1,3178,79823,14351,48,14040,156,14346,31,13427,50,11507,7,11821,39,571
187300,"Business",-118.26,34.1,3390,44472,3623,3667,3965,4333,3474,4045,3579,3812,3212,3198,3725,3839,139
187300,"Government",-118.26,34.1,3390,10697,1285,1126,1169,1172,212,673,565,1438,604,773,799,881,25
187300,"Residential",-118.26,34.1,3390,170214,29305,499,32250,2806,27473,3050,20187,271,19054,384,32127,2808,920
188100,"Business",-118.27,34.13,4348,372255,34044,28757,35267,34535,30308,30154,33447,31700,32605,23922,29318,28198,217
188100,"Residential",-118.27,34.13,4348,127294,1121,20530,1065,20572,35,18459,5797,17901,855,15690,900,24369,627
188200,"Business",-118.28,34.11,5767,260304,41778,45350,40045,24175,10996,11118,5923,2037,2753,14833,24389,36907,35
188200,"Government",-118.28,34.11,5767,218389,30890,28551,30184,17347,259,30935,217,13433,22751,11888,14898,17036,19
188200,"Residential",-118.28,34.11,5767,293018,51895,2480,55606,2296,49845,2283,42581,1995,35059,2209,44265,2504,1111
188300,"Business",-118.26,34.12,3694,29235,2423,2110,2538,2293,2973,2427,2800,2455,2194,2296,2340,2386,111
188300,"Residential",-118.26,34.12,3694,123244,82,23630,158,24023,88,20590,24,17621,49,17042,29,19908,1035
189100,"Business",-118.29,34.11,6271,47750,4111,4258,4236,4143,3309,3934,3748,3253,4372,4798,2922,4666,116
189100,"Residential",-118.29,34.11,6271,258833,44071,1900,46746,2196,37436,6717,32710,5958,27790,5903,33020,14386,793
189200,"Business",-118.3,34.11,6681,17609,2020,1599,1563,1527,66,1381,1998,1437,1401,2253,370,1994,43
189200,"Government",-118.3,34.11,6681,60811,5988,9712,9374,4892,408,5778,105,791,3987,4412,6269,9095,16
189200,"Residential",-118.3,34.11,6681,332472,21745,42217,21782,42794,5178,53577,5780,39767,4926,40086,5061,49559,1082
189300,"Business",-118.31,34.11,3097,14935,1349,1686,1927,1531,1224,1361,999,549,634,1003,1299,1373,35
189300,"Government",-118.31,34.11,3097,14992,664,752,626,555,241,3690,633,487,5389,632,549,774,16
189300,"Residential",-118.31,34.11,3097,338682,775,65215,958,69299,470,63202,906,40875,491,40277,515,55699,1302
189400,"Residential",-118.32,34.12,2825,183624,545,34127,328,34633,686,31156,2674,24948,130,24846,174,29377,1113
189500,"Business",-118.32,34.11,4473,17673,1361,1667,1542,1460,1496,1426,1460,1292,1288,1702,1444,1535,32
189500,"Residential",-118.32,34.11,4473,194207,2696,30047,2632,35152,2794,29628,2576,28386,2766,26194,2885,28451,511
189600,"Business",-118.33,34.11,3511,9660,877,917,1085,970,790,770,812,775,639,667,377,981,30
189600,"Residential",-118.33,34.11,3511,182639,12365,20885,12517,21416,12233,19112,11262,16305,9754,17646,10967,18177,901
189701,"Business",-118.34,34.13,3619,335510,32513,36918,60054,25158,29833,21835,15923,14982,13465,25111,29322,30396,35
189701,"Government",-118.34,34.13,3619,8172,428,974,1080,684,1498,797,336,193,218,795,436,733,15
189701,"Residential",-118.34,34.13,3619,324465,13134,48076,15121,50454,13410,41584,9240,31550,7649,32197,11819,50231,969
189702,"Business",-118.34,34.11,1755,27535,2577,2467,3976,2510,1725,1431,3029,1600,2282,2095,1979,1864,22
189702,"Government",-118.34,34.11,1755,30488,4874,4427,3704,2449,1794,1443,1236,919,2856,2041,1813,2932,24
189702,"Residential",-118.34,34.11,1755,147844,25387,2321,26076,2686,25531,2742,18507,2507,15860,2625,20657,2945,435
189800,"Business",-118.36,34.1,2738,18552,1798,1710,1612,1662,0,1892,1446,1388,1309,2749,104,2882,61
189800,"Residential",-118.36,34.1,2738,157827,25727,1494,25698,5543,93,23892,3094,21720,2270,22141,76,26079,537
189901,"Business",-118.35,34.1,7310,47917,4474,4766,4486,4099,789,4119,3900,3664,3488,6272,787,7073,74
189901,"Residential",-118.35,34.1,7310,279439,32012,12747,34573,13675,12527,30527,17218,27608,16822,35937,12134,33659,279
189902,"Business",-118.35,34.1,5593,17363,1564,1676,1569,1397,0,1587,1286,1331,1265,2785,0,2903,51
189902,"Residential",-118.35,34.1,5593,198837,28381,6305,27549,6707,119,29613,6409,26075,5997,31568,111,30003,294
190100,"Business",-118.34,34.1,5296,186035,15652,17592,15126,17597,14581,13724,15085,19232,13157,13201,14723,16365,149
190100,"Government",-118.34,34.1,5296,8695,918,1025,958,861,917,601,404,506,533,473,570,929,16
190100,"Residential",-118.34,34.1,5296,202740,26535,7462,27684,7772,26880,6920,24844,6531,22164,6121,32439,7388,352
190200,"Business",-118.33,34.1,6177,106885,9262,8952,9093,9123,9122,8103,8422,8640,6337,8957,9812,11062,128
190200,"Government",-118.33,34.1,6177,5474,448,446,509,549,474,497,457,388,368,428,422,488,15
190200,"Residential",-118.33,34.1,6177,180337,19696,9067,21123,9328,20374,9616,20346,10029,23077,8981,19320,9380,154
190301,"Business",-118.31,34.1,5676,39185,3298,3499,4155,3459,3484,3179,2989,2983,2507,2951,3172,3509,47
190301,"Residential",-118.31,34.1,5676,184216,5059,24322,6259,27252,4472,29144,4022,25284,4062,20859,8866,24615,250
190400,"Business",-118.3,34.1,6463,24013,2432,2590,1809,1830,2107,2137,1876,1698,1838,2124,1821,1751,46
190400,"Residential",-118.3,34.1,6463,194934,12171,23956,10029,23231,3016,30890,4016,26754,3474,25460,5121,26816,202
190510,"Business",-118.31,34.1,4189,32908,2551,3314,2791,2654,2783,2746,2731,2331,2481,2768,2821,2937,56
190510,"Residential",-118.31,34.1,4189,102220,2803,15377,2998,14675,1968,14835,2023,13816,4707,12408,2969,13641,100
190520,"Business",-118.3,34.1,4326,20024,3160,1779,1656,1677,304,1729,1653,1496,1681,1636,1675,1578,44
190520,"Residential",-118.3,34.1,4326,114796,15073,6613,13446,6666,7,18982,1660,16737,1499,15873,1494,16746,179
190700,"Business",-118.34,34.1,3269,115297,11041,10643,10133,9123,9264,9559,9982,10080,8900,8246,9010,9316,282
190700,"Residential",-118.34,34.1,3269,87567,12621,2463,12075,2937,13197,4753,11189,2889,10679,2288,9275,3201,202
190800,"Business",-118.33,34.09,6310,125389,11083,10733,12085,11551,10292,10021,9731,10867,9203,9883,9306,10634,262
190800,"Residential",-118.33,34.09,6310,218407,31032,4886,31332,4924,28788,5527,29885,4916,29980,4054,38170,4913,415
190901,"Business",-118.31,34.09,4930,27987,1975,2389,2498,2332,2421,2291,2448,2309,1986,2430,2278,2630,68
190901,"Residential",-118.31,34.09,4930,133817,20724,1771,20371,1596,24239,2435,20828,1515,18604,1445,18809,1480,214
190902,"Business",-118.32,34.09,4621,18405,1493,1542,1892,1772,1635,1089,1131,2124,1249,1468,1269,1741,72
190902,"Residential",-118.32,34.09,4621,123914,21729,407,21069,492,20887,524,20810,524,18570,420,18151,331,295
191000,"Business",-118.32,34.1,3036,88705,8114,7760,8458,7976,7443,7381,7319,7394,6047,6535,7177,7101,134
191000,"Residential",-118.32,34.1,3036,98892,25060,801,14589,917,14650,688,13981,707,13343,596,12844,716,180
191110,"Business",-118.3,34.1,3818,114334,9508,10459,9851,10902,11096,10067,7246,9431,7611,8622,8134,11407,53
191110,"Residential",-118.3,34.1,3818,103744,3479,15435,3851,15568,3311,13770,3487,13170,2632,12314,3222,13505,142
191120,"Business",-118.3,34.09,4768,24364,2184,2087,2193,1826,2286,2140,2064,2037,1742,1825,1899,2081,40
191120,"Residential",-118.3,34.09,4768,117600,1867,18928,1715,20085,1619,18444,1449,17816,1343,15994,1534,16806,287
191201,"Business",-118.3,34.1,4774,224053,12984,11849,11327,60262,9171,18279,14971,10109,8363,27817,9338,29583,161
191201,"Residential",-118.3,34.1,4774,127499,12165,10650,11276,12049,1061,20578,1826,19346,1544,17140,1715,18149,268
191203,"Business",-118.29,34.09,3313,10445,1114,1003,1018,947,965,914,798,847,598,748,767,726,38
191203,"Residential",-118.29,34.09,3313,94670,1346,15446,1562,15578,1228,15274,1034,14742,862,12981,981,13636,174
191204,"Residential",-118.3,34.09,2514,69573,310,11553,505,11897,346,12643,336,11113,251,9646,286,10687,224
191300,"Business",-118.29,34.09,5580,248230,20869,23819,22907,21844,193,27162,18674,15683,18908,36066,2198,39907,162
191300,"Residential",-118.29,34.09,5580,148946,23743,1522,24495,1533,62,25790,417,24403,15523,8341,14870,8247,418
191410,"Business",-118.29,34.09,4957,23756,2142,1995,2907,2186,2200,1978,1969,1716,1583,1637,1766,1677,61
191410,"Residential",-118.29,34.09,4957,129244,1900,19992,2074,22567,1789,20352,1520,19822,1199,17469,1475,19085,180
191420,"Business",-118.29,34.09,3732,19290,1495,1461,1762,1650,1672,1654,1691,1730,1548,1436,1661,1530,32
191420,"Residential",-118.29,34.09,3732,88145,1513,13180,1727,14459,1465,13860,1498,13100,1301,11553,1380,13109,153
191500,"Business",-118.3,34.09,5756,18296,1475,1692,1882,1491,1515,1503,1466,1490,1273,1409,1464,1636,56
191500,"Government",-118.3,34.09,5756,46544,468,528,678,1237,1274,1235,1071,1246,6185,27597,2980,2045,16
191500,"Residential",-118.3,34.09,5756,173868,3257,26478,3593,28049,3934,26356,3432,25861,2584,22479,2571,25274,432
191610,"Business",-118.31,34.09,4879,18252,1613,1812,1683,1596,1502,1448,1398,1453,1326,1257,1665,1499,49
191610,"Residential",-118.31,34.09,4879,138144,23951,914,23227,883,22988,809,22667,783,21030,711,19418,763,337
191620,"Business",-118.3,34.09,2813,17675,1416,1303,1353,1271,1224,2031,1822,1222,1873,1324,1384,1452,18
191620,"Residential",-118.3,34.09,2813,80251,1153,13138,420,13870,1380,13019,1064,11978,784,10866,844,11735,123
191710,"Business",-118.31,34.09,3384,20504,2245,1159,1225,1278,1123,1260,1278,1207,916,5724,1492,1597,33
191710,"Residential",-118.31,34.09,3384,105213,18043,820,18056,913,17749,928,16793,995,13859,817,15476,764,238
191720,"Business",-118.31,34.09,4093,30302,2287,2308,2561,2670,2505,2602,2659,2855,1828,3053,2355,2619,31
191720,"Residential",-118.31,34.09,4093,98328,17783,656,16528,597,17388,529,15661,459,13810,573,13738,606,209
191810,"Business",-118.33,34.09,4095,22150,1874,1818,1815,1764,1875,1733,2474,1729,1771,1698,1759,1840,89
191810,"Residential",-118.33,34.09,4095,103555,17541,677,17502,707,17466,709,17047,510,15306,636,14948,506,195
191820,"Business",-118.33,34.09,3302,25179,2181,2210,2096,2178,2069,1989,2044,1858,1873,1979,2279,2423,111
191820,"Residential",-118.33,34.09,3302,77577,13728,144,14022,157,13580,92,12600,70,11081,80,11824,199,196
191900,"Business",-118.34,34.09,6682,133940,11763,11828,12148,12319,12359,10978,11116,10674,9405,10640,10068,10642,387
191900,"Government",-118.34,34.09,6682,4965,579,371,391,462,383,508,334,334,392,364,447,400,18
191900,"Residential",-118.34,34.09,6682,255051,43229,3658,42430,4176,41562,3934,36402,3831,31670,4141,36107,3911,938
192000,"Business",-118.35,34.08,5319,72523,12231,6386,6497,6775,418,6589,5655,5007,5660,6395,5400,5510,240
192000,"Residential",-118.35,34.08,5319,232409,31140,11917,30734,12053,68,43900,474,32520,503,31641,565,36894,1268
192300,"Business",-118.33,34.08,2495,81914,11892,12287,10730,7701,4847,3489,3118,2884,3110,5359,7265,9232,114
192300,"Residential",-118.33,34.08,2495,159530,25932,4001,27055,4010,24023,3948,23037,3657,15887,4021,19822,4137,484
192410,"Business",-118.32,34.08,3923,7570,484,671,756,680,612,818,595,587,451,602,641,673,15
192410,"Residential",-118.32,34.08,3923,142032,24882,1069,26988,950,24980,1158,21313,991,17327,839,20515,1020,752
192420,"Business",-118.31,34.08,4151,29808,2355,2389,2502,2407,2481,2648,2458,2618,2313,2304,2526,2807,38
192420,"Residential",-118.31,34.08,4151,101539,17949,396,17230,479,16743,435,16971,471,15091,348,15069,357,277
192510,"Business",-118.31,34.08,3959,18302,1671,1521,1565,1742,1502,1642,1440,1481,1283,1509,1423,1523,52
192510,"Residential",-118.31,34.08,3959,97568,17135,27,16865,49,17635,37,16385,30,14525,97,14765,18,312
192520,"Residential",-118.3,34.08,5471,155892,26209,1590,25790,1856,25169,1817,25125,1682,22201,1360,21594,1499,302
192610,"Business",-118.3,34.08,4742,12781,1092,1102,1067,1104,1076,1142,1258,1172,998,941,875,954,33
192610,"Residential",-118.3,34.08,4742,125867,17975,3796,18508,4116,18381,3993,17888,3665,15433,3156,15259,3697,247
192620,"Business",-118.3,34.08,4253,6851,516,475,516,561,620,692,693,724,479,528,490,557,22
192620,"Residential",-118.3,34.08,4253,113381,17284,2082,18305,2169,17363,2083,16705,2108,15107,1985,15950,2240,145
192700,"Business",-118.29,34.08,3946,58995,6030,5432,5260,5531,4644,4978,4753,4105,3641,3659,5993,4969,87
192700,"Government",-118.29,34.08,3946,4333,357,360,342,325,284,498,314,208,322,294,330,699,16
192700,"Residential",-118.29,34.08,3946,95810,1759,14462,1794,15378,1666,15172,1817,14116,1509,12809,1287,14041,273
194100,"Residential",-118.36,34.11,6523,686642,131329,3797,132517,3811,120608,3587,97288,3146,78266,2922,106453,2918,2225
194200,"Business",-118.37,34.1,5154,50968,3602,3232,9651,2780,1082,3352,2205,1493,10676,4816,2686,5393,61
194200,"Residential",-118.37,34.1,5154,447555,83608,1482,82306,1398,75279,8763,59632,6383,52344,6686,62351,7323,2204
194300,"Residential",-118.39,34.1,1907,390180,74346,1176,75488,1263,25914,44051,19503,34196,50746,600,61658,1239,1078
194400,"Business",-118.37,34.08,5747,71075,5068,4900,5115,9134,3621,7993,3090,4828,10980,5090,4966,6290,256
194400,"Residential",-118.37,34.08,5747,277040,16620,33311,17361,32820,1675,49660,1554,38004,13761,27294,14302,30678,1037
194500,"Business",-118.37,34.08,2287,77980,7006,6389,6690,7472,6546,7097,6645,6349,6141,5999,5786,5860,154
194500,"Residential",-118.37,34.08,2287,114989,375,23126,437,22055,812,20694,366,14544,264,14430,290,17596,625
195100,"Business",-118.27,34.1,4550,29498,2604,2637,2662,2553,2416,2544,2350,2363,2233,2364,2316,2456,92
195100,"Residential",-118.27,34.1,4550,221383,41720,786,43141,847,39176,660,32331,720,26298,673,34355,676,1533
195200,"Business",-118.28,34.11,6138,32828,3091,3222,3293,2932,2772,2602,2510,1789,2645,2366,2737,2869,65
195200,"Residential",-118.28,34.11,6138,260854,45336,1497,47857,1684,44659,2119,39410,1232,35165,1547,38843,1505,1595
195300,"Business",-118.28,34.1,3596,16338,1609,1745,1504,1524,150,1970,533,979,1619,1930,737,2038,52
195300,"Residential",-118.28,34.1,3596,109993,20585,111,19828,57,12446,6650,11073,5598,14479,2030,14843,2293,552
195400,"Business",-118.28,34.09,4575,20970,1926,1832,1951,1789,983,2607,993,1698,2231,1620,1569,1771,70
195400,"Residential",-118.28,34.09,4575,171457,30729,266,32500,423,29097,746,26745,745,23278,178,26573,177,1187
195500,"Business",-118.26,34.09,5228,14606,1128,1032,1212,1279,1154,1361,1161,1321,1116,1208,1319,1315,60
195500,"Government",-118.26,34.09,5228,4977,508,601,558,547,412,402,242,251,248,381,366,461,19
195500,"Residential",-118.26,34.09,5228,190110,35521,185,35327,276,33291,280,30394,144,26216,136,28124,216,1293
195600,"Business",-118.27,34.08,3529,40705,2661,2497,2852,3152,2693,3206,2738,5246,6312,3171,2974,3203,64
195600,"Residential",-118.27,34.08,3529,102752,18924,135,18274,157,17632,107,16482,183,15198,140,15269,251,567
195710,"Business",-118.27,34.08,4978,34717,2915,2244,5350,3824,2509,2141,2304,579,4639,2853,2450,2909,41
195710,"Residential",-118.27,34.08,4978,102381,5816,12767,5884,13138,5880,12009,5429,1227,14332,9905,4692,11302,318
195720,"Business",-118.26,34.07,3233,21559,1436,1695,2278,2408,2980,2685,1909,269,1576,1044,1710,1569,29
195720,"Residential",-118.26,34.07,3233,65188,1099,10749,1171,10252,1100,9278,2007,7,10243,8308,734,10240,284
195801,"Business",-118.27,34.08,6087,14920,1214,1344,1394,1171,1468,1103,1489,1203,1105,1121,1158,1150,56
195801,"Residential",-118.27,34.08,6087,160987,399,28416,379,28382,463,28154,359,23594,548,24244,131,25918,805
195802,"Business",-118.28,34.08,2909,6001,425,470,498,677,530,545,481,431,429,475,519,521,42
195802,"Residential",-118.28,34.08,2909,79926,8664,5362,8302,5672,9003,5437,8271,4991,7424,4570,7225,5005,318
195900,"Business",-118.28,34.09,7244,20229,1733,2052,1657,1592,1767,1469,1472,1479,1400,1456,1639,2513,65
195900,"Residential",-118.28,34.09,7244,224056,1541,38340,1667,38527,1587,36233,1450,33949,1214,31999,1434,36115,973
197110,"Residential",-118.24,34.08,586,15096,397,2900,0,2693,0,1900,548,1628,701,1812,320,2197,127
197200,"Business",-118.24,34.09,4979,9669,818,853,874,863,928,899,867,684,678,703,759,743,35
197200,"Residential",-118.24,34.09,4979,142492,26421,63,26614,55,24712,29,23569,116,19699,110,21066,38,1124
197300,"Business",-118.25,34.08,4679,66949,2115,18971,9913,7767,2014,2349,2205,1136,4403,6449,8013,1614,55
197300,"Residential",-118.25,34.08,4679,124672,20931,8458,14589,8020,13736,794,20629,504,17066,619,18442,884,708
197410,"Residential",-118.25,34.09,2936,98310,17925,46,19502,18,17828,38,16504,18,12188,60,14162,21,786
197420,"Business",-118.26,34.08,4165,17378,1244,1348,1528,1411,2262,1570,1212,1144,1556,1627,1218,1258,47
197420,"Residential",-118.26,34.08,4165,96795,16970,341,17125,367,16830,362,16170,292,13287,309,14325,417,575
197500,"Business",-118.26,34.07,5263,17945,1505,1426,1844,1500,707,2866,590,697,2676,1216,1359,1559,55
197500,"Government",-118.26,34.07,5263,238436,14952,8452,7746,16274,29157,34023,26800,136,51817,21952,19408,7719,16
197500,"Residential",-118.26,34.07,5263,113570,385,19732,398,20331,321,18830,1009,52,16966,16480,248,18818,534
197600,"Business",-118.25,34.07,2984,13417,1283,1187,1248,1015,0,1110,988,893,861,1759,0,3073,39
197600,"Residential",-118.25,34.07,2984,76859,1253,14413,1074,12471,3,422,12586,308,10461,11123,129,12616,329
197700,"Business",-118.25,34.07,5517,29320,4044,2986,3307,2479,19,3011,1658,1904,2318,2846,1448,3300,43
197700,"Residential",-118.25,34.07,5517,158134,12033,26166,2323,27125,18,884,27222,715,22538,13849,10419,14842,377
199000,"Business",-118.22,34.08,3641,132404,11105,9454,9956,11614,11056,11895,11914,10663,11583,10560,10262,12342,224
199000,"Government",-118.22,34.08,3641,26440,1844,4398,4411,2750,2092,2378,1459,1331,1033,1347,1469,1928,40
199000,"Residential",-118.22,34.08,3641,90741,508,15828,613,15626,598,14193,537,15013,463,12457,461,14444,391
199110,"Residential",-118.2,34.08,2751,71139,11586,700,12657,1017,11437,782,10961,720,9406,832,10275,766,505
199120,"Business",-118.2,34.07,3561,22621,1888,1048,2813,1091,1586,994,1065,997,5167,1124,959,3889,26
199120,"Residential",-118.2,34.07,3561,80603,28,12704,33,12529,32,15451,1787,12887,413,11429,178,13132,308
199201,"Business",-118.21,34.08,4444,25922,2357,2361,2380,2726,2355,1924,2117,2020,1697,2078,1823,2084,66
199201,"Residential",-118.21,34.08,4444,103780,16026,1894,17224,1204,18060,699,15842,1763,14147,667,14738,1516,324
199202,"Residential",-118.2,34.08,3164,75626,12784,126,13930,82,12668,66,12725,82,11676,71,11353,63,536
199300,"Residential",-118.21,34.09,4028,115957,21537,45,22209,89,19993,18,18216,21,15689,44,18053,43,976
199400,"Business",-118.21,34.09,4956,67943,5209,4859,5315,5699,5277,6310,5267,5486,5587,5468,5757,7709,50
199400,"Residential",-118.21,34.09,4956,131796,21661,2750,20837,2639,19773,2741,18693,2408,17393,2265,18234,2402,645
199700,"Business",-118.22,34.07,3298,120481,10097,10597,10380,10282,10232,11567,8726,9742,4874,13282,9803,10899,130
199700,"Government",-118.22,34.07,3298,4407,319,344,366,407,424,389,247,180,201,478,538,514,18
199700,"Residential",-118.22,34.07,3298,76351,395,13775,426,13065,364,12192,289,12298,441,10897,280,11929,329
199800,"Business",-118.21,34.07,5697,22707,1830,1685,1965,1817,2003,1900,1921,1926,1665,1962,1859,2174,56
199800,"Government",-118.21,34.07,5697,5586,484,755,883,663,428,382,209,271,386,350,361,414,17
199800,"Residential",-118.21,34.07,5697,152428,6,25261,30,25262,9,24273,35,30689,23,21883,100,24857,749
199900,"Business",-118.21,34.07,2573,20530,2179,1979,2331,1853,1771,1515,1474,1431,1411,1486,1487,1613,68
199900,"Government",-118.21,34.07,2573,5657,1022,679,529,448,343,332,334,507,200,331,325,607,15
199900,"Residential",-118.21,34.07,2573,66844,406,11557,773,11294,701,10988,553,10055,453,8953,321,10790,277
201110,"Residential",-118.17,34.09,1787,48862,9082,13,9554,19,8983,12,7769,3,6218,38,7151,20,363
201120,"Residential",-118.16,34.09,5238,136760,25034,93,26983,70,23198,36,22344,32,18662,41,20236,31,824
201200,"Business",-118.18,34.09,2655,16060,1349,1545,1464,1458,1204,1343,1271,1131,1216,1342,1238,1499,35
201200,"Residential",-118.18,34.09,2655,95283,15581,399,19703,168,16655,135,14614,693,11773,100,14474,988,428
201301,"Business",-118.19,34.09,3678,4698,409,431,417,417,352,368,367,461,339,327,394,416,35
201301,"Residential",-118.19,34.09,3678,105362,20770,781,17138,788,16521,658,17953,1116,13395,644,14970,628,609
201302,"Residential",-118.18,34.1,3642,151857,21552,4401,22533,4112,28150,3164,21808,3346,15614,3870,19075,4232,270
201401,"Business",-118.18,34.08,4738,6437,647,585,675,625,534,560,517,459,398,437,427,573,46
201401,"Government",-118.18,34.08,4738,19795,1634,1966,2436,2104,1733,1854,798,1341,1247,940,1619,2123,20
201401,"Residential",-118.18,34.08,4738,134618,19947,1757,20730,2189,24941,3515,18757,3245,17185,3060,17001,2291,707
201402,"Business",-118.19,34.07,4484,15860,1211,1148,1285,1363,2130,1230,1512,1210,1038,968,1385,1380,64
201402,"Residential",-118.19,34.07,4484,160268,28353,988,31127,1106,27079,1046,24077,1007,20493,1061,22874,1057,1100
201501,"Business",-118.17,34.09,5744,10211,1001,991,874,887,821,867,715,809,747,789,764,946,27
201501,"Residential",-118.17,34.09,5744,162522,29121,398,30500,339,27919,340,24816,205,22941,306,25170,467,1020
201503,"Business",-118.17,34.09,3403,7436,587,613,582,651,647,678,746,665,578,537,552,600,43
201503,"Residential",-118.17,34.09,3403,83003,15293,13,15956,18,14010,68,12993,16,12034,30,12572,0,454
201504,"Residential",-118.17,34.08,2422,65816,11913,112,12617,19,11195,22,10657,24,9521,9,9684,43,418
201600,"Business",-118.17,34.08,5062,141433,8042,10932,12590,14308,12625,12872,9470,11727,10852,11904,11978,14133,164
201600,"Residential",-118.17,34.08,5062,155935,28440,910,29287,889,26272,680,24071,429,21500,493,22326,638,1133
201700,"Business",-118.17,34.07,4438,13712,1236,1198,1236,1282,1005,1388,1039,1103,1007,1033,968,1217,70
201700,"Residential",-118.17,34.07,4438,137872,23334,2065,24125,2186,22451,1908,20610,1306,18328,1418,18743,1398,822
203100,"Business",-118.2,34.06,4893,6664,485,496,534,563,518,581,506,554,540,505,474,908,37
203100,"Residential",-118.2,34.06,4893,160013,23940,109,24748,82,22857,49,20767,45,47612,54,19734,16,346
203200,"Business",-118.2,34.05,4961,11163,795,901,835,867,916,1102,968,953,913,941,998,974,25
203200,"Residential",-118.2,34.05,4961,123197,21797,42,22745,195,20756,14,20794,20,17576,59,19153,46,583
203300,"Business",-118.21,34.06,1295,176028,11221,19623,16715,14987,13881,13098,7969,15273,17617,16688,13467,15489,60
203300,"Government",-118.21,34.06,1295,384178,13719,18154,119591,27222,27295,20036,19015,21363,30324,32655,26237,28567,53
203300,"Residential",-118.21,34.06,1295,14326,2651,23,2517,27,2368,20,2430,22,2061,57,2128,22,62
203500,"Business",-118.22,34.05,3993,79459,7703,7200,8058,6432,6848,5884,5555,5104,5308,7039,7025,7303,83
203500,"Government",-118.22,34.05,3993,24362,2031,2171,2916,1688,1891,1944,1683,1788,1830,2739,640,3041,18
203500,"Residential",-118.22,34.05,3993,86614,717,15042,723,14842,828,14906,656,12115,457,12124,511,13693,431
203600,"Business",-118.21,34.05,6554,24803,2419,2402,2704,2445,2546,1748,2991,1983,1780,1234,1228,1323,58
203600,"Government",-118.21,34.05,6554,9826,746,1174,1127,1033,839,595,528,627,696,547,1003,911,15
203600,"Residential",-118.21,34.05,6554,135274,374,23555,318,24262,224,22904,235,21612,277,19277,176,22060,594
203710,"Business",-118.2,34.05,3473,10326,852,834,806,790,873,840,906,873,839,858,955,900,17
203710,"Residential",-118.2,34.05,3473,78496,14011,44,14199,12,12998,15,12793,3,11404,24,12944,49,347
203720,"Business",-118.2,34.05,4344,14161,1085,1180,1083,1289,1146,1313,1289,1216,1186,1185,995,1194,43
203720,"Residential",-118.2,34.05,4344,93280,16464,114,16916,62,16027,102,15607,56,13599,48,14188,97,373
203800,"Business",-118.2,34.05,4898,7993,660,646,636,666,679,703,706,703,639,631,632,692,26
203800,"Residential",-118.2,34.05,4898,117579,20953,663,20662,779,19398,860,19004,621,16289,627,17086,637,684
203900,"Business",-118.19,34.03,3076,27503,2339,2555,2411,2368,2197,2695,2227,2136,2041,2126,2116,2292,43
203900,"Residential",-118.19,34.03,3076,73506,13549,101,13118,8,12355,2,12151,15,10884,25,11290,8,450
204110,"Business",-118.2,34.04,3117,4772,433,641,564,587,422,460,262,258,240,246,245,414,27
204110,"Residential",-118.2,34.04,3117,74981,13646,65,13275,6,13337,0,12588,0,10777,75,11153,59,452
204120,"Residential",-118.2,34.03,2769,65816,12205,18,12087,66,11471,33,11212,113,9034,133,9444,0,384
204200,"Business",-118.21,34.04,3280,15945,1362,1430,1259,1486,1289,1548,1324,1194,1154,1221,1250,1428,50
204200,"Residential",-118.21,34.04,3280,78483,13298,151,13663,80,13767,57,13051,46,11884,50,12369,67,310
204300,"Business",-118.21,34.04,4995,26842,2181,2218,2260,2230,2008,2243,1450,1452,1686,4895,2150,2069,68
204300,"Government",-118.21,34.04,4995,23369,2370,3081,2086,2381,1540,1065,1338,1658,970,3864,1341,1675,20
204300,"Residential",-118.21,34.04,4995,117317,20216,531,19887,637,20501,752,19266,331,16599,421,17682,494,566
204410,"Business",-118.21,34.05,2490,6746,608,644,600,528,596,595,557,536,464,529,536,553,30
204410,"Residential",-118.21,34.05,2490,56868,0,9936,26,10282,0,9251,0,9268,9,8689,0,9407,207
204420,"Business",-118.21,34.05,3764,19522,1512,1578,1616,1467,1629,1979,1571,1678,1428,1684,1648,1732,59
204420,"Residential",-118.21,34.05,3764,73643,445,12643,440,12834,441,12627,327,11181,310,10587,339,11469,197
204600,"Business",-118.22,34.04,4083,15658,1491,1524,1553,1459,1284,1757,1053,1064,1023,1089,1181,1180,47
204600,"Residential",-118.22,34.04,4083,98026,66,17356,9,17258,2,17795,9,14647,5,14949,8,15922,424
204700,"Business",-118.21,34.03,4965,29421,2276,2613,2606,2757,2474,2793,2524,2339,2064,2172,2156,2647,83
204700,"Government",-118.21,34.03,4965,14999,994,1009,933,1274,1190,1417,546,676,544,4310,882,1224,23
204700,"Residential",-118.21,34.03,4965,126127,22418,104,22863,79,21709,57,21741,246,18270,182,18428,30,745
204810,"Business",-118.2,34.03,4451,25886,2427,2133,2084,2335,2265,2426,2036,2029,1678,1952,2701,1820,38
204810,"Residential",-118.2,34.03,4451,107414,19143,29,19584,386,18640,59,18021,50,14969,41,16468,24,586
204820,"Residential",-118.21,34.02,2187,59913,10419,45,11932,60,10660,20,9652,81,8258,3,8783,0,352
204910,"Business",-118.2,34.03,3223,8063,665,687,682,762,630,727,625,583,586,629,673,814,42
204910,"Residential",-118.2,34.03,3223,83543,14840,122,15383,26,14855,0,13745,1,11594,0,12977,0,347
204920,"Business",-118.2,34.02,2637,93925,11238,8834,8590,8552,7358,6986,6355,6698,7194,6794,7848,7478,163
204920,"Residential",-118.2,34.02,2637,66786,12275,62,12396,49,11877,46,11036,50,8944,9,9997,45,423
205120,"Business",-118.21,34.02,3880,131724,9715,10963,8895,10174,9400,10526,18089,9721,12465,10473,9762,11541,408
205120,"Residential",-118.21,34.02,3880,38284,5802,1022,6901,1078,5596,1351,5419,730,4457,591,4634,703,161
206010,"Business",-118.23,34.07,3276,37921,4719,2751,3343,3168,3039,2713,3768,3139,2656,2767,2829,3029,107
206010,"Residential",-118.23,34.07,3276,41387,143,7319,81,7273,85,7082,137,6393,112,6205,100,6457,134
206020,"Business",-118.23,34.06,10852,10678,902,1010,1147,1108,968,558,827,741,821,734,878,984,46
206030,"Business",-118.22,34.05,955,35429,2403,2177,2559,2171,2078,2013,2013,2189,11999,1775,2056,1996,67
206030,"Residential",-118.22,34.05,955,14168,27,2374,47,2395,44,2385,39,2380,7,2166,22,2282,33
206040,"Business",-118.22,34.05,3445,58914,6045,4374,4779,4520,4848,4855,4760,4826,4142,4124,6756,4885,199
206040,"Residential",-118.22,34.05,3445,47860,0,8328,3,8912,63,7921,5,8058,3,6707,3,7857,203
206050,"Business",-118.23,34.03,2488,339225,35116,26434,27499,27064,20339,26067,23897,25938,27640,29696,41317,28218,897
206050,"Government",-118.23,34.03,2488,6332,675,500,485,519,306,491,445,259,333,281,1162,876,27
206050,"Residential",-118.23,34.03,2488,53977,456,13210,326,8445,183,8161,328,7097,269,7083,276,8143,65
206200,"Business",-118.24,34.05,3477,225653,20141,20620,28135,18950,20076,16185,15783,115,33269,15278,18355,18746,356
206200,"Residential",-118.24,34.05,3477,46456,7670,3156,4700,5125,1380,3087,893,0,3789,2735,10513,3408,19
206300,"Business",-118.24,34.04,4995,194454,24090,16192,17329,17222,13300,17272,16222,4585,27024,13216,13702,14300,285
206300,"Residential",-118.24,34.04,4995,42234,1597,2521,1439,5601,1218,3131,2052,852,8886,5899,6254,2784,24
207100,"Business",-118.24,34.06,5753,289142,21473,23450,23213,21736,23910,33917,21645,17454,31851,22047,23153,25293,347
207100,"Government",-118.24,34.06,5753,64038,4369,3498,4473,14646,2076,1264,996,939,2833,11882,8233,8829,48
207100,"Residential",-118.24,34.06,5753,171258,2203,26271,2418,27417,2336,28371,1915,13258,14141,24381,1925,26622,251
207300,"Business",-118.25,34.05,3739,391627,33181,30508,32920,36987,840,69107,517,29956,56141,32090,30444,38936,466
207300,"Government",-118.25,34.05,3739,61212,5499,8528,6531,7723,442,8640,460,3353,8275,3291,3867,4603,26
207300,"Residential",-118.25,34.05,3739,107114,6785,8254,7712,15362,165,16912,121,6034,14748,13679,6818,10524,40
207400,"Business",-118.24,34.05,1237,47839,4898,4420,5550,4248,940,6869,597,2726,5312,2975,4291,5013,40
207400,"Government",-118.24,34.05,1237,445867,47628,39554,41954,33914,24234,22765,14474,4949,123433,30155,28139,34668,82
207500,"Business",-118.25,34.06,4098,330918,22769,19914,37122,15860,2709,81642,2769,18776,30896,54266,17597,26598,45
207500,"Government",-118.25,34.06,4098,10875,735,759,802,1296,242,2292,112,775,1638,712,717,795,15
207500,"Residential",-118.25,34.06,4098,138882,9725,15010,9786,15930,6660,13646,7532,1847,19919,13094,5108,20625,19
207710,"Business",-118.26,34.05,1229,283412,20985,18968,36266,24100,319,44496,753,21284,47524,21893,26421,20403,137
207710,"Government",-118.26,34.05,1229,17141,1756,1804,2008,2092,0,1723,864,925,1582,1683,184,2520,18
207900,"Business",-118.26,34.04,1993,191449,14952,13898,15332,21341,8,15785,13076,22352,12822,27822,434,33627,420
207900,"Residential",-118.26,34.04,1993,73993,6235,7268,7420,6880,0,5760,5788,4064,10131,9464,924,10059,22
208000,"Business",-118.26,34.06,4253,27844,3175,2341,3465,2650,27,2939,2126,1972,1770,2429,0,4950,39
208000,"Government",-118.26,34.06,4253,8383,952,623,641,542,0,1168,511,542,548,1154,0,1702,15
208000,"Residential",-118.26,34.06,4253,113016,645,15669,669,19941,7,705,20032,605,17176,17512,55,20000,292
208300,"Business",-118.26,34.06,6893,22155,2339,1880,2190,1830,0,2357,1268,2080,1755,3114,116,3226,82
208300,"Government",-118.26,34.06,6893,9959,851,635,896,873,0,806,496,777,744,1443,0,2438,19
208300,"Residential",-118.26,34.06,6893,221314,5053,35868,5223,32789,3,5070,33696,4638,27565,37330,263,33816,362
208400,"Business",-118.27,34.07,5958,30372,2897,2533,2799,2696,951,2658,2689,2242,2121,3547,1556,3683,74
208400,"Residential",-118.27,34.07,5958,179223,12417,20015,12092,19623,9450,5256,24206,3640,23398,21431,8629,19066,320
208500,"Business",-118.27,34.07,6418,83701,6538,8605,6004,8814,6656,7680,6887,6738,6289,6629,6507,6354,82
208500,"Residential",-118.27,34.07,6418,170722,27335,2704,26102,2724,27032,2599,27282,2241,24246,2406,23642,2409,353
208610,"Business",-118.28,34.07,4354,21452,1810,1748,1764,1834,1679,1996,1704,1820,1639,1808,1800,1850,44
208610,"Residential",-118.28,34.07,4354,115550,18338,1478,18157,1745,19013,1709,17710,1454,15785,1461,17101,1599,300
208620,"Business",-118.28,34.07,4734,26066,2118,2083,1942,2215,2053,2554,2351,2314,2086,2248,1908,2194,37
208620,"Residential",-118.28,34.07,4734,88515,13731,771,14301,1677,13881,1339,14051,1193,12510,1212,12425,1424,246
208710,"Residential",-118.28,34.07,4451,92833,10913,4482,10200,7035,10901,5486,11082,4844,9487,4379,9373,4651,52
208720,"Business",-118.28,34.06,3609,38910,2249,2053,2015,2120,1918,2356,5932,4234,3748,3914,3983,4388,18
208720,"Residential",-118.28,34.06,3609,125726,19138,2967,18091,3041,18716,3264,18160,3004,16230,3135,16476,3504,97
208800,"Business",-118.28,34.06,6450,59782,5537,4428,4348,6062,4496,8719,4048,3508,3302,6836,3687,4811,77
208800,"Government",-118.28,34.06,6450,65238,9540,12282,7652,7425,7428,3878,1138,2854,1363,3910,3118,4650,15
208800,"Residential",-118.28,34.06,6450,201973,26185,8564,22846,9853,26681,9297,25754,8777,23489,8591,23076,8860,163
208902,"Business",-118.27,34.06,2344,42471,7183,2754,3279,4696,390,4038,3369,3145,2946,3300,3521,3850,60
208902,"Residential",-118.27,34.06,2344,67547,11698,6999,4507,7302,401,4383,7699,3739,6331,4132,6452,3904,25
208903,"Business",-118.27,34.06,4125,47131,4407,3712,3444,4693,3564,4552,3502,3462,3222,3799,4683,4091,52
208903,"Residential",-118.27,34.06,4125,124994,16824,9017,10570,10831,9190,6700,15569,5874,13835,5642,14890,6052,46
208904,"Business",-118.27,34.06,3709,32721,5991,2342,2738,2559,0,2895,2799,2670,2598,2647,2727,2755,18
208904,"Residential",-118.27,34.06,3709,119551,18262,18531,4989,17467,0,4984,16175,4025,13701,4042,13751,3624,72
209101,"Business",-118.27,34.06,6800,12689,2146,957,1069,1071,0,1193,1179,925,925,1106,890,1228,15
209101,"Residential",-118.27,34.06,6800,236334,23444,22849,4292,20854,0,5227,20635,3501,17091,97614,16089,4738,105
209102,"Business",-118.27,34.06,4677,69580,7529,6694,6331,6214,0,6113,5372,4790,5239,8191,606,12501,57
209102,"Residential",-118.27,34.06,4677,150066,23229,20428,5560,20262,0,5547,20784,5045,18451,5470,19524,5766,75
209200,"Business",-118.26,34.06,1467,90732,11791,8227,10608,8011,7,9111,5433,6287,7994,9979,3668,9616,90
209200,"Residential",-118.26,34.06,1467,124490,8342,15491,5629,15703,0,5272,19224,4303,14949,15612,3000,16965,47
209300,"Business",-118.27,34.05,3100,68359,12857,4970,8322,6053,1091,6648,5153,4020,3674,5315,4738,5518,65
209300,"Residential",-118.27,34.05,3100,156178,25620,18286,9017,17213,0,10583,17434,9454,15517,9155,16401,7498,129
209401,"Business",-118.28,34.06,3967,37059,3446,3052,2922,3348,3088,3239,3036,3052,2878,2958,2836,3204,61
209401,"Residential",-118.28,34.06,3967,100058,14287,3293,13656,3518,14250,3641,14007,3275,12050,3074,11702,3305,72
209402,"Business",-118.28,34.05,3398,35049,4248,3011,2743,3046,1949,3324,3335,2872,2607,2534,2740,2640,65
209402,"Residential",-118.28,34.05,3398,119846,17335,6369,14586,6586,14188,3576,17534,3118,14985,3167,14861,3541,48
209403,"Business",-118.27,34.05,3480,26701,4674,2268,2336,2158,0,2670,2394,2141,2246,1936,1981,1897,27
209403,"Residential",-118.27,34.05,3480,110872,19161,13096,5637,12991,0,5902,14584,4876,12782,5047,12004,4792,54
209510,"Business",-118.28,34.05,2681,15758,950,1374,1235,1501,1339,1588,1314,1180,1446,1295,1181,1355,32
209510,"Residential",-118.28,34.05,2681,67896,10155,1574,9641,1622,9855,1425,10387,1513,9350,1585,9145,1644,68
209520,"Business",-118.28,34.05,2772,42465,7433,3347,2746,2691,377,2962,2581,4717,5551,3129,3567,3364,34
209520,"Residential",-118.28,34.05,2772,86963,14105,10474,4813,10346,2560,2722,12592,2212,11052,2293,11523,2271,79
209810,"Business",-118.28,34.05,2585,35657,2697,3150,2641,3206,2592,2803,2528,3896,3247,2839,2928,3130,28
209810,"Residential",-118.28,34.05,2585,47825,6088,1861,6307,1963,5886,1441,6123,2167,6890,1498,6294,1307,68
209820,"Business",-118.28,34.05,2708,7981,742,872,753,822,613,882,631,518,531,565,487,565,24
209820,"Residential",-118.28,34.05,2708,79393,13109,11579,2259,12237,1876,832,13033,602,11851,574,10715,726,192
210010,"Business",-118.27,34.05,3607,16229,2809,1170,1528,1250,17,1913,1228,1170,1176,1370,1344,1254,56
210010,"Residential",-118.27,34.05,3607,81054,13948,11863,2255,11430,0,2396,11764,2052,10132,2102,10819,2293,108
211000,"Business",-118.33,34.07,4309,120320,14484,14110,14527,11695,7411,7008,5627,5048,5002,8096,10662,16650,128
211000,"Residential",-118.33,34.07,4309,474162,91892,4095,98862,4294,83368,3214,61144,2660,43712,2820,74251,3850,1394
211110,"Business",-118.29,34.07,5779,55268,5104,5074,4880,6000,4761,6002,5768,3476,3133,3736,3267,4067,89
211110,"Residential",-118.29,34.07,5779,161472,22870,4931,20115,8095,21602,5251,21338,6664,18132,4591,19850,8033,201
211120,"Business",-118.29,34.07,5116,67710,5330,5877,5480,5455,4729,5409,6663,3835,3783,9840,5689,5620,54
211120,"Residential",-118.29,34.07,5116,149857,19074,8658,18524,8796,18481,6699,23599,6085,13870,6154,13660,6257,105
211200,"Business",-118.3,34.07,6312,25455,2104,2529,2521,2758,2536,2701,1822,1793,1544,1834,1610,1703,38
211200,"Residential",-118.3,34.07,6312,171049,27340,2508,27619,2951,28185,2335,25918,2160,24875,1778,23721,1659,323
211310,"Business",-118.3,34.07,4197,4802,412,466,443,271,267,288,321,883,317,374,372,388,16
211310,"Residential",-118.3,34.07,4197,116570,17844,2425,18296,1971,17763,1811,18050,1725,15970,1812,17043,1860,135
211320,"Business",-118.29,34.07,3654,14185,1059,1383,973,1120,1605,1304,1272,1141,1000,1183,1014,1131,28
211320,"Residential",-118.29,34.07,3654,102513,15402,1319,16212,1242,17071,1458,15413,1605,14684,1461,15262,1384,133
211410,"Business",-118.31,34.07,3470,27157,2210,2294,1944,2269,2409,2326,2426,2307,2083,2461,2195,2233,48
211410,"Residential",-118.31,34.07,3470,97172,16103,1276,15751,1312,15645,1187,15042,1112,13368,1336,13788,1252,180
211420,"Business",-118.3,34.07,4117,18366,1139,1225,1438,1346,3135,1448,1527,1522,1385,1504,1357,1340,30
211420,"Residential",-118.3,34.07,4117,116503,18675,1190,19999,1060,19278,1193,18897,1193,15881,1045,17188,904,339
211500,"Business",-118.31,34.07,4631,9553,621,737,2048,745,698,769,643,658,607,664,627,736,45
211500,"Residential",-118.31,34.07,4631,242794,45535,1504,45942,1403,42898,1496,35828,1472,27455,1448,36384,1429,757
211701,"Business",-118.32,34.07,3054,21775,1945,2089,2312,2121,2076,1609,1498,1847,1267,1734,1587,1690,44
211701,"Residential",-118.32,34.07,3054,177754,31617,2169,33591,2260,29966,1966,25107,2243,19666,1989,25664,1516,344
211702,"Business",-118.31,34.07,8278,41559,3322,3437,4336,3939,3750,3746,3180,3451,2739,3148,3078,3433,64
211702,"Residential",-118.31,34.07,8278,268573,33740,7985,33727,7905,50787,9300,33254,9492,32887,8235,32392,8869,212
211801,"Business",-118.3,34.07,7229,19204,1681,1670,1560,1662,1539,1805,1555,1434,1316,1573,1451,1958,38
211801,"Residential",-118.3,34.07,7229,250144,31340,11719,30587,11831,29785,10812,36724,11465,26594,10813,28213,10261,161
211802,"Business",-118.3,34.06,4529,86747,8684,9205,8185,10661,8071,6629,6906,5701,5223,6059,5587,5836,77
211802,"Residential",-118.3,34.06,4529,156325,19102,5306,19641,5821,21355,5827,19253,5826,18772,5995,23189,6238,89
211910,"Residential",-118.3,34.07,4954,160320,21372,4665,25728,4905,20809,4275,21656,4721,21953,5222,19901,5113,100
211920,"Business",-118.29,34.07,6380,16951,1476,1432,1411,1378,1520,1556,1487,1532,1023,1454,1473,1209,19
211920,"Residential",-118.29,34.07,6380,205935,24293,9965,27001,10068,24847,8267,25973,11703,20406,10986,22459,9967,105
212100,"Business",-118.3,34.06,5321,76756,6778,7967,6932,7334,6492,6607,6044,5233,4719,7431,5388,5831,83
212100,"Residential",-118.3,34.06,5321,172712,22113,7537,21471,7855,21465,7142,22763,7396,19490,7684,20511,7285,104
212202,"Business",-118.29,34.06,4111,16928,1456,1332,1311,1584,1424,1754,1439,1412,1375,1270,1261,1310,30
212202,"Residential",-118.29,34.06,4111,81468,12824,1078,12930,1149,12943,700,12510,586,11180,590,14015,963,110
212203,"Business",-118.29,34.06,2876,15279,1112,1129,1087,1459,1320,1737,1030,1527,1154,1192,1230,1302,20
212203,"Residential",-118.29,34.06,2876,74714,9207,3453,9381,3458,8871,2727,11998,2349,8351,2631,8469,3819,45
212204,"Business",-118.29,34.06,3397,16372,1409,1449,1401,1594,1468,1565,1160,1169,1177,1017,1391,1572,36
212204,"Residential",-118.29,34.06,3397,87964,12506,1998,12409,2695,12502,2805,13043,2231,12142,2098,11149,2386,71
212303,"Business",-118.29,34.06,3154,69895,6141,5944,5545,7567,683,7469,528,6729,14986,4386,5277,4640,62
212303,"Residential",-118.29,34.06,3154,88705,4704,10826,5144,11405,734,15055,633,3761,12898,9773,4155,9617,48
212304,"Business",-118.3,34.06,2285,42520,4664,3918,3917,3783,3609,2987,3448,0,6850,3103,2760,3481,22
212304,"Residential",-118.3,34.06,2285,53889,2349,6811,2744,6590,2452,6408,1997,0,9257,5730,2429,7122,33
212305,"Residential",-118.3,34.06,3201,95724,2408,13985,2232,14488,497,15418,410,1462,14863,15128,1585,13248,111
212306,"Business",-118.29,34.06,3666,23137,2040,1914,2048,1836,0,4301,0,1919,3518,1743,1932,1886,41
212306,"Residential",-118.29,34.06,3666,91398,1427,13791,1548,14709,0,15286,29,1691,14221,13766,1332,13598,114
212410,"Business",-118.3,34.06,4264,50000,5218,5052,4914,3915,4038,3531,2966,0,10347,3214,3489,3316,26
212410,"Residential",-118.3,34.06,4264,126602,6022,10756,23750,10968,7251,10611,4948,0,15317,9256,15287,12436,48
212420,"Business",-118.3,34.06,3778,20659,1919,1579,1856,1654,1890,1676,1696,0,3465,1603,1635,1686,16
212420,"Residential",-118.3,34.06,3778,78979,1844,12117,1852,12663,2039,11546,1416,0,12922,10305,1406,10869,114
212500,"Business",-118.31,34.06,6125,111557,9326,8742,9933,9005,8264,7850,9040,96,15725,7775,12684,13117,89
212500,"Residential",-118.31,34.06,6125,164695,6057,28937,6333,21924,6266,21565,5063,0,24018,19064,5430,20038,148
212610,"Business",-118.31,34.06,4144,27959,2542,2398,2101,2057,2214,2158,1906,1938,3985,2205,2297,2158,32
212610,"Residential",-118.31,34.06,4144,120739,907,20302,897,20348,805,20870,845,17878,837,17350,812,18888,244
212620,"Business",-118.31,34.06,4999,29602,1303,1080,1072,1018,1135,3980,1406,1393,9809,2098,3239,2069,25
212620,"Residential",-118.31,34.06,4999,148482,3962,21438,3789,22503,4189,22319,3706,19156,3290,19940,3588,20602,228
212700,"Business",-118.32,34.06,6455,74984,6536,6748,7313,6862,7236,6253,4571,6563,4694,5136,7099,5973,118
212700,"Residential",-118.32,34.06,6455,277132,1592,51432,1815,51045,1541,45561,1190,35259,1377,36977,1353,47990,1004
212800,"Business",-118.33,34.05,4914,15382,1119,1259,1337,1241,1415,1246,1371,1234,1176,1268,1407,1309,55
212800,"Residential",-118.33,34.05,4914,137655,224,24939,302,26581,168,21902,131,19696,170,19478,90,23974,725
212900,"Business",-118.32,34.05,4407,12084,1036,954,1089,965,1267,1262,1022,852,927,889,940,881,37
212900,"Residential",-118.32,34.05,4407,133351,2374,21342,2411,21576,2460,19857,2140,19293,2116,18755,2017,19010,267
213100,"Business",-118.31,34.05,2643,54601,5062,4572,4850,4707,5073,4477,4196,4092,4207,4220,4578,4567,80
213100,"Residential",-118.31,34.05,2643,100333,1822,17007,1709,16449,1824,15360,1673,12545,1538,13025,1745,15636,325
213201,"Business",-118.3,34.05,3855,29749,2708,2536,2639,2318,2658,2365,2591,0,4442,2437,2477,2578,56
213201,"Residential",-118.3,34.05,3855,111989,1716,16612,1591,18021,1737,16763,1671,23,19575,16021,1637,16622,198
213202,"Business",-118.3,34.05,4125,16703,1511,1369,1382,1245,1425,1290,1415,0,2662,1452,1400,1552,36
213202,"Residential",-118.3,34.05,4125,105867,1024,15105,802,16967,839,15293,777,21,18742,19725,616,15956,339
213310,"Business",-118.3,34.05,3550,21969,1676,1755,2104,1711,3,3933,6,1739,3606,1766,1802,1868,48
213310,"Residential",-118.3,34.05,3550,85555,157,14456,190,14903,12,15400,109,114,13633,12539,114,13928,289
213320,"Business",-118.29,34.05,2743,30320,2915,2363,2747,2271,0,5181,3,2741,4781,2228,2576,2514,50
213320,"Residential",-118.29,34.05,2743,70997,1034,11544,1015,11492,0,12438,6,924,11054,9672,1059,10759,209
213401,"Business",-118.29,34.05,5623,25516,2287,2269,2055,2103,1988,2209,2174,2088,2410,2006,1934,1993,32
213401,"Residential",-118.29,34.05,5623,159872,24788,3418,23890,3999,24064,3608,24097,3023,22122,3047,20749,3067,116
213402,"Business",-118.29,34.05,5318,23347,2107,2066,1879,2248,1836,2227,1961,1904,1700,1798,1692,1929,36
213402,"Residential",-118.29,34.05,5318,135626,21719,2013,21734,2186,21208,1854,21312,1956,18846,1977,18891,1930,184
214000,"Business",-118.35,34.08,3734,44772,3401,3549,3840,3471,6035,3743,3391,3467,3321,3158,3232,4164,144
214000,"Residential",-118.35,34.08,3734,198382,1336,36260,1112,36316,139,35336,13,26767,88,27907,47,33061,945
214100,"Business",-118.34,34.07,3806,14887,1509,1490,1567,1229,1209,1103,1240,973,972,1326,1039,1230,55
214100,"Residential",-118.34,34.07,3806,265038,50589,580,53074,778,47482,539,39127,484,30286,564,40881,654,889
214400,"Business",-118.36,34.08,2950,20274,2024,1683,1651,1786,1863,2020,1734,1544,1407,1265,1735,1562,64
214400,"Residential",-118.36,34.08,2950,112684,711,17707,936,17948,1052,20749,1209,15955,1243,16962,1077,17135,362
214500,"Business",-118.35,34.07,8569,94675,9249,10082,10099,9189,6651,8727,7171,7676,5359,6438,3614,10420,52
214500,"Residential",-118.35,34.07,8569,411503,20741,35222,34994,30052,26354,45472,46164,29544,30365,30672,45021,36902,135
214600,"Business",-118.37,34.07,2527,59031,5140,4767,5057,4786,4905,5327,4526,4610,4529,4535,5411,5438,140
214600,"Residential",-118.37,34.07,2527,113615,294,21098,321,21256,287,19556,350,15753,279,15642,380,18399,517
214700,"Business",-118.37,34.07,2484,29632,2396,2758,3633,3229,2442,2586,2097,1956,1943,2112,2128,2352,61
214700,"Residential",-118.37,34.07,2484,118792,169,21639,151,22594,32,20913,60,16671,28,16233,53,20249,655
214800,"Business",-118.37,34.07,2544,58180,5557,5281,4813,5176,4216,4973,4790,4194,4390,4552,5101,5137,131
214800,"Residential",-118.37,34.07,2544,112567,373,20065,356,20224,278,21077,211,16113,236,15320,278,18036,494
214900,"Business",-118.38,34.07,5829,298265,26936,23791,28824,30679,24816,25415,17682,22688,27463,20112,23312,26547,147
214900,"Residential",-118.38,34.07,5829,243208,8895,34479,5869,34419,5651,37311,5410,31665,5807,31453,8033,34216,546
215100,"Business",-118.35,34.06,5630,51515,5321,3951,3824,5716,4612,4668,4251,4224,3607,3820,3724,3797,90
215100,"Government",-118.35,34.06,5630,45760,4747,5415,5674,4767,3138,3933,2354,1665,1841,3791,3633,4802,16
215100,"Residential",-118.35,34.06,5630,195141,6533,25153,6017,27784,6906,28410,5556,25166,4864,23374,10003,25375,264
216100,"Residential",-118.34,34.06,2420,128298,172,25352,192,24502,187,20769,99,17029,105,16471,123,23297,677
216200,"Business",-118.35,34.06,4324,50518,4427,4722,4414,4062,4748,5202,3734,3775,3686,3815,4742,3191,117
216200,"Residential",-118.35,34.06,4324,193837,2085,33820,2063,34035,1976,32880,1963,26192,1732,25401,1665,30025,807
216300,"Business",-118.36,34.06,4653,136975,11176,18695,12900,12319,10259,9347,10312,7797,10217,8998,16039,8916,116
216300,"Government",-118.36,34.06,4653,6790,527,579,591,671,624,634,359,317,291,968,620,609,24
216300,"Residential",-118.36,34.06,4653,228565,2786,40125,3020,42290,2546,36579,2853,29198,2614,28396,2483,35675,997
216400,"Business",-118.38,34.06,6774,35691,3312,2611,3261,2924,2795,3110,2543,3174,2639,2556,3592,3174,119
216400,"Residential",-118.38,34.06,6774,247452,1270,41200,1275,41926,1288,42035,1454,39457,1168,36039,1137,39203,642
216700,"Business",-118.37,34.05,3910,24768,2098,1988,2260,2168,2067,2158,2229,2031,1762,1883,1928,2196,77
216700,"Residential",-118.37,34.05,3910,138957,318,25562,247,26440,241,23298,279,20777,198,18064,273,23260,719
216800,"Business",-118.37,34.06,3576,8015,744,620,626,597,668,741,633,803,613,645,662,663,60
216800,"Residential",-118.37,34.06,3576,152908,26,29251,107,28638,11,27411,22,21124,112,19414,57,26735,737
216900,"Business",-118.36,34.05,5382,32705,2900,2915,3075,3296,2733,2843,2653,2476,2415,2070,2721,2608,99
216900,"Residential",-118.36,34.05,5382,211352,198,40547,515,40076,205,36117,73,30816,41,27499,166,35099,1219
217000,"Business",-118.38,34.05,6726,63256,5448,4943,5333,5160,5339,5345,5278,5201,4488,5416,4836,6469,217
217000,"Residential",-118.38,34.05,6726,261992,540,47503,493,48077,480,45559,434,39743,439,35325,495,42904,1250
217100,"Business",-118.35,34.05,6036,22304,1889,1890,2170,1940,1946,2117,1913,1896,1686,1623,1613,1621,103
217100,"Residential",-118.35,34.05,6036,193451,387,35606,332,35708,376,32604,3025,28143,403,25725,496,30646,1016
217200,"Business",-118.34,34.05,3950,58598,5229,4784,4972,4498,5370,4890,4562,4778,4609,4575,4518,5813,131
217200,"Government",-118.34,34.05,3950,6849,665,623,612,508,497,477,435,862,592,487,498,593,19
217200,"Residential",-118.34,34.05,3950,139711,2,25669,125,25544,11,23754,17,22064,14,19192,56,23263,685
218110,"Business",-118.33,34.04,3385,20056,1858,1480,1778,1788,2044,1610,1497,1635,1763,1602,1532,1469,49
218110,"Residential",-118.33,34.04,3385,98330,31,18730,19,17330,21,16928,27,14407,18,14588,10,16221,419
218120,"Business",-118.32,34.04,4588,14483,1249,1142,1214,1166,1328,1086,1079,1195,1178,1188,1333,1325,50
218120,"Residential",-118.32,34.04,4588,126172,334,20770,308,20184,296,19815,232,17619,242,17864,9635,18873,425
218210,"Business",-118.34,34.04,4434,11646,1079,773,919,994,1035,1054,943,1452,898,776,872,851,26
218210,"Residential",-118.34,34.04,4434,117242,1,21070,64,20730,42,19737,25,18985,22,16563,33,19970,424
218220,"Residential",-118.34,34.04,4469,155001,527,28239,587,29058,491,25044,546,23218,544,20262,539,25946,647
218300,"Business",-118.35,34.04,5569,19870,1709,1641,1659,1595,1703,1716,1544,1747,1763,1535,1490,1768,108
218300,"Residential",-118.35,34.04,5569,170499,1305,30895,289,31151,230,28376,312,26146,290,23528,283,27694,874
218400,"Business",-118.36,34.04,5880,17905,1916,1658,1589,1618,1677,1527,1408,1354,1152,1320,1311,1375,92
218400,"Residential",-118.36,34.04,5880,164087,96,30399,213,29493,59,27643,52,26213,93,23750,18,26058,887
218500,"Business",-118.35,34.04,3253,22167,1926,1704,2228,1826,1838,1934,1787,1873,1636,1628,1800,1987,68
218500,"Residential",-118.35,34.04,3253,97002,76,17879,15,17680,7,16383,42,15129,4,13733,4,16050,547
218600,"Business",-118.34,34.04,3742,25097,2212,1979,2099,2145,1983,2173,2059,2220,1971,1866,2004,2386,56
218600,"Residential",-118.34,34.04,3742,132616,76,24268,216,23809,78,20962,3,21483,12,19665,38,22006,754
218700,"Business",-118.33,34.04,4255,16394,1500,1412,1606,1403,1593,1325,1268,1266,1181,1065,1419,1356,57
218700,"Residential",-118.33,34.04,4255,147852,216,27324,108,27711,100,23750,69,22390,34,19014,82,27054,610
218800,"Business",-118.32,34.04,2821,7574,887,639,616,634,708,572,522,564,475,198,1156,603,29
218800,"Residential",-118.32,34.04,2821,80040,15,15287,23,14337,89,13221,30,12312,19,7168,88,17451,322
218900,"Business",-118.32,34.03,5432,16921,1592,1514,1616,1404,1584,1313,1322,1077,1142,1269,1597,1491,24
218900,"Residential",-118.32,34.03,5432,179480,1098,30686,1284,32227,1045,28477,1135,27258,969,25012,1334,28955,537
219010,"Business",-118.32,34.03,2602,1470,160,157,224,141,99,93,106,124,85,89,93,99,21
219010,"Residential",-118.32,34.03,2602,77917,32,14679,129,15700,193,12179,39,11377,25,10654,40,12870,519
219020,"Business",-118.32,34.02,4362,8593,645,781,730,674,755,706,737,763,639,656,779,728,48
219020,"Residential",-118.32,34.02,4362,120471,226,22201,28,21986,53,21107,9,18223,23,16485,8,20122,906
219300,"Business",-118.33,34.03,3489,71224,1369,1427,1582,1574,1453,28806,6055,5855,5979,5676,5873,5575,80
219300,"Residential",-118.33,34.03,3489,113877,63,19676,191,19760,79,20081,67,18283,65,17214,48,18350,572
219500,"Business",-118.34,34.02,1703,7438,428,1225,661,715,724,511,497,410,622,439,696,510,16
219500,"Residential",-118.34,34.02,1703,66415,36,12947,37,12927,52,10702,20,9822,27,8770,24,11051,618
219700,"Business",-118.35,34.03,3164,18879,1566,2892,1704,1413,1329,1366,1341,1301,1237,1440,1534,1756,139
219700,"Government",-118.35,34.03,3164,16691,2094,3888,2212,820,799,939,969,685,991,1624,892,778,16
219700,"Residential",-118.35,34.03,3164,94871,62,17519,35,15923,9,16500,22,16198,9,13189,6,15399,675
219800,"Business",-118.36,34.03,4783,20908,1582,1356,1531,1342,1802,1649,1648,1626,1470,3440,1704,1758,65
219800,"Residential",-118.36,34.03,4783,128246,33,23258,21,22063,30,21086,0,22108,41,18808,23,20775,613
219900,"Business",-118.36,34.03,5993,27451,3619,3592,2855,2099,1851,1483,1564,1920,2110,1912,2392,2054,96
219900,"Residential",-118.36,34.03,5993,166653,242,30442,185,29743,92,27732,63,26687,88,24300,340,26739,989
220000,"Business",-118.34,34.03,5165,29532,2423,2566,2850,2499,2737,2340,2311,2166,2071,2538,2205,2826,141
220000,"Residential",-118.34,34.03,5165,163124,633,29855,124,28745,125,28194,90,25413,118,23502,162,26163,1041
220100,"Business",-118.36,34.02,2387,30183,2728,2366,2771,2868,3433,2815,1990,2052,2273,1970,2366,2551,52
220100,"Residential",-118.36,34.02,2387,101420,1568,18929,1511,18182,1546,15694,1549,12594,1207,11670,1305,15665,473
221110,"Business",-118.29,34.05,3819,16368,1202,1636,1506,1268,1084,1608,1440,1400,1248,1385,1315,1276,42
221110,"Residential",-118.29,34.05,3819,105266,15589,942,16321,1055,15228,821,15237,661,23529,765,14359,759,194
221120,"Business",-118.29,34.04,3375,13320,1030,1169,1124,1304,1115,1145,1020,996,1032,1158,1036,1191,49
221120,"Residential",-118.29,34.04,3375,85232,14426,95,15158,0,14659,15,14811,0,12466,45,13550,7,240
221210,"Business",-118.3,34.04,3269,16242,1163,1045,1181,1339,1494,1417,1443,814,2086,1355,1421,1484,43
221210,"Residential",-118.3,34.04,3269,81095,0,15360,71,14375,17,13102,0,10158,2373,12469,42,13128,338
221220,"Business",-118.29,34.04,3553,33197,4578,2361,5239,2267,0,4300,0,2852,3891,2123,2327,3259,82
221220,"Residential",-118.29,34.04,3553,80862,52,14257,42,14883,4,13976,83,52,11780,12102,53,13578,295
221301,"Business",-118.31,34.05,6069,37928,2953,4494,3847,3767,3670,2240,2088,4112,2747,2397,2579,3034,72
221301,"Residential",-118.31,34.05,6069,162347,1947,27596,1870,28231,1512,25983,1378,23740,1339,22466,1358,24927,274
221302,"Business",-118.31,34.04,4472,30953,2749,2298,2683,2909,2737,2487,2437,2523,2680,2427,2442,2581,68
221302,"Residential",-118.31,34.04,4472,127695,851,22364,1182,23277,693,21405,433,18823,432,17838,528,19869,322
221400,"Business",-118.31,34.03,4350,48409,4644,4435,5113,4399,4431,4127,3879,3461,3518,3313,3575,3514,56
221400,"Residential",-118.31,34.03,4350,132823,608,23834,705,23665,655,21465,522,18537,493,17923,506,23910,392
221500,"Business",-118.3,34.04,5145,79289,7361,7245,7009,6196,6821,6357,6968,1301,10937,5824,6452,6818,64
221500,"Residential",-118.3,34.04,5145,150842,1441,25639,1996,24348,1553,23682,1485,6809,15769,22816,1794,23510,412
221600,"Business",-118.3,34.04,5036,96415,3335,3161,3538,20142,1643,4990,2276,1320,6031,34675,7589,7715,104
221600,"Residential",-118.3,34.04,5036,120354,59,20500,6,20814,12,20900,3,50,18752,18267,14,20977,465
221710,"Business",-118.29,34.04,4694,10274,915,922,893,865,387,1296,369,815,1238,874,807,893,44
221710,"Residential",-118.29,34.04,4694,115146,7173,12115,7420,13704,6523,13456,6023,493,17629,11794,6144,12672,403
221810,"Business",-118.29,34.03,3071,13265,1229,1199,1470,1132,32,2107,3,978,2016,1088,1035,976,27
221810,"Residential",-118.29,34.03,3071,78779,526,12799,414,14166,37,13360,40,304,13037,11538,360,12198,208
221820,"Residential",-118.29,34.03,3234,74855,294,10455,590,14001,0,12928,0,399,12322,11613,404,11849,164
221900,"Business",-118.29,34.03,5612,86230,7394,6991,8950,7063,1391,12400,1222,5100,12940,6784,6866,9129,35
221900,"Residential",-118.29,34.03,5612,89428,1759,11410,3971,13995,0,15882,0,2471,14103,11991,2492,11354,229
222000,"Business",-118.31,34.02,7314,28180,2316,2720,2942,2450,2628,2128,2485,1911,1853,1739,2603,2405,84
222000,"Residential",-118.31,34.02,7314,216277,214,39596,375,39431,215,37323,208,31954,211,30315,198,36237,1450
222100,"Business",-118.3,34.03,3738,17555,1582,1401,1653,1476,1628,1432,1178,0,2693,1406,1823,1283,27
222100,"Residential",-118.3,34.03,3738,123920,1180,21630,209,20643,350,18918,170,14,17415,23694,177,19520,482
222200,"Business",-118.3,34.03,3878,9493,801,981,997,767,825,729,644,0,1367,734,755,893,40
222200,"Residential",-118.3,34.03,3878,114688,19,21096,194,20559,46,20121,66,5,16414,16755,24,19389,412
222500,"Business",-118.3,34.02,4437,9097,863,848,992,741,863,699,608,5,1256,646,679,897,33
222500,"Residential",-118.3,34.02,4437,130277,280,23845,112,23256,277,21935,4,1181,18540,19010,3,21834,719
222600,"Business",-118.3,34.02,5419,17063,1241,1125,1269,1243,1276,1456,1043,1133,1963,1880,1636,1798,34
222600,"Residential",-118.3,34.02,5419,166813,196,26466,122,27221,67,26081,1260,8650,24138,25245,31,27336,631
224010,"Business",-118.27,34.04,2529,90777,8499,8518,8163,6576,24,10291,6523,8531,7864,12850,109,12829,353
224010,"Residential",-118.27,34.04,2529,61574,2652,6107,2640,6587,0,2763,6675,2152,7196,7624,540,16638,26
224020,"Business",-118.27,34.03,2427,38899,3745,3150,3079,3001,3,3357,2731,2709,3232,5091,3354,5447,180
224020,"Residential",-118.27,34.03,2427,49999,2196,7940,473,7079,44,295,7153,271,9679,6924,330,7615,113
224200,"Business",-118.28,34.04,3067,31666,2599,2825,2338,3088,1993,3332,2051,2432,3076,2936,2338,2658,122
224200,"Government",-118.28,34.04,3067,15461,1671,1363,1275,1178,241,1910,1191,1059,1020,1573,355,2625,19
224200,"Residential",-118.28,34.04,3067,77630,12965,1314,12130,1164,11499,1185,11733,696,10232,1925,10422,2365,177
224310,"Business",-118.28,34.04,2238,30805,2270,3361,2147,2787,2354,2930,2589,2012,1906,2158,3912,2379,40
224310,"Residential",-118.28,34.04,2238,54557,8651,147,9677,164,9834,184,9382,144,7826,216,8024,308,117
224320,"Business",-118.28,34.04,3293,21291,1621,1787,1683,1882,1797,1707,2095,1715,1857,1810,1640,1697,50
224320,"Residential",-118.28,34.04,3293,86354,15023,141,14614,109,15129,119,14529,207,13310,148,12918,107,151
224410,"Business",-118.28,34.03,3423,23884,2058,1922,2188,1990,0,4060,0,2031,3760,1852,2130,1893,24
224410,"Residential",-118.28,34.03,3423,82945,544,13872,261,15342,0,14451,0,212,12782,12264,142,13075,266
224420,"Business",-118.28,34.03,2313,20178,1652,1751,1974,1523,0,2762,0,1210,2451,1237,2563,3055,38
224420,"Residential",-118.28,34.03,2313,61173,102,10447,169,11220,0,10315,32,99,9448,9110,98,10133,118
224600,"Business",-118.27,34.02,3862,98240,12113,7528,8472,7255,428,10156,10455,5707,11736,7549,7508,9333,337
224600,"Government",-118.27,34.02,3862,26091,4036,2125,2971,2452,0,2653,1422,1851,2444,1658,2054,2425,23
224600,"Residential",-118.27,34.02,3862,91387,15391,15925,370,15243,0,1629,14553,383,12573,1181,12960,1179,253
224700,"Business",-118.28,34.03,5230,81767,4239,6099,8160,7218,0,12740,0,5801,16921,6268,8387,5934,122
224700,"Residential",-118.28,34.03,5230,66587,513,9536,1254,11248,233,12369,125,985,10513,9313,679,9819,103
226000,"Business",-118.25,34.03,4232,887860,129322,145633,71005,65889,4459,67370,39788,81567,54406,80417,70839,77165,1682
226000,"Government",-118.25,34.03,4232,25083,3077,1781,2070,2217,66,2352,1784,2046,2028,2669,1369,3624,66
226000,"Residential",-118.25,34.03,4232,69147,2640,11509,849,10866,274,916,11078,651,9324,8832,1767,10441,240
226410,"Business",-118.26,34.02,3990,16031,1697,1319,1269,1233,0,1593,1436,1230,1245,2359,156,2494,37
226410,"Residential",-118.26,34.02,3990,82949,3235,14894,94,13016,0,16,14167,6,15056,9010,3204,10251,264
226420,"Business",-118.26,34.02,5155,17964,1768,1447,1676,1525,0,1660,1714,1326,1364,2540,159,2785,43
226420,"Residential",-118.26,34.02,5155,116496,3779,18676,12,20102,12,51,18746,9,16759,12949,3592,21809,423
226700,"Business",-118.26,34.02,6469,52506,8608,4283,4723,4175,139,4919,4554,3849,4643,4314,4134,4165,170
226700,"Residential",-118.26,34.02,6469,150989,25517,27160,20,25105,0,1230,26890,100,21789,67,23100,11,644
227010,"Business",-118.25,34.02,4297,15418,1444,1530,1478,1224,0,1308,1158,1159,1137,2547,0,2433,106
227010,"Residential",-118.25,34.02,4297,94919,126,16328,105,16545,68,76,17222,21,14205,14771,11,15441,428
227020,"Business",-118.25,34.02,3545,18594,1467,1555,1494,1596,1210,1542,1452,1518,1809,1372,1810,1769,59
227020,"Residential",-118.25,34.02,3545,80489,9880,3981,9504,4235,11011,100,13392,38,12103,3525,9004,3716,328
228100,"Business",-118.25,34.01,4929,120269,10691,10764,15196,13000,7126,9280,7896,8007,9504,10039,7387,11379,154
228100,"Residential",-118.25,34.01,4929,122430,21768,663,21393,613,20404,166,20246,64,18234,381,18224,274,626
228210,"Business",-118.25,34.01,3404,7812,665,765,677,718,603,726,615,588,472,601,631,751,20
228210,"Residential",-118.25,34.01,3404,84694,14576,300,14617,225,15161,235,14532,313,12196,230,12104,205,434
228220,"Business",-118.25,34.01,3904,13026,1160,1488,906,1030,890,1155,897,1208,1071,1068,1146,1007,29
228220,"Residential",-118.25,34.01,3904,91878,15744,170,15892,61,15945,72,15403,42,14052,57,14338,102,454
228310,"Business",-118.26,34.01,4774,26081,1605,2233,2316,2523,2588,2995,2211,2318,1794,1789,2038,1671,73
228310,"Residential",-118.26,34.01,4774,98105,16312,863,17300,289,16424,203,16581,146,15066,111,14696,114,448
228320,"Business",-118.26,34.01,3112,9454,749,345,1339,882,916,951,708,625,783,744,696,716,26
228320,"Residential",-118.26,34.01,3112,73663,12097,311,12837,222,12435,162,12497,6,11531,191,11218,156,320
228410,"Business",-118.27,34.01,5280,22893,4900,1632,1706,1670,211,2328,1489,1610,1906,1728,1856,1857,72
228410,"Residential",-118.27,34.01,5280,109428,18103,17838,2332,16919,2057,47,19065,38,16007,79,16937,6,477
228420,"Business",-118.27,34.01,2830,13426,1258,1173,960,1154,1153,1240,1231,1049,1133,1015,994,1066,27
228420,"Residential",-118.27,34.01,2830,72211,11633,0,12608,104,12385,12,12525,1,10767,87,12089,0,268
228500,"Business",-118.27,34,4506,19436,1541,1808,1524,1804,1617,2022,1545,1505,1491,1381,1435,1763,54
228500,"Residential",-118.27,34,4506,130354,22456,39,22471,4,21245,432,21651,116,19949,279,20777,935,538
228600,"Business",-118.26,34,4667,27443,2437,2440,2750,3006,2182,2592,2687,1901,1854,1787,1776,2031,80
228600,"Residential",-118.26,34,4667,117641,20592,10,20664,328,20183,119,19722,10,17812,11,18161,29,495
228710,"Business",-118.25,34,4031,10893,864,918,926,1251,935,1008,827,907,791,792,806,868,26
228710,"Residential",-118.25,34,4031,100840,16232,32,17763,112,17066,42,17474,56,16785,25,15169,84,442
228720,"Business",-118.25,34,4157,2913,230,263,210,252,199,254,236,252,265,256,222,274,25
228720,"Residential",-118.25,34,4157,99764,16754,348,16402,71,17326,149,17145,86,15163,235,16057,28,491
228800,"Business",-118.24,34,5354,39974,2725,6526,4137,4018,2821,3319,2658,2693,2761,2665,2608,3043,93
228800,"Residential",-118.24,34,5354,146560,24166,121,26470,118,25367,63,25535,26,21378,313,22841,162,571
228900,"Business",-118.24,33.99,3068,24619,1737,1864,1960,2494,2307,2510,1707,1972,1804,2107,2262,1895,123
228900,"Residential",-118.24,33.99,3068,84329,14139,278,13752,230,14727,303,13287,166,15448,188,11592,219,236
229100,"Business",-118.25,33.99,4094,23932,2078,2128,2052,2122,1905,2237,1830,1991,1719,1934,1887,2049,52
229100,"Residential",-118.25,33.99,4094,104655,18320,125,18948,168,17287,98,17633,2,15013,73,16858,130,600
229200,"Business",-118.26,34,4313,7661,630,646,657,719,556,753,608,586,534,648,703,621,35
229200,"Residential",-118.26,34,4313,107883,18909,772,18811,761,17525,689,17571,758,15587,403,15520,577,489
229300,"Business",-118.27,34,4961,12174,884,923,978,1067,716,916,1806,893,1212,920,1005,854,30
229300,"Residential",-118.27,34,4961,131336,23118,303,23291,91,20258,104,22583,16,18802,97,22643,30,520
229410,"Business",-118.27,33.99,3274,23980,1791,1864,2026,1865,1810,2283,2149,2175,2051,2198,1857,1911,47
229410,"Residential",-118.27,33.99,3274,77330,13112,9,14228,41,12506,91,13700,139,11417,137,11935,15,379
229420,"Business",-118.26,33.99,4450,16296,1195,1314,1319,1409,1165,1172,1162,2385,1143,1103,1890,1039,53
229420,"Residential",-118.26,33.99,4450,112651,18923,728,20110,606,17924,843,19214,627,15329,645,17168,534,566
231100,"Business",-118.28,34.01,1383,579582,68406,87833,57511,54366,389,68137,27736,26068,68554,37535,37689,45358,267
231100,"Government",-118.28,34.01,1383,5310,709,628,795,392,42,477,227,261,368,479,457,475,18
231100,"Residential",-118.28,34.01,1383,36014,3477,6206,4,6324,0,2644,3938,2383,2659,2308,3515,2556,65
231210,"Residential",-118.3,34.01,3523,99880,15,18170,0,17505,447,17364,41,15395,4,14226,0,16713,354
231220,"Business",-118.29,34.01,3518,14823,1278,1201,1216,1419,1186,1379,1148,1370,1044,1164,1174,1244,22
231220,"Residential",-118.29,34.01,3518,108849,327,19934,299,19632,304,18422,246,16156,315,15788,291,17135,272
231300,"Business",-118.3,34.01,4561,13712,1287,1193,1211,1176,1104,1112,997,1099,962,1162,1022,1387,42
231300,"Residential",-118.3,34.01,4561,142489,190,26131,451,26032,91,24070,167,21254,159,21121,106,22717,743
231400,"Business",-118.31,34.01,4243,27752,2314,2271,2306,2415,2459,2434,2584,2327,2438,1865,2104,2235,42
231400,"Residential",-118.31,34.01,4243,129610,74,24431,54,22984,42,22368,47,19809,18,18875,20,20888,789
231500,"Business",-118.31,34.01,4218,40480,3343,3363,3772,3413,3190,3454,3340,3913,2988,2968,3460,3276,61
231500,"Residential",-118.31,34.01,4218,140235,587,26236,560,25424,489,22734,364,20638,406,18711,356,23730,1092
231600,"Business",-118.3,34.01,6364,28608,2353,2275,2554,2252,2192,2539,2264,2939,2289,2203,2312,2436,49
231600,"Residential",-118.3,34.01,6364,212719,105,38987,464,39334,979,34706,230,34068,307,29338,214,33987,973
231710,"Business",-118.29,34.01,4324,11982,1231,1129,1182,1147,989,1068,1021,1048,782,809,737,839,35
231710,"Residential",-118.29,34.01,4324,111049,85,20509,148,20157,64,17986,34,17667,152,16119,0,18128,286
231720,"Business",-118.28,34.01,4194,10352,657,625,727,569,728,825,675,735,682,617,2697,815,17
231720,"Residential",-118.28,34.01,4194,96329,478,16967,729,17642,784,15674,381,14510,401,13179,391,15193,393
231800,"Business",-118.28,34.01,5772,44153,3496,3508,3177,3203,5294,4228,3586,3757,3463,3709,3467,3265,95
231800,"Residential",-118.28,34.01,5772,151334,22954,6457,20673,6088,20489,2773,22896,2668,19882,2363,21524,2567,504
231900,"Business",-118.28,34,6092,40877,3530,3609,3356,3648,3381,3835,3159,3133,3368,3307,3027,3524,92
231900,"Residential",-118.28,34,6092,184816,28113,5358,27610,5244,26025,4906,26564,5206,22786,4859,22907,5238,721
232110,"Business",-118.29,34,2951,8879,706,752,673,735,661,693,677,1029,724,743,691,795,41
232110,"Residential",-118.29,34,2951,80929,65,14805,64,14309,43,13968,89,12820,34,11891,80,12761,400
232120,"Business",-118.28,34,3376,4381,319,394,295,316,257,302,687,320,280,369,442,400,23
232120,"Residential",-118.28,34,3376,99939,108,17013,126,19423,98,16683,111,15657,163,14774,51,15732,409
232200,"Business",-118.3,34,3010,14174,1325,1277,1330,1312,1080,1272,1089,1044,1035,1160,1171,1079,36
232200,"Residential",-118.3,34,3010,99539,236,17929,76,17657,59,18321,1199,14487,56,13909,56,15554,475
232300,"Business",-118.3,34,3791,5568,661,542,572,677,399,472,427,357,346,370,395,350,35
232300,"Residential",-118.3,34,3791,112561,600,20713,161,20769,128,18540,129,16923,164,15550,83,18801,739
232400,"Business",-118.31,34,6366,24180,2124,2038,2224,2198,2617,2039,1895,2086,1701,1657,1801,1800,83
232400,"Residential",-118.31,34,6366,198886,194,36188,193,36657,89,33594,32,31263,106,27936,98,32536,1280
232500,"Business",-118.31,33.99,4249,23866,1993,2420,1834,2497,2058,2313,1465,1437,1315,1579,2167,2788,79
232500,"Residential",-118.31,33.99,4249,130987,203,22763,52,22915,372,22422,67,21045,32,19678,57,21381,817
232600,"Business",-118.3,33.99,5460,19243,1055,1023,1089,1015,1051,1181,1190,5547,1640,1483,1480,1489,48
232600,"Residential",-118.3,33.99,5460,175761,514,31014,622,31707,263,29521,814,27696,619,24911,500,27580,1068
232700,"Business",-118.29,33.99,4614,154600,12765,12470,15895,15148,13015,11038,8763,12116,11510,12536,16183,13161,79
232700,"Residential",-118.29,33.99,4614,133336,311,22930,997,24214,481,21809,223,20817,312,20596,394,20252,681
232800,"Business",-118.28,33.99,4264,20855,1786,1732,1747,1795,1664,1945,1661,1810,1650,1765,1613,1687,74
232800,"Residential",-118.28,33.99,4264,123242,16117,4927,17341,5430,16163,4596,16866,4272,14108,3929,15062,4431,608
234000,"Business",-118.32,34.01,5053,15370,1290,1458,1409,1277,1451,1205,1352,1353,1146,1034,1120,1275,59
234000,"Residential",-118.32,34.01,5053,186819,287,35596,235,32811,254,29638,295,28860,1770,25520,336,31217,1513
234200,"Business",-118.33,34.02,2361,36715,3148,3122,3131,2953,3391,3118,3338,2780,2671,2998,2911,3154,55
234200,"Government",-118.33,34.02,2361,2561,102,84,91,152,393,270,278,393,322,141,127,208,15
234200,"Residential",-118.33,34.02,2361,101168,30,20765,4,18962,26,16783,86,13039,41,13639,23,17770,879
234300,"Business",-118.33,34.01,4262,22992,2122,1952,1887,1889,1954,1810,2085,1921,1794,1623,1918,2037,130
234300,"Government",-118.33,34.01,4262,14927,713,273,3509,2808,613,1608,498,388,315,326,2439,1437,27
234300,"Residential",-118.33,34.01,4262,150699,101,26987,148,27009,176,25126,1117,23402,224,22397,254,23758,834
234500,"Business",-118.32,34,5373,27838,2471,2295,2445,2364,2256,2393,2250,2501,1951,2384,2104,2424,112
234500,"Government",-118.32,34,5373,10570,1462,1091,1474,1025,754,1001,252,348,705,612,630,1216,17
234500,"Residential",-118.32,34,5373,165207,147,29204,253,29259,584,27821,170,25185,123,23262,151,29048,1239
234600,"Business",-118.33,33.99,4813,29037,2422,2315,2657,2499,2383,2812,2285,2449,2179,2542,2195,2299,112
234600,"Government",-118.33,33.99,4813,15090,1434,1280,1571,1510,1331,1426,869,882,772,2388,465,1162,21
234600,"Residential",-118.33,33.99,4813,161971,162,29666,344,30350,200,26833,1041,24476,95,22747,206,25851,1248
234700,"Business",-118.33,33.99,3968,24187,1948,1960,1876,2075,2809,2133,1791,1823,2127,1814,1833,1998,104
234700,"Residential",-118.33,33.99,3968,124760,292,22074,254,21961,106,21082,544,19061,99,18187,298,20802,812
234800,"Business",-118.32,33.98,3314,3555,275,230,1174,270,74,196,176,230,212,254,272,192,36
234800,"Residential",-118.32,33.98,3314,107849,9188,10168,9657,10451,89,19211,92,16268,36,15264,306,17119,964
234900,"Business",-118.33,33.98,7064,18301,1709,2080,1645,1631,1548,1878,1557,1393,1347,1069,1268,1176,79
234900,"Residential",-118.33,33.98,7064,224727,2177,37524,2080,38667,1857,37337,1922,33881,1653,32269,1501,33859,619
235100,"Business",-118.35,33.99,4667,8339,724,641,674,731,716,769,592,736,689,712,706,649,34
235100,"Residential",-118.35,33.99,4667,180582,539,34847,409,34884,363,30714,370,25536,244,23934,294,28448,1526
235201,"Business",-118.32,33.97,2719,7511,708,569,1057,664,5,649,525,645,538,856,394,901,60
235201,"Residential",-118.32,33.97,2719,94454,17076,25,16485,101,39,19150,86,13682,26,12753,25,15006,771
235202,"Business",-118.33,33.97,4730,37980,2637,3119,2814,3149,996,3617,3355,3037,3426,4743,1198,5889,103
235202,"Residential",-118.33,33.97,4730,157538,13810,13603,15073,13822,64,30176,102,24750,61,21941,17,24119,785
236000,"Business",-118.37,34.02,4182,20938,1898,1822,1779,1710,1705,2108,1654,1580,1516,1556,1653,1957,70
236000,"Residential",-118.37,34.02,4182,179715,745,35196,742,33615,750,28555,657,25119,617,22833,534,30352,1017
236100,"Business",-118.34,34.01,5172,64596,5563,5873,5695,5940,5204,5327,4624,4959,4559,5529,3863,7460,73
236100,"Residential",-118.34,34.01,5172,180953,1450,32072,1140,33116,1115,29798,1089,27622,794,23355,996,28406,521
236201,"Residential",-118.35,34.02,6289,259317,939,44878,958,45519,683,42646,508,46292,477,35927,720,39770,204
236202,"Residential",-118.35,34.02,6021,234766,0,41773,0,40739,0,40700,0,37977,98,34675,0,38804,191
236400,"Residential",-118.35,34.01,4193,188386,929,34604,958,34877,875,32457,955,26689,700,24218,877,30247,1044
237100,"Business",-118.29,33.99,6558,60921,4952,5400,3908,4286,4071,4494,5385,4977,4639,4630,4078,10101,131
237100,"Government",-118.29,33.99,6558,7854,373,384,780,955,932,780,487,680,525,598,705,655,16
237100,"Residential",-118.29,33.99,6558,158541,2947,25291,3805,24580,2721,23378,2856,22535,2623,21432,2687,23686,850
237200,"Business",-118.3,33.99,6071,68208,7931,5916,6092,5351,2841,6243,5227,5585,5936,6123,5668,5295,169
237200,"Residential",-118.3,33.99,6071,185051,2644,31506,2664,31264,221,31154,158,28901,92,26965,185,29297,1244
237300,"Business",-118.31,33.98,5495,21617,3790,1859,2193,1923,112,1914,1691,1467,1646,1632,1758,1632,110
237300,"Residential",-118.31,33.98,5495,192209,19970,13640,19219,17936,345,31127,245,28941,154,23990,127,36515,1502
237400,"Business",-118.3,33.98,7899,11753,817,972,1410,923,1280,969,996,866,827,887,1037,769,67
237400,"Residential",-118.3,33.98,7899,223780,533,39678,526,39160,488,37584,397,35829,841,32547,369,35828,1746
237500,"Business",-118.29,33.98,3673,23327,1386,1308,1412,1410,1793,1339,7324,1364,1124,1683,1616,1568,58
237500,"Residential",-118.29,33.98,3673,99316,771,17795,926,18215,737,15489,786,15093,498,13285,399,15322,402
237600,"Business",-118.28,33.98,5750,34821,2691,2747,2820,3033,2922,3109,2782,2929,2549,2797,2785,3657,77
237600,"Residential",-118.28,33.98,5750,152981,7327,20022,7489,19800,5927,20176,6391,18107,7044,16779,5967,17952,838
237710,"Business",-118.29,33.97,3883,21383,1959,1783,1812,1959,1768,1882,1666,1806,1686,1670,1681,1711,51
237710,"Residential",-118.29,33.97,3883,114593,15320,1764,18781,1039,15906,814,16863,845,24485,888,17070,818,459
237720,"Business",-118.28,33.97,3381,3233,440,380,226,299,227,245,208,228,212,243,255,270,18
237720,"Residential",-118.28,33.97,3381,90720,16023,54,16187,0,14706,3,14919,0,13870,664,14139,155,339
237800,"Business",-118.3,33.97,4217,21298,2106,1874,2251,1963,1696,1977,1508,1306,1430,1472,1758,1957,45
237800,"Residential",-118.3,33.97,4217,138820,22280,2698,24082,3015,20009,2619,18510,2295,16478,2240,22211,2383,1008
237900,"Business",-118.31,33.97,3537,14319,1285,1157,1265,1226,1004,1355,1012,1079,975,1299,1035,1627,89
237900,"Residential",-118.31,33.97,3537,133124,25449,113,25784,142,8629,12541,6859,13373,6987,12582,7608,13057,1075
238000,"Business",-118.31,33.95,5963,19189,2343,2011,2141,1371,397,2191,364,651,1883,1030,2206,2601,78
238000,"Residential",-118.31,33.95,5963,218414,41742,103,42728,139,16866,21791,13821,18081,29794,49,33270,30,1709
238100,"Business",-118.31,33.96,4585,12920,1138,910,1383,1130,586,1646,451,604,1874,1061,1101,1036,79
238100,"Residential",-118.31,33.96,4585,161454,29941,108,31276,152,13406,14200,12750,12114,18243,4197,20098,4969,1141
238200,"Business",-118.3,33.96,5243,38464,2550,3058,2240,2358,2189,5698,5412,642,5704,3048,2704,2861,94
238200,"Residential",-118.3,33.96,5243,173831,31170,512,31643,512,30516,147,25453,100,23780,1433,28071,494,1240
238310,"Business",-118.29,33.97,5281,18224,1735,1555,1558,1708,1554,1545,1414,1568,1294,1491,1404,1398,40
238310,"Residential",-118.29,33.97,5281,151423,25490,236,27191,253,25957,198,23836,167,23769,214,23881,231,399
238320,"Business",-118.29,33.96,4214,19026,1442,1415,1507,2399,1666,1526,1618,1377,1421,1561,1483,1611,55
238320,"Residential",-118.29,33.96,4214,111090,19852,143,19603,0,18594,0,17425,7,17331,36,18096,3,353
238400,"Business",-118.31,33.96,4160,45517,4163,4025,4561,3833,1793,6111,1597,2035,7105,3597,3302,3395,141
238400,"Residential",-118.31,33.96,4160,156373,29807,145,29522,198,12049,17945,9210,13002,20499,152,23740,104,1382
239200,"Business",-118.27,33.99,6466,116097,6139,5197,7449,6451,37596,5085,9166,4657,5695,14286,7383,6993,359
239200,"Residential",-118.27,33.99,6466,171489,28882,433,30496,910,28157,350,29338,286,24957,522,26918,240,887
239310,"Business",-118.28,33.98,2629,11039,523,1389,923,978,881,1007,873,830,852,981,922,880,36
239310,"Residential",-118.28,33.98,2629,57744,9688,21,10051,119,9219,58,9979,7,9569,4,9012,17,305
239320,"Business",-118.27,33.98,2992,15498,480,573,5058,1147,945,1166,1055,1145,973,1067,913,976,27
239320,"Residential",-118.27,33.98,2992,80041,12904,319,13951,67,12817,45,14546,23,13410,127,11828,4,444
239330,"Business",-118.27,33.98,2654,25750,2000,2915,2741,2640,1861,1997,2106,1698,1748,1920,2017,2107,136
239330,"Residential",-118.27,33.98,2654,67013,11717,14,11864,116,11608,18,11385,81,10079,183,9940,8,386
239500,"Business",-118.26,33.97,5995,19518,1540,1869,1770,1749,1556,1762,1455,1427,1323,1781,1696,1590,75
239500,"Government",-118.26,33.97,5995,24003,1095,1163,1441,1137,3381,1834,1062,858,826,3538,4854,2814,16
239500,"Residential",-118.26,33.97,5995,186957,30429,552,34907,223,31202,269,30716,225,28219,101,30034,80,1052
239600,"Business",-118.27,33.97,5167,20751,1816,1764,1778,1993,1527,1855,1585,1723,1497,1689,1676,1848,79
239600,"Residential",-118.27,33.97,5167,144126,25097,627,25246,483,24070,528,23784,537,21470,439,21407,438,703
239700,"Business",-118.27,33.96,5991,25516,1972,1885,2022,2281,2119,2498,1937,2468,1671,1803,2840,2020,96
239700,"Residential",-118.27,33.96,5991,177992,30290,500,31912,596,28758,142,29199,26,29907,154,26381,127,908
239800,"Business",-118.26,33.96,7563,32839,2536,2658,2724,2347,3136,2820,2828,2642,2836,2941,2508,2863,103
239800,"Residential",-118.26,33.96,7563,220217,36801,552,43354,418,36065,315,36418,379,30915,374,34404,222,1235
240010,"Business",-118.26,33.96,3536,16017,1223,1208,1236,1306,1429,1403,1400,1514,1203,1324,1252,1519,83
240010,"Residential",-118.26,33.96,3536,74936,13240,9,13481,33,12403,109,12379,6,11433,45,11781,17,417
240020,"Business",-118.26,33.95,4262,11237,1014,1547,1001,1080,975,1040,951,1054,868,952,363,392,41
240020,"Residential",-118.26,33.95,4262,130315,22108,343,23227,533,21356,166,21706,170,19211,134,21182,179,892
240200,"Business",-118.28,33.96,5488,80892,6698,6661,5842,6343,6116,6007,5322,6643,6557,9004,7271,8428,112
240200,"Residential",-118.28,33.96,5488,165769,30753,509,28544,414,27990,336,25304,225,25194,304,25746,450,923
240300,"Business",-118.29,33.95,5945,25510,1972,2073,1949,1543,1751,3218,2179,2304,1983,2056,1487,2995,58
240300,"Government",-118.29,33.95,5945,22669,3105,3642,2894,1635,1420,1340,963,625,1087,1581,1345,3032,26
240300,"Residential",-118.29,33.95,5945,177857,30158,483,29036,608,28600,666,27002,200,32560,253,28070,221,764
240400,"Business",-118.29,33.95,5899,15032,1370,1324,1092,1083,1270,1186,1204,1328,1203,1481,1190,1301,42
240400,"Residential",-118.29,33.95,5899,179948,32115,101,32346,97,29873,89,31037,435,25637,125,28043,50,1027
240500,"Business",-118.28,33.95,5896,44823,2873,3887,3796,5897,3841,4024,3339,3537,2963,2966,4200,3500,128
240500,"Government",-118.28,33.95,5896,3967,283,290,393,392,378,426,303,292,285,275,288,362,24
240500,"Residential",-118.28,33.95,5896,202405,34310,456,36618,386,32722,403,33909,484,30840,298,31700,279,1022
240600,"Business",-118.27,33.95,4135,28491,2522,2293,2362,2113,1899,2686,2197,4100,1653,1643,2575,2448,61
240600,"Residential",-118.27,33.95,4135,156327,27673,438,27744,614,23855,556,24404,165,25835,124,24778,141,843
240700,"Business",-118.26,33.95,5240,17582,1526,1693,1555,1611,1171,1484,913,1005,2535,1561,1298,1230,52
240700,"Government",-118.26,33.95,5240,7866,572,438,315,319,433,368,458,713,1363,655,1276,956,16
240700,"Residential",-118.26,33.95,5240,177006,30610,352,30818,289,28793,246,29183,380,25994,212,29881,248,1258
240800,"Business",-118.26,33.94,3817,9631,1047,1147,1017,872,679,643,567,584,565,730,830,950,60
240800,"Residential",-118.26,33.94,3817,124967,21460,495,22228,89,19957,533,20876,256,20694,90,18188,101,745
240900,"Business",-118.26,33.93,4678,21847,1625,2952,2445,2060,1641,1345,1147,1099,1258,1787,1885,2603,72
240900,"Residential",-118.26,33.93,4678,155359,27180,266,28515,344,26501,144,24874,115,22407,210,24587,216,934
241000,"Business",-118.26,33.93,5900,23732,1937,2155,2077,2216,1912,1843,1655,1763,1611,1726,2309,2528,41
241000,"Government",-118.26,33.93,5900,2691,211,177,258,192,202,107,446,189,123,102,190,494,15
241000,"Residential",-118.26,33.93,5900,207404,38347,797,38985,620,33540,718,30880,616,27716,614,33981,590,1147
241110,"Business",-118.28,33.94,2689,4488,383,423,336,354,329,434,569,264,187,456,330,423,34
241110,"Residential",-118.28,33.94,2689,86471,15151,148,15563,48,14761,69,14099,50,12924,633,13014,11,430
241120,"Business",-118.28,33.93,5656,27878,2350,2154,2014,2461,2155,2596,2521,2606,2269,2266,2257,2229,73
241120,"Residential",-118.28,33.93,5656,155197,28364,644,26966,151,26954,832,24911,388,23051,69,22766,101,816
241200,"Business",-118.29,33.94,4835,13239,1417,1401,1557,1539,1785,916,680,770,752,809,882,731,56
241200,"Residential",-118.29,33.94,4835,174378,32159,235,33637,115,28978,159,27279,17,23649,71,28052,27,1239
241300,"Business",-118.29,33.93,2955,7405,754,662,596,694,718,537,628,787,474,482,501,572,15
241300,"Residential",-118.29,33.93,2955,102793,16837,67,18925,0,19285,15,16739,29,14299,243,16323,31,507
241400,"Business",-118.27,33.93,4212,6683,651,684,713,708,630,559,527,387,333,467,465,559,43
241400,"Residential",-118.27,33.93,4212,137812,24886,323,25247,491,23083,372,21481,185,20343,217,20997,187,727
242000,"Business",-118.25,33.94,3194,5234,575,509,525,465,1077,328,308,253,237,254,420,283,21
242000,"Residential",-118.25,33.94,3194,112514,18428,349,19052,57,21095,202,20693,185,15570,43,16795,45,569
242100,"Residential",-118.23,33.95,2649,54636,12403,0,10383,31,8600,0,8688,0,7733,0,6798,0,23
242200,"Business",-118.24,33.95,5550,6161,186,598,635,699,635,513,385,339,380,593,559,639,23
242200,"Residential",-118.24,33.95,5550,201213,30118,4474,34364,4203,29299,3779,30689,3340,25454,3545,27809,4139,882
242300,"Business",-118.25,33.95,3784,15917,1413,1512,1527,1547,1282,1047,1121,1048,1062,1354,1403,1601,50
242300,"Residential",-118.25,33.95,3784,125000,19135,1815,20692,1803,19856,1538,19362,1278,17573,1103,18965,1880,568
242600,"Business",-118.25,33.93,4653,6568,562,731,575,547,793,492,443,235,288,517,535,850,18
242600,"Residential",-118.25,33.93,4653,216842,35606,79,35213,28,60463,28,29307,95,25725,1,30286,11,169
242700,"Business",-118.24,33.94,4739,16025,1603,1918,1879,1651,1325,1178,946,862,815,1242,1139,1467,38
242700,"Government",-118.24,33.94,4739,21845,1131,2290,1475,1517,821,2373,716,625,875,1113,1172,7737,28
242700,"Residential",-118.24,33.94,4739,158846,26900,179,27411,533,26818,342,29249,653,21261,86,25332,82,920
243000,"Business",-118.23,33.94,5483,9446,698,601,603,769,641,653,747,819,906,1379,952,678,29
243000,"Residential",-118.23,33.94,5483,153541,25658,306,29198,382,24721,295,24320,506,22163,228,25668,96,1075
243100,"Business",-118.23,33.93,4778,17209,1243,830,2933,1528,1340,1432,1448,1288,1074,1394,1268,1431,22
243100,"Residential",-118.23,33.93,4778,158528,29647,1595,28538,1014,22415,1015,22332,588,19821,977,29919,667,623
261101,"Residential",-118.39,34.11,3823,655034,40707,96278,44701,93962,40615,73671,27665,48916,26239,53539,33928,74813,1906
261102,"Residential",-118.43,34.11,4217,979642,3645,204419,3736,196122,918,159799,1225,114756,670,123418,517,170417,1928
261200,"Residential",-118.44,34.12,4291,532966,1815,105807,1555,109781,1297,88520,438,62541,1509,68725,916,90062,1908
262100,"Business",-118.45,34.1,3530,166260,7714,3793,20687,7606,63211,8082,3523,9116,4945,7306,14221,16056,45
262100,"Residential",-118.45,34.1,3530,1011088,2106,219578,1990,215871,1322,163142,1250,101473,858,125367,1212,176919,1600
262200,"Business",-118.47,34.1,4398,40761,4654,4513,5638,3231,3673,2058,2104,1795,2112,2605,4840,3538,54
262200,"Residential",-118.47,34.1,4398,736049,1820,148668,1928,150702,1658,115441,1483,80915,1242,94542,2480,135170,1653
262301,"Business",-118.49,34.1,2670,341960,32626,90795,27432,16697,19029,9766,41399,3728,7929,50927,19944,21688,44
262301,"Residential",-118.49,34.1,2670,380963,1266,80117,1220,81424,811,59562,638,39791,589,46980,848,67717,992
262302,"Business",-118.48,34.07,2742,136508,14071,12283,14754,14344,15821,8525,7880,4318,8482,8685,15803,11542,35
262302,"Residential",-118.48,34.07,2742,372483,1284,75930,910,75721,1116,61624,904,38586,797,49563,901,65147,966
262303,"Government",-118.49,34.07,3145,5761,518,494,499,451,518,473,344,215,336,482,758,673,16
262303,"Residential",-118.49,34.07,3145,493836,1910,102326,2027,98498,2253,77337,1258,48077,1101,64931,1367,92751,1343
262400,"Residential",-118.51,34.08,3236,592052,389,125585,812,123952,357,92709,250,43162,15113,80007,264,109452,1329
262500,"Business",-118.52,34.05,3523,80449,17184,15463,14354,3844,1586,3648,3465,1488,7133,2155,4929,5200,57
262500,"Government",-118.52,34.05,3523,28358,783,653,686,361,343,211,108,15,23285,97,203,1613,15
262500,"Residential",-118.52,34.05,3523,311626,2027,59941,2018,60511,1240,50721,845,412,35902,41946,1838,54225,1377
262601,"Residential",-118.56,34.08,3274,313272,730,63441,355,64423,122,51591,70,175,31045,41907,271,59142,787
262602,"Business",-118.55,34.05,6580,36893,4018,3638,4017,3400,469,3610,286,1406,4742,4918,3179,3210,38
262602,"Residential",-118.55,34.05,6580,621986,2269,121389,1981,120342,128,104978,825,1137,66987,86208,1279,114463,2316
262701,"Business",-118.54,34.04,3404,19540,2065,1953,1795,1794,0,1710,1330,1078,1065,3015,0,3735,22
262701,"Residential",-118.54,34.04,3404,211603,2594,37562,1864,38981,64,2183,30933,3455,23456,29831,33,40647,938
262702,"Business",-118.53,34.04,3456,34939,3330,2880,3469,2879,13,3175,2786,2578,2225,5079,6,6519,76
262702,"Government",-118.53,34.04,3456,34649,4795,3872,4710,2311,1,2559,2050,1219,1570,4506,0,7056,17
262702,"Residential",-118.53,34.04,3456,301902,740,57542,355,57535,33,534,48587,331,31795,48312,18,56120,1195
262800,"Business",-118.51,34.04,3703,18925,3245,1681,1724,1566,0,1786,1246,1181,1227,1131,1160,2978,31
262800,"Government",-118.51,34.04,3703,18418,3830,1908,2021,1689,0,1969,1112,974,573,1103,1587,1652,15
262800,"Residential",-118.51,34.04,3703,481407,95686,97423,585,92080,267,930,72790,144,47949,905,71118,1530,1535
264000,"Business",-118.48,34.05,3199,13768,1327,1387,1166,1276,980,1071,971,1024,677,1599,1068,1222,19
264000,"Government",-118.48,34.05,3199,5160,610,412,416,516,438,445,579,385,326,361,350,322,25
264000,"Residential",-118.48,34.05,3199,384618,75474,35305,42936,33427,46959,1373,54742,914,35801,1158,54960,1569,1244
264101,"Business",-118.47,34.06,5103,51491,5863,5816,4583,4778,4141,4468,3395,3628,2876,4415,3194,4334,56
264101,"Residential",-118.47,34.06,5103,222289,31108,6677,28894,10628,33177,8700,29924,7154,24623,7167,27331,6906,331
264301,"Business",-118.46,34.05,4586,87950,12534,5963,4964,23259,8681,5156,4451,4852,4019,4713,4902,4456,76
264301,"Residential",-118.46,34.05,4586,175242,27708,2524,25451,2855,26809,3145,28946,2528,24776,2452,25575,2473,344
264302,"Business",-118.47,34.05,5375,157657,3198,3116,2469,39577,11333,15812,3420,3717,3022,40471,12079,19443,80
264302,"Residential",-118.47,34.05,5375,276301,49684,10516,38761,9712,41395,3093,41637,2609,33619,2499,39840,2936,912
265100,"Residential",-118.43,34.07,2557,387415,4909,73119,3024,74940,8659,56201,3851,38217,2684,46308,4541,70962,627
265200,"Business",-118.44,34.06,6531,47256,3962,2858,3189,3894,7143,3916,3711,1891,2122,2138,2446,9986,37
265200,"Residential",-118.44,34.06,6531,252118,9079,36315,10982,35671,12859,30887,9641,26640,7760,27699,10729,33856,575
265301,"Business",-118.45,34.07,7424,130071,10597,11701,11483,10164,11351,11676,11057,10440,9880,10250,10514,10958,177
265301,"Government",-118.45,34.07,7424,902122,179986,75570,58066,58184,1481,87806,69638,73833,67493,9675,110366,110024,36
265301,"Residential",-118.45,34.07,7424,23091,1544,2238,1548,2330,1585,2454,1375,2312,1403,2180,1517,2605,21
265303,"Residential",-118.45,34.07,4152,128325,5879,14091,5315,14271,6227,15636,9270,14702,6368,13168,7005,16393,123
265304,"Residential",-118.45,34.07,3932,72230,1332,9435,1055,9155,1548,9461,1175,16425,1283,9357,1228,10776,93
265305,"Business",-118.45,34.06,2937,15054,1237,1230,1178,1219,1377,1033,1144,1238,1749,1283,1232,1134,34
265305,"Residential",-118.45,34.06,2937,58799,2087,7958,1882,7916,2055,7976,1716,7748,2000,7159,2179,8123,76
265410,"Business",-118.46,34.07,1334,8324,732,939,796,1093,719,727,417,228,299,1024,603,747,20
265410,"Residential",-118.46,34.07,1334,102378,18829,270,19635,148,19061,105,16222,64,11853,26,16071,94,496
265420,"Residential",-118.46,34.07,1756,148535,94,27779,54,31177,51,25569,0,18506,21,19368,25,25891,615
265510,"Business",-118.44,34.06,3896,60016,3349,6136,3010,6459,8624,5675,4494,4148,4149,4891,4245,4836,67
265510,"Residential",-118.44,34.06,3896,139823,6966,16533,7837,16145,5612,15565,5313,19660,6535,15450,6538,17669,217
265520,"Business",-118.44,34.05,4243,33437,3012,2840,3395,2497,3031,2464,2704,2642,2440,2643,2547,3222,84
265520,"Residential",-118.44,34.05,4243,165853,2721,27182,2455,27778,2457,25879,1849,24223,1690,23320,1869,24430,452
265600,"Business",-118.43,34.06,5763,42815,3077,2900,7935,3974,3668,3352,2115,2851,2072,3522,3189,4160,30
265600,"Residential",-118.43,34.06,5763,304949,7832,38988,8291,38091,10276,61276,8109,35951,11182,34863,7252,42838,818
265700,"Business",-118.43,34.06,4653,16669,1013,918,2333,1280,1607,1273,1258,1119,1788,1289,1416,1375,41
265700,"Residential",-118.43,34.06,4653,286832,11239,41399,8621,42015,10907,38643,8486,31244,14350,32294,9151,38483,771
267100,"Business",-118.43,34.05,5573,370365,32986,34093,36785,29322,42319,25849,28762,22422,19707,39745,30840,27535,110
267100,"Residential",-118.43,34.05,5573,289049,2228,49318,2371,50945,2216,48036,1895,40164,1880,41353,1896,46747,1180
267200,"Business",-118.44,34.05,5455,46014,4186,3669,4105,3506,4273,3743,3726,3531,3837,3660,3902,3876,138
267200,"Residential",-118.44,34.05,5455,245652,692,42244,921,42335,2320,42054,1285,37158,1079,35141,1156,39267,858
267300,"Business",-118.45,34.04,5146,91958,8094,7690,7481,8871,7867,7351,6710,6094,7143,7099,9697,7861,182
267300,"Government",-118.45,34.04,5146,10844,1127,575,1032,908,997,741,1084,893,858,913,888,828,34
267300,"Residential",-118.45,34.04,5146,169507,25974,1689,26584,2030,27749,2194,27113,2214,24171,1725,25309,2755,468
267401,"Business",-118.46,34.05,5581,32471,2202,1880,1737,1910,6495,3057,2357,2480,2285,2668,2719,2681,37
267401,"Residential",-118.46,34.05,5581,169048,27502,1548,25043,1790,26037,1921,27811,1626,24693,1747,27533,1797,353
267402,"Business",-118.47,34.04,4820,57715,4686,4242,4055,4556,8747,5781,4792,4396,4280,3972,4060,4148,70
267402,"Residential",-118.47,34.04,4820,161129,26610,224,26056,397,27273,251,28319,204,25251,255,25972,317,367
267501,"Business",-118.46,34.04,5307,23837,2119,2006,1933,2371,2086,2038,1669,1877,1685,2068,1773,2212,65
267501,"Residential",-118.46,34.04,5307,170402,29025,193,27571,198,29646,198,29666,178,26344,244,26869,270,389
267502,"Business",-118.46,34.04,3294,11672,743,676,594,790,916,856,672,682,683,3545,735,780,36
267502,"Residential",-118.46,34.04,3294,135983,22134,10359,20296,332,21969,456,20779,508,18377,334,20028,411,439
267600,"Business",-118.45,34.04,2740,116970,9174,9685,11940,10587,10642,9587,8749,8891,8128,8900,9392,11295,300
267600,"Residential",-118.45,34.04,2740,96914,17587,61,17365,101,17027,78,15856,172,13780,60,14752,75,610
267700,"Business",-118.44,34.04,1591,128828,10526,10457,11660,13120,11318,10990,9563,8848,8758,11141,10853,11594,322
267700,"Residential",-118.44,34.04,1591,51396,8988,354,8631,347,8525,601,7960,404,6623,417,7941,605,329
267800,"Business",-118.43,34.04,2619,85775,7966,7569,8275,6244,6967,6035,7912,6193,7638,6463,6948,7565,171
267800,"Residential",-118.43,34.04,2619,138178,197,26624,229,26546,76,23753,53,19279,51,18153,85,23132,843
267900,"Business",-118.42,34.05,5384,136871,13136,12581,13970,11442,13422,10544,9318,8900,8013,14510,10416,10619,95
267900,"Residential",-118.42,34.05,5384,341174,13271,45715,24121,40863,10402,43624,8936,43356,11058,36883,13323,49622,852
269000,"Business",-118.4,34.04,4785,96735,11224,6420,15196,8635,5610,5257,3618,3249,3532,6832,11434,15728,37
269000,"Residential",-118.4,34.04,4785,332128,2435,64504,2174,62045,2291,58048,1869,40236,1590,40567,1851,54518,1257
269100,"Business",-118.39,34.05,4620,138427,15477,13370,14626,11404,14599,11756,12661,11513,8359,9184,7704,7774,112
269100,"Residential",-118.39,34.05,4620,234139,1577,38599,1498,46169,1317,39332,1264,32635,1386,31147,1181,38034,966
269300,"Business",-118.41,34.04,4080,13667,1287,1031,1184,1038,1179,1315,1182,1094,1066,1000,1086,1205,61
269300,"Government",-118.41,34.04,4080,144719,17021,29443,26919,15405,9337,6819,3372,1207,880,672,408,33236,27
269300,"Residential",-118.41,34.04,4080,274642,1897,53820,1547,51792,458,47430,591,34777,577,33713,507,47533,1416
269500,"Residential",-118.39,34.04,3892,298253,514,58848,420,58676,234,51568,100,36456,45,38054,172,53166,1519
269600,"Business",-118.38,34.04,6761,27724,1759,1540,1925,1767,5462,2122,2284,2111,1903,2189,2203,2459,46
269600,"Residential",-118.38,34.04,6761,207892,125,36638,158,38016,142,35708,142,32976,266,29502,66,34153,596
269700,"Business",-118.39,34.04,4216,17883,1697,1609,1795,1636,1669,1394,1350,1257,1183,1323,1464,1506,84
269700,"Government",-118.39,34.04,4216,15826,1890,2043,1560,1815,1659,1117,848,829,780,889,1148,1248,18
269700,"Residential",-118.39,34.04,4216,149803,89,27886,72,27116,308,25847,23,23344,46,20462,30,24580,841
269800,"Business",-118.4,34.03,3365,2159,138,136,160,157,261,177,120,253,158,207,170,222,15
269800,"Residential",-118.4,34.03,3365,128414,896,23085,775,22384,793,21930,609,19149,710,17419,677,19987,475
269901,"Business",-118.4,34.02,7926,38848,3397,3507,3295,4228,3665,3460,3267,2983,2686,2664,2614,3082,101
269901,"Residential",-118.4,34.02,7926,264164,3642,42422,3014,44418,3727,42337,3552,39247,3609,36642,3287,38267,509
269902,"Business",-118.41,34.02,7251,28554,2850,2428,2569,2519,2607,2387,2105,2163,1651,1645,2314,3316,116
269902,"Residential",-118.41,34.02,7251,234205,12707,27761,12218,28450,771,37591,3061,35619,2637,32194,3003,38193,404
270100,"Business",-118.4,34.03,4619,47626,4775,4045,4095,4001,4477,4068,3858,3175,3679,3704,3728,4021,149
270100,"Residential",-118.4,34.03,4619,155322,2677,24367,2151,24919,2259,24231,1707,22108,1513,20467,1633,27290,270
270200,"Business",-118.38,34.03,2850,29216,2789,2508,2642,2335,2269,2274,1377,2566,3854,2474,2422,1706,118
270200,"Residential",-118.38,34.03,2850,79774,190,15058,19,14663,3,13282,0,12402,151,11189,32,12785,453
270300,"Business",-118.37,34.04,3431,76308,7735,5705,6427,7343,6299,5552,4651,5246,3066,8435,11422,4427,144
270300,"Government",-118.37,34.04,3431,14030,1902,1149,1230,1163,1066,902,936,902,1241,963,1350,1226,24
270300,"Residential",-118.37,34.04,3431,123677,74,23516,135,22397,32,21475,24,18171,64,16687,17,21085,781
271100,"Business",-118.43,34.03,3721,12822,1522,1125,1730,1170,624,1165,891,785,761,914,1110,1025,45
271100,"Residential",-118.43,34.03,3721,169284,10067,22565,10108,22031,157,29096,775,22983,749,21518,820,28415,1023
271200,"Business",-118.44,34.03,3920,13980,1300,1278,1146,1080,1104,1201,1088,997,1056,1277,1173,1280,62
271200,"Residential",-118.44,34.03,3920,159408,29915,180,28673,192,26560,377,26562,322,21085,362,24681,499,764
271300,"Business",-118.45,34.03,3004,17147,1370,1446,1473,1295,1361,1474,1468,1361,1299,1565,1491,1544,58
271300,"Residential",-118.45,34.03,3004,135906,27458,54,25111,73,22923,63,21693,21,17951,20,20472,67,872
271400,"Residential",-118.45,34.01,3299,172810,35752,57,35301,122,30104,61,26243,10,19418,32,25665,45,1366
271500,"Residential",-118.44,34.02,2883,153831,29785,574,29674,491,28133,389,23378,493,16713,371,23425,405,887
271600,"Business",-118.43,34.02,2509,11052,990,1078,922,910,957,1082,940,845,687,909,865,867,20
271600,"Residential",-118.43,34.02,2509,143306,25961,1445,26237,1312,23494,1464,22927,1234,15318,1376,21181,1357,637
271701,"Business",-118.42,34.03,5194,9818,1349,889,1211,891,0,837,713,608,619,694,927,1080,32
271701,"Residential",-118.42,34.03,5194,197753,35616,858,39398,1018,55,33355,909,27300,869,25514,827,32034,808
271702,"Business",-118.43,34.02,4471,19477,2291,1593,1925,1908,362,1743,1498,1277,1281,2394,892,2313,43
271702,"Government",-118.43,34.02,4471,83139,9924,7102,7071,7797,3487,7467,7187,6697,6167,6757,6409,7074,53
271702,"Residential",-118.43,34.02,4471,81247,13515,1047,14192,1040,1063,13069,1486,11114,1332,10075,903,12411,215
271801,"Business",-118.42,34.02,4860,11405,761,801,1655,979,112,983,960,946,749,1734,115,1610,28
271801,"Residential",-118.42,34.02,4860,138185,22454,1829,23584,1916,3558,18956,6364,15931,4667,16306,3592,19028,494
271802,"Business",-118.41,34.02,5972,23139,3663,1790,2530,2298,0,1994,2013,1739,1802,1727,1859,1724,63
271802,"Residential",-118.41,34.02,5972,181772,30996,1357,31259,1595,100,30629,1298,27182,1331,26057,1363,28605,550
271900,"Business",-118.43,34.01,6072,19832,1480,1790,2098,2388,1784,1634,1488,1161,1000,1770,1500,1739,39
271900,"Residential",-118.43,34.01,6072,265964,49574,1185,48750,1036,46017,1098,42721,1163,31639,913,40852,1016,1298
272100,"Business",-118.44,34,4300,5393,556,561,490,499,740,379,360,357,339,366,375,371,40
272100,"Residential",-118.44,34,4300,183920,34607,664,35460,567,32211,471,28419,502,22092,569,27796,562,1347
272200,"Business",-118.44,34,6100,12192,1136,1001,986,927,1302,586,587,553,2019,605,1388,1102,28
272200,"Residential",-118.44,34,6100,185032,33676,352,32353,401,30903,506,30162,438,26644,416,28794,387,662
272301,"Business",-118.42,34,3283,9907,854,910,797,915,64,853,790,729,726,1617,63,1589,21
272301,"Residential",-118.42,34,3283,121176,21716,495,23345,276,22,21648,231,17097,610,16113,336,19287,640
272302,"Business",-118.43,34,4422,18716,1486,1653,1547,1683,0,1551,1812,1404,1552,2979,5,3044,53
272302,"Residential",-118.43,34,4422,129161,21241,1419,21919,1425,222,21450,1317,19616,953,18861,0,20738,354
273100,"Business",-118.46,34,3615,14746,856,901,977,692,1244,929,737,675,4910,982,923,920,55
273100,"Residential",-118.46,34,3615,104955,21206,78,21374,76,18645,21,15889,16,11790,7,15787,66,845
273200,"Business",-118.47,34,4363,39924,3196,3224,3704,3446,3053,3337,3447,3147,3202,3271,3139,3758,60
273200,"Residential",-118.47,34,4363,116563,20416,911,20520,877,18343,959,18512,782,16177,778,17407,881,816
273300,"Business",-118.47,34,4173,43259,3436,3089,4919,5461,2218,4981,1958,2683,4737,3832,2135,3810,94
273300,"Residential",-118.47,34,4173,131540,19220,3499,19547,3790,19166,3835,18155,1205,18986,3452,17145,3540,738
273400,"Business",-118.48,33.99,3288,29827,2846,2820,2341,2612,2244,2284,2497,2498,2183,2350,2680,2472,78
273400,"Residential",-118.48,33.99,3288,112271,17224,2075,17106,2101,16551,1989,17043,1902,15541,1928,16959,1852,556
273500,"Business",-118.47,33.99,3041,31199,2527,3028,2638,3449,2505,2074,2317,2058,2607,2760,2501,2735,148
273500,"Government",-118.47,33.99,3041,14418,1450,1958,1665,1438,1167,964,1033,411,476,1351,1125,1380,17
273500,"Residential",-118.47,33.99,3041,99804,18123,1078,15405,976,15917,863,15341,700,15209,860,14394,938,699
273600,"Business",-118.46,33.99,2469,19595,1818,1670,1761,1824,1349,1401,1671,1339,1809,1614,1586,1753,73
273600,"Residential",-118.46,33.99,2469,95612,17525,82,17519,138,16474,82,14867,5,13319,66,15433,102,860
273700,"Business",-118.45,34,2847,4201,411,333,382,369,315,335,424,285,259,315,341,432,36
273700,"Residential",-118.45,34,2847,116003,21640,150,22616,131,19616,104,18132,96,15127,129,18083,179,834
273800,"Business",-118.45,33.99,3149,14961,1398,1263,1337,1406,1162,1141,1220,1039,1116,1268,1291,1320,75
273800,"Government",-118.45,33.99,3149,21988,1708,5774,1800,1866,1478,1004,694,488,1559,1680,1664,2273,17
273800,"Residential",-118.45,33.99,3149,124137,22548,545,21654,682,20982,502,18926,486,18069,475,18753,515,724
273900,"Business",-118.46,33.98,4152,21637,2164,1826,1891,1703,2023,1915,1722,1514,1395,1630,2186,1668,48
273900,"Residential",-118.46,33.98,4152,180013,32932,616,30761,388,31057,906,27464,595,24652,831,29050,761,1358
274100,"Business",-118.45,33.99,2388,47642,4380,4109,4089,4548,3892,3385,4252,3774,3492,4317,3565,3839,144
274100,"Residential",-118.45,33.99,2388,161397,17816,3617,18858,4238,17520,4110,28019,3753,16782,6353,32827,7504,549
274200,"Business",-118.46,33.97,4273,8948,670,894,983,671,993,549,652,583,533,641,768,1011,25
274200,"Residential",-118.46,33.97,4273,198781,32766,2759,33095,2934,30969,2522,29299,2539,26877,2792,29704,2525,876
275100,"Business",-118.41,34,5895,21511,1780,1706,1949,1970,0,3585,0,1899,3408,1700,1589,1925,23
275100,"Residential",-118.41,34,5895,182968,30883,719,37783,702,74,30047,16,24720,28652,810,27742,820,841
275200,"Business",-118.42,34,4279,9216,764,856,879,946,0,1144,423,674,982,963,382,1203,40
275200,"Residential",-118.42,34,4279,130640,21136,385,25825,493,77,22481,163,20325,11206,8275,11305,8969,478
275302,"Business",-118.43,33.98,4052,93598,8437,8687,7927,9568,8164,7313,7461,6302,6282,7886,7451,8120,78
275302,"Residential",-118.43,33.98,4052,189135,32100,3591,28602,4114,30911,3691,27790,3276,25364,2103,25510,2083,491
275311,"Business",-118.42,33.99,5065,9137,902,726,809,900,723,740,743,673,747,703,734,737,42
275311,"Residential",-118.42,33.99,5065,182864,33755,1012,32529,1019,31462,993,27757,924,23776,873,27746,1018,1246
275400,"Business",-118.44,33.99,2120,27741,2082,3686,2520,2471,2438,2470,1842,2309,1935,2025,1777,2186,119
275400,"Residential",-118.44,33.99,2120,122010,21611,3027,17005,2352,20136,2108,14970,2531,14022,4070,16798,3380,715
275510,"Business",-118.42,33.99,2878,7902,651,730,787,655,67,1243,42,613,1228,630,501,755,22
275510,"Residential",-118.42,33.99,2878,89836,17063,38,17131,39,1137,14485,1003,12797,12526,23,13561,33,611
275520,"Residential",-118.41,33.99,2711,59553,11445,0,11866,0,0,10219,0,9058,8277,0,8688,0,80
275601,"Business",-118.41,33.99,3420,36862,3060,3035,3773,3470,5286,2662,2279,2273,2812,2438,2928,2846,102
275601,"Residential",-118.41,33.99,3420,102986,17671,1178,17936,1412,3794,14028,3228,11375,14372,1195,15502,1295,761
276000,"Business",-118.39,33.97,5334,38636,4101,3094,2906,5730,3354,2561,2738,2008,3547,2602,2714,3281,31
276000,"Residential",-118.39,33.97,5334,275450,54674,212,56510,212,48950,267,38592,66,31940,170,43768,89,1998
276100,"Business",-118.37,33.98,4461,32907,3053,3431,3226,2984,3014,2163,2355,2207,2489,2743,2462,2780,70
276100,"Residential",-118.37,33.98,4461,213711,21021,9332,30244,12131,23323,18077,24808,8444,18804,8585,27368,11574,572
276400,"Business",-118.41,33.97,3918,68955,410,348,302,382,219,21360,8233,0,8943,8480,9505,10773,19
276400,"Residential",-118.41,33.97,3918,201261,39766,249,40201,212,35433,82,28468,86,24603,66,31907,188,1510
276500,"Business",-118.42,33.97,3696,115544,10481,10498,13599,13137,10452,5376,4502,4670,7291,9440,10236,15862,43
276500,"Residential",-118.42,33.97,3696,85945,16305,330,16029,270,14902,107,12441,45,11263,35,14029,189,629
276601,"Business",-118.43,33.96,3450,21862,1980,1935,1790,1731,1511,1886,3057,1480,1314,1576,1635,1967,56
276601,"Residential",-118.43,33.96,3450,192142,35956,202,37018,340,32752,132,29401,93,24122,111,31805,210,1139
276602,"Business",-118.43,33.96,8091,39269,2936,3123,2708,2385,5773,1675,2163,1767,1871,4023,2587,8258,40
276602,"Government",-118.43,33.96,8091,21787,1991,2059,1895,4395,2055,1376,980,1059,719,1069,1616,2573,18
276602,"Residential",-118.43,33.96,8091,309325,36436,9203,36992,11366,37950,9118,43835,9478,41456,16382,44620,12489,607
277000,"Business",-118.4,33.97,5459,29680,2623,2698,3091,2604,2588,2264,2327,94,4103,2269,2360,2659,60
277000,"Residential",-118.4,33.97,5459,292929,58571,489,60115,487,53269,416,38300,143,33959,352,46339,489,1931
277100,"Business",-118.38,33.97,3016,41140,3460,3550,4088,4055,3605,3906,3237,3021,2786,3172,2967,3293,49
277100,"Residential",-118.38,33.97,3016,143231,34827,309,27884,207,24691,161,18556,31,15425,120,20802,218,1084
277200,"Business",-118.38,33.95,3743,302898,21743,19820,26134,22983,29560,22706,21517,29514,20159,33626,28907,26229,138
277200,"Residential",-118.38,33.95,3743,89426,15005,1528,14133,2092,13039,3828,11705,1274,10815,2549,11606,1852,222
277400,"Business",-118.37,33.95,4798,91452,8624,8913,8547,8953,6746,7496,6032,6064,6066,5782,5305,12924,23
277400,"Government",-118.37,33.95,4798,2710,138,162,320,168,135,123,133,133,159,122,911,206,28
277400,"Residential",-118.37,33.95,4798,71006,13696,302,12710,99,11360,140,11601,33,10229,33,10737,66,479
278000,"Business",-118.4,33.96,2430,326240,29859,31227,35874,30507,23258,26012,21156,25204,26883,23056,25092,28112,348
278000,"Government",-118.4,33.96,2430,321510,24371,33964,35034,33152,27461,23303,26705,24755,20507,24422,21473,26363,97
278000,"Residential",-118.4,33.96,2430,102540,20159,49,19205,25,17906,4,15439,4,13063,30,16582,74,702
278100,"Business",-118.45,33.96,2859,10806,1023,952,1073,1002,995,771,918,741,755,733,872,971,50
278100,"Government",-118.45,33.96,2859,14072,1655,1504,1516,1145,1127,873,701,679,775,1122,1345,1630,20
278100,"Residential",-118.45,33.96,2859,141068,25438,1579,23950,1719,22358,1547,21381,1353,17286,1651,20943,1863,837
291110,"Residential",-118.29,33.92,3133,117110,20692,574,21080,699,19637,379,17870,475,16603,1018,17579,504,436
291120,"Business",-118.29,33.91,2282,32936,2231,2363,2384,3061,2920,2298,2083,2531,2743,3111,3776,3435,45
291120,"Residential",-118.29,33.91,2282,68922,11971,4,13703,0,11385,42,10979,518,10513,73,9734,0,268
291130,"Business",-118.29,33.9,3507,24408,1870,2181,2367,2212,2141,1850,1872,1526,1606,2052,2122,2609,49
291130,"Residential",-118.29,33.9,3507,117340,22832,604,22877,522,18885,604,17106,5,15370,584,17450,501,817
291210,"Business",-118.29,33.89,4961,9932,924,837,1200,893,848,790,638,733,636,757,792,884,73
291210,"Residential",-118.29,33.89,4961,132917,24112,496,25112,398,23201,365,20757,281,17388,267,20178,362,739
291220,"Business",-118.29,33.88,3479,40329,1163,17960,2750,2381,2251,2270,2346,2132,1923,2088,1610,1455,43
291220,"Residential",-118.29,33.88,3479,105121,18910,415,19477,377,16974,455,16324,266,13938,254,17282,449,514
291300,"Business",-118.3,33.86,2715,80852,7218,6683,7957,6297,4066,9291,5126,4919,4701,10135,4607,9852,112
291300,"Government",-118.3,33.86,2715,10349,459,1198,623,611,526,576,307,706,2691,945,603,1104,16
291300,"Residential",-118.3,33.86,2715,109673,20847,360,20928,321,18517,347,16133,289,14706,231,16836,158,866
292000,"Business",-118.31,33.84,6621,189893,15440,16629,14567,13618,33,14127,30401,10044,9447,34005,75,31507,164
292000,"Residential",-118.31,33.84,6621,220567,8964,38527,2897,34027,2958,37,37920,365,30291,26727,7673,30181,910
293201,"Business",-118.3,33.83,6540,108981,10438,10418,9342,10109,0,10047,7442,5890,9001,12912,1429,21953,141
293201,"Residential",-118.3,33.83,6540,224275,40244,27473,14578,25123,13558,462,37092,413,30130,455,34500,247,1067
293202,"Business",-118.3,33.82,6622,74239,7962,8268,8248,7645,6559,5477,4607,3652,4186,6088,4640,6907,123
293202,"Residential",-118.3,33.82,6622,175044,30446,169,30068,415,29125,164,31428,236,25324,251,27307,111,581
293301,"Business",-118.3,33.81,2977,14900,1397,1177,1300,1473,1305,1368,1128,1097,1159,1256,971,1269,35
293301,"Residential",-118.3,33.81,2977,119484,21643,1108,21170,1202,20434,1212,18426,1067,13004,1132,17871,1215,750
293302,"Business",-118.3,33.8,4302,14705,1410,1844,1476,1307,1129,1335,1073,947,896,983,1025,1280,40
293302,"Residential",-118.3,33.8,4302,147747,27025,937,26410,983,24828,1128,22738,908,19347,908,21430,1105,761
293304,"Business",-118.3,33.79,4207,4212,416,423,391,419,440,450,453,266,181,227,250,296,16
293304,"Residential",-118.3,33.79,4207,111439,19706,371,20615,268,18623,352,18496,287,15316,263,16827,315,507
293305,"Business",-118.3,33.79,4660,12483,1216,1316,1179,1072,1066,1003,988,694,761,1049,902,1237,65
293305,"Residential",-118.3,33.79,4660,143674,27056,1160,27115,1106,24077,809,20761,892,16934,956,22444,364,642
294110,"Business",-118.26,33.8,4060,5624,619,669,502,620,332,248,395,289,416,741,493,300,16
294110,"Residential",-118.26,33.8,4060,127923,263,25280,137,22766,109,19569,144,19568,427,17956,90,21614,823
294120,"Business",-118.25,33.79,2529,125746,10656,10336,10540,9155,1871,25890,679,10338,19226,11196,9206,6653,94
294120,"Residential",-118.25,33.79,2529,86283,1100,14087,2029,12399,1158,11331,1609,15461,2090,12448,2282,10289,387
294200,"Business",-118.27,33.79,4425,21328,2088,1970,2094,1977,1397,1778,1185,391,3276,1647,1633,1892,65
294200,"Residential",-118.27,33.79,4425,145622,153,27787,92,26236,116,23078,104,544,20046,21290,61,26115,1013
294300,"Business",-118.28,33.79,7059,41843,3982,4360,3653,3756,3541,3395,2650,1957,4026,3006,3605,3912,97
294300,"Residential",-118.28,33.79,7059,205261,197,37510,186,36407,158,33369,183,13243,16708,31042,69,36189,1242
294410,"Business",-118.29,33.79,3854,7296,582,623,599,664,614,620,674,542,573,570,554,681,70
294410,"Residential",-118.29,33.79,3854,97705,14250,2156,15029,2120,14214,2413,15509,2053,12910,1998,12815,2238,394
294420,"Business",-118.3,33.79,3270,17111,1466,1319,1554,1400,1613,1630,1582,1455,1313,1317,1210,1252,64
294420,"Residential",-118.3,33.79,3270,70327,11077,1149,11760,1243,10413,1277,10800,1071,9370,1142,9832,1193,190
294510,"Business",-118.27,33.79,4266,7293,645,663,618,645,755,549,596,471,731,548,532,540,24
294510,"Residential",-118.27,33.79,4266,96837,578,17678,637,16539,685,15796,563,11915,2399,14195,582,15270,564
294520,"Business",-118.27,33.79,3609,19787,1719,1535,1556,1755,1776,1538,1691,1713,1503,1663,1792,1546,48
294520,"Residential",-118.27,33.79,3609,91434,637,16110,878,15329,732,14183,715,13309,819,13349,890,14483,453
294610,"Business",-118.26,33.79,3875,104154,317,312,347,342,308,312,622,336,338,316,100292,312,27
294610,"Residential",-118.26,33.79,3875,101473,97,19601,127,17555,194,16341,9,15854,14,14005,25,17651,512
294620,"Business",-118.25,33.79,3931,10143,889,930,879,997,846,731,665,631,662,1085,997,831,47
294620,"Residential",-118.25,33.79,3931,95185,44,17772,120,16493,44,15181,41,16282,38,13693,58,15419,676
294700,"Business",-118.26,33.78,3270,3137100,247728,277507,344377,265561,247948,426565,177125,138590,11651,629803,162794,207451,437
294700,"Government",-118.26,33.78,3270,16741,1514,1471,2055,1356,1467,899,571,2978,976,1023,1203,1228,47
294700,"Residential",-118.26,33.78,3270,75070,169,13134,161,12836,200,12740,244,11909,113,11020,233,12311,276
294810,"Business",-118.27,33.78,4039,11617,529,1590,464,474,2175,870,414,363,359,2511,887,981,28
294810,"Residential",-118.27,33.78,4039,85262,2,15367,4,14876,31,14287,35,13892,0,12972,1,13795,286
294820,"Business",-118.27,33.78,3555,23276,2038,2167,2439,1891,1935,1815,2165,1887,1611,1681,1709,1938,71
294820,"Residential",-118.27,33.78,3555,77608,22,13641,43,13314,14,12758,20,13169,30,11590,40,12967,240
294830,"Business",-118.27,33.77,3274,9646,946,754,824,771,930,870,774,694,696,716,826,845,75
294830,"Residential",-118.27,33.77,3274,95526,182,17516,257,16950,211,16067,209,15106,166,13139,230,15493,365
294900,"Business",-118.28,33.78,3262,47755,4572,4103,4594,3897,3663,3375,3634,4072,3611,4179,3886,4169,64
294900,"Government",-118.28,33.78,3262,61830,2492,5815,9319,6982,3585,4794,3324,6655,3239,8427,3339,3859,45
294900,"Residential",-118.28,33.78,3262,73050,38,13655,0,13306,5,11362,35,11283,10,10645,6,12705,307
295101,"Business",-118.3,33.76,5188,130870,2402,20989,2180,21809,5315,19660,1729,14923,2307,19802,8920,10834,31
295101,"Residential",-118.3,33.76,5188,220253,42268,1057,40937,872,37156,553,33273,449,27962,182,35413,131,828
296100,"Business",-118.27,33.74,1434,112883,15171,10651,9909,10774,8498,7314,6870,8411,5806,8733,11227,9519,55
296100,"Government",-118.27,33.74,1434,487327,37852,19608,48160,76944,103406,77434,33755,15227,18372,26485,13285,16799,61
296210,"Business",-118.28,33.75,2858,12076,1132,1079,1221,984,971,992,975,862,884,1022,991,963,19
296210,"Residential",-118.28,33.75,2858,73845,847,12647,942,12376,924,11676,706,10939,488,10304,558,11438,325
296220,"Business",-118.28,33.74,3605,47020,3114,3517,4335,3083,3312,3109,2878,12750,2540,3034,2687,2661,99
296220,"Government",-118.28,33.74,3605,7739,822,694,838,653,708,555,561,453,411,742,603,699,17
296220,"Residential",-118.28,33.74,3605,48256,27,5553,0,14793,932,5134,1227,4272,0,8751,2393,5174,81
296300,"Business",-118.3,33.76,4348,24738,2003,2942,2595,2515,2134,2022,1916,1014,1216,2143,1899,2339,77
296300,"Residential",-118.3,33.76,4348,192181,40835,4248,30685,4156,27477,3899,24688,3514,18860,4977,23966,4876,441
296400,"Business",-118.31,33.74,6294,14853,1177,1275,1290,1203,1254,1160,1019,1113,1153,1347,1290,1572,58
296400,"Government",-118.31,33.74,6294,34230,2420,3732,3963,3523,2990,2467,1819,1842,1537,2777,3268,3892,19
296400,"Residential",-118.31,33.74,6294,296607,53148,3654,54590,3837,47980,3276,43767,3116,34116,3070,42568,3485,1836
296500,"Business",-118.29,33.75,3796,6124,566,651,537,632,645,425,442,336,378,463,513,536,31
296500,"Government",-118.29,33.75,3796,17208,3713,3105,1008,1170,909,670,542,207,284,2826,1969,805,19
296500,"Residential",-118.29,33.75,3796,122387,16760,6154,16946,5141,16305,4636,14890,4655,13192,4155,14997,4556,788
296600,"Business",-118.29,33.74,5200,75700,6113,6834,6448,5988,5861,6003,6099,5172,5107,9109,6075,6891,270
296600,"Residential",-118.29,33.74,5200,179571,19129,13523,19291,13366,17267,12462,17547,11990,15191,11172,16536,12097,841
296900,"Business",-118.29,33.73,8250,19000,1775,1515,1542,1756,1560,1737,1463,1378,1485,1637,1298,1854,83
296900,"Government",-118.29,33.73,8250,19427,1776,1411,2056,1504,2386,1546,609,642,1062,1228,1414,3793,22
296900,"Residential",-118.29,33.73,8250,256103,26683,16223,28358,16635,29121,15670,26638,16340,24156,15502,25478,15299,1116
297000,"Business",-118.31,33.73,5482,25360,2137,2024,2464,2167,1833,2203,2018,1982,2268,1963,2118,2183,49
297000,"Residential",-118.31,33.73,5482,234561,43675,237,45191,97,39427,791,34961,597,30206,63,39300,16,1412
297110,"Business",-118.28,33.73,4547,25953,2296,2067,2291,1044,2953,2275,2214,1959,2491,2083,1969,2311,68
297110,"Residential",-118.28,33.73,4547,100805,370,17219,477,16991,364,17273,606,15475,330,14761,316,16623,433
297120,"Business",-118.28,33.73,3358,32243,2788,4228,1740,1554,3464,3920,2964,2539,2348,2226,2144,2328,69
297120,"Residential",-118.28,33.73,3358,94758,9,17331,0,16232,104,15768,22,15042,61,14436,26,15727,454
297200,"Business",-118.3,33.72,8011,8305,640,692,927,506,653,922,666,565,659,698,665,712,35
297200,"Residential",-118.3,33.72,8011,263715,28143,18945,28014,18210,27407,18240,24134,17955,22170,18209,24195,18093,1494
297300,"Business",-118.31,33.72,2886,21021,2038,1944,1069,876,17,1882,16,1299,1596,808,792,8684,19
297300,"Residential",-118.31,33.72,2886,109293,19940,68,20209,77,10445,9477,8699,7349,9518,5353,11486,6672,747
297400,"Residential",-118.32,33.72,3615,240677,37209,21067,38171,7710,0,36368,34,27061,23171,15326,13987,20573,1170
297500,"Residential",-118.3,33.72,3324,153971,18410,10175,19138,10116,146,26889,172,21628,126,21341,201,25629,1024
297600,"Business",-118.29,33.71,6572,50577,4700,6817,4499,3823,6415,2756,2902,2497,5871,3911,3377,3009,54
297600,"Government",-118.29,33.71,6572,143442,14199,10512,12604,13491,13209,12748,12071,8617,8485,13787,12084,11635,83
297600,"Residential",-118.29,33.71,6572,182271,2077,30923,1756,29686,413,31218,502,27662,511,27572,463,29488,1189
310100,"Residential",-118.32,34.21,5320,4778,953,0,1039,0,807,0,706,0,500,0,773,0,20
320300,"Residential",-118.45,34.28,7201,3978,0,788,20,770,8,622,0,561,0,496,0,713,28
535200,"Residential",-118.25,33.95,5358,10280,1315,383,1210,63,2386,90,1679,0,1707,0,1447,0,24
540400,"Business",-118.23,33.93,2080,3252,228,262,212,213,182,161,115,122,88,116,121,1432,18
540400,"Residential",-118.23,33.93,2080,62630,10317,174,10899,177,11131,199,9703,310,9266,100,10310,44,377
600801,"Residential",-118.32,33.97,3181,4203,809,0,866,0,0,733,0,525,0,531,0,739,33
609900,"Business",-118.3,33.74,1678,6483,651,553,593,467,372,360,931,511,472,497,512,564,21
609900,"Residential",-118.3,33.74,1678,30634,5740,0,6112,16,5171,6,5044,0,3954,7,4581,3,194
670100,"Residential",-118.32,33.79,6484,2798,568,0,572,0,496,0,433,0,327,0,402,0,18
700100,"Business",-118.35,34.09,10257,139231,17729,18216,11343,12457,674,10881,9988,9403,14786,13930,9979,9845,268
700100,"Government",-118.35,34.09,10257,9047,1775,638,1263,820,0,1140,478,456,366,664,634,813,16
700100,"Residential",-118.35,34.09,10257,352615,60993,851,61374,1231,179,63648,693,54996,659,52658,715,54618,1066
700200,"Business",-118.37,34.09,6499,49514,4544,4141,4654,4183,1170,8020,773,4040,6474,3974,3315,4226,111
700200,"Residential",-118.37,34.09,6499,246393,41588,398,42509,606,73,44821,367,39073,35515,2872,35716,2855,565
700300,"Business",-118.37,34.09,5670,110248,9091,9237,10683,11472,1911,16724,1538,7125,16413,9124,7475,9455,115
700300,"Residential",-118.37,34.09,5670,253969,41666,3057,43779,2851,484,44790,606,38646,34906,2709,37953,2522,333
700400,"Business",-118.38,34.08,5296,105356,8897,8966,9227,10016,6138,11477,5900,8722,10357,8378,8341,8937,75
700400,"Residential",-118.38,34.08,5296,89221,15439,506,17738,507,20,15700,57,13375,12475,344,12676,384,265
700500,"Business",-118.38,34.09,7994,143462,12558,11944,12743,13459,2070,20883,1728,9744,22901,11206,11743,12483,164
700500,"Residential",-118.38,34.09,7994,114386,18487,1376,16666,1894,9086,13215,7815,9389,17200,1095,16731,1432,173
700700,"Residential",-118.42,34.08,3495,22487,36,5416,0,3987,0,3828,0,2369,0,2645,0,4206,17
701100,"Residential",-118.46,34.05,682,2315,366,0,476,0,499,0,326,0,102,0,546,0,19
702803,"Business",-118.43,34,3048,74423,6476,7466,6402,7197,4569,7000,6031,5270,5096,6670,4259,7987,178
702803,"Residential",-118.43,34,3048,91027,16970,338,16459,347,11496,3971,10719,3510,8998,3999,10010,4210,544
