"title","year","runtime","mpaa_rating","studio","color","director","language","country","aspect_ratio","n_poster_faces","n_critics","n_audience","reviews_num","audience_rating","critics_rating","budget","gross","imdb_id"
"Me and You and Everyone We Know ",2005,91,"R","IFC Films","Color","Miranda July","English","USA",1.85,0,151,243,394,7.4,81,2e+06,3885134,"tt0415978"
"Maximum Risk ",1996,101,"R","Sony Pictures Home Entertainment","Color","Ringo Lam","English","USA",2.35,1,50,68,118,5.4,28,2.5e+07,14095303,"tt0117011"
"The Oh in Ohio ",2006,88,"R","Cyan Pictures","Color","Billy Kent","English","USA",2.35,0,50,56,106,5.6,22,5e+06,NA,"tt0422861"
"The Muppets ",2011,103,"PG","Walt Disney Pictures","Color","James Bobin","English","USA",1.85,3,398,252,650,7.1,96,4.5e+07,88625922,"tt1204342"
"The Harvest/La Cosecha ",2011,80,NA,"Cinema Libre","Color","U. Roberto Romano","English","USA",NA,0,3,2,5,7.2,NA,560000,2245,"tt1981703"
"The Host ",2013,125,"PG-13","Open Road Films","Color","Andrew Niccol","English","USA",2.35,3,298,347,645,5.9,8,4e+07,26616999,"tt1517260"
"Funny Games ",2007,111,"R","Warner Independent Pictures","Color","Michael Haneke","English","USA",1.85,0,250,436,686,6.5,52,1.5e+07,1294640,"tt0808279"
"Volcano ",1997,104,"PG-13","Twentieth Century Fox Home Entertainment","Color","Mick Jackson","English","USA",1.85,0,84,181,265,5.4,46,9e+07,47474112,"tt0120461"
"The Expendables 3 ",2014,131,"PG-13","Lionsgate Pictures","Color","Patrick Hughes","English","USA",2.35,15,320,351,671,6.1,32,9e+07,39292022,"tt2333784"
"Philadelphia ",1993,125,"PG-13","Sony Pictures Home Entertainment","Color","Jonathan Demme","English","USA",1.85,2,68,261,329,7.7,78,2.6e+07,77324422,"tt0107818"
"Mortal Kombat: Annihilation ",1997,95,"PG-13","New Line Home Entertainment","Color","John R. Leonetti","English","USA",1.85,0,59,256,315,3.7,3,3e+07,35927406,"tt0119707"
"Easy Virtue ",2008,97,"PG-13","Sony Pictures Classics","Color","Stephan Elliott","English","UK",2.35,4,135,79,214,6.7,51,NA,2656324,"tt0808244"
"Wanderlust ",2012,98,"R","Universal Pictures","Color","David Wain","English","USA",1.85,2,163,139,302,5.6,60,NA,17225675,"tt1655460"
"Caravans ",1978,127,"PG","FIDCI","Color","James Fargo","English","Iran",2.35,0,2,8,10,6.5,NA,1.4e+07,1e+06,"tt0077296"
"Vamps ",2012,92,"PG-13","Anchor Bay Entertainment","Color","Amy Heckerling","English","USA",1.78,2,54,42,96,5.1,53,1.6e+07,2964,"tt1545106"
"Supercapitalist ",2012,102,"Not Rated","Truly Indie","Color","Simon Yin","English","USA",NA,0,20,9,29,3.9,18,NA,13220,"tt1734586"
"Alvin and the Chipmunks ",2007,92,"PG","20th Century Fox","Color","Tim Hill","English","USA",1.85,0,131,146,277,5.2,27,6e+07,217326336,"tt0952640"
"Capricorn One ",1977,130,"PG","Warner Bros. Pictures","Color","Peter Hyams","English","USA",2.35,0,64,153,217,6.8,61,5e+06,NA,"tt0077294"
"The Full Monty ",1997,91,"R","Twentieth Century Fox Home Entertainment","Color","Peter Cattaneo","English","UK",1.85,3,122,174,296,7.2,95,3500000,45857453,"tt0119164"
"Resident Evil: Retribution ",2012,96,"R","Screen Gems","Color","Paul W.S. Anderson","English","Germany",2.35,0,239,423,662,5.4,31,6.5e+07,42345531,"tt1855325"
"Switchback ",1997,118,"R","Paramount Home Video","Color","Jeb Stuart","English","USA",2.35,1,38,81,119,6.4,32,3.7e+07,6482195,"tt0119210"
"The Boy Next Door ",2015,91,"R","Universal Pictures","Color","Rob Cohen","English","USA",2.35,1,149,131,280,4.6,10,4e+06,35385560,"tt3181822"
"Swelter ",2014,96,"R","Well Go USA","Color","Keith Parmer","English","USA",NA,6,21,24,45,4.6,NA,8e+06,NA,"tt2112277"
"Reign Over Me ",2007,124,"R","Sony Pictures","Color","Mike Binder","English","USA",2.35,2,154,231,385,7.5,64,2e+07,19661987,"tt0490204"
"The Wicked Within ",2015,84,"R","High Five Films","Color","Jay Alaimo","English","USA",NA,0,9,7,16,4.6,NA,1200000,NA,"tt1943014"
"The Chambermaid on the Titanic ",1997,101,NA,"Alta Films","Color","Bigas Luna","French","France",2.35,1,22,14,36,6.8,81,NA,244465,"tt0129923"
"Zathura: A Space Adventure ",2005,101,"PG","Sony Pictures","Color","Jon Favreau","English","USA",1.85,0,136,202,338,6.1,75,6.5e+07,28045540,"tt0406375"
"The Best Man ",1999,120,"R","Universal Pictures","Color","Malcolm D. Lee","English","USA",1.85,6,32,79,111,6.7,72,9e+06,34074895,"tt0168501"
"Rise of the Guardians ",2012,97,"PG","Paramount Studios","Color","Peter Ramsey","English","USA",1.85,0,256,174,430,7.3,73,1.45e+08,103400692,"tt1446192"
"Inescapable ",2012,93,"R","IFC Films","Color","Ruba Nadda","English","Canada",2.35,3,36,20,56,5.2,19,4e+06,4063,"tt1844203"
"Planet 51 ",2009,91,"PG","Sony Pictures/TriStar Pictures","Color","Jorge Blanco","English","Spain",2.35,1,156,72,228,6.1,21,7e+07,42194060,"tt0762125"
"Lucky Number Slevin ",2006,110,"R",NA,"Color","Paul McGuigan","English","Germany",2.35,3,202,507,709,7.8,NA,2.7e+07,22494487,"tt0425210"
"Slow Burn ",2005,93,"R","Lions Gate Films","Color","Wayne Beach","English","USA",1.85,0,40,24,64,5.9,12,15500000,1181197,"tt0376196"
"Dinosaur ",2000,82,"PG","Buena Vista","Color","Eric Leighton","English","USA",1.85,1,145,241,386,6.5,65,127500000,137748063,"tt0130623"
"Spider-Man ",2002,121,"PG-13","Columbia Pictures","Color","Sam Raimi","English","USA",1.85,0,291,2012,2303,7.3,89,1.39e+08,403706375,"tt0145487"
"The Haunting in Connecticut 2: Ghosts of Georgia ",2013,101,"R","The Film Arcade","Color","Tom Elkins","English","USA",2.35,0,79,57,136,5.3,19,9e+06,NA,"tt1457765"
"Think Like a Man ",2012,122,"PG-13","Sony Screen Gems","Color","Tim Story","English","USA",2.35,8,77,62,139,6.6,53,1.2e+07,91547205,"tt1621045"
"The Wedding Planner ",2001,103,"PG-13","Cinedigm","Color","Adam Shankman","English","Germany",2.35,2,108,229,337,5.2,NA,3.5e+07,60400856,"tt0209475"
"2 Guns ",2013,109,"R","Universal Pictures","Color","Baltasar Kormákur","English","USA",2.35,1,265,172,437,6.7,64,6.1e+07,75573300,"tt1272878"
"The Godfather: Part III ",1990,170,"R","Paramount Pictures","Color","Francis Ford Coppola","English","USA",1.85,1,110,545,655,7.6,67,5.4e+07,66676062,"tt0099674"
"Ace Ventura: Pet Detective ",1994,78,"PG-13","Warner Bros. Pictures","Color","Tom Shadyac","English","USA",1.85,1,61,242,303,6.9,46,1.2e+07,72217000,"tt0109040"
"Our Family Wedding ",2010,103,"PG-13","Fox Searchlight","Color","Rick Famuyiwa","English","USA",2.35,2,71,20,91,4.9,13,1.4e+07,20246959,"tt1305583"
"Prison ",1987,102,"R","New World Video","Color","Renny Harlin","English","USA",1.85,0,68,38,106,5.9,40,1300000,354704,"tt0095904"
"Fascination ",2004,103,"R","MGM/UA","Color","Klaus Menzel","English","Germany",2.35,0,13,44,57,3.3,4,5e+06,16066,"tt0305632"
"Black Rock ",2012,83,"R","LD Entertainment","Color","Katie Aselton","English","USA",1.85,1,95,47,142,4.7,49,NA,NA,"tt1930294"
"Benji ",1974,86,"G","E1 Entertainment","Color","Joe Camp","English","USA",1.85,0,5,36,41,6.1,86,5e+05,39552600,"tt0071206"
"Whiplash ",2014,107,"R","Sony Pictures Classics","Color","Damien Chazelle","English","USA",2.4,0,535,731,1266,8.5,94,3300000,13092000,"tt2582802"
"Zoolander 2 ",2016,102,"PG-13","Paramount Pictures","Color","Ben Stiller","English","USA",2.35,4,226,150,376,4.8,23,5e+07,28837115,"tt1608290"
"It's a Wonderful Life ",1946,118,"PG","Liberty Films","Color","Frank Capra","English","USA",1.37,0,206,706,912,8.6,94,3180000,NA,"tt0038650"
"Alleluia! The Devil's Carnival ",2016,97,NA,"Execution Style Entertainment","Color","Darren Lynn Bousman","English","USA",1.78,5,10,20,30,7.4,NA,5e+05,NA,"tt3892618"
"Rockaway ",2007,90,"R","Crook Brothers","Color","Jeff Crook","English","USA",2.35,1,8,6,14,4.6,NA,2e+06,NA,"tt0796355"
"Dear John ",2010,108,"PG-13","Screen Gems/SONY PICTURES",NA,"Lasse Hallström","English","USA",2.35,NA,162,186,348,6.3,29,2.5e+07,80014842,"tt0989757"
"City Island ",2009,104,"PG-13","Anchor Bay Entertainment","Color","Raymond De Felitta","English","USA",1.85,6,149,101,250,7.4,81,6e+06,6670712,"tt1174730"
"Mallrats ",1995,123,"R","MCA Universal Home Video","Color","Kevin Smith","English","USA",1.85,6,93,434,527,7.2,55,6e+06,2122561,"tt0113749"
"The General's Daughter ",1999,116,"R","Paramount Pictures","Color","Simon West","English","USA",2.35,0,113,274,387,6.3,22,9.5e+07,102678089,"tt0144214"
"The Sea Inside ",2004,125,"PG-13","Fine Line Features","Color","Alejandro Amenábar","Spanish","Spain",2.35,1,157,140,297,8.1,84,1e+07,2086345,"tt0369702"
"The BFG ",2016,117,"PG","Walt Disney Pictures","Color","Steven Spielberg","English","UK",2.35,0,252,106,358,6.8,74,1.4e+08,52792307,"tt3691740"
"Out of Sight ",1998,123,"R","Universal Pictures","Color","Steven Soderbergh","English","USA",1.85,1,158,307,465,7,93,4.8e+07,37339525,"tt0120780"
"Zoolander ",2001,90,"PG-13","Paramount Pictures","Color","Ben Stiller","English","Germany",2.35,0,135,523,658,6.6,64,2.8e+07,45162741,"tt0196229"
"Antiviral ",2012,108,"Not Rated","IFC","Color","Brandon Cronenberg","English","Canada",1.85,0,188,47,235,5.7,64,3200000,NA,"tt2099556"
"The Neon Demon ",2016,118,"R","Space Rocket Nation","Color","Nicolas Winding Refn","English","France",2.35,2,253,73,326,7,57,7e+06,1330827,"tt1974419"
"Cirque du Soleil: Worlds Away ",2012,91,"PG","Paramount Pictures","Color","Andrew Adamson","English","USA",NA,0,73,35,108,6.8,44,NA,12495865,"tt1792647"
"Rain Man ",1988,133,"R","MGM","Color","Barry Levinson","English","USA",1.85,3,100,331,431,8,90,2.5e+07,172825435,"tt0095953"
"Peaceful Warrior ",2006,120,"PG-13","Universal","Color","Victor Salva","English","Germany",2.35,1,44,175,219,7.3,25,1e+07,1055654,"tt0438315"
"The Hateful Eight ",2015,187,"R","The Weinstein Company","Color","Quentin Tarantino","English","USA",2.76,1,596,1018,1614,7.9,74,4.4e+07,54116191,"tt3460252"
"God's Not Dead 2 ",2016,120,"PG","Pure Fix","Color","Harold Cronk","English","USA",2.35,11,29,102,131,3.4,9,5e+06,20773070,"tt4824308"
"Severance ",2006,90,"R","Magnolia Pictures","Color","Christopher Smith","English","UK",1.85,0,200,194,394,6.6,64,5e+06,136432,"tt0464196"
"Munich ",2005,163,"R","Universal Pictures","Color","Steven Spielberg","English","France",2.35,0,298,824,1122,7.6,78,7e+07,47379090,"tt0408306"
"The Veil ",2016,93,"R","Blumhouse Productions","Color","Phil Joanou","English","USA",2.35,2,39,29,68,4.7,NA,4e+06,NA,"tt3533916"
"Copying Beethoven ",2006,104,"PG-13","MGM","Color","Agnieszka Holland","English","USA",2.35,0,78,86,164,6.8,28,1.1e+07,352786,"tt0424908"
"Torn Curtain ",1966,128,"Approved","MCA Universal Home Video","Color","Alfred Hitchcock","English","USA",1.85,1,64,137,201,6.7,65,6e+06,NA,"tt0061107"
"Dinner for Schmucks ",2010,114,"PG-13","Paramount Studios","Color","Jay Roach","English","USA",1.85,2,190,264,454,5.9,42,NA,72980108,"tt0427152"
"Sinbad: Legend of the Seven Seas ",2003,85,"PG","DreamWorks SKG","Color","Patrick Gilmore","English","USA",1.66,0,98,91,189,6.7,46,6e+07,26288320,"tt0165982"
"The Brothers Bloom ",2008,114,"PG-13","Summit Entertainment","Color","Rian Johnson","English","USA",2.35,4,182,105,287,6.9,66,2e+07,3519627,"tt0844286"
"Selma ",2014,128,"PG-13","Paramount Pictures","Color","Ava DuVernay","English","UK",2.35,0,364,212,576,7.5,99,2e+07,52066000,"tt1020072"
"Girl 6 ",1996,108,"R","Anchor Bay Entertainment","Color","Spike Lee","English","USA",1.85,3,30,33,63,5,33,1.2e+07,4903000,"tt0116414"
"The Black Hole ",1979,98,"PG","Walt Disney Productions","Color","Gary Nelson","English","USA",2.35,0,90,230,320,5.9,43,2e+07,NA,"tt0078869"
"Darling Companion ",2012,103,"PG-13","Sony Pictures Classics","Color","Lawrence Kasdan","English","USA",2.35,1,57,25,82,5.1,22,NA,793352,"tt1730687"
"Invictus ",2009,134,"PG-13","Warner Bros. Pictures","Color","Clint Eastwood","English","USA",2.35,1,306,259,565,7.4,76,6e+07,37479778,"tt1057500"
"Flame and Citron ",2008,45,"Not Rated","IFC Films","Color","Ole Christian Madsen","Danish","Denmark",2.35,1,80,44,124,7.3,87,4.5e+07,145109,"tt0920458"
"Driving Miss Daisy ",1989,99,"PG","Fathom Events","Color","Bruce Beresford","English","USA",1.85,1,61,134,195,7.4,82,7500000,106593296,"tt0097239"
"House of Sand and Fog ",2003,126,"R","DreamWorks SKG","Color","Vadim Perelman","English","USA",1.85,0,158,469,627,7.6,74,1.5e+07,13005485,"tt0315983"
"Octopussy ",1983,131,"PG","Twentieth Century Fox Home Entertainment","Color","John Glen","English","UK",2.35,0,106,225,331,6.6,42,27500000,67900000,"tt0086034"
"Primer ",2004,77,"PG-13","ThinkFilm","Color","Shane Carruth","English","USA",1.85,0,143,371,514,7,72,7000,424760,"tt0390384"
"Up in the Air ",2009,108,"R","Paramount Pictures","Color","Jason Reitman","English","USA",1.85,0,391,452,843,7.4,91,2.5e+07,83813460,"tt1193138"
"The Women ",2008,114,"PG-13","Picturehouse Entertainment","Color","Diane English","English","USA",1.85,4,124,125,249,4.9,13,16500000,26896744,"tt0430770"
"Shrek Forever After ",2010,93,"PG","Paramount","Color","Mike Mitchell","English","USA",2.35,2,226,173,399,6.4,58,1.65e+08,238371987,"tt0892791"
"The Tigger Movie ",2000,77,"G","Buena Vista","Color","Jun Falkenstein","English","USA",1.78,0,89,53,142,6.3,62,3e+07,45542421,"tt0220099"
"Singin' in the Rain ",1952,103,"Approved","MGM","Color","Stanley Donen","English","USA",1.37,0,169,568,737,8.3,100,2540800,NA,"tt0045152"
"First Knight ",1995,134,"PG-13","Sony Pictures Home Entertainment","Color","Jerry Zucker","English","USA",1.85,3,53,180,233,5.9,47,5.5e+07,37600435,"tt0113071"
"Quarantine ",2008,89,"R","Screen Gems","Color","John Erick Dowdle","English","USA",1.85,0,198,369,567,6,58,1.2e+07,31691811,"tt1082868"
"Zulu ",2013,110,"R","Pathé","Color","Jérôme Salle","English","France",2.35,0,69,43,112,6.7,NA,1.6e+07,NA,"tt2249221"
"Fight Club ",1999,151,"R","20th Century Fox","Color","David Fincher","English","USA",2.35,2,315,2968,3283,8.8,79,6.3e+07,37023395,"tt0137523"
"The Lost World: Jurassic Park ",1997,129,"PG-13","Universal Pictures","Color","Steven Spielberg","English","USA",1.85,0,177,552,729,6.5,53,7.3e+07,229074524,"tt0119567"
"American Pie 2 ",2001,108,"R","Universal Pictures","Color","J.B. Rogers","English","USA",1.85,0,142,431,573,6.4,52,3e+07,145096820,"tt0252866"
"High Anxiety ",1977,94,"PG","Fox","Color","Mel Brooks","English","USA",1.85,0,55,102,157,6.7,75,3400000,NA,"tt0076141"
"The Texas Chainsaw Massacre: The Beginning ",2006,83,"R","New Line Cinema","Color","Jonathan Liebesman","English","USA",1.85,0,196,366,562,5.9,12,1.6e+07,39511038,"tt0420294"
"Whipped ",2000,82,"R","Destination Films","Color","Peter M. Cohen","English","USA",1.85,1,48,81,129,4.4,13,3e+06,4142507,"tt0174336"
"Glory ",1989,122,"R","TriStar","Color","Edward Zwick","English","USA",1.85,3,60,365,425,7.9,93,1.8e+07,26830000,"tt0097441"
"Sparkler ",1997,90,"R","Conspiracy Entertainment","Color","Darren Stein","English","USA",NA,3,8,13,21,5.6,17,NA,5494,"tt0124137"
"Crazy Stone ",2006,98,NA,"Golden Village Entertainment","Color","Hao Ning","Mandarin","China",2.35,1,11,9,20,7.7,NA,3e+06,NA,"tt0843270"
"An American Haunting ",2005,91,"PG-13","Freestyle Releasing","Color","Courtney Solomon","English","UK",2.35,0,125,747,872,5,12,1.4e+07,16298046,"tt0429573"
"102 Dalmatians ",2000,100,"G","Buena Vista Pictures","Color","Kevin Lima","English","USA",1.85,1,84,77,161,4.8,31,8.5e+07,66941559,"tt0211181"
"The Geographer Drank His Globe Away ",2013,120,NA,NA,"Color","Aleksandr Veledinskiy","Russian","Russia",NA,0,8,3,11,7.5,NA,4e+06,NA,"tt3155604"
"The Life of David Gale ",2003,130,"R","Universal Pictures","Color","Alan Parker","English","USA",2.35,0,141,420,561,7.5,19,5e+07,19593740,"tt0289992"
"A Separation ",2011,123,"PG-13","Sony Pictures Classics","Color","Asghar Farhadi","Persian","Iran",1.85,2,354,264,618,8.4,99,5e+05,7098492,"tt1832382"
"D.E.B.S. ",2004,91,"PG-13","Destination Films","Color","Angela Robinson","English","USA",2.35,3,50,135,185,5.3,38,3500000,96793,"tt0367631"
"Star Trek V: The Final Frontier ",1989,107,"PG","Paramount Pictures","Color","William Shatner","English","USA",2.35,1,98,293,391,5.4,23,27800000,55210049,"tt0098382"
"The Wolverine ",2013,138,"PG-13","20th Century Fox","Color","James Mangold","English","USA",2.35,1,440,533,973,6.7,69,1.2e+08,132550960,"tt1430132"
"The Chorus ",2004,97,"PG-13","Miramax","Color","Christophe Barratier","French","France",2.35,0,112,110,222,7.9,68,5500000,3629758,"tt0372824"
"Before Sunset ",2004,80,"R","Warner Independent Pictures","Color","Richard Linklater","English","USA",1.85,0,211,492,703,8,95,2700000,5792822,"tt0381681"
"A Lego Brickumentary ",2014,93,"G","Radius","Color","Kief Davidson","English","Denmark",NA,0,43,11,54,6.8,52,1e+06,100240,"tt3214286"
"The Adventures of Sharkboy and Lavagirl 3-D ",2005,93,"PG","Miramax","Color","Robert Rodriguez","English","USA",1.85,1,66,177,243,3.5,20,5e+07,39177541,"tt0424774"
"Never Say Never Again ",1983,121,"PG","Warner Bros. Pictures","Color","Irvin Kershner","English","UK",2.35,3,89,214,303,6.2,63,3.6e+07,55500000,"tt0086006"
"Firewall ",2006,105,"PG-13","Warner Bros.","Color","Richard Loncraine","English","USA",2.35,1,171,306,477,5.8,19,5e+07,48745150,"tt0408345"
"Running Forever ",2015,88,NA,"New Kingdom Pictures","Color","Mike Mayhall","English","USA",NA,2,NA,NA,NA,8.6,NA,5e+06,NA,"tt4453560"
"Close Range ",2015,80,NA,"Bleiberg Entertainment","Color","Isaac Florentine","English","USA",NA,1,28,31,59,4.9,80,3e+06,NA,"tt3511596"
"One Flew Over the Cuckoo's Nest ",1975,133,"R","United Artists","Color","Milos Forman","English","USA",1.85,0,149,760,909,8.7,95,4400000,1.12e+08,"tt0073486"
"Hanging Up ",2000,94,"PG-13","Sony Pictures Home Entertainment","Color","Diane Keaton","English","Germany",1.85,3,82,130,212,4.7,12,6e+07,36037909,"tt0162983"
"Things We Lost in the Fire ",2007,118,"R","Dreamworks/Paramount","Color","Susanne Bier","English","USA",2.35,1,146,88,234,7.2,65,1.6e+07,2849142,"tt0469623"
"Dead Man Down ",2013,118,"R","FilmDistrict","Color","Niels Arden Oplev","English","USA",2.35,2,217,127,344,6.5,38,3e+07,10880926,"tt2101341"
"The Darkest Hour ",2011,89,"PG-13","Summit Entertainment","Color","Chris Gorak","English","USA",2.35,0,195,211,406,4.9,12,3e+07,21426805,"tt1093357"
"Phantasm II ",1988,97,"R","MCA Universal Home Video","Color","Don Coscarelli","English","USA",1.85,1,81,100,181,6.5,38,3e+06,7282851,"tt0095863"
"In the Shadow of the Moon ",2007,100,"PG","ThinkFilm","Black and White","David Sington","English","UK",1.85,0,107,44,151,8.1,95,2e+06,1134049,"tt0925248"
"UHF ",1989,150,"PG-13","Orion Pictures Corporation","Color","Jay Levey","English","USA",1.85,1,59,198,257,7,63,5e+06,6157157,"tt0098546"
"Fifty Shades of Grey ",2015,129,"R","Focus Features","Color","Sam Taylor-Johnson","English","USA",2.35,0,362,1360,1722,4.1,24,4e+07,166147885,"tt2322441"
"Prisoners ",2013,153,"R","Warner Bros.","Color","Denis Villeneuve","English","USA",1.85,2,454,620,1074,8.1,81,4.6e+07,60962878,"tt1392214"
"The Libertine ",2004,114,"R","Weinstein Company","Color","Laurence Dunmore","English","UK",2.35,1,111,260,371,6.4,33,NA,4829497,"tt0375920"
"Tidal Wave ",2009,103,"R","JS Media","Color","JK Youn","Korean","South Korea",2.35,2,43,25,68,5.7,NA,NA,NA,"tt1153040"
"The Full Monty ",1997,91,"R","Twentieth Century Fox Home Entertainment","Color","Peter Cattaneo","English","UK",1.85,3,122,174,296,7.2,95,3500000,45857453,"tt0119164"
"Ripley's Game ",2002,110,"R","New Line Cinema","Color","Liliana Cavani","English","Italy",1.85,0,56,108,164,6.7,96,3e+07,NA,"tt0265651"
"Soul Surfer ",2011,106,"PG","TriStar/FilmDistrict","Color","Sean McNamara","English","USA",2.35,1,110,114,224,7.1,46,1.8e+07,43853424,"tt1596346"
"Ballistic: Ecks vs. Sever ",2002,91,"R","Warner Bros. Pictures","Color","Wych Kaosayananda","English","USA",2.35,1,92,277,369,3.6,0,7e+07,14294842,"tt0308208"
"What the #$*! Do We (K)now!? ",2004,109,"Unrated","Lord of the Wind","Black and White","William Arntz","English","USA",1.85,0,74,486,560,5.4,34,NA,10941801,"tt0399877"
"Tales from the Hood ",1995,98,"R","HBO Video","Color","Rusty Cundieff","English","USA",1.85,0,25,52,77,6.1,44,6e+06,11797927,"tt0114609"
"Under the Rainbow ",1981,98,"PG","Warner Bros.","Color","Steve Rash","English","USA",1.78,0,13,34,47,5.4,0,2e+07,8500000,"tt0083254"
"The Loss of Sexual Innocence ",1999,106,"R","Sony Pictures Classics","Color","Mike Figgis","English","USA",1.78,0,31,70,101,5.4,47,4e+06,399793,"tt0126859"
"Spice World ",1997,93,"PG","Sony Pictures Entertainment","Color","Bob Spiers","English","UK",1.85,1,33,261,294,3.3,36,2.5e+07,29247405,"tt0120185"
"Slackers ",2002,86,"R","Screen Gems","Color","Dewey Nicks","English","Canada",1.85,4,66,107,173,5.3,10,1.1e+07,4814244,"tt0240900"
"The Break-Up ",2006,106,"PG-13","Universal Pictures","Color","Peyton Reed","English","USA",1.85,1,183,483,666,5.8,33,5.2e+07,118683135,"tt0452594"
"Bring It On ",2000,98,"PG-13","Universal Pictures","Color","Peyton Reed","English","USA",1.85,1,139,385,524,5.9,63,1e+07,68353550,"tt0204946"
"Tinker Tailor Soldier Spy ",2011,127,"R","Focus Features","Color","Tomas Alfredson","English","France",2.35,1,466,517,983,7.1,83,2e+07,24104113,"tt1340800"
"Pollock ",2000,122,"R","Sony Pictures Classics","Color","Ed Harris","English","USA",1.85,0,115,148,263,7,81,6e+06,8596914,"tt0183659"
"Amores Perros ",2000,115,"R","Lions Gate Films","Color","Alejandro G. Iñárritu","Spanish","Mexico",1.85,0,157,361,518,8.1,92,2e+06,5383834,"tt0245712"
"Gangs of New York ",2002,216,"R","Miramax Films","Color","Martin Scorsese","English","USA",2.35,3,233,1166,1399,7.5,75,1e+08,77679638,"tt0217505"
"Poltergeist III ",1988,98,"PG-13","MGM Home Entertainment","Color","Gary Sherman","English","USA",1.85,0,66,114,180,4.5,18,10500000,14114488,"tt0095889"
"Ransom ",1996,139,"R","Touchstone Pictures","Color","Ron Howard","English","USA",1.85,1,79,158,237,6.6,75,8e+07,136448821,"tt0117438"
"Sphinx ",1981,118,"PG","Orion","Color","Franklin J. Schaffner","English","USA",2.35,0,2,21,23,5.2,NA,1.4e+07,8e+05,"tt0083113"
"Rush Hour 2 ",2001,90,"PG-13","New Line Cinema","Color","Brett Ratner","English","USA",2.35,2,127,394,521,6.6,52,9e+07,226138454,"tt0266915"
"Snakes on a Plane ",2006,105,"R","New Line Cinema","Color","David R. Ellis","English","Germany",2.35,0,285,1033,1318,5.6,69,3.3e+07,34014398,"tt0417148"
"Everybody's Fine ",2009,99,"PG-13","Miramax","Color","Kirk Jones","English","USA",2.35,1,160,117,277,7.2,46,2.1e+07,8855646,"tt0780511"
"Medicine Man ",1992,106,"PG-13","Hollywood Pictures","Color","John McTiernan","English","USA",2.35,2,25,56,81,6,20,4e+07,45500797,"tt0104839"
"Copycat ",1995,123,"R","Warner Home Video","Color","Jon Amiel","English","USA",2.35,0,57,140,197,6.6,75,2e+07,32051917,"tt0112722"
"Green Zone ",2010,115,"R","Universal Pictures","Color","Paul Greengrass","English","France",2.35,1,266,261,527,6.9,53,1e+08,35024475,"tt0947810"
"You Can't Take It with You ",1938,126,"Approved","Columbia Pictures","Black and White","Frank Capra","English","USA",1.37,10,51,133,184,8,91,1644736,NA,"tt0030993"
"Space Battleship Yamato ",2010,138,"TV-14","Eleven Arts","Color","Takashi Yamazaki","Japanese","Japan",2.35,0,44,49,93,6.1,NA,1.2e+07,NA,"tt1477109"
"L'auberge espagnole ",2002,111,"R","Fox Searchlight Pictures","Color","Cédric Klapisch","French","France",1.85,0,88,149,237,7.3,77,5300000,3895664,"tt0283900"
"Intolerance: Love's Struggle Throughout the Ages ",1916,123,"Not Rated","Cohen Media Group","Black and White","D.W. Griffith",NA,"USA",1.33,1,69,88,157,8,97,385907,NA,"tt0006864"
"Somewhere in Time ",1980,103,"PG","MCA Universal Home Video","Color","Jeannot Szwarc","English","USA",1.85,2,41,249,290,7.3,59,5100000,NA,"tt0081534"
"Two Girls and a Guy ",1997,84,"R","Twentieth Century Fox Home Entertainment","Color","James Toback","English","USA",1.85,3,54,102,156,5.6,52,1e+06,1950218,"tt0124179"
"Heavy Metal ",1981,90,"R","Columbia Pictures","Color","Gerald Potterton","English","Canada",1.37,0,62,147,209,6.7,57,9300000,NA,"tt0082509"
"Captain America: Civil War ",2016,147,"PG-13","Walt Disney Pictures","Color","Anthony Russo","English","USA",2.35,0,516,1022,1538,8.2,90,2.5e+08,407197282,"tt3498820"
"A Madea Christmas ",2013,100,"PG-13","Lionsgate","Color","Tyler Perry","English","USA",1.85,0,24,27,51,4.7,18,2.5e+07,52528330,"tt2609758"
"Kate & Leopold ",2001,123,"PG-13","Miramax Films","Color","James Mangold","English","USA",1.85,1,125,316,441,6.4,50,4.8e+07,47095453,"tt0035423"
"The Square ",2013,108,"Not Rated","Participant Media","Color","Jehane Noujaim","Arabic","Egypt",1.85,0,68,42,110,8.1,100,1500000,NA,"tt2486682"
"Insidious: Chapter 2 ",2013,106,"PG-13","FilmDistrict","Color","James Wan","English","USA",2.35,0,318,269,587,6.6,39,5e+06,83574831,"tt2226417"
"Idlewild ",2006,121,"R","Universal Pictures","Color","Bryan Barber","English","USA",2.35,4,81,91,172,6.2,48,1.5e+07,12549485,"tt0417225"
"Bad Grandpa ",2013,102,"R","Paramount Pictures","Color","Jeff Tremaine","English","USA",1.85,0,157,162,319,6.6,60,1.5e+07,101978840,"tt3063516"
"The Fifth Estate ",2013,128,"R","Walt Disney Pictures","Color","Bill Condon","English","USA",2.35,1,224,105,329,6.2,37,2.8e+07,3254172,"tt1837703"
"Once Upon a Time in America ",1984,251,"R","Warner Home Video","Color","Sergio Leone","English","Italy",1.85,8,111,495,606,8.4,88,3e+07,5300000,"tt0087843"
"Step Up 2: The Streets ",2008,98,"PG-13","Touchstone Pictures","Color","Jon M. Chu","English","USA",1.85,2,97,108,205,6.2,27,2.3e+07,58006147,"tt1023481"
"Cats & Dogs ",2001,87,"PG","Warner Bros. Pictures","Color","Lawrence Guterman","English","USA",1.85,0,105,235,340,5.2,54,6e+07,93375151,"tt0239395"
"The Funeral ",1996,99,"R","Echo Bridge Home Entertainment","Color","Abel Ferrara","English","USA",1.85,3,48,48,96,6.6,79,12500000,1227324,"tt0116378"
"The Battle of Shaker Heights ",2003,79,"PG-13","Miramax Films","Color","Efram Potelle","English","USA",1.85,2,29,49,78,6.1,41,1e+06,279282,"tt0357470"
"Hobo with a Shotgun ",2011,86,"Not Rated","Magnolia Releasing","Color","Jason Eisener","English","Canada",2.35,4,272,230,502,6.1,64,3e+06,703002,"tt1640459"
"The Cottage ",2008,92,"Unrated","Screen Gems","Color","Paul Andrew Williams","English","UK",2.35,0,80,82,162,6.2,72,2500000,NA,"tt0465430"
"Les visiteurs ",1993,107,"R","Gaumont","Color","Jean-Marie Poiré","French","France",2.35,1,16,78,94,7,31,5e+07,7e+05,"tt0108500"
"Joe ",2013,117,"R","Roadside Attractions","Color","David Gordon Green","English","USA",2.35,2,232,118,350,6.9,87,4e+06,371897,"tt2382396"
"Trash ",2014,114,"R","Focus Features","Color","Stephen Daldry","Portuguese","UK",2.35,0,101,26,127,7.2,64,NA,10230,"tt1921149"
"Nanny McPhee Returns ",2010,109,"PG","Universal Studios","Color","Susanna White","English","UK",2.35,5,97,59,156,6.1,75,3.5e+07,28995450,"tt1415283"
"Spider-Man 3 ",2007,156,"PG-13","Sony Pictures","Color","Sam Raimi","English","USA",2.35,0,392,1902,2294,6.2,63,2.58e+08,336530303,"tt0413300"
"Police Academy ",1984,96,"R","Warner Home Video","Color","Hugh Wilson","English","USA",1.85,0,45,133,178,6.7,41,4500000,81200000,"tt0087928"
"Kiss the Girls ",1997,115,"R","Paramount Home Video","Color","Gary Fleder","English","USA",2.35,1,83,143,226,6.6,29,2.7e+07,60491560,"tt0119468"
"10 Days in a Madhouse ",2015,111,"R",NA,"Color","Timothy Hines","English","USA",1.85,1,1,10,11,7.5,NA,1.2e+07,14616,"tt3453052"
"Universal Soldier: The Return ",1999,83,"R","Sony Pictures Home Entertainment","Color","Mic Rodgers","English","USA",1.85,0,75,162,237,4.1,5,2.4e+07,10431220,"tt0176269"
"Midnight in Paris ",2011,94,"PG-13","Sony Pictures Classics","Color","Woody Allen","English","Spain",1.85,1,487,509,996,7.7,93,1.7e+07,56816662,"tt1605783"
"Littleman ",2006,98,"PG-13","Sony Pictures Releasing","Color","Keenen Ivory Wayans","English","USA",1.85,1,78,187,265,4.3,12,6.4e+07,58255287,"tt0430304"
"A Christmas Story ",1983,94,"PG","MGM","Color","Bob Clark","English","USA",1.85,0,109,458,567,8.1,89,4e+06,NA,"tt0085334"
"200 Cigarettes ",1999,101,"R","Paramount Pictures","Color","Risa Bramon Garcia","English","USA",1.85,5,67,182,249,5.9,28,6e+06,6851636,"tt0137338"
"Double Jeopardy ",1999,105,"R","Paramount Pictures","Color","Bruce Beresford","English","USA",2.35,0,129,336,465,6.4,25,7e+07,116735231,"tt0150377"
"Eye See You ",2002,96,"R","Universal Pictures","Color","Jim Gillespie","English","USA",2.35,1,66,142,208,5.3,15,5.5e+07,NA,"tt0160184"
"The House Bunny ",2008,97,"PG-13","Sony Pictures/Columbia","Color","Fred Wolf","English","USA",2.35,1,129,126,255,5.5,42,2.5e+07,48237389,"tt0852713"
"The Loved Ones ",2009,84,"R","Independent Pictures","Color","Sean Byrne","English","Australia",2.35,1,182,104,286,6.7,98,NA,NA,"tt1316536"
"Payback ",1999,90,"R","Paramount Pictures","Color","Brian Helgeland","English","USA",2.35,1,143,394,537,7.1,54,5e+07,81517441,"tt0120784"
"Silent House ",2011,86,"R","Open Road Films","Color","Chris Kentis","English","France",1.85,0,218,154,372,5.3,42,2e+06,12555230,"tt1767382"
"Colombiana ",2011,112,"PG-13","Sony Pictures","Color","Olivier Megaton","English","France",2.35,0,201,203,404,6.4,27,4e+07,36665854,"tt1657507"
"Sleep Dealer ",2008,90,"PG-13","Maya Releasing","Color","Alex Rivera","Spanish","USA",1.85,0,47,40,87,5.9,70,2500000,75727,"tt0804529"
"The Age of Innocence ",1993,139,"PG","Columbia Pictures","Color","Martin Scorsese","English","USA",2.35,3,56,150,206,7.2,80,3e+07,3.2e+07,"tt0106226"
"The Rainmaker ",1997,135,"PG-13","Paramount Pictures","Color","Francis Ford Coppola","English","USA",2.35,1,91,141,232,7.1,82,4e+07,45856732,"tt0119978"
"Jane Got a Gun ",2016,98,"R","Relativity Media","Color","Gavin O'Connor","English","USA",2.35,0,123,56,179,5.8,39,2.5e+07,1512815,"tt2140037"
"City of God ",2002,135,"R","Miramax Films","Color","Fernando Meirelles","Portuguese","Brazil",1.85,0,214,749,963,8.7,90,3300000,7563397,"tt0317248"
"Daddy's Home ",2015,96,"PG-13","Paramount Pictures","Color","Sean Anders","English","USA",1.85,2,145,130,275,6.1,31,5e+07,150315155,"tt1528854"
"Catch a Fire ",2006,98,"PG-13","Focus Features","Color","Phillip Noyce","English","France",2.35,3,108,59,167,6.7,76,1.4e+07,4291965,"tt0437232"
"Dance Flick ",2009,88,"PG-13","Paramount Studios","Color","Damien Dante Wayans","English","USA",1.85,0,83,50,133,3.5,18,2.5e+07,25615792,"tt1153706"
"Heartbreakers ",2001,123,"PG-13","MGM","Color","David Mirkin","English","USA",2.35,3,116,216,332,6.2,53,3.5e+07,40334024,"tt0125022"
"Perfume: The Story of a Murderer ",2006,147,"R","Dreamworks","Color","Tom Tykwer","English","Germany",2.35,0,226,482,708,7.5,58,5e+07,2208939,"tt0396171"
"Back to the Future Part II ",1989,108,"PG","Universal Pictures","Color","Robert Zemeckis","English","USA",1.85,0,125,327,452,7.8,63,4e+07,118500000,"tt0096874"
"The Pelican Brief ",1993,141,"PG-13","Warner Home Video","Color","Alan J. Pakula","English","USA",2.35,0,43,89,132,6.5,53,4.5e+07,100768056,"tt0107798"
"Barbershop 2: Back in Business ",2004,106,"PG-13","MGM","Black and White","Kevin Rodney Sullivan","English","USA",1.85,4,50,69,119,5.7,68,1.8e+07,64955956,"tt0337579"
"Silent Hill ",2006,132,"R","Sony Pictures","Color","Christophe Gans","English","Canada",2.35,0,267,1740,2007,6.6,30,5e+07,46982632,"tt0384537"
"Brown Sugar ",2002,109,"PG-13","Fox Searchlight","Color","Rick Famuyiwa","English","USA",1.85,1,37,60,97,6.5,66,8e+06,27362712,"tt0297037"
"Ocean's Twelve ",2004,125,"PG-13","Warner Bros. Pictures","Color","Steven Soderbergh","English","USA",2.35,0,198,627,825,6.4,56,1.1e+08,125531634,"tt0349903"
"Resident Evil: Apocalypse ",2004,98,"R","Sony Pictures","Color","Alexander Witt","English","Germany",2.35,1,191,672,863,6.2,21,4.5e+07,50740078,"tt0318627"
"Felicia's Journey ",1999,116,"PG-13","Artisan Pictures","Color","Atom Egoyan","English","Canada",2.35,0,95,83,178,7,88,NA,819852,"tt0165773"
"Renaissance ",2006,105,"R","Miramax","Color","Christian Volckman","English","France",2.35,0,112,90,202,6.7,49,1.4e+07,63260,"tt0386741"
"Groundhog Day ",1993,101,"PG","Columbia Pictures","Color","Harold Ramis","English","USA",1.85,1,147,609,756,8.1,96,14600000,70906973,"tt0107048"
"House of Sand ",2005,115,"R",NA,"Color","Andrucha Waddington","Portuguese","Brazil",2.35,1,42,35,77,7.5,NA,8e+06,NA,"tt0373747"
"Princess Mononoke ",1997,134,"PG-13","Miramax Films","Color","Hayao Miyazaki","Japanese","Japan",1.85,0,174,570,744,8.4,92,NA,2298191,"tt0119698"
"Breakdown ",1997,93,"R","Paramount Pictures","Color","Jonathan Mostow","English","USA",2.35,0,72,218,290,6.9,80,3.6e+07,50129186,"tt0118771"
"Mamma Mia! ",2008,108,"PG-13","Universal Pictures","Color","Phyllida Lloyd","English","USA",2.35,1,238,611,849,6.3,54,5.2e+07,143704210,"tt0795421"
"Winter in Wartime ",2008,103,"R","Sony Pictures Classics","Color","Martin Koolhoven","Dutch","Netherlands",2.35,1,111,37,148,7.1,72,4e+06,542860,"tt0795441"
"The Lion of Judah ",2011,87,"PG","Rocky Mountain Pictures","Color","Deryck Broom","English","USA",1.78,0,7,3,10,3.7,0,1.5e+07,NA,"tt1212022"
"The Pledge ",2001,124,"R","Warner Bros. Pictures","Color","Sean Penn","English","USA",2.35,0,150,531,681,6.8,78,4.5e+07,19719930,"tt0237572"
"The Watch ",2012,102,"R","20th Century Fox","Color","Akiva Schaffer","English","USA",2.35,4,265,207,472,5.7,17,6.8e+07,34350553,"tt1298649"
"The Skeleton Key ",2005,104,"PG-13","Universal Pictures","Black and White","Iain Softley","English","USA",2.35,0,193,371,564,6.5,38,4.3e+07,47806295,"tt0397101"
"Unfriended ",2014,83,"R","Universal Pictures","Color","Levan Gabriadze","English","USA",1.85,0,270,309,579,5.7,62,1e+06,31537320,"tt3713166"
"The Messenger: The Story of Joan of Arc ",1999,158,"R","Columbia Pictures","Color","Luc Besson","English","France",2.35,0,111,390,501,6.4,30,3.9e+08,14131298,"tt0151137"
"What Happens in Vegas ",2008,101,"PG-13","20th Century Fox","Color","Tom Vaughan","English","USA",2.35,2,148,151,299,6.1,27,3.5e+07,80276912,"tt1033643"
"Invaders from Mars ",1986,100,"PG","Media Home Entertainment","Color","Tobe Hooper","English","USA",2.35,0,52,64,116,5.5,36,1.2e+07,4884663,"tt0091276"
"Bad Boys II ",2003,147,"R","Sony Pictures Entertainment","Color","Michael Bay","English","USA",2.35,1,94,511,605,6.6,23,1.3e+08,138396624,"tt0172156"
"Brooklyn's Finest ",2009,132,"R","Overture Films","Color","Antoine Fuqua","English","USA",2.35,1,197,138,335,6.7,43,1.7e+07,27154426,"tt1210042"
"Becoming Jane ",2007,120,"PG","Miramax Films","Color","Julian Jarrold","English","UK",2.35,1,150,151,301,7.1,57,16500000,18663911,"tt0416508"
"U2 3D ",2007,85,"G","National Geographic","Color","Catherine Owens","English","USA",1.78,0,68,31,99,8.4,93,NA,10353690,"tt0892375"
"Buffalo Soldiers ",2001,98,"R","Miramax Films","Color","Gregor Jordan","English","UK",2.35,1,109,111,220,6.9,73,1.5e+07,353743,"tt0252299"
"I Want Your Money ",2010,92,"PG","Freestyle Releasing","Color","Ray Griggs","English","USA",1.78,0,4,31,35,5.1,0,4e+05,425899,"tt1560957"
"The Pirates! Band of Misfits ",2012,88,"PG","Sony Pictures","Color","Peter Lord","English","UK",2.35,0,238,101,339,6.7,86,5.5e+07,31051126,"tt1430626"
"American Sniper ",2014,133,"R","Warner Bros.","Color","Clint Eastwood","English","USA",2.35,0,490,916,1406,7.3,72,58800000,350123553,"tt2179136"
"X-Men 2 ",2003,134,"PG-13","20th Century Fox","Color","Bryan Singer","English","Canada",2.35,4,289,1055,1344,7.5,86,1.1e+08,214948780,"tt0290334"
"Captive ",2015,97,"PG-13","Paramount Pictures","Color","Jerry Jameson","English","USA",1.85,1,39,22,61,5.3,26,2e+06,2557668,"tt3268668"
"Holy Motors ",2012,115,"Not Rated","Indomina Releasing","Color","Leos Carax","French","France",1.85,0,332,110,442,7.1,91,NA,NA,"tt2076220"
"About Time ",2013,123,"R","Universal Pictures","Color","Richard Curtis","English","UK",2.35,1,274,391,665,7.8,69,1.2e+07,15294553,"tt2194499"
"You Again ",2010,105,"PG","Touchstone Pictures","Color","Andy Fickman","English","USA",2.35,6,91,136,227,5.8,17,2e+07,25677801,"tt1414382"
"Mirrors ",2008,112,"R","Buena Vista","Color","Alexandre Aja","English","USA",2.35,0,208,232,440,6.2,14,3.5e+07,30691439,"tt0790686"
"Elysium ",2013,109,"R","TriStar Pictures","Color","Neill Blomkamp","English","USA",2.35,0,476,814,1290,6.6,67,1.15e+08,93050117,"tt1535108"
"Superhero Movie ",2008,82,"PG-13","The Weinstein Company/Dimension Films","Color","Craig Mazin","English","USA",1.85,6,121,173,294,4.5,17,3.5e+07,25871834,"tt0426592"
"Corky Romano ",2001,86,"PG-13","Buena Vista Pictures","Color","Rob Pritts","English","USA",1.85,1,62,100,162,4.6,6,1.1e+07,23978402,"tt0250310"
"Mad City ",1997,115,"PG-13","Warner Home Video","Color","Costa-Gavras","English","USA",2.35,2,59,73,132,6.2,37,5e+07,10556196,"tt0119592"
"DragonHeart ",1996,103,"PG-13","MCA Universal Home Video","Color","Rob Cohen","English","USA",2.35,0,60,139,199,6.4,50,5.7e+07,51317350,"tt0116136"
"Saint Ralph ",2004,98,"PG-13","IDP","Color","Michael McGowan","English","Canada",1.85,1,47,52,99,7.6,63,6e+06,795126,"tt0384488"
"Gettysburg ",1993,271,"PG","Turner Home Entertainment","Color","Ron Maxwell","English","USA",1.85,0,22,256,278,7.7,80,2.5e+07,10769960,"tt0107007"
"Red Lights ",2012,114,"R","Millenium Entertainment","Color","Rodrigo Cortés","English","Spain",2.35,2,195,140,335,6.2,29,1.4e+07,NA,"tt1748179"
"Spring Breakers ",2012,94,"R","A24 Films","Color","Harmony Korine","English","USA",2.35,4,444,561,1005,5.3,67,5e+06,14123773,"tt2101441"
"Remember Me, My Love ",2003,125,"R","Roadside Attractions","Color","Gabriele Muccino","Italian","Italy",2.35,1,36,21,57,6.5,55,5e+06,223878,"tt0323807"
"The Matrix ",1999,136,"R","Warner Bros. Pictures","Color","Lana Wachowski","English","USA",2.35,3,313,3646,3959,8.7,87,6.3e+07,171383253,"tt0133093"
"Battle Los Angeles ",2011,116,"PG-13","Sony Pictures/Columbia Pictures","Color","Jonathan Liebesman","English","USA",2.35,0,355,800,1155,5.8,35,7e+07,83552429,"tt1217613"
"The Upside of Anger ",2005,118,"R","New Line Cinema","Color","Mike Binder","English","USA",2.35,1,125,219,344,6.9,74,9e+06,18761993,"tt0365885"
"Solitary Man ",2009,90,"R","Anchor Bay Films","Color","Brian Koppelman","English","USA",1.85,7,116,60,176,6.4,80,1.5e+07,4360548,"tt1294213"
"Harry Potter and the Chamber of Secrets ",2002,174,"PG","Warner Bros. Pictures","Color","Chris Columbus","English","UK",2.35,1,232,858,1090,7.4,82,1e+08,261970615,"tt0295297"
"Jay and Silent Bob Strike Back ",2001,104,"R","Dimension Films","Color","Kevin Smith","English","USA",2.35,5,181,867,1048,6.9,53,2.2e+07,30059386,"tt0261392"
"Night of the Living Dead ",1968,96,"Unrated","Continental Distributing Inc.","Black and White","George A. Romero","English","USA",1.85,5,284,580,864,8,96,114000,NA,"tt0063350"
"Hard Rain ",1998,97,"R","Paramount Home Video","Color","Mikael Salomon","English","USA",2.35,0,79,126,205,5.8,29,7e+07,19819494,"tt0120696"
"Shrek 2 ",2004,93,"PG","DreamWorks SKG","Color","Andrew Adamson","English","USA",1.85,1,205,483,688,7.2,88,1.5e+08,436471036,"tt0298148"
"The English Patient ",1996,162,"R","Miramax Films","Color","Anthony Minghella","English","USA",1.85,0,116,457,573,7.4,84,2.7e+07,78651430,"tt0116209"
"Mystery, Alaska ",1999,119,"R","Buena Vista","Color","Jay Roach","English","Canada",2.35,0,74,123,197,6.7,38,2.8e+07,8888143,"tt0134618"
"Hesher ",2010,106,"R","Newmarket Films","Color","Spencer Susser","English","USA",2.35,0,134,99,233,7.1,53,7e+06,382946,"tt1403177"
"The Lake House ",2006,99,"PG","Warner Bros. Pictures","Color","Alejandro Agresti","English","USA",2.35,0,175,548,723,6.8,35,4e+07,52320979,"tt0410297"
"Sicko ",2007,123,"PG-13","The Weinstein Company","Color","Michael Moore","English","USA",1.85,1,263,429,692,8,92,9e+06,24530513,"tt0386032"
"Go ",1999,102,"R","Columbia Pictures","Color","Doug Liman","English","USA",2.35,3,137,418,555,7.3,92,6500000,16842303,"tt0139239"
"The Amazing Spider-Man 2 ",2014,142,"PG-13","Sony Pictures","Color","Marc Webb","English","USA",2.35,0,495,1067,1562,6.7,52,2e+08,202853933,"tt1872181"
"Punch-Drunk Love ",2002,95,"R","Columbia Pictures","Color","Paul Thomas Anderson","English","USA",2.35,0,251,888,1139,7.3,79,2.5e+07,17791031,"tt0272338"
"TRON: Legacy ",2010,125,"PG","Walt Disney Pictures","Color","Joseph Kosinski","English","USA",2.35,0,469,665,1134,6.8,51,1.7e+08,172051787,"tt1104001"
"In the Land of Blood and Honey ",2011,127,"R","Film District","Color","Angelina Jolie Pitt","Bosnian","USA",2.35,0,110,180,290,4.3,55,1.3e+07,301305,"tt1714209"
"No Vacancy ",2012,81,"R","Gigapix Releasing","Color","Chris Stokes","English","USA",NA,0,14,21,35,4.2,NA,4e+06,NA,"tt1854582"
"Dragonslayer ",1981,108,"PG","Paramount Pictures","Color","Matthew Robbins","English","USA",2.35,0,60,102,162,6.7,86,1.8e+07,6e+06,"tt0082288"
"Four Rooms ",1995,110,"R","Miramax Films","Color","Allison Anders","English","USA",1.85,6,51,177,228,6.7,14,4e+06,4301331,"tt0113101"
"Higher Ground ",2011,109,"R","Sony Pictures Classics","Color","Vera Farmiga","English","USA",1.85,0,68,34,102,6.3,81,NA,841206,"tt1562568"
"Compadres ",2016,101,"R","Draco Films","Color","Enrique Begne","English","Mexico",NA,2,5,8,13,5,38,3e+06,3105269,"tt3367294"
"Let's Go to Prison ",2006,90,"R","Universal Pictures","Color","Bob Odenkirk","English","USA",1.85,0,46,58,104,6,12,NA,4613815,"tt0454987"
"TMNT ",2007,87,"PG","Warner Bros. Pictures","Color","Kevin Munroe","English","Hong Kong",2.35,0,191,211,402,6.3,34,3.4e+07,54132596,"tt0453556"
"Tuck Everlasting ",2002,90,"PG","Buena Vista Pictures","Color","Jay Russell","English","USA",2.35,2,69,127,196,6.7,61,1.5e+07,19158074,"tt0283084"
"The Wind That Shakes the Barley ",2006,127,"Not Rated","IFC First Take","Color","Ken Loach","English","Ireland",1.85,1,169,222,391,7.5,88,NA,1829142,"tt0460989"
"American Heist ",2014,94,"R","Lionsgate","Color","Sarik Andreasyan","English","Canada",NA,1,30,42,72,5.2,14,1e+07,NA,"tt2923316"
"Vampires Suck ",2010,82,"PG-13","20th Century Fox","Color","Jason Friedberg","English","USA",1.85,7,122,187,309,3.5,4,2e+07,36658108,"tt1666186"
"Enter Nowhere ",2011,90,"R","LionsGate Entertainment","Color","Jack Heller","English","USA",NA,3,26,45,71,6.6,NA,5e+05,NA,"tt1631707"
"Narc ",2002,105,"R","Paramount Pictures","Color","Joe Carnahan","English","USA",1.85,1,127,214,341,7.2,83,7500000,10460089,"tt0272207"
"Alfie ",2004,103,"R","Paramount Pictures","Color","Charles Shyer","English","UK",1.85,4,135,146,281,6.2,49,6e+07,13395939,"tt0375173"
"Shakespeare in Love ",1998,123,"R","Miramax","Color","John Madden","English","USA",2.35,0,134,752,886,7.2,92,2.5e+07,100241322,"tt0138097"
"Turbo ",2013,96,"PG","DreamWorks Animation","Color","David Soren","English","USA",2.35,0,166,90,256,6.5,67,1.35e+08,83024900,"tt1860353"
"Prophecy ",1979,102,"PG","Paramount Pictures","Color","John Frankenheimer","English","USA",2.35,1,70,75,145,5.4,23,1.2e+07,NA,"tt0079758"
"Hidalgo ",2004,136,"PG-13","Buena Vista Pictures","Color","Joe Johnston","English","USA",2.35,1,140,345,485,6.7,47,1e+08,67286731,"tt0317648"
"The Last Sin Eater ",2007,117,"PG-13","Fox Faith Films","Color","Michael Landon Jr.","English","USA",1.85,0,18,29,47,5.9,19,2200000,379643,"tt0810928"
"Sharknado ",2013,97,"TV-14","NCM Fathom","Color","Anthony C. Ferrante","English","USA",1.78,0,139,236,375,3.3,82,1e+06,NA,"tt2724064"
"Down and Out with the Dolls ",2001,88,"R","Indican Pictures","Color","Kurt Voss","English","USA",1.78,0,12,4,16,6.1,52,1200000,58936,"tt0283323"
"Salt ",2010,101,"PG-13","Sony Pictures","Color","Phillip Noyce","English","USA",2.35,1,330,514,844,6.4,62,1.1e+08,118311368,"tt0944835"
"Hav Plenty ",1997,84,"R","Miramax","Color","Christopher Scott Cherot","English","USA",NA,2,25,36,61,6.5,36,650000,2301777,"tt0126938"
"Our Idiot Brother ",2011,90,"R","The Weinstein Company","Color","Jesse Peretz","English","USA",1.85,1,179,115,294,6.4,68,5e+06,24809547,"tt1637706"
"Welcome to the Rileys ",2010,110,"R","Samuel Goldwyn Films/Destination Films","Color","Jake Scott","English","UK",1.85,3,112,56,168,7,54,NA,152857,"tt1183923"
"21 ",2008,123,"PG-13","Sony/Columbia Pictures","Color","Robert Luketic","English","USA",2.35,2,144,278,422,6.8,36,3.5e+07,81159365,"tt0478087"
"Victor Frankenstein ",2015,110,"PG-13","20th Century Fox","Color","Paul McGuigan","English","USA",2.35,2,159,91,250,6,24,4e+07,5773519,"tt1976009"
"An Education ",2009,100,"PG-13","Sony Classics","Color","Lone Scherfig","English","UK",2.35,0,278,237,515,7.3,94,4500000,12574715,"tt1174732"
"Blackthorn ",2011,102,"R","Magnolia Pictures","Color","Mateo Gil","English","Spain",2.35,0,92,40,132,6.6,75,NA,199652,"tt1629705"
"Close Encounters of the Third Kind ",1977,135,"PG","Sony Pictures Releasing","Color","Steven Spielberg","English","USA",2.35,0,171,339,510,7.7,96,19400870,128300000,"tt0075860"
"Red State ",2011,88,"R","SModcast Pictures","Color","Kevin Smith","English","USA",1.85,0,270,287,557,6.2,59,4e+06,NA,"tt0873886"
"The Wave ",2008,107,NA,"Constantin Film","Color","Dennis Gansel","German","Germany",2.35,0,93,96,189,7.6,65,5e+06,NA,"tt1063669"
"Just Go with It ",2011,117,"PG-13","Sony Pictures","Color","Dennis Dugan","English","USA",1.85,1,204,203,407,6.4,18,8e+07,103028109,"tt1564367"
"Barney's Great Adventure ",1998,76,"G","Lyrick","Color","Steve Gomer","English","Canada",1.85,0,24,53,77,2.8,NA,1.5e+07,11144518,"tt0120598"
"The Newton Boys ",1998,123,"PG-13","Twentieth Century Fox Home Entertainment","Color","Richard Linklater","English","USA",2.35,4,63,39,102,6,62,2.7e+07,10297897,"tt0120769"
"Cinderella ",2015,105,"PG","Walt Disney Pictures","Color","Kenneth Branagh","English","USA",2.35,1,343,322,665,7,83,9.5e+07,201148159,"tt1661199"
"Orphan ",2009,123,"R","Warner Bros. Pictures","Color","Jaume Collet-Serra","English","USA",1.85,1,265,383,648,7,55,NA,41573740,"tt1148204"
"Warlock: The Armageddon ",1993,98,"R","Republic Pictures Home Video","Color","Anthony Hickox","English","USA",1.66,0,22,49,71,5.3,NA,3e+06,3902679,"tt0108517"
"The Diving Bell and the Butterfly ",2007,112,"PG-13","Miramax Films","Color","Julian Schnabel","French","France",1.85,1,259,175,434,8,94,NA,5990075,"tt0401383"
"Shade ",2003,101,"R","RKO Pictures","Color","Damian Nieman","English","USA",2.35,8,25,65,90,6.4,67,6800000,10696,"tt0323939"
"Hop ",2011,95,"PG","Universal Pictures","Color","Tim Hill","English","USA",1.85,0,156,82,238,5.5,25,6.3e+07,108012170,"tt1411704"
"Howl's Moving Castle ",2004,119,"PG","Buena Vista","Color","Hayao Miyazaki","Japanese","Japan",1.85,0,212,330,542,8.2,87,2.4e+07,4710455,"tt0347149"
"It's Kind of a Funny Story ",2010,101,"PG-13","Focus Features","Color","Anna Boden","English","USA",1.85,3,163,150,313,7.2,58,8e+06,6350058,"tt0804497"
"Fabled ",2002,84,"R","Indican Pictures","Black and White","Ari Kirschenbaum","English","USA",1.78,0,8,10,18,5.8,40,NA,25918,"tt0299863"
"Brooklyn ",2015,111,"PG-13","Fox Searchlight Pictures","Color","John Crowley","English","UK",1.85,1,351,212,563,7.5,97,1.1e+07,38317535,"tt2381111"
"P.S. I Love You ",2007,126,"PG-13",NA,"Color","Richard LaGravenese","English","USA",1.85,1,131,243,374,7.1,NA,3e+07,53680848,"tt0431308"
"The Road ",2009,111,"R","The Weinstein Co./Dimension","Color","John Hillcoat","English","USA",2.35,2,355,504,859,7.3,75,2.5e+07,56692,"tt0898367"
"Shame ",2011,101,"NC-17","Fox Searchlight","Color","Steve McQueen","English","UK",2.35,0,486,375,861,7.3,79,6500000,4000304,"tt1723811"
"Town & Country ",2001,104,"R","New Line Cinema","Color","Peter Chelsom","English","New Line",1.85,0,62,89,151,4.4,13,9e+07,6712451,"tt0141907"
"Sling Blade ",1996,148,"R","Miramax Films","Color","Billy Bob Thornton","English","USA",1.85,0,104,309,413,8,96,890000,24475416,"tt0117666"
"A Charlie Brown Christmas ",1965,25,"TV-G","Media Home Entertainment","Color","Bill Melendez","English","USA",1.33,0,43,126,169,8.4,92,150000,NA,"tt0059026"
"Chasing Liberty ",2004,101,"PG-13",NA,"Color","Andy Cadiff","English","USA",2.35,0,65,129,194,6.1,NA,2.3e+07,12189514,"tt0360139"
"The Outsiders ",1983,114,"PG-13","Warner Bros. Pictures","Color","Francis Ford Coppola","English","USA",2.35,0,60,308,368,7.2,65,1e+07,25600000,"tt0086066"
"No Man's Land: The Rise of Reeker ",2008,88,"R","Cinema Management Group","Color","Dave Payne","English","USA",1.78,0,21,31,52,4.9,NA,2e+06,NA,"tt1090671"
"Flawless ",1999,112,"R","MGM","Color","Joel Schumacher","English","USA",1.85,1,78,105,183,6.4,43,1.5e+07,4485485,"tt0155711"
"A Plague So Pleasant ",2013,76,NA,NA,"Color","Benjamin Roberds","English","USA",NA,0,13,3,16,6.3,NA,1400,NA,"tt2107644"
"George and the Dragon ",2004,93,"PG","First Look Home Entertainment","Color","Tom Reeve","English","USA",2.35,4,12,31,43,5.7,NA,3.2e+07,NA,"tt0306892"
"The Spiderwick Chronicles ",2008,107,"PG","Paramount Pictures","Color","Mark Waters","English","USA",2.35,0,198,125,323,6.6,80,9e+07,71148699,"tt0416236"
"Khumba ",2013,85,"Not Rated","Millenium Entertainment","Color","Anthony Silverston","English","South Africa",NA,0,39,12,51,5.8,44,2e+07,NA,"tt1487931"
"Harry Potter and the Half-Blood Prince ",2009,153,"PG","Warner Bros. Pictures","Color","David Yates","English","UK",2.35,3,375,973,1348,7.5,84,2.5e+08,301956980,"tt0417741"
"Bad Santa ",2003,98,"R","Miramax Films","Color","Terry Zwigoff","English","USA",1.85,2,195,485,680,7.1,78,1.8e+07,60057639,"tt0307987"
"Barbershop ",2002,102,"PG-13","MGM/UA","Color","Tim Story","English","USA",1.85,0,91,156,247,6.3,82,1.2e+07,75074950,"tt0303714"
"The Proposition ",2005,104,"R","First Look Pictures","Color","John Hillcoat","English","Australia",2.35,1,168,232,400,7.4,86,2e+06,1900725,"tt0421238"
"Gridiron Gang ",2006,125,"PG-13","Sony Pictures","Color","Phil Joanou","English","USA",2.35,1,85,134,219,6.9,42,3e+07,38432823,"tt0421206"
"Furious 7 ",2015,140,"PG-13","Universal Pictures","Color","James Wan","English","USA",2.35,0,424,657,1081,7.2,80,1.9e+08,350034110,"tt2820852"
"Shark Night 3D ",2011,90,"PG-13","Relativity Media","Color","David R. Ellis","English","USA",1.85,0,231,130,361,4,18,2.5e+07,18860403,"tt1633356"
"Walking with Dinosaurs 3D ",2013,87,"PG","20th Century Fox","Color","Barry Cook","English","USA",2.35,0,113,66,179,5.2,24,8e+07,36073232,"tt1762399"
"The Best Years of Our Lives ",1946,172,"Not Rated","RKO Radio Pictures","Black and White","William Wyler","English","USA",1.37,5,97,235,332,8.1,96,2100000,23650000,"tt0036868"
"London Has Fallen ",2016,99,"R","Focus Features","Color","Babak Najafi","English","UK",2.35,3,225,323,548,5.9,25,6e+07,62401264,"tt3300542"
"Star Trek Into Darkness ",2013,132,"PG-13","Paramount","Color","J.J. Abrams","English","USA",2.35,0,590,1171,1761,7.8,86,1.9e+08,228756232,"tt1408101"
"Machine Gun Preacher ",2011,129,"R","Relativity Media","Color","Marc Forster","English","USA",2.35,1,134,124,258,6.8,29,3e+07,537580,"tt1586752"
"The Last House on the Left ",2009,114,"R","Rogue Pictures","Color","Dennis Iliadis","English","USA",1.85,0,241,279,520,6.6,42,1.5e+07,32721635,"tt0844708"
"Duplex ",2003,89,"PG-13","Miramax Films","Color","Danny DeVito","English","USA",1.85,0,78,147,225,5.8,35,4e+07,9652000,"tt0266489"
"Enough ",2002,115,"PG-13","Sony Pictures","Color","Michael Apted","English","USA",2.35,1,98,234,332,5.6,22,3.8e+07,39177215,"tt0278435"
"Repo Men ",2010,119,"R","Universal Studios","Color","Miguel Sapochnik","English","USA",2.35,0,197,187,384,6.3,22,3.2e+07,13763130,"tt1053424"
"Predator 2 ",1990,103,"R","Twentieth Century Fox Home Entertainment","Color","Stephen Hopkins","English","USA",1.37,0,119,291,410,6.2,25,3.5e+07,30669413,"tt0100403"
"Little Voice ",1998,97,"R","Miramax","Color","Mark Herman","English","UK",1.85,4,64,160,224,7,79,NA,4595000,"tt0147004"
"Bringing Out the Dead ",1999,121,"R","Paramount Pictures","Color","Martin Scorsese","English","USA",2.35,0,163,382,545,6.8,71,5.5e+07,16640210,"tt0163988"
"Mrs Henderson Presents ",2005,103,"R","Weinstein Company","Color","Stephen Frears","English","UK",1.85,1,137,180,317,7.1,68,2e+07,11034436,"tt0413015"
"Bully ",2001,115,"R","Lions Gate Films","Color","Larry Clark","English","USA",1.85,0,76,336,412,7,54,NA,510092,"tt0242193"
"Timecrimes ",2007,66,"R","Magnolia Pictures","Color","Nacho Vigalondo","Spanish","Spain",1.85,0,173,124,297,7.2,88,2600000,38108,"tt0480669"
"The Lovely Bones ",2009,135,"PG-13","Paramount Pictures","Color","Peter Jackson","English","USA",2.35,1,308,593,901,6.7,31,6.5e+07,43982842,"tt0380510"
"Highlander: Endgame ",2000,101,"R","Miramax Films","Color","Douglas Aarniokoski","English","USA",2.35,1,90,355,445,4.6,11,1.5e+07,12801190,"tt0144964"
"Vessel ",2012,14,NA,NA,"Color","Clark Baker","English","USA",NA,1,1,3,4,6.2,NA,NA,NA,"tt2164708"
"The Greatest Movie Ever Sold ",2011,90,"PG-13","Sony Pictures Classics","Color","Morgan Spurlock","English","USA",NA,1,130,45,175,6.6,73,1500000,638476,"tt1743720"
"Spellbound ",1945,95,"Unrated","Twentieth Century Fox Home Entertainment","Color","Alfred Hitchcock","English","USA",1.37,1,97,161,258,7.6,83,1696377,NA,"tt0038109"
"Tremors ",1990,96,"PG-13","MCA/Universal Pictures","Color","Ron Underwood","English","USA",1.85,0,132,248,380,7.1,85,1.1e+07,16667084,"tt0100814"
"Coraline ",2009,100,"PG","Focus Features","Black and White","Henry Selick","English","USA",1.85,1,310,279,589,7.7,90,6e+07,75280058,"tt0327597"
"Love Happens ",2009,109,"PG-13","Universal Pictures","Color","Brandon Camp","English","USA",1.85,0,111,77,188,5.6,16,1.8e+07,22927390,"tt0899106"
"In & Out ",1997,90,"PG-13","Paramount","Color","Frank Oz","English","USA",1.85,0,83,138,221,6.3,72,3.5e+07,63826569,"tt0119360"
"Unfaithful ",2002,124,"R","20th Century Fox","Color","Adrian Lyne","English","USA",1.85,0,152,533,685,6.7,49,5e+07,52752475,"tt0250797"
"Veronika Decides to Die ",2009,103,"R","Entertainment One Films","Color","Emily Young","English","USA",2.35,1,19,42,61,6.5,NA,9e+06,NA,"tt1068678"
"The Oogieloves in the Big Balloon Adventure ",2012,88,"G","Big Balloon Adventure Movies","Color","Matthew Diamond","English","USA",NA,0,28,83,111,6.7,27,2e+07,1064277,"tt1520498"
"Penitentiary ",1979,99,"R","Xenon","Color","Jamaa Fanaka","English","USA",1.85,2,23,10,33,5.8,NA,1e+05,NA,"tt0079709"
"Tombstone ",1993,134,"R","Buena Vista","Color","George P. Cosmatos","English","USA",2.35,0,84,439,523,7.8,73,2.5e+07,56505065,"tt0108358"
"The Innkeepers ",2011,101,"R","Magnolia Pictures","Color","Ti West","English","USA",2.35,0,292,247,539,5.5,79,750000,77501,"tt1594562"
"Interview with the Vampire: The Vampire Chronicles ",1994,123,"R","Warner Home Video","Color","Neil Jordan","English","USA",1.85,0,120,406,526,7.6,61,6e+07,105264608,"tt0110148"
"Hot Tub Time Machine ",2010,101,"R","MGM","Color","Steve Pink","English","USA",1.85,8,265,243,508,6.4,63,3.6e+07,50213619,"tt1231587"
"Invasion U.S.A. ",1985,107,"R","Cannon Films Inc","Color","Joseph Zito","English","USA",1.85,1,54,90,144,5.3,20,1e+07,NA,"tt0089348"
"The Pianist ",2002,150,"R","Focus Features","Black and White","Roman Polanski","English","France",1.85,0,193,761,954,8.5,96,3.5e+07,32519322,"tt0253474"
"The Amazing Spider-Man ",2012,153,"PG-13","Sony Pictures","Color","Marc Webb","English","USA",2.35,0,599,1225,1824,7,72,2.3e+08,262030663,"tt0948470"
"Everyone Says I Love You ",1996,101,"R","Sweetland Films","Color","Woody Allen","English","USA",1.85,0,69,140,209,6.8,79,2e+07,9714482,"tt0116242"
"Winter's Bone ",2010,100,"R","Roadside Attractions","Color","Debra Granik","English","USA",1.85,2,365,297,662,7.2,94,2e+06,6531491,"tt1399683"
"Young Frankenstein ",1974,106,"PG","20th Century Fox","Black and White","Mel Brooks","English","USA",1.85,0,129,315,444,8,93,2800000,86300000,"tt0072431"
"The Adventures of Tintin ",2011,107,"PG","Paramount","Color","Steven Spielberg","English","USA",2.35,1,440,447,887,7.4,75,1.35e+08,77564037,"tt0983193"
"Critical Care ",1997,107,"R","Live Home Video","Color","Sidney Lumet","English","Australia",1.85,2,25,12,37,6,59,1.2e+07,141853,"tt0118901"
"Hey Arnold! The Movie ",2002,76,"PG","Paramount Pictures","Color","Tuck Tucker","English","USA",1.85,0,33,43,76,5.9,29,3e+06,13684949,"tt0314166"
"The Brothers Grimm ",2005,118,"PG-13","Miramax Films","Color","Terry Gilliam","English","USA",1.85,2,233,492,725,5.9,38,8.8e+07,37899638,"tt0355295"
"The Bucket List ",2007,97,"PG-13","Warner Bros. Pictures","Color","Rob Reiner","English","USA",1.85,1,207,310,517,7.4,40,4.5e+07,93452056,"tt0825232"
"The Wolfman ",2010,119,"R","Universal Pictures","Color","Joe Johnston","English","USA",1.85,0,357,432,789,5.8,34,1.5e+08,61937495,"tt0780653"
"Hits ",2014,96,NA,"Honora Productions","Color","David Cross","English","USA",1.78,1,20,8,28,5.8,38,1e+06,NA,"tt3145220"
"9 ",2009,79,"PG-13","Focus Features","Color","Shane Acker","English","USA",1.85,0,263,245,508,7.1,57,3e+07,31743332,"tt0472033"
"Stealing Harvard ",2002,85,"PG-13","Columbia Pictures","Color","Bruce McCulloch","English","USA",1.85,1,52,92,144,5.1,9,2.5e+07,13973532,"tt0265808"
"Into the Grizzly Maze ",2015,94,"R","Open Road Films",NA,"David Hackl","English","USA",1.85,4,48,38,86,5.3,36,1e+07,NA,"tt1694021"
"Let's Kill Ward's Wife ",2014,82,"Unrated","Tribeca Film","Color","Scott Foley","English","USA",NA,2,13,11,24,5.4,17,5e+06,NA,"tt2980708"
"Swimfan ",2002,85,"PG-13","20th Century Fox","Color","John Polson","English","USA",2.35,0,86,217,303,5,14,8500000,28563926,"tt0283026"
"Antibirth ",2016,94,NA,"Traverse Media","Color","Danny Perez","English","USA",NA,1,10,2,12,6.3,64,3500000,NA,"tt3333870"
"Men in Black II ",2002,88,"PG-13","Columbia Pictures","Color","Barry Sonnenfeld","English","USA",1.85,2,208,606,814,6.1,39,1.4e+08,190418803,"tt0120912"
"Rocky Balboa ",2006,139,"PG","MGM","Color","Sylvester Stallone","English","USA",1.85,0,285,962,1247,7.2,76,2.4e+07,70269171,"tt0479143"
"The Chronicles of Narnia: The Lion, the Witch and the Wardrobe ",2005,150,"PG","Buena Vista","Color","Andrew Adamson","English","USA",2.35,5,284,1463,1747,6.9,76,1.8e+08,291709845,"tt0363771"
"For a Good Time, Call... ",2012,88,"R","Focus Features","Color","Jamie Travis","English","USA",2.35,0,115,34,149,6,56,850000,1243961,"tt1996264"
"Dutch Kills ",2015,90,NA,NA,"Color","Joseph Mazzella","English","USA",NA,2,NA,2,NA,4.8,NA,25000,NA,"tt2759066"
"Coriolanus ",2011,123,"R","The Weinstein Company","Color","Ralph Fiennes","English","UK",2.35,0,196,118,314,6.2,93,NA,756452,"tt1372686"
"Flatliners ",1990,115,"R","Sony Pictures Home Entertainment","Color","Joel Schumacher","English","USA",2.35,5,49,148,197,6.6,49,2.6e+07,61490000,"tt0099582"
"White Oleander ",2002,109,"PG-13","Warner Bros. Pictures","Color","Peter Kosminsky","English","USA",1.85,0,103,171,274,7.2,70,1.6e+07,16346122,"tt0283139"
"Miss Julie ",2014,129,"PG-13","Wrekin Hill Entertainment","Color","Liv Ullmann","English","Norway",NA,2,88,14,102,5.6,51,5500000,NA,"tt2667960"
"The Last Witch Hunter ",2015,106,"PG-13","Summit Entertainment.","Color","Breck Eisner","English","USA",2.35,0,202,117,319,6,16,9e+07,27356090,"tt1618442"
"The Call ",2013,94,"R","Sony Pictures","Color","Brad Anderson","English","USA",1.85,0,285,266,551,6.7,45,1.3e+07,51872378,"tt1911644"
"Minority Report ",2002,145,"PG-13","Dreamworks","Color","Steven Spielberg","English","USA",2.35,0,252,1331,1583,7.7,90,1.02e+08,132014112,"tt0181689"
"Scary Movie 5 ",2013,88,"PG-13","The Weinstein Company","Color","Malcolm D. Lee","English","USA",1.85,8,153,177,330,3.5,4,2e+07,32014289,"tt0795461"
"The Crocodile Hunter: Collision Course ",2002,90,"PG","MGM Pictures","Color","John Stainton","English","Australia",2.35,0,61,106,167,5.4,53,1.3e+07,28399192,"tt0305396"
"Lethal Weapon 4 ",1998,127,"R","Warner Home Video","Color","Richard Donner","English","USA",2.35,2,141,287,428,6.6,52,1.4e+08,129734803,"tt0122151"
"Gerry ",2002,103,"R","FilmFour","Color","Gus Van Sant","English","USA",2.35,0,103,290,393,6.2,61,3500000,236266,"tt0302674"
"Independence Day: Resurgence ",2016,120,"PG-13","20th Century Fox","Color","Roland Emmerich","English","USA",2.35,0,286,520,806,5.5,31,1.65e+08,102315545,"tt1628841"
"The Avengers ",2012,173,"PG-13","Walt Disney Pictures","Color","Joss Whedon","English","USA",1.85,3,703,1722,2425,8.1,92,2.2e+08,623279547,"tt0848228"
"The River Wild ",1994,111,"PG-13","MCA Universal Home Video","Color","Curtis Hanson","English","USA",2.35,1,42,69,111,6.3,55,4.5e+07,46815748,"tt0110997"
"What's Eating Gilbert Grape ",1993,118,"PG-13","Paramount Pictures","Color","Lasse Hallström","English","USA",1.85,1,80,292,372,7.8,89,1.1e+07,9170214,"tt0108550"
"The Legend of Drunken Master ",1994,102,"R","Dimension Films","Color","Chia-Liang Liu","Cantonese","Hong Kong",2.35,1,77,146,223,7.6,83,2e+06,11546543,"tt0111512"
"The Client ",1994,119,"PG-13","Warner Home Video","Color","Joel Schumacher","English","USA",2.35,3,39,94,133,6.7,80,4.5e+07,92115211,"tt0109446"
"The Pirates Who Don't Do Anything: A VeggieTales Movie ",2008,85,"G","Universal Pictures","Color","Mike Nawrocki","English","USA",1.85,0,37,22,59,5.7,39,1.5e+07,12701880,"tt0475998"
"Saw II ",2005,95,"R","Lions Gate Films","Color","Darren Lynn Bousman","English","USA",1.85,0,250,864,1114,6.6,36,4e+06,87025093,"tt0432348"
"Kung Pow: Enter the Fist ",2002,81,"PG-13","20th Century Fox","Color","Steve Oedekerk","English","USA",2.35,1,63,518,581,6.2,11,1e+07,16033556,"tt0240468"
"Adore ",2013,112,"R","Exclusive Media","Color","Anne Fontaine","English","Australia",2.35,0,141,87,228,6.2,31,1.6e+07,317125,"tt2103267"
"Slither ",2006,95,"R","Universal Pictures","Color","James Gunn","English","Canada",1.85,0,251,352,603,6.5,86,15500000,7774730,"tt0439815"
"Quigley Down Under ",1990,119,"PG-13","MGM Home Entertainment","Color","Simon Wincer","English","Australia",2.35,1,20,97,117,6.8,56,2e+07,21413105,"tt0102744"
"New Year's Eve ",2011,113,"PG-13","Warner Bros.","Color","Garry Marshall","English","USA",1.85,15,200,134,334,5.7,7,5.6e+07,54540525,"tt1598822"
"When a Stranger Calls ",2006,87,"PG-13","Screen Gems","Color","Simon West","English","USA",2.35,0,152,468,620,5,9,1.5e+07,47860214,"tt0455857"
"K-PAX ",2001,120,"PG-13","Universal Pictures","Color","Iain Softley","English","USA",2.35,1,140,537,677,7.4,41,4.8e+07,50173190,"tt0272152"
"Blindness ",2008,121,"R","Miramax","Color","Fernando Meirelles","English","Canada",1.85,0,229,300,529,6.6,43,2.5e+07,3073392,"tt0861689"
"Megiddo: The Omega Code 2 ",2001,104,"PG-13","8X Entertainment","Color","Brian Trenchard-Smith","English","USA",1.85,0,18,111,129,4.1,10,2.2e+07,5974653,"tt0263728"
"Get Hard ",2015,107,"R","Warner Bros. Pictures","Color","Etan Cohen","English","USA",1.85,2,173,144,317,6,29,4e+07,90353764,"tt2561572"
"Puss in Boots ",2011,90,"PG","Paramount/Dreamworks","Color","Chris Miller","English","USA",2.35,0,246,137,383,6.7,84,1.3e+08,149234747,"tt0448694"
"Lost in Space ",1998,130,"PG-13","New Line Home Entertainment","Color","Stephen Hopkins","English","USA",2.35,0,102,370,472,5.1,27,8e+07,69102910,"tt0120738"
"Amidst the Devil's Wings ",2014,90,NA,NA,"Color","Daniel Columbie","English","USA",NA,0,NA,NA,NA,4.3,NA,3e+05,NA,"tt3976258"
"Animals ",2014,90,NA,"Oscilloscope Pictures","Color","Collin Schiffli","English","USA",2.35,0,22,8,30,6.2,85,NA,NA,"tt3297554"
"Wonder Boys ",2000,107,"R","Paramount Pictures","Color","Curtis Hanson","English","USA",2.35,5,173,335,508,7.4,81,5.5e+07,19389454,"tt0185014"
"Watchmen ",2009,215,"R","Warner Bros. Pictures","Color","Zack Snyder","English","USA",2.35,1,451,1229,1680,7.7,65,1.3e+08,107503316,"tt0409459"
"Archaeology of a Woman ",2012,94,NA,"Emerald Pictures","Color","Sharon Greytak","English","USA",1.78,1,3,3,6,8.1,43,2e+05,NA,"tt1702455"
"Monsters University ",2013,104,"G","Walt Disney Pictures","Color","Dan Scanlon","English","USA",1.85,0,376,265,641,7.3,78,2e+08,268488329,"tt1453405"
"Up Close & Personal ",1996,124,"PG-13","Touchstone Pictures","Color","Jon Avnet","English","USA",1.85,2,34,54,88,6.1,29,6e+07,51045801,"tt0118055"
"House on Haunted Hill ",1999,93,"R","Warner Home Video","Color","William Malone","English","USA",1.37,0,147,536,683,5.6,28,1.9e+07,40846082,"tt0185371"
"The Alamo ",2004,137,"PG-13",NA,"Color","John Lee Hancock","English","USA",2.35,0,106,267,373,6,NA,1.07e+08,22406362,"tt0318974"
"Mission: Impossible III ",2006,124,"PG-13","Paramount Pictures","Color","J.J. Abrams","English","USA",2.35,0,310,871,1181,6.9,70,1.5e+08,133382309,"tt0317919"
"Rosemary's Baby ",1968,136,"R","Paramount Pictures","Color","Roman Polanski","English","USA",1.85,0,215,447,662,8,99,2300000,NA,"tt0063522"
"The Karate Kid ",1984,126,"PG","Columbia Pictures","Color","John G. Avildsen","English","USA",1.85,0,81,235,316,7.2,90,8e+06,90800000,"tt0087538"
"Derailed ",2005,112,"R","The Weinstein Company","Color","Mikael Håfström","English","USA",2.35,2,116,375,491,6.6,20,2.2e+07,36020063,"tt0398017"
"How to Train Your Dragon 2 ",2014,102,"PG","20th Century Fox","Color","Dean DeBlois","English","USA",2.35,5,292,343,635,7.9,92,1.45e+08,176997107,"tt1646971"
"Bad Words ",2013,89,"R","Focus Features","Color","Jason Bateman","English","USA",2.35,0,126,119,245,6.7,66,1e+07,7764027,"tt2170299"
"Lara Croft Tomb Raider: The Cradle of Life ",2003,117,"PG-13","Paramount Pictures","Color","Jan de Bont","English","USA",2.35,1,157,316,473,5.5,24,9.5e+07,65653758,"tt0325703"
"Saw VI ",2009,92,"R","Lionsgate","Color","Kevin Greutert","English","Canada",1.85,0,156,194,350,6,36,1.1e+07,27669413,"tt1233227"
"Do You Believe? ",2015,120,"PG-13","Freestyle Releasing","Color","Jon Gunn","English","USA",NA,5,11,63,74,5.9,17,2300000,12985267,"tt4056738"
"Neighbors 2: Sorority Rising ",2016,92,"R","Universal Pictures","Color","Nicholas Stoller","English","USA",2.35,0,177,111,288,6,62,3.5e+07,55291815,"tt4438848"
"Sunshine ",2007,107,"R",NA,"Color","Danny Boyle","English","UK",2.35,0,308,801,1109,7.3,NA,2.6e+07,3675072,"tt0448134"
"Draft Day ",2014,110,"R","Summit Entertainment","Color","Ivan Reitman","English","USA",2.35,1,159,113,272,6.8,60,2.5e+07,28831145,"tt2223990"
"Malcolm X ",1992,202,"PG-13","Warner Bros.","Color","Spike Lee","English","USA",1.85,0,61,156,217,7.7,91,3.3e+07,48169908,"tt0104797"
"Split Second ",1992,96,"R","HBO Video","Color","Tony Maylam","English","UK",1.85,0,39,75,114,6.2,NA,7e+06,5430822,"tt0105459"
"Back to the Future ",1985,116,"PG","Universal Pictures","Color","Robert Zemeckis","English","USA",1.18,0,198,809,1007,8.5,96,1.9e+07,210609762,"tt0088763"
"The Last Shot ",2004,93,"R","Buena Vista Pictures","Color","Jeff Nathanson","English","USA",1.85,10,42,39,81,5.7,61,NA,463730,"tt0357054"
"Plastic ",2014,102,"R","Arc Entertainment","Color","Julian Gilbey","English","UK",NA,7,29,12,41,6,17,1e+07,NA,"tt2556874"
"Exorcist II: The Heretic ",1977,118,"R","WARNER BROTHERS PICTURES","Color","John Boorman","English","USA",1.85,7,82,252,334,3.7,20,1.4e+07,NA,"tt0076009"
"Kick-Ass 2 ",2013,103,"R","Universal Pictures","Color","Jeff Wadlow","English","USA",2.35,0,350,378,728,6.6,31,2.8e+07,28751715,"tt1650554"
"Oldboy ",2003,120,"R","Tartan Films","Color","Chan-wook Park","Korean","South Korea",2.35,0,305,809,1114,8.4,80,3e+06,2181290,"tt0364569"
"Ramona and Beezus ",2010,103,"G","20th Century Fox","Color","Elizabeth Allen Rosenbaum","English","USA",2.35,2,81,52,133,6.7,70,1.5e+07,26161406,"tt0493949"
"The Deported ",2009,90,"PG-13","701 Productions","Color","Lance Kawas","English","USA",1.85,1,NA,1,NA,6.2,NA,3e+06,NA,"tt1390404"
"Splice ",2009,104,"R","Warner Brothers","Color","Vincenzo Natali","English","Canada",1.85,0,368,354,722,5.8,74,2.6e+07,16999046,"tt1017460"
"For Colored Girls ",2010,133,"R","Lionsgate","Color","Tyler Perry","English","USA",1.85,0,75,73,148,6,32,NA,37721949,"tt1405500"
"The Devil Inside ",2012,83,"R","Paramount Pictures","Color","William Brent Bell","English","USA",1.85,0,225,290,515,4.2,6,1e+06,53245055,"tt1560985"
"Deck the Halls ",2006,93,"PG","20th Century Fox","Color","John Whitesell","English","USA",1.85,0,71,110,181,4.9,6,NA,35092918,"tt0790604"
"All About Steve ",2009,99,"PG-13","20th Century Fox","Color","Phil Traill","English","USA",1.85,3,128,143,271,4.8,7,1.5e+07,33860010,"tt0881891"
"The Toxic Avenger Part II ",1989,96,"R","Lorimar Productions","Color","Michael Herz","English","USA",1.33,2,49,40,89,5.1,0,2300000,792966,"tt0098503"
"My Blueberry Nights ",2007,95,"PG-13","The Weinstein Company","Color","Kar-Wai Wong","English","Hong Kong",2.35,3,192,117,309,6.7,47,1e+07,866778,"tt0765120"
"Trust ",2010,106,"R","Millenium Entertainment","Color","David Schwimmer","English","USA",2.35,0,109,137,246,7,78,9500000,58214,"tt1529572"
"The Marine ",2006,92,"PG-13","20th Century Fox","Color","John Bonito","English","USA",1.85,1,78,284,362,4.7,20,2e+07,18843314,"tt0419946"
"Megamind ",2010,95,"PG","Paramount Studios/DWA","Color","Tom McGrath","English","USA",2.35,3,233,187,420,7.3,73,1.3e+08,148337537,"tt1001526"
"Freedom Writers ",2007,123,"PG-13","Paramount Pictures","Color","Richard LaGravenese","English","Germany",1.85,1,84,235,319,7.5,69,2.1e+07,36581633,"tt0463998"
"Dope ",2015,103,"R","Open Road Films","Color","Rick Famuyiwa","English","USA",2.35,3,180,89,269,7.3,89,7e+06,17474107,"tt3850214"
"The Pursuit of Happyness ",2006,117,"PG-13","Sony Pictures","Color","Gabriele Muccino","English","USA",2.35,0,201,611,812,8,67,5.5e+07,162586036,"tt0454921"
"Monster ",2003,109,"R","Newmarket Film Group","Color","Patty Jenkins","English","USA",1.85,2,185,533,718,7.3,82,4500000,34468224,"tt0340855"
"History of the World: Part I ",1981,92,"R","20th Century Fox Film Corporation","Color","Mel Brooks","English","USA",2.35,0,48,131,179,6.9,62,1.1e+07,NA,"tt0082517"
"The Duchess ",2008,110,"PG-13","Paramount Vantage","Color","Saul Dibb","English","UK",2.35,3,194,140,334,6.9,61,13500000,13823741,"tt0864761"
"Without a Paddle ",2004,95,"PG-13","Paramount Pictures","Color","Steven Brill","English","USA",2.35,3,94,152,246,5.9,14,1.9e+07,58156435,"tt0364751"
"Shutter Island ",2010,138,"R","Paramount Studios","Color","Martin Scorsese","English","USA",2.35,0,490,964,1454,8.1,68,8e+07,127968405,"tt1130884"
"The Longest Ride ",2015,128,"PG-13","20th Century Fox","Color","George Tillman Jr.","English","USA",2.35,0,117,116,233,7.1,29,3.4e+07,37432299,"tt2726560"
"The Conversation ",1974,113,"PG","Paramount Pictures","Color","Francis Ford Coppola","English","USA",1.37,2,149,313,462,7.9,98,1600000,NA,"tt0071360"
"The New Guy ",2002,92,"PG-13","Columbia Pictures","Color","Ed Decter","English","USA",1.85,1,49,159,208,5.9,7,1.3e+07,28972187,"tt0241760"
"Barfi ",2013,NA,NA,NA,"Color","Shekar","Kannada","India",NA,2,1,1,2,7.1,NA,NA,NA,"tt3099638"
"The Blue Lagoon ",1980,104,"R","Sony Pictures Entertainment","Color","Randal Kleiser","English","USA",1.85,0,36,140,176,5.7,11,4500000,NA,"tt0080453"
"Red Cliff ",2008,150,"R","Magnolia Pictures","Color","John Woo","Mandarin","China",2.35,4,160,105,265,7.4,89,553632000,626809,"tt0425637"
"Promised Land ",2012,106,"R","Focus Features","Color","Gus Van Sant","English","USA",1.85,1,242,102,344,6.6,51,1.5e+07,7556708,"tt2091473"
"Flight ",2012,138,"R","Paramount Pictures","Color","Robert Zemeckis","English","USA",2.35,0,449,491,940,7.3,78,3.1e+07,93749203,"tt1907668"
"15 Minutes ",2001,120,"R","New Line Cinema","Color","John Herzfeld","English","USA",2.35,1,151,265,416,6.1,33,4.2e+07,24375436,"tt0179626"
"Prefontaine ",1997,106,"PG-13","Hollywood Pictures","Color","Steve James","English","USA",1.66,2,23,37,60,6.8,59,8e+06,532190,"tt0119937"
"Re-Kill ",2015,88,"R","After Dark Films","Color","Valeri Milev","English","USA",1.78,0,18,26,44,5.1,NA,9500000,NA,"tt1612319"
"The Trials of Darryl Hunt ",2006,106,"PG-13","ThinkFilm","Color","Ricki Stern","English","USA",1.66,0,11,10,21,7.7,100,2e+05,1111,"tt0446055"
"Bats ",1999,91,"PG-13","Destination Films","Color","Louis Morneau","English","USA",2.35,0,97,160,257,3.6,17,6500000,10149779,"tt0200469"
"Black Rain ",1989,125,"R","Paramount Home Video","Color","Ridley Scott","English","USA",2.35,2,63,119,182,6.6,52,3e+07,45645204,"tt0096933"
"The Matador ",2005,96,"R","The Weinstein Company","Color","Richard Shepard","English","USA",2.35,0,191,234,425,6.8,74,1e+07,12570442,"tt0365485"
"Wreck-It Ralph ",2012,101,"PG","Walt Disney Pictures","Color","Rich Moore","English","USA",2.35,1,377,345,722,7.8,86,1.65e+08,189412677,"tt1772341"
"Saint John of Las Vegas ",2009,85,"R","IndieVest Pictures","Color","Hue Rhodes","English","USA",2.35,1,45,11,56,5.8,24,3800000,100669,"tt1276105"
"Waterworld ",1995,176,"PG-13","MCA Universal Home Video","Color","Kevin Reynolds","English","USA",1.85,0,91,309,400,6.1,42,1.75e+08,88246220,"tt0114898"
"xXx ",2002,132,"PG-13","Columbia Pictures","Color","Rob Cohen","English","USA",2.35,0,191,737,928,5.8,48,7e+07,141204016,"tt0295701"
"The King's Speech ",2010,118,"R","The Weinstein Company","Color","Tom Hooper","English","UK",1.85,0,479,636,1115,8,95,1.5e+07,138795342,"tt1504320"
"Atlas Shrugged II: The Strike ",2012,111,"PG-13","Atlas Distribution","Color","John Putch","English","USA",2.35,0,23,122,145,5.5,4,1e+07,3333823,"tt1985017"
"The Weather Man ",2005,102,"R","Paramount Pictures","Color","Gore Verbinski","English","USA",1.85,1,156,316,472,6.6,58,2.2e+07,12469811,"tt0384680"
"The Phantom ",1996,100,"PG","Paramount Home Video","Color","Simon Wincer","English","Australia",2.35,0,60,148,208,4.9,42,4.5e+07,17300889,"tt0117331"
"The Medallion ",2003,108,"PG-13","Columbia Pictures","Color","Gordon Chan","English","Hong Kong",2.35,1,98,132,230,5.2,18,4.1e+07,22108977,"tt0288045"
"Quinceañera ",2006,90,"R","Sony Pictures Classics","Color","Richard Glatzer","Spanish","USA",2.35,1,69,48,117,7.1,86,4e+05,1689999,"tt0451176"
"Boogie Nights ",1997,155,"R","New Line Cinema","Color","Paul Thomas Anderson","English","USA",2.35,15,153,560,713,7.9,92,1.5e+07,26384919,"tt0118749"
"Twin Falls Idaho ",1999,111,"R","Columbia TriStar","Color","Michael Polish","English","USA",1.85,0,54,87,141,7.3,78,5e+05,985341,"tt0162830"
"Men in Black ",1997,98,"PG-13","Columbia TriStar International","Color","Barry Sonnenfeld","English","USA",1.85,0,175,289,464,7.3,92,9e+07,250147615,"tt0119654"
"The Sticky Fingers of Time ",1997,81,NA,"Strand Releasing","Black and White","Hilary Brougher","English","USA",1.85,0,8,7,15,6.3,80,250000,18195,"tt0127302"
"The Business of Strangers ",2001,84,"R","IFC Films","Color","Patrick Stettner","English","USA",1.85,2,61,78,139,6.4,80,NA,1028337,"tt0270259"
"The Dangerous Lives of Altar Boys ",2002,104,"R",NA,"Color","Peter Care","English","USA",1.85,4,78,122,200,7.1,NA,1.2e+07,1779284,"tt0238924"
"Mr. Smith Goes to Washington ",1939,120,"Not Rated","ITVS","Black and White","Frank Capra","English","USA",1.37,7,96,245,341,8.2,83,1500000,NA,"tt0031679"
"Love Stinks ",1999,94,"R","Legacy Releasing","Color","Jeff Franklin","English","USA",1.85,3,45,85,130,5.8,19,4e+06,2800000,"tt0188863"
"Tank Girl ",1995,104,"R","MGM Home Entertainment","Color","Rachel Talalay","English","USA",2.35,0,60,173,233,5.2,38,2.5e+07,4064333,"tt0114614"
"Some Guy Who Kills People ",2011,97,"R","Lightning Media","Color","Jack Perez","English","USA",1.85,2,131,58,189,6.4,90,3e+05,NA,"tt1568341"
"Four Single Fathers ",2009,100,NA,"Hulu","Color","Paolo Monico","Italian","Italy",NA,0,2,1,3,5.1,NA,3e+06,NA,"tt1252289"
"The Mothman Prophecies ",2002,119,"PG-13","Screen Gems","Color","Mark Pellington","English","USA",2.35,0,166,460,626,6.5,52,3.2e+07,35228696,"tt0265349"
"Joe Somebody ",2001,98,"PG","Lot 47 Films","Color","John Pasquin","English","USA",1.85,1,55,85,140,5.5,40,3.8e+07,22770864,"tt0279889"
"Man of the House ",2005,100,"PG-13","Columbia Pictures","Color","Stephen Herek","English","USA",2.35,5,59,94,153,5.4,9,4e+07,19118247,"tt0331933"
"Noah ",2014,138,"PG-13","Paramount Pictures","Color","Darren Aronofsky","English","USA",1.85,2,434,1240,1674,5.8,77,1.25e+08,101160529,"tt1959490"
"Jersey Boys ",2014,134,"R","Warner Bros. Pictures","Color","Clint Eastwood","English","USA",2.35,1,249,190,439,6.9,52,4e+07,47034272,"tt1742044"
"Love Actually ",2003,129,"R","Universal Pictures","Color","Richard Curtis","English","UK",2.35,9,218,1004,1222,7.7,63,4.5e+07,59365105,"tt0314331"
"Igby Goes Down ",2002,99,"R","United Artists Pictures","Color","Burr Steers","English","USA",2.35,1,136,238,374,7,75,9e+06,4681503,"tt0280760"
"The Chumscrubber ",2005,108,"R","Picturehouse","Color","Arie Posin","English","USA",2.35,1,74,129,203,7,35,6800000,49526,"tt0406650"
"Message in a Bottle ",1999,131,"PG-13","Warner Bros. Pictures","Color","Luis Mandoki","English","USA",2.35,0,85,223,308,6.1,32,5.5e+07,52799004,"tt0139462"
"Free Style ",2008,94,"PG","IDP/Samuel goldwyn Films","Color","William Dear","English","Canada",1.85,3,16,4,20,4.2,29,NA,140987,"tt1128071"
"Hands of Stone ",2016,105,"R","Fuego Films","Color","Jonathan Jakubowicz","English","Panama",NA,0,NA,1,NA,7.2,45,2e+07,NA,"tt1781827"
"Aloft ",2014,97,"R","Sony Pictures Classics","Color","Claudia Llosa","English","Spain",2.35,1,56,11,67,5.3,16,8e+06,52961,"tt2494384"
"The Work and the Glory II: American Zion ",2005,100,"PG-13","Vineyard Productions","Color","Sterling Van Wagenen","English","USA",2.35,2,4,21,25,6.6,45,6500000,2024854,"tt0457530"
"The Lords of Salem ",2012,101,"R","Anchor Bay Films","Color","Rob Zombie","English","USA",2.35,1,234,166,400,5.1,44,2500000,1163508,"tt1731697"
"Poultrygeist: Night of the Chicken Dead ",2006,103,"Unrated","Monogram Releasing","Color","Lloyd Kaufman","English","USA",1.85,0,88,58,146,6.2,64,5e+05,23000,"tt0462485"
"Dead Like Me: Life After Death ",2009,87,"R","Fox Home Entertainment","Color","Stephen Herek","English","USA",1.78,1,19,80,99,6.1,NA,5e+06,NA,"tt1079444"
"The Purge ",2013,85,"R","Universal Pictures","Color","James DeMonaco","English","USA",2.35,0,361,578,939,5.7,38,3e+06,64423650,"tt2184339"
"Seed of Chucky ",2004,88,"R","Focus Features","Color","Don Mancini","English","Romania",1.85,0,148,214,362,4.9,32,1.2e+07,17016190,"tt0387575"
"For Your Consideration ",2006,86,"PG-13","Warner Independent Pictures","Color","Christopher Guest","English","USA",1.85,0,144,150,294,6.3,51,1.2e+07,5542025,"tt0470765"
"This Is Martin Bonner ",2013,83,"R","Monterey Media","Color","Chad Hartigan","English","USA",16,0,34,7,41,6.6,93,42000,NA,"tt1798291"
"Out of the Dark ",2014,92,"R","Vertical Entertainment","Color","Lluís Quílez","English","USA",2.35,3,40,18,58,4.7,26,NA,NA,"tt2872724"
"The Sound and the Shadow ",2014,90,"R",NA,"Color","Justin Paul Miller","English","USA",NA,0,1,1,2,8.3,NA,NA,NA,"tt2190180"
"Sideways ",2004,126,"R","Fox Searchlight Pictures","Color","Alexander Payne","English","USA",1.85,0,285,835,1120,7.5,96,1.2e+07,71502303,"tt0375063"
"Central Intelligence ",2016,107,"PG-13","Warner Bros. Pictures","Color","Rawson Marshall Thurber","English","USA",2.35,2,177,110,287,6.6,69,5e+07,126088877,"tt1489889"
"The Perks of Being a Wallflower ",2012,102,"PG-13","Lionsgate Films","Color","Stephen Chbosky","English","USA",1.85,2,364,457,821,8,86,1.3e+07,17738570,"tt1659337"
"Charlie Bartlett ",2007,97,"R","MGM","Color","Jon Poll","English","USA",1.85,5,146,124,270,7,56,1.2e+07,3950294,"tt0423977"
"Journey to Saturn ",2008,90,"Not Rated",NA,"Color","Thorbjørn Christoffersen","Danish","Denmark",1.85,0,2,6,8,5.7,NA,NA,NA,"tt1095423"
"Madadayo ",1993,134,NA,"Winstar Cinema","Color","Akira Kurosawa","Japanese","Japan",1.85,0,25,40,65,7.5,87,11900000,48856,"tt0107474"
"Bathing Beauty ",1944,101,"Passed","Metro-Goldwyn-Mayer","Color","George Sidney","English","USA",1.37,2,8,28,36,6.5,NA,2361000,NA,"tt0036628"
"Rise of the Planet of the Apes ",2011,105,"PG-13","20th Century Fox","Color","Rupert Wyatt","English","USA",2.35,0,529,646,1175,7.6,81,9.3e+07,176740650,"tt1318514"
"Eternal Sunshine of the Spotless Mind ",2004,108,"R","Focus Features","Color","Michel Gondry","English","USA",1.85,1,273,1514,1787,8.3,93,2e+07,34126138,"tt0338013"
"The Lucky One ",2012,101,"PG-13","Warner Bros. Pictures","Color","Scott Hicks","English","USA",2.35,0,170,106,276,6.5,20,2.5e+07,60443237,"tt1327194"
"Million Dollar Arm ",2014,124,"PG","Walt Disney Pictures","Color","Craig Gillespie","English","USA",2.39,0,151,96,247,7,63,2.5e+07,36447959,"tt1647668"
"Harper ",1966,121,"Not Rated","Warner Bros.","Color","Jack Smight","English","USA",2.35,1,22,74,96,7,100,3500000,NA,"tt0060490"
"Teenage Mutant Ninja Turtles ",2014,101,"PG-13","Paramount Pictures","Color","Jonathan Liebesman","English","USA",2.35,0,348,491,839,5.9,22,1.25e+08,190871240,"tt1291150"
"The Texas Chain Saw Massacre ",1974,88,"R","Bryanston Pictures","Color","Tobe Hooper","English","USA",1.85,0,277,826,1103,7.5,88,83532,30859000,"tt0072271"
"Serenity ",2005,119,"PG-13","Universal Pictures","Color","Joss Whedon","English","USA",2.35,0,276,1594,1870,8,82,4e+07,25335935,"tt0379786"
"Escape from L.A. ",1996,101,"R","Paramount Pictures","Color","John Carpenter","English","USA",2.35,0,104,227,331,5.7,53,5e+07,25407250,"tt0116225"
"Savages ",2012,141,"R","Universal Pictures","Black and White","Oliver Stone","English","USA",2.35,4,339,269,608,6.5,51,4.5e+07,47307550,"tt1615065"
"The Road to El Dorado ",2000,89,"PG","Dreamworks","Color","Bibo Bergeron","English","USA",1.85,1,82,139,221,6.9,48,9.5e+07,50802661,"tt0138749"
"The Boy in the Striped Pajamas ",2008,94,"PG-13","Miramax","Color","Mark Herman","English","UK",1.85,0,185,398,583,7.8,63,12500000,9030581,"tt0914798"
"Requiem for a Dream ",2000,102,"R","Artisan Entertainment","Color","Darren Aronofsky","English","USA",1.37,0,234,1916,2150,8.4,78,4500000,3609278,"tt0180093"
"Ordet ",1955,126,"Not Rated","Criterion Collection","Black and White","Carl Theodor Dreyer","Danish","Denmark",1.37,0,54,49,103,8.1,100,NA,NA,"tt0048452"
"North Country ",2005,126,"R","Warner Bros. Pictures","Color","Niki Caro","English","USA",2.35,4,155,214,369,7.3,68,3.5e+07,18324242,"tt0395972"
"Jumper ",2008,88,"PG-13","20th Century Fox","Color","Doug Liman","English","USA",2.35,0,238,488,726,6.1,16,8.5e+07,80170146,"tt0489099"
"Reservoir Dogs ",1992,99,"R","Miramax Films","Color","Quentin Tarantino","English","USA",2.35,0,173,931,1104,8.4,90,1200000,2812029,"tt0105236"
"Flying By ",2009,90,"PG-13","MTI Home Video","Color","Jim Amatulli","English","USA",NA,6,NA,2,NA,4.5,NA,NA,NA,"tt1131732"
"Teenage Mutant Ninja Turtles II: The Secret of the Ooze ",1991,88,"PG","WARNER BROTHERS PICTURES","Color","Michael Pressman","English","USA",1.85,0,68,93,161,6,32,2.5e+07,78656813,"tt0103060"
"The Curious Case of Benjamin Button ",2008,166,"PG-13","Paramount","Color","David Fincher","English","USA",2.35,2,362,822,1184,7.8,72,1.5e+08,127490802,"tt0421715"
"The Informers ",2008,98,"R","Senator International","Color","Gregor Jordan","English","Germany",2.35,1,97,93,190,5.1,13,1.8e+07,NA,"tt0865554"
"Titanic ",1997,194,"PG-13","Paramount Pictures","Color","James Cameron","English","USA",2.35,0,315,2528,2843,7.7,88,2e+08,658672302,"tt0120338"
"Doctor Dolittle ",1998,85,"PG-13","20th Century Fox","Color","Betty Thomas","English","USA",1.85,0,73,98,171,5.3,43,71500000,144156464,"tt0118998"
"Gory Gory Hallelujah ",2003,96,NA,"Indican Pictures","Color","Sue Corcoran","English","USA",1.78,2,8,18,26,4.7,NA,1e+05,11798,"tt0396041"
"Operation Chromite ",2016,115,NA,"Taewon Entertainment","Color","John H. Lee","English","South Korea",NA,1,2,1,3,6.8,33,12620000,31662,"tt4939066"
"Alice Through the Looking Glass ",2016,113,"PG","Walt Disney Pictures","Color","James Bobin","English","USA",1.85,1,218,131,349,6.4,30,1.7e+08,76846624,"tt2567026"
"Boiler Room ",2000,120,"R","New Line Home Entertainment","Color","Ben Younger","English","USA",1.85,3,132,246,378,7,67,8e+06,16938179,"tt0181984"
"I Am Legend ",2007,104,"PG-13","Warner Bros. Pictures","Color","Francis Lawrence","English","USA",2.35,0,323,1413,1736,7.2,70,1.5e+08,256386216,"tt0480249"
"Gigli ",2003,121,"R",NA,"Color","Martin Brest","English","USA",2.35,0,131,418,549,2.4,NA,5.4e+07,5660084,"tt0299930"
"Heli ",2013,105,"Not Rated","Outsider Pictures","Color","Amat Escalante","Spanish","Mexico",1.85,0,87,15,102,6.8,61,1e+06,NA,"tt2852376"
"Restoration ",2016,92,NA,NA,"Color","Zack Ward","English","USA",NA,0,15,6,21,4,NA,NA,NA,"tt4517738"
"All Superheroes Must Die ",2011,78,"Unrated","Image Entertainment","Color","Jason Trost","English","USA",2.35,0,42,35,77,4,NA,20000,NA,"tt1836212"
"Song One ",2014,86,"PG-13","Film Arcade","Color","Kate Barker-Froyland","English","USA",NA,1,43,21,64,5.8,34,6e+06,20200,"tt2182972"
"The Conjuring 2 ",2016,134,"R","Warner Bros. Pictures","Color","James Wan","English","USA",2.35,0,300,279,579,7.8,80,4e+07,102310175,"tt3065204"
"Beneath the Planet of the Apes ",1970,95,"G","20th Century Fox","Color","Ted Post","English","USA",2.35,0,78,150,228,6.1,41,3e+06,NA,"tt0065462"
"Echo Dr. ",2013,81,NA,NA,"Color","Patrick Ryan Sims","English","USA",1.78,2,5,1,6,3.6,NA,1e+05,NA,"tt2343473"
"Sorority Boys ",2002,93,"R","Touchstone Pictures","Color","Wallace Wolodarsky","English","USA",1.85,3,53,105,158,5.4,13,1.2e+07,10198766,"tt0279781"
"Slums of Beverly Hills ",1998,91,"R","20th Century Fox","Color","Tamara Jenkins","English","USA",1.85,0,60,79,139,6.6,80,5e+06,5480318,"tt0120831"
"Annabelle ",2014,99,"R","New Line Cinema","Color","John R. Leonetti","English","USA",2.35,0,271,291,562,5.4,29,6500000,84263837,"tt3322940"
"The Last Big Thing ",1996,98,"R","Byronic Pose Productions","Color","Dan Zukovic","English","USA",1.85,1,95,17,112,6.9,60,NA,22434,"tt0161743"
"Thank You for Smoking ",2005,92,"R","Fox Searchlight","Color","Jason Reitman","English","USA",2.35,0,239,323,562,7.6,86,6500000,24792061,"tt0427944"
"Letters to God ",2010,110,"PG","Vivendi Entertainment","Color","David Nixon","English","USA",1.78,0,19,65,84,6.3,25,3500000,2848578,"tt1462054"
"Topaz ",1969,127,"M","Universal Pictures","Color","Alfred Hitchcock","English","USA",1.85,0,50,89,139,6.3,64,4e+06,NA,"tt0065112"
"Sgt. Bilko ",1996,93,"PG","MCA Universal Home Video","Color","Jonathan Lynn","English","USA",2.35,2,23,73,96,5.7,32,3.9e+07,30400000,"tt0117608"
"Road to Perdition ",2002,117,"R","DreamWorks SKG","Color","Sam Mendes","English","USA",2.35,0,226,1009,1235,7.7,81,8e+07,104054514,"tt0257044"
"Star Wars: Episode VI - Return of the Jedi ",1983,134,"PG","Twentieth Century Fox","Color","Richard Marquand","English","USA",2.35,0,197,647,844,8.4,80,32500000,309125409,"tt0086190"
"Exam ",2009,101,"Not Rated","Bedlam Productions","Color","Stuart Hazeldine","English","UK",2.35,0,77,120,197,6.9,63,NA,NA,"tt1258197"
"Welcome to Mooseport ",2004,110,"PG-13","20th Century Fox","Color","Donald Petrie","English","USA",1.85,2,82,95,177,5.2,13,2.6e+07,14469428,"tt0361925"
"Indiana Jones and the Temple of Doom ",1984,118,"PG","Paramount Pictures","Color","Steven Spielberg","English","USA",2.35,2,148,524,672,7.6,85,2.8e+07,179870271,"tt0087469"
"Deuces Wild ",2002,96,"R","MGM","Color","Scott Kalvert","English","USA",2.35,1,38,92,130,5.6,3,1e+07,6044618,"tt0231448"
"The Rules of Attraction ",2002,110,"R","Lions Gate Films","Color","Roger Avary","English","USA",1.85,2,143,425,568,6.7,43,4e+06,6525762,"tt0292644"
"The Descent ",2005,100,"R","Lionsgate","Color","Neil Marshall","English","UK",2.35,0,342,1100,1442,7.2,85,3500000,26005908,"tt0435625"
"The Spanish Prisoner ",1997,110,"PG","Sony Pictures Classics","Color","David Mamet","English","USA",1.85,0,97,263,360,7.3,88,1e+07,10200000,"tt0120176"
"Road Hard ",2015,98,NA,"FilmBuff","Color","Adam Carolla","English","USA",NA,0,14,11,25,6.1,55,1500000,105943,"tt3110770"
"Hart's War ",2002,125,"R","MGM/UA","Color","Gregory Hoblit","English","USA",2.35,0,112,196,308,6.3,60,6e+07,19076815,"tt0251114"
"The Da Vinci Code ",2006,174,"PG-13","Sony Pictures","Color","Ron Howard","English","USA",2.35,2,294,1966,2260,6.6,25,1.25e+08,217536138,"tt0382625"
"House of 1000 Corpses ",2003,105,"R","Lions Gate Films Inc.","Black and White","Rob Zombie","English","USA",1.85,0,202,922,1124,6,19,7e+06,12583510,"tt0251736"
"Club Dread ",2004,119,"R","Fox Searchlight Pictures","Color","Jay Chandrasekhar","English","USA",2.35,2,66,201,267,5.6,29,8550000,4992159,"tt0331953"
"The Son of No One ",2011,90,"R","Anchor Bay Entertainment","Color","Dito Montiel","English","USA",2.35,5,62,41,103,5.1,16,1.5e+07,28870,"tt1535612"
"Die Hard ",1988,131,"R","20th Century Fox","Color","John McTiernan","English","USA",2.35,0,233,722,955,8.2,92,2.8e+07,81350242,"tt0095016"
"Happy Gilmore ",1996,92,"PG-13","MCA Universal Home Video","Color","Dennis Dugan","English","USA",1.85,1,77,289,366,7,60,1.2e+07,38624000,"tt0116483"
"Out of Inferno ",2013,107,"PG-13","LionsGate Entertainment","Color","Danny Pang","Chinese","China",1.85,2,23,4,27,5.7,NA,NA,NA,"tt2957680"
"The Last Exorcism Part II ",2013,93,"PG-13","CBS Films","Color","Ed Gass-Donnelly","English","France",2.35,0,161,68,229,4,16,5e+06,15152879,"tt2034139"
"The Scarlet Letter ",1995,135,"R","Buena Vista","Color","Roland Joffé","English","USA",2.35,1,34,90,124,5.1,14,5e+07,10400000,"tt0114345"
"Monsters vs. Aliens ",2009,94,"PG","Paramount/Dreamworks Animation","Color","Rob Letterman","English","USA",2.35,2,219,187,406,6.5,72,1.75e+08,198332128,"tt0892782"
"Toy Story 3 ",2010,103,"G","Walt Disney Pictures","Color","Lee Unkrich","English","USA",1.85,3,453,733,1186,8.3,99,2e+08,414984497,"tt0435761"
"Punisher: War Zone ",2008,103,"R","Lionsgate","Color","Lexi Alexander","English","USA",2.35,1,151,280,431,6,27,3.5e+07,7948159,"tt0450314"
"Synecdoche, New York ",2008,124,"R","Sydney Kimmel Entertainment","Color","Charlie Kaufman","English","USA",2.35,0,245,274,519,7.5,69,2.1e+07,3081925,"tt0383028"
"Mr. & Mrs. Smith ",2005,126,"PG-13","20th Century Fox","Color","Doug Liman","English","USA",2.35,2,233,798,1031,6.5,59,1.2e+08,186336103,"tt0356910"
"Running with Scissors ",2006,122,"R","Sony Pictures","Color","Ryan Murphy","English","USA",2.35,0,132,188,320,6.2,31,1.2e+07,6754898,"tt0439289"
"Poltergeist ",1982,120,"PG","MGM Home Entertainment","Color","Tobe Hooper","English","USA",2.35,0,223,321,544,7.4,88,10700000,76600000,"tt0084516"
"The Other Woman ",2014,109,"PG-13","20th Century Fox","Color","Nick Cassavetes","English","USA",2.35,2,191,189,380,6,24,4e+07,83906114,"tt2203939"
"Last Orders ",2001,109,"R","Sony Pictures Classics","Color","Fred Schepisi","English","UK",2.35,5,61,99,160,7,79,1.2e+07,2326407,"tt0253200"
"30 Minutes or Less ",2011,83,"R","Sony Pictures","Color","Ruben Fleischer","English","Germany",2.35,3,220,122,342,6.1,44,2.8e+07,37053924,"tt1622547"
"Dolphin Tale ",2011,113,"PG","Warner Bros. Pictures","Color","Charles Martin Smith","English","USA",1.85,5,131,86,217,6.9,81,3.7e+07,72279690,"tt1564349"
"There Goes My Baby ",1994,99,"R","Orion Home Video","Color","Floyd Mutrux","English","USA",NA,2,5,31,36,6.4,NA,10500000,125169,"tt0108320"
"Wimbledon ",2004,98,"PG-13","Universal Pictures","Color","Richard Loncraine","English","UK",2.35,1,129,173,302,6.3,60,3.1e+07,16831505,"tt0360201"
"Pay It Forward ",2000,123,"PG-13","Warner Bros. Pictures","Color","Mimi Leder","English","USA",1.85,2,157,660,817,7.2,40,4e+07,33508922,"tt0223897"
"Hide and Seek ",2005,101,"R","20th Century Fox","Color","John Polson","English","USA",2.35,0,180,450,630,5.9,13,3e+07,51097664,"tt0382077"
"11:14 ",2003,85,"R","New Line Cinema","Color","Greg Marcks","English","USA",1.85,1,68,133,201,7.2,92,6e+06,NA,"tt0331811"
"Hansel & Gretel Get Baked ",2013,86,NA,"Tribeca Films","Color","Duane Journey","English","USA",1.78,0,46,11,57,4.3,NA,4500000,NA,"tt2081194"
"Captain Alatriste: The Spanish Musketeer ",2006,145,NA,"20th Century Fox","Color","Agustín Díaz Yanes","Spanish","Spain",1.85,1,31,84,115,6.1,NA,2.4e+07,NA,"tt0395119"
"The Unborn ",2009,89,"PG-13","Rogue Pictures","Color","David S. Goyer","English","USA",2.35,1,178,230,408,4.8,10,1.6e+07,42638165,"tt1139668"
"Casino Royale ",2006,144,"PG-13","Sony","Black and White","Martin Campbell","English","UK",2.35,1,400,2301,2701,8,95,1.5e+08,167007184,"tt0381061"
"My Boss's Daughter ",2003,90,"PG-13","Miramax Films","Color","David Zucker","English","USA",1.85,2,56,123,179,4.6,8,1.4e+07,15549702,"tt0270980"
"Little Black Book ",2004,105,"PG-13","Sony Pictures","Color","Nick Hurran","English","USA",2.35,1,73,116,189,5.2,21,3.5e+07,20422207,"tt0361841"
"[Rec] ",2007,78,"R","Odeon Sky Filmworks","Color","Jaume Balagueró","Spanish","Spain",1.85,0,252,374,626,7.5,90,1500000,NA,"tt1038988"
"Death Race ",2008,111,"R","Universal Pictures","Color","Paul W.S. Anderson","English","USA",2.35,4,230,211,441,6.4,42,4.5e+07,36064910,"tt0452608"
"2:13 ",2009,96,NA,"Anthem Pictures","Color","Charles Adelman","English","USA",2.35,0,4,12,16,4.8,NA,3500000,NA,"tt1002561"
"The Terminator ",1984,107,"R","Orion Pictures Corporation","Color","James Cameron","English","UK",1.85,1,204,692,896,8.1,100,6500000,38400000,"tt0088247"
"The World Is Mine ",2015,104,NA,NA,"Color","Nicolae Constantin Tanase","Romanian","Romania",NA,1,5,1,6,6.5,NA,168000,NA,"tt4707756"
"Ta Ra Rum Pum ",2007,153,NA,"Yash Raj Films","Color","Siddharth Anand","Hindi","USA",NA,3,16,37,53,5.4,67,6e+06,872643,"tt0833553"
"The Stepford Wives ",2004,93,"PG-13","Paramount Pictures","Color","Frank Oz","English","USA",1.85,1,169,407,576,5.2,26,9e+07,59475623,"tt0327162"
"Beverly Hills Cop III ",1994,104,"R","Paramount Home Video","Color","John Landis","English","USA",1.85,1,36,114,150,5.5,10,5.5e+07,42610000,"tt0109254"
"Dancer, Texas Pop. 81 ",1998,97,"PG","Sony Pictures Entertainment","Color","Tim McCanlies","English","USA",1.85,0,15,63,78,6.8,80,NA,565592,"tt0118925"
"The Country Bears ",2002,88,"G","Buena Vista Distribution Compa","Color","Peter Hastings","English","USA",1.85,1,43,75,118,4,30,3.5e+07,16988996,"tt0276033"
"Goosebumps ",2015,103,"PG","Sony Pictures","Color","Rob Letterman","English","USA",2.35,4,218,154,372,6.4,76,5.8e+07,80021740,"tt1051904"
"Hamlet ",1996,150,"PG-13","Sony Pictures Classics","Color","Kenneth Branagh","English","UK",2.2,0,85,224,309,7.8,95,1.8e+07,4414535,"tt0116477"
"Priest ",2011,87,"PG-13","Screen Gems/SONY PICTURES","Color","Scott Stewart","English","USA",2.35,0,225,233,458,5.7,15,6e+07,29136626,"tt0822847"
"As Good as It Gets ",1997,139,"PG-13","TriStar Pictures","Color","James L. Brooks","English","USA",1.85,0,156,470,626,7.7,86,5e+07,147637474,"tt0119822"
"Metropolis ",1927,145,"Not Rated","Paramount Pictures","Black and White","Fritz Lang","German","Germany",1.33,1,260,413,673,8.3,99,6e+06,26435,"tt0017136"
"Year One ",2009,100,"PG-13","Sony Pictures","Color","Harold Ramis","English","USA",1.85,2,170,203,373,4.9,15,6e+07,43337279,"tt1045778"
"Foolish ",1999,84,"R","Lionsgate","Color","Dave Meyers","English","USA",NA,0,16,13,29,4.3,0,2e+06,6026908,"tt0166195"
"Tales from the Crypt: Demon Knight ",1995,92,"R","MCA Universal Home Video","Color","Ernest R. Dickerson","English","USA",1.85,1,66,104,170,6.7,35,1.3e+07,21088568,"tt0114608"
"Woman Thou Art Loosed ",2004,94,"R","Magnolia Pictures","Color","Michael Schultz","English","USA",NA,0,17,23,40,6.9,50,NA,6879730,"tt0399901"
"Dreaming of Joseph Lees ",1999,92,"R","Twentieth Century Fox Home Entertainment","Color","Eric Styles","English","USA",NA,0,16,18,34,6.4,36,2e+06,7680,"tt0144178"
"Daddy Day Camp ",2007,89,"PG","Sony Pictures","Color","Fred Savage","English","USA",1.85,2,52,32,84,2.9,1,6e+06,13235267,"tt0462244"
"Beverly Hills Cop II ",1987,100,"R","Paramount Pictures","Color","Tony Scott","English","USA",2.35,1,50,95,145,6.4,46,2.8e+07,153665036,"tt0092644"
"Employee of the Month ",2006,103,"PG-13","Lionsgate","Color","Greg Coolidge","English","USA",1.85,2,85,151,236,5.5,20,1.2e+07,28435406,"tt0424993"
"The Puffy Chair ",2005,85,"R",NA,"Color","Jay Duplass","English","USA",NA,0,51,71,122,6.6,NA,15000,192467,"tt0436689"
"Hot Rod ",2007,88,"PG-13","Paramount Pictures","Color","Akiva Schaffer","English","USA",2.35,5,111,149,260,6.7,40,NA,13920741,"tt0787475"
"Sex Drive ",2008,129,"R","Summit Entertainment","Color","Sean Anders","English","USA",1.85,1,102,103,205,6.5,45,1.9e+07,8396942,"tt1135985"
"Without Limits ",1998,117,"PG-13","Warner Bros. Pictures","Color","Robert Towne","English","USA",2.35,0,28,57,85,7.2,79,2.5e+07,777423,"tt0119934"
"Super ",2010,96,"R","IFC Midnight","Color","James Gunn","English","USA",1.85,0,238,203,441,6.8,49,2500000,322157,"tt1512235"
"The Lego Movie ",2014,100,"PG","Warner Bros. Pictures","Color","Phil Lord","English","Australia",2.35,0,435,471,906,7.8,96,6e+07,257756197,"tt1490017"
"All the King's Men ",2006,128,"PG-13",NA,"Black and White","Steven Zaillian","English","Germany",1.85,0,127,178,305,6.2,NA,5.5e+07,7221458,"tt0405676"
"The Beast from 20,000 Fathoms ",1953,80,"Approved","Warner Bros. Pictures","Black and White","Eugène Lourié","English","USA",1.37,0,67,88,155,6.7,94,210000,5e+06,"tt0045546"
"The Big Short ",2015,130,"R","Paramount Pictures","Color","Adam McKay","English","USA",2.35,4,426,374,800,7.8,88,2.8e+07,70235322,"tt1596363"
"Good Dick ",2008,86,"R","42 West","Color","Marianna Palka","English","USA",1.85,0,38,51,89,6.5,51,NA,15542,"tt0944101"
"The Young Messiah ",2016,111,"PG-13","Focus Features","Color","Cyrus Nowrasteh","English","USA",2.35,0,24,30,54,5.4,47,18500000,6462576,"tt1002563"
"Lone Star ",1996,135,"R","Sony Pictures Home Entertainment","Color","John Sayles","English","USA",2.35,2,68,173,241,7.6,93,5e+06,13269963,"tt0116905"
"Joy Ride ",2001,97,"R","20th Century Fox","Color","John Dahl","English","USA",2.35,2,140,339,479,6.6,73,2.3e+07,21973182,"tt0206314"
"Aliens in the Attic ",2009,86,"PG","20th Century Fox","Color","John Schultz","English","USA",1.85,3,82,55,137,5.4,31,4.5e+07,25200412,"tt0775552"
"Cursed ",2005,99,"PG-13",NA,"Color","Wes Craven","English","USA",2.35,0,158,325,483,5,NA,3.5e+07,19294901,"tt0257516"
"The Great Gatsby ",2013,143,"PG-13","Warner Bros. Pictures","Color","Baz Luhrmann","English","Australia",2.35,4,490,753,1243,7.3,48,1.05e+08,144812796,"tt1343092"
"Nine Queens ",2000,114,"R","Sony Pictures Classics","Color","Fabián Bielinsky","Spanish","Argentina",1.85,0,94,125,219,7.9,92,1500000,1221261,"tt0247586"
"Miracles from Heaven ",2016,109,"PG","Sony Pictures","Color","Patricia Riggen","English","USA",1.85,0,63,55,118,6.8,43,1.3e+07,61693523,"tt4257926"
"Waking Ned Devine ",1998,91,"PG","Twentieth Century Fox","Color","Kirk Jones","English","UK",2.35,0,94,213,307,7.4,83,3e+06,24788807,"tt0166396"
"One Direction: This Is Us ",2013,106,"PG","Sony Pictures","Color","Morgan Spurlock","English","USA",1.85,11,83,68,151,4.1,63,1e+07,28873374,"tt2515086"
"Jindabyne ",2006,118,"R","Sony Pictures Classics","Color","Ray Lawrence","English","Australia",2.35,2,75,115,190,6.4,65,1.5e+07,399879,"tt0382765"
"Black Swan ",2010,108,"R","Fox Searchlight","Color","Darren Aronofsky","English","USA",2.35,1,669,1140,1809,8,87,1.3e+07,106952327,"tt0947798"
"The Object of My Affection ",1998,111,"R","Twentieth Century Fox Home Entertainment","Color","Nicholas Hytner","English","USA",1.85,0,65,132,197,6,49,1.5e+07,29106737,"tt0120772"
"The Princess Diaries 2: Royal Engagement ",2004,113,"G","Walt Disney Pictures [us]","Color","Garry Marshall","English","USA",1.85,2,77,152,229,5.7,25,4e+07,95149435,"tt0368933"
"Purple Violets ",2007,103,NA,"Lucky Day Pictures","Color","Edward Burns","English","USA",1.85,5,6,19,25,6.6,NA,4e+06,NA,"tt0491109"
"The French Connection ",1971,104,"R","20th Century Fox","Color","William Friedkin","English","USA",1.85,0,138,280,418,7.8,98,1800000,NA,"tt0067116"
"My Fellow Americans ",1996,101,"PG-13","Warner Home Video","Color","Peter Segal","English","USA",1.85,3,27,71,98,6.5,47,21500000,22294341,"tt0117119"
"Abraham Lincoln: Vampire Hunter ",2012,105,"R","20th Century Fox","Color","Timur Bekmambetov","English","USA",2.35,0,393,348,741,5.9,35,6.9e+07,37516013,"tt1611224"
"The Adventures of Ford Fairlane ",1990,104,"R","Twentieth Century Fox","Color","Renny Harlin","English","USA",2.35,5,48,113,161,6.3,29,4e+07,21413502,"tt0098987"
"Pat Garrett & Billy the Kid ",1973,106,"R","MGM Home Entertainment","Color","Sam Peckinpah","English","USA",2.35,0,54,106,160,7.4,83,4638783,NA,"tt0070518"
"Come Early Morning ",2006,97,"R","IDP Distribution","Color","Joey Lauren Adams","English","USA",1.85,0,36,29,65,6.2,83,6e+06,117560,"tt0457308"
"WALL·E ",2008,98,"G","Walt Disney Pictures","Color","Andrew Stanton","English","USA",2.35,0,421,1043,1464,8.4,96,1.8e+08,223806889,"tt0910970"
"Meet Dave ",2008,90,"PG","20th Century Fox","Color","Brian Robbins","English","USA",1.85,1,127,109,236,4.9,20,6e+07,11802056,"tt0765476"
"Oliver! ",1968,153,"G","Sony Pictures Home Entertainment","Color","Carol Reed","English","UK",2.35,1,56,138,194,7.5,81,1e+07,16800000,"tt0063385"
"Money Train ",1995,105,"R","Sony Pictures Home Entertainment","Color","Joseph Ruben","English","USA",2.35,1,40,62,102,5.6,22,6.8e+07,35324232,"tt0113845"
"Latter Days ",2003,107,"R","TLA Releasing","Color","C. Jay Cox","English","USA",1.85,2,35,252,287,7.2,43,850000,819939,"tt0345551"
"Coal Miner's Daughter ",1980,124,"PG","MCA Universal Home Video","Color","Michael Apted","English","USA",1.85,0,46,84,130,7.5,100,NA,79900000,"tt0080549"
"The Dark Knight ",2008,152,"PG-13","Warner Bros. Pictures/Legendary","Color","Christopher Nolan","English","USA",2.35,0,645,4667,5312,9,94,1.85e+08,533316061,"tt0468569"
"Boys Don't Cry ",1999,118,"R","Twentieth Century Fox","Color","Kimberly Peirce","English","USA",1.85,0,123,434,557,7.6,88,2e+06,11533945,"tt0171804"
"BloodRayne ",2005,92,"R","Fantastic Films International","Color","Uwe Boll","English","USA",2.35,2,143,471,614,2.9,4,2.5e+07,1550000,"tt0383222"
"Beyond the Mat ",1999,108,"R","Lions Gate Films","Color","Barry W. Blaustein","English","USA",1.85,3,70,80,150,7.6,82,5e+05,2047570,"tt0218043"
"De-Lovely ",2004,125,"PG-13","United Artists","Black and White","Irwin Winkler","English","USA",2.35,7,119,226,345,6.6,48,2e+07,13337299,"tt0352277"
"Cypher ",2002,95,"R","Miramax","Color","Vincenzo Natali","English","USA",1.85,2,82,124,206,6.8,58,7500000,NA,"tt0284978"
"Secret in Their Eyes ",2015,111,"PG-13","STX Entertainment","Color","Billy Ray","English","USA",2.35,0,155,81,236,6.2,38,19500000,NA,"tt1741273"
"Me You and Five Bucks ",2015,93,NA,"Indican Pictures","Color","Jaime Zevallos","English","USA",NA,1,NA,NA,NA,7.6,NA,1500000,NA,"tt2265431"
"Catch That Kid ",2004,91,"PG","20th Century Fox","Color","Bart Freundlich","English","USA",1.85,0,54,49,103,5.2,12,1.8e+07,16702864,"tt0337917"
"How the Grinch Stole Christmas ",2000,110,"PG","Universal Pictures","Color","Ron Howard","English","USA",1.85,0,175,482,657,6,53,1.23e+08,260031035,"tt0170016"
"Alpha and Omega 4: The Legend of the Saw Toothed Cave ",2014,45,NA,"LionsGate Entertainment",NA,"Richard Rich",NA,"USA",NA,0,2,6,8,6,NA,7e+06,NA,"tt4061848"
"eXistenZ ",1999,115,"R","Miramax","Color","David Cronenberg","English","Canada",1.85,0,196,527,723,6.8,71,3.1e+07,2840417,"tt0120907"
"The Master of Disguise ",2002,80,"PG","Columbia Pictures","Color","Perry Andelin Blake","English","USA",1.85,2,56,307,363,3.3,1,1.6e+07,40363530,"tt0295427"
"Sexy Beast ",2000,89,"R","20th Century Fox","Color","Jonathan Glazer","English","UK",2.35,6,149,346,495,7.3,86,NA,6940281,"tt0203119"
"The Love Guru ",2008,87,"PG-13","Paramount Pictures","Color","Marco Schnabel","English","USA",2.35,6,150,250,400,3.8,14,6.2e+07,32178777,"tt0811138"
"Bangkok Dangerous ",2008,99,"R","Lionsgate","Color","Danny Pang","English","USA",1.85,1,125,154,279,5.4,9,4e+07,15279680,"tt0814022"
"Virgin Territory ",2007,97,"R",NA,"Color","David Leland","English","Italy",1.85,2,21,28,49,4.8,NA,3.8e+07,NA,"tt0437954"
"Glengarry Glen Ross ",1992,100,"R","Artisan Home Entertainment","Color","James Foley","English","USA",2.35,1,120,365,485,7.8,94,12500000,10725228,"tt0104348"
"Kama Sutra: A Tale of Love ",1996,109,"R","Trimark","Color","Mira Nair","English","USA",1.85,0,33,92,125,6,40,3e+06,4109095,"tt0116743"
"The Wizard of Oz ",1939,102,"Passed","Warner Bros. Pictures","Black and White","Victor Fleming","English","USA",1.37,3,213,533,746,8.1,99,2800000,22202612,"tt0032138"
"Bubba Ho-Tep ",2002,92,"R","Silver Sphere Corporation","Color","Don Coscarelli","English","USA",1.85,2,260,366,626,7.2,78,1e+06,NA,"tt0281686"
"Taken ",2008,93,"PG-13","20th Century Fox","Color","Pierre Morel","English","France",2.35,0,309,974,1283,7.9,58,2.5e+07,145000989,"tt0936501"
"The Gambler ",2014,111,"R","Paramount Pictures","Color","Rupert Wyatt","English","USA",2.35,1,175,145,320,6,46,2.5e+07,33631221,"tt2039393"
"The Imitation Game ",2014,114,"PG-13","The Weinstein Company","Color","Morten Tyldum","English","UK",2.35,1,454,608,1062,8.1,90,1.4e+07,91121452,"tt2084970"
"Micmacs ",2009,105,"R","Sony Pictures Classics","Color","Jean-Pierre Jeunet","French","France",2.35,4,213,71,284,7.2,74,2.7e+07,1260917,"tt1149361"
"Safe House ",2012,115,"R","Universal Pictures","Color","Daniel Espinosa","English","USA",2.35,1,298,276,574,6.8,53,8.5e+07,126149655,"tt1599348"
"Seven Pounds ",2008,123,"PG-13","Sony Pictures","Color","Gabriele Muccino","English","USA",2.35,1,202,599,801,7.7,27,5.5e+07,69951824,"tt0814314"
"Beyond the Black Rainbow ",2010,110,"R","Magnolia Pictures","Color","Panos Cosmatos","English","Canada",2.35,1,97,82,179,6.1,50,1100000,56129,"tt1534085"
"Snow White: A Deadly Summer ",2012,83,"PG-13","Barnholtz Entertainment","Color","David DeCoteau","English","USA",1.78,1,7,14,21,2.2,NA,1e+06,NA,"tt2149137"
"The Children of Huang Shi ",2008,125,"R","Sony Pictures Classics","Color","Roger Spottiswoode","English","Australia",2.35,4,67,33,100,7.1,30,4e+07,1027749,"tt0889588"
"Nicholas Nickleby ",2002,132,"PG","United Artists","Color","Douglas McGrath","English","UK",2.35,1,80,103,183,7.2,77,1e+07,1309849,"tt0309912"
"Trekkies ",1997,86,"PG","Paramount Pictures","Color","Roger Nygard","English","USA",NA,1,43,75,118,7,86,375000,617172,"tt0120370"
"Adulterers ",2015,91,NA,NA,"Color","H.M. Coakley","English","USA",2.35,3,8,1,9,4.9,NA,750000,NA,"tt4044464"
"Mad Max: Fury Road ",2015,120,"R","Warner Bros.","Color","George Miller","English","Australia",2.35,0,739,1588,2327,8.1,97,1.5e+08,153629485,"tt1392190"
"Six Days Seven Nights ",1998,98,"PG-13","Disney","Color","Ivan Reitman","English","USA",2.35,2,97,164,261,5.7,36,7e+07,74329966,"tt0120828"
"The Fast and the Furious ",2001,106,"PG-13","Universal Pictures","Color","Rob Cohen","English","USA",2.35,2,187,988,1175,6.7,53,3.8e+07,144512310,"tt0232500"
"Fortress ",1992,95,"R","Dimension Films","Color","Stuart Gordon","English","Australia",1.85,0,58,68,126,5.9,40,8e+06,6739141,"tt0106950"
"Stripes ",1981,117,"R","Columbia Pictures","Color","Ivan Reitman","English","USA",1.85,1,52,134,186,6.9,86,1e+07,85300000,"tt0083131"
"Jurassic Park III ",2001,92,"PG-13","Universal Pictures","Color","Joe Johnston","English","USA",1.85,0,198,1236,1434,5.9,50,9.3e+07,181166115,"tt0163025"
"Chariots of Fire ",1981,125,"PG","20th Century Fox","Color","Hugh Hudson","English","UK",1.85,0,90,213,303,7.2,83,5500000,58800000,"tt0082158"
"Spider ",2002,98,"R","Sony Pictures Classics","Color","David Cronenberg","English","Canada",1.78,0,157,213,370,6.8,85,8e+06,1641788,"tt0278731"
"The Contender ",2000,126,"R","Dreamworks Distribution","Color","Rod Lurie","English","USA",1.85,0,136,370,506,7,76,2e+07,17804273,"tt0208874"
"Lady in the Water ",2006,110,"PG-13","Warner Bros. Pictures","Color","M. Night Shyamalan","English","USA",1.85,1,284,1040,1324,5.6,24,7e+07,42272747,"tt0452637"
"White Fang ",1991,107,"PG","Buena Vista Pictures","Color","Randal Kleiser","English","USA",1.85,1,10,31,41,6.7,63,1.4e+07,34793160,"tt0103247"
"Garden State ",2004,102,"R","Fox Searchlight","Color","Zach Braff","English","USA",2.35,3,205,978,1183,7.6,86,2500000,26781723,"tt0333766"
"The Witch ",2015,92,"R","A24 Films","Color","Robert Eggers","English","USA",1.66,0,425,452,877,6.8,91,3500000,25138292,"tt4263482"
"Legends of the Fall ",1994,133,"R",NA,"Color","Edward Zwick","English","USA",1.85,2,57,329,386,7.5,NA,3e+07,66528842,"tt0110322"
"8MM ",1999,123,"R","Columbia Pictures","Color","Joel Schumacher","English","Germany",2.35,1,138,587,725,6.5,22,4e+07,36283504,"tt0134273"
"Three Burials ",2005,107,"R","Sony Pictures Classics","Color","Tommy Lee Jones","English","France",2.35,2,172,199,371,7.5,85,1.5e+07,5023275,"tt0419294"
"Kiss the Bride ",2007,100,"R","Regent Releasing","Color","C. Jay Cox","English","USA",1.85,3,9,10,19,5.7,29,5e+05,31937,"tt0893346"
"The Railway Man ",2013,116,"R","The Weinstein Company","Color","Jonathan Teplitzky","English","Australia",2.35,2,186,119,305,7.1,66,1.8e+07,4435083,"tt2058107"
"Fast Times at Ridgemont High ",1982,90,"X","Universal Pictures","Color","Amy Heckerling","English","USA",1.85,1,118,228,346,7.2,78,4500000,NA,"tt0083929"
"Martian Child ",2007,106,"PG","New Line Cinema","Color","Menno Meyjes","English","USA",1.85,0,118,71,189,6.8,33,2.7e+07,7486906,"tt0415965"
"Get on Up ",2014,139,"PG-13","Universal Pictures","Color","Tate Taylor","English","USA",1.85,0,165,104,269,6.9,80,3e+07,30513940,"tt2473602"
"An Everlasting Piece ",2000,103,"R","Dreamworks Distribution LLC","Color","Barry Levinson","English","USA",1.85,4,34,26,60,6.3,48,1.4e+07,75078,"tt0218182"
"The Inkwell ",1994,110,"R","Buena Vista","Color","Matty Rich","English","USA",1.85,0,7,11,18,6.5,25,NA,8880705,"tt0110137"
"Morning Glory ",2010,107,"PG-13","Paramount Studios","Color","Roger Michell","English","USA",2.35,0,212,156,368,6.5,56,4e+07,30993544,"tt1126618"
"10 Cloverfield Lane ",2016,104,"PG-13","Bad Robot Productions","Color","Dan Trachtenberg","English","USA",2.35,0,411,440,851,7.3,90,1.5e+07,71897215,"tt1179933"
"Hero ",2002,80,"PG-13",NA,"Black and White","Yimou Zhang","Mandarin","China",2.35,4,283,841,1124,7.9,NA,3.1e+07,84961,"tt0299977"
"The Smurfs 2 ",2013,105,"PG","Sony Pictures","Color","Raja Gosnell","English","USA",1.85,3,125,59,184,5.4,13,1.05e+08,71017784,"tt2017020"
"28 Days ",2000,103,"PG-13","Columbia Pictures","Color","Betty Thomas","English","USA",1.37,1,116,194,310,6,31,4.3e+07,37035515,"tt0191754"
"I Am Sam ",2001,132,"PG-13","New Line Cinema","Color","Jessie Nelson","English","USA",1.85,0,129,431,560,7.6,34,2.2e+07,40270895,"tt0277027"
"Cloudy with a Chance of Meatballs 2 ",2013,95,"PG","Sony Pictures","Color","Cody Cameron","English","USA",2.35,0,169,85,254,6.5,70,7.8e+07,119793567,"tt1985966"
"Tangled ",2010,100,"PG","Walt Disney Pictures","Color","Nathan Greno","English","USA",1.85,1,324,387,711,7.8,89,2.6e+08,200807262,"tt0398286"
"Mo' Better Blues ",1990,129,"R","MCA Universal Home Video","Color","Spike Lee","English","USA",1.85,1,23,30,53,6.5,73,1e+07,16153600,"tt0100168"
"The 5th Quarter ",2010,90,"PG","Rocky Mountain Pictures","Color","Rick Bieber","English","USA",1.85,2,16,29,45,5.7,50,6e+06,399611,"tt1130964"
"Warm Bodies ",2013,98,"PG-13","Lionsgate Films","Color","Jonathan Levine","English","USA",2.35,0,452,326,778,6.9,80,3.5e+07,66359959,"tt1588173"
"Grace of Monaco ",2014,103,NA,"The Weinstein Company","Color","Olivier Dahan","English","Switzerland",2.35,3,132,62,194,5.7,11,3e+07,NA,"tt2095649"
"Horrible Bosses ",2011,106,"R","Warner Bros. Pictures","Color","Seth Gordon","English","USA",2.35,5,340,387,727,6.9,68,3.5e+07,117528646,"tt1499658"
"Armored ",2009,88,"PG-13","Sony/Screen Gems","Color","Nimród Antal","English","USA",2.35,6,107,110,217,5.7,40,2.7e+07,15988876,"tt0913354"
"The Spy Next Door ",2010,94,"PG","Lionsgate","Color","Brian Levant","English","USA",1.85,4,97,71,168,5.4,12,2.8e+07,24268828,"tt1273678"
"Star Wars: Episode II - Attack of the Clones ",2002,142,"PG","20th Century Fox","Color","George Lucas","English","USA",1.78,3,284,3516,3800,6.7,65,1.15e+08,310675583,"tt0121765"
"The Last Godfather ",2010,100,"PG-13","Roadside Attractions","Color","Hyung-rae Shim","English","South Korea",1.78,5,4,17,21,3.6,NA,13400000,163591,"tt1584131"
"Run, Hide, Die ",2012,75,NA,"Faith vs. Fate Productions","Color","Collin Joseph Neal","English","USA",2.35,0,7,5,12,3.7,NA,50000,NA,"tt2442662"
"Dream House ",2011,84,"PG-13","Universal Pictures","Color","Jim Sheridan","English","USA",2.35,0,174,137,311,6,6,5.5e+07,21283440,"tt1462041"
"People I Know ",2002,100,"R","Miramax Films","Color","Daniel Algrant","English","USA",1.85,3,42,81,123,5.5,42,2.2e+07,121972,"tt0274711"
"Space Cowboys ",2000,130,"PG-13","Warner Bros. Pictures","Black and White","Clint Eastwood","English","USA",2.35,1,169,326,495,6.4,78,6.5e+07,90454043,"tt0186566"
"The Exorcist ",1973,132,"R","Warner Bros. Pictures","Color","William Friedkin","English","USA",1.37,0,304,1058,1362,8,86,8e+06,204565000,"tt0070047"
"Man of Steel ",2013,143,"PG-13","Warner Bros. Pictures","Color","Zack Snyder","English","USA",2.35,0,733,2536,3269,7.2,55,2.25e+08,291021565,"tt0770828"
"The Sweeney ",2012,112,"R","Entertianment One Films","Color","Nick Love","English","UK",2.35,4,111,99,210,6.1,46,3e+06,26345,"tt0857190"
"Playing for Keeps ",2012,105,"PG-13","FilmDistrict","Color","Gabriele Muccino","English","USA",2.35,5,135,50,185,5.7,3,3.5e+07,13101142,"tt1540128"
"The Iron Lady ",2011,105,"PG-13","The Weinstein Co.","Color","Phyllida Lloyd","English","UK",2.35,1,331,350,681,6.4,51,1.3e+07,29959436,"tt1007029"
"Walking and Talking ",1996,86,"R","Miramax","Color","Nicole Holofcener","English","UK",1.85,2,18,32,50,6.8,86,1e+06,1277257,"tt0118113"
"The X Files ",1998,121,"PG-13","Twentieth Century Fox Home Entertainment","Color","Rob Bowman","English","USA",2.35,0,142,297,439,7,64,6.6e+07,83892374,"tt0120902"
"Angela's Ashes ",1999,145,"R","Paramount Pictures","Color","Alan Parker","English","USA",1.85,1,99,163,262,7.3,52,2.5e+07,13038660,"tt0145653"
"Double Impact ",1991,110,"R","Sony Pictures Home Entertainment","Color","Sheldon Lettich","English","USA",1.85,2,40,72,112,5.5,14,1.5e+07,30102717,"tt0101764"
"Luminarias ",2000,100,"R","MTI Home Video","Color","José Luis Valenzuela","English","USA",NA,1,13,32,45,3.6,67,1e+06,428535,"tt0160498"
"An Ideal Husband ",1999,97,"PG-13","Miramax Films","Color","Oliver Parker","English","UK",1.85,3,105,132,237,6.9,85,1.4e+07,18535191,"tt0122541"
"King's Ransom ",2005,95,"PG-13","WARNER BROTHERS PICTURES","Color","Jeffrey W. Byrd","English","USA",1.85,7,23,20,43,4.1,2,1.5e+07,4006906,"tt0388183"
"Silmido ",2003,135,NA,"Cinema Service","Color","Woo-Suk Kang","Korean","South Korea",2.35,0,15,17,32,7.2,NA,8e+06,NA,"tt0387596"
"Teacher's Pet ",2004,74,"PG","Buena Vista Pictures","Color","Timothy Björklund","English","USA",1.85,0,33,26,59,5.8,76,1e+07,6491350,"tt0350194"
"Misconduct ",2016,106,"R","Mike and Marty Productions","Color","Shintaro Shimosawa","English","USA",2.35,3,38,50,88,5.3,7,1.1e+07,NA,"tt3658772"
"Dumb and Dumber To ",2014,109,"PG-13","Universal Pictures","Color","Bobby Farrelly","English","USA",1.85,1,218,285,503,5.7,29,3.5e+07,86208010,"tt2096672"
"Good Will Hunting ",1997,126,"R","Miramax Films","Color","Gus Van Sant","English","USA",1.85,2,161,682,843,8.3,97,1e+07,138339411,"tt0119217"
"My Dog Tulip ",2009,83,NA,"New Yorker Films","Color","Paul Fierlinger","English","USA",1.85,0,51,15,66,6.9,90,NA,246574,"tt0843358"
"East Is East ",1999,96,"R","Miramax Films","Color","Damien O'Donnell","English","UK",1.85,0,82,161,243,6.9,78,1900000,4170647,"tt0166175"
"Parker ",2013,118,"R","FilmDistrict","Color","Taylor Hackford","English","USA",2.35,0,224,141,365,6.2,41,3.5e+07,17609982,"tt1904996"
"Transformers: Revenge of the Fallen ",2009,150,"PG-13","Paramount/Dreamworks","Color","Michael Bay","English","USA",2.35,0,366,1439,1805,6,19,2e+08,402076689,"tt1055369"
"The Sting ",1973,129,"PG","Universal Pictures","Color","George Roy Hill","English","USA",1.85,0,119,252,371,8.3,93,5500000,159600000,"tt0070735"
"The Ten ",2007,96,"R","ThinkFilm","Color","David Wain","English","USA",1.85,4,65,117,182,5,37,5250000,766487,"tt0811106"
"A Beautiful Mind ",2001,135,"PG-13","Universal Pictures","Color","Ron Howard","English","USA",1.85,0,205,1171,1376,8.2,75,5.8e+07,170708996,"tt0268978"
"The Social Network ",2010,120,"PG-13","Columbia Pictures","Color","David Fincher","English","USA",2.35,0,556,696,1252,7.7,96,4e+07,96917897,"tt1285016"
"Pushing Tin ",1999,124,"R","Twentieth Century Fox Home Entertainment","Color","Mike Newell","English","USA",2.35,3,56,175,231,6,48,3.8e+07,8406264,"tt0120797"
"Compliance ",2012,90,"R","Magnolia Pictures","Color","Craig Zobel","English","USA",2.35,0,286,175,461,6.4,89,270000,318622,"tt1971352"
"The Tempest ",2010,110,"PG-13","Touchstone Pictures/Miramax Films","Color","Julie Taymor","English","USA",2.35,2,92,36,128,5.4,30,2e+07,263365,"tt1274300"
"Pitch Perfect ",2012,112,"PG-13","Universal Studios","Color","Jason Moore","English","USA",1.85,4,223,250,473,7.2,80,1.7e+07,64998368,"tt1981677"
"Quantum of Solace ",2008,106,"PG-13","Sony/MGM","Color","Marc Forster","English","UK",2.35,1,403,1243,1646,6.7,65,2e+08,168368427,"tt0830515"
"Stone Cold ",1991,88,"R","Sony Pictures Home Entertainment","Color","Craig R. Baxley","English","USA",1.85,1,27,62,89,5.9,29,1.7e+07,9286314,"tt0102984"
"Irreplaceable ",2016,102,NA,NA,"Color","Thomas Lilti","French","France",NA,2,18,1,19,7.2,NA,NA,NA,"tt5078326"
"Behind Enemy Lines ",2001,106,"PG-13","20th Century Fox","Color","John Moore","English","USA",2.35,2,131,411,542,6.4,37,4e+07,59068786,"tt0159273"
"Burn After Reading ",2008,96,"R","Focus Features","Color","Ethan Coen","English","USA",1.85,0,341,545,886,7,78,3.7e+07,60338891,"tt0887883"
"My Girl ",1991,102,"PG-13","Sony Pictures Home Entertainment","Color","Howard Zieff","English","USA",1.85,1,31,115,146,6.8,50,16500000,59847242,"tt0102492"
"Auto Focus ",2002,105,"R","Sony Pictures Classics","Color","Paul Schrader","English","USA",1.85,3,97,147,244,6.6,72,7e+06,2062066,"tt0298744"
"The Kite Runner ",2007,128,"PG-13","Paramount Vantage","Color","Marc Forster","Dari","USA",2.35,0,201,230,431,7.6,66,2e+07,15797907,"tt0419887"
"Bang ",1995,98,NA,"Renegade Film","Color","Ash Baron-Cohen","English","USA",NA,1,10,14,24,6.4,NA,NA,NA,"tt0109266"
"Men in Black 3 ",2012,106,"PG-13","Sony Pictures","Color","Barry Sonnenfeld","English","USA",1.85,1,451,341,792,6.8,68,2.25e+08,179020854,"tt1409024"
"Proud ",2004,87,"PG","THEntertainment","Color","Mary Pat Kelly","English","USA",NA,2,2,22,24,5.8,NA,1e+06,NA,"tt0393616"
"Big Eyes ",2014,106,"PG-13","The Weinstein Company","Color","Tim Burton","English","USA",1.85,3,325,147,472,7,72,1e+07,14479776,"tt1126590"
"Flashdance ",1983,95,"R","Paramount Home Video","Color","Adrian Lyne","English","USA",1.85,0,51,128,179,6.1,33,4e+06,94900000,"tt0085549"
"Monte Carlo ",2011,109,"PG","20th Century Fox","Color","Thomas Bezucha","English","Hungary",1.85,3,94,44,138,5.8,38,2e+07,23179303,"tt1067774"
"Crocodile Dundee II ",1988,108,"PG","Paramount","Color","John Cornell","English","Australia",2.35,1,32,62,94,5.5,11,15800000,109306210,"tt0092493"
"A Shine of Rainbows ",2009,101,"PG","Freestyle Releasing","Color","Vic Sarin","English","Canada",2.35,2,37,19,56,7.2,44,6e+06,NA,"tt1014774"
"Wonderland ",2003,104,"R","Lions Gate Releasing","Color","James Cox","English","USA",1.85,0,91,153,244,6.6,34,5e+06,1056102,"tt0335563"
"Eye of the Beholder ",1999,109,"R","Desintation Film Dist. Corp.","Color","Stephan Elliott","English","Canada",2.35,1,88,415,503,4.9,9,1.5e+07,16459004,"tt0120662"
"Mooz-Lum ",2010,94,"PG-13","Independent Pictures","Color","Qasim Basir","English","USA",NA,1,8,14,22,6.7,78,NA,NA,"tt1450328"
"Undiscovered ",2005,97,"PG-13","Lions Gate Films","Color","Meiert Avis","English","Germany",2.35,4,41,45,86,4.2,8,9e+06,1046166,"tt0434424"
"King Kong ",2005,201,"PG-13","Universal Pictures","Color","Peter Jackson","English","New Zealand",2.35,0,446,2618,3064,7.2,84,2.07e+08,218051260,"tt0360717"
"Enemy of the State ",1998,140,"R","Buena Vista Pictures","Color","Tony Scott","English","USA",2.35,4,81,415,496,7.3,71,9e+07,111544445,"tt0120660"
"Antitrust ",2001,109,"PG-13","MGM/UA","Color","Peter Howitt","English","USA",2.35,2,123,221,344,6.1,24,3e+07,10965209,"tt0218817"
"Q ",2011,103,NA,NA,"Color","Laurent Bouhnik","French","France",1.78,1,9,16,25,5.6,NA,1500000,NA,"tt1879030"
"90 Minutes in Heaven ",2015,121,"PG-13","Samuel Goldwyn Films","Color","Michael Polish","English","USA",2.35,0,12,29,41,4.6,24,5e+06,4700361,"tt4337690"
"Duets ",2000,112,"R","Hollywood Pictures","Color","Bruce Paltrow","English","USA",1.85,0,65,123,188,6,20,1.5e+07,4734235,"tt0134630"
"20,000 Leagues Under the Sea ",1954,127,"Approved","Disney","Color","Richard Fleischer","English","USA",1.37,0,69,108,177,7.2,89,5e+06,NA,"tt0046672"
"The Legend of Hercules ",2014,99,"PG-13","Lionsgate Films","Color","Renny Harlin","English","USA",2.35,0,156,202,358,4.2,3,7e+07,18821279,"tt1043726"
"Clockstoppers ",2002,94,"PG","Paramount Pictures","Color","Jonathan Frakes","English","USA",1.85,0,69,94,163,5.2,29,2.6e+07,36985501,"tt0157472"
"El Mariachi ",1992,81,"R","Sony Pictures Home Entertainment","Color","Robert Rodriguez","Spanish","USA",1.37,0,56,130,186,6.9,93,7000,2040920,"tt0104815"
"Killer Elite ",2011,116,"R","Open Road Films","Color","Gary McKendry","English","UK",2.35,2,189,157,346,6.5,25,3.5e+07,25093607,"tt1448755"
"Alice in Wonderland ",2010,108,"PG","Walt Disney Pictures","Color","Tim Burton","English","USA",1.85,0,451,736,1187,6.5,52,2e+08,334185206,"tt1014759"
"The Thirteenth Floor ",1999,100,"R","Sony Pictures Home Entertainment","Color","Josef Rusnak","English","Germany",2.35,0,111,302,413,7,29,1.6e+07,15500000,"tt0139809"
"Herbie Fully Loaded ",2005,101,"G","Buena Vista","Color","Angela Robinson","English","USA",1.85,1,117,168,285,4.7,41,5e+07,66002004,"tt0400497"
"Woodstock ",1970,215,"R","WARNER BROTHERS PICTURES","Color","Michael Wadleigh","English","USA",2.2,0,53,63,116,8.1,100,6e+05,13300000,"tt0066580"
"The Man from U.N.C.L.E. ",2015,116,"PG-13","Warner Bros. Pictures","Color","Guy Ritchie","English","USA",2.35,2,362,360,722,7.3,67,7.5e+07,45434443,"tt1638355"
"Fury ",2014,134,"R","Sony Pictures","Color","David Ayer","English","USA",2.35,4,406,701,1107,7.6,77,6.8e+07,85707116,"tt2713180"
"Jesus' Son ",1999,107,"R","Lions Gate Films","Color","Alison Maclean","English","USA",2.35,1,74,87,161,7,81,2500000,1282084,"tt0186253"
"Space Dogs ",2010,85,"G","Centre of National Film","Color","Inna Evlannikova","Russian","Russia",NA,0,16,8,24,5.2,NA,2.5e+07,NA,"tt1272051"
"Son of God ",2014,170,"PG-13","20th Century Fox","Color","Christopher Spencer","English","USA",2.35,1,61,174,235,5.6,21,2.2e+07,59696176,"tt3210686"
"Teenage Mutant Ninja Turtles ",2014,101,"PG-13","Paramount Pictures","Color","Jonathan Liebesman","English","USA",2.35,0,348,491,839,5.9,22,1.25e+08,190871240,"tt1291150"
"Kites ",2010,90,NA,"Reliance Big Pictures","Color","Anurag Basu","English","India",NA,0,41,106,147,6,80,6e+08,1602466,"tt1198101"
"Fiza ",2000,167,NA,NA,"Black and White","Khalid Mohamed","Hindi","India",2.35,3,1,19,20,6.2,NA,1e+06,610991,"tt0248012"
"1911 ",2011,121,"R","Variance Films","Color","Li Zhang","Mandarin","China",2.35,0,63,27,90,6,8,1.8e+07,127437,"tt1772230"
"Oliver Twist ",2005,130,"PG-13",NA,"Color","Roman Polanski","English","UK",2.35,0,127,138,265,6.9,NA,5e+07,1987287,"tt0380599"
"1982 ",2013,90,"R","LionsGate Entertainment","Color","Tommy Oliver","English","USA",NA,4,6,3,9,7.1,67,1e+06,NA,"tt2388621"
"Forrest Gump ",1994,142,"PG-13","Paramount Pictures","Black and White","Robert Zemeckis","English","USA",2.35,0,149,1398,1547,8.8,72,5.5e+07,329691196,"tt0109830"
"Meteor ",1979,108,"PG","American International Pictures","Color","Ronald Neame","English","USA",2.35,7,42,90,132,4.9,5,1.6e+07,NA,"tt0079550"
"I Think I Love My Wife ",2007,94,"R",NA,"Color","Chris Rock","English","USA",1.85,3,97,55,152,5.5,NA,NA,12550242,"tt0770772"
"Hook ",1991,142,"PG","TriStar Pictures","Color","Steven Spielberg","English","USA",2.35,1,75,363,438,6.7,30,7e+07,119654900,"tt0102057"
"9½ Weeks ",1986,112,"R","MGM Home Entertainment","Color","Adrian Lyne","English","USA",1.85,0,38,118,156,5.9,64,1.7e+07,6734844,"tt0091635"
"Tusk ",2014,102,"R","A24 Films","Color","Kevin Smith","English","USA",2.35,0,254,261,515,5.4,41,3e+06,1821983,"tt3099498"
"Another Earth ",2011,92,"PG-13","Fox Searchlight","Color","Mike Cahill","English","USA",1.85,1,242,228,470,7,64,1e+05,1316074,"tt1549572"
"Pandaemonium ",2000,124,"PG-13","USA Films","Color","Julien Temple","English","UK",NA,1,22,32,54,6.6,58,1.5e+07,NA,"tt0210217"
"A Very Harold & Kumar 3D Christmas ",2011,90,"R","Warner Bros. Pictures","Color","Todd Strauss-Schulson","English","USA",2.35,4,161,93,254,6.3,68,1.9e+07,35033759,"tt1268799"
"The Night Visitor ",1971,106,"GP","VCI Entertainment","Color","Laslo Benedek","English","USA",NA,1,14,19,33,6.8,17,NA,NA,"tt0066141"
"High Tension ",2003,89,"Unrated","Lions Gate Films","Color","Alexandre Aja","French","France",2.35,1,251,539,790,6.8,40,2200000,3645438,"tt0338095"
"Gun Shy ",2000,101,"R","Hollywood Pictures","Color","Eric Blakeney","English","USA",1.85,0,49,91,140,5.7,24,1e+07,1631839,"tt0171356"
"Nebraska ",2013,115,"R","Paramount Pictures","Black and White","Alexander Payne","English","USA",2.35,0,433,274,707,7.8,91,1.2e+07,17613460,"tt1821549"
"Listening ",2014,100,NA,"Young Medium","Color","Khalil Sullins","English","Cambodia",2.35,0,17,13,30,5.6,18,NA,NA,"tt3153582"
"Flags of Our Fathers ",2006,135,"R","Paramount","Color","Clint Eastwood","English","USA",2.35,0,279,415,694,7.1,73,9e+07,33574332,"tt0418689"
"Only God Forgives ",2013,90,"R","Radius-TWC","Color","Nicolas Winding Refn","English","Denmark",1.85,1,440,475,915,5.7,41,4800000,778565,"tt1602613"
"Machine Gun McCain ",1969,96,"GP","Columbia","Color","Giuliano Montaldo","English","Italy",2.35,0,28,12,40,6.2,NA,NA,NA,"tt0065895"
"Ghost World ",2001,111,"R","United Artists","Color","Terry Zwigoff","English","USA",1.85,0,122,488,610,7.4,92,7e+06,6200756,"tt0162346"
"Julija in alfa Romeo ",2015,83,NA,NA,"Color","Blaz Zavrsnik","Slovenian","Slovenia",2.35,6,2,2,4,6.4,NA,5e+05,NA,"tt4374230"
"Blood In, Blood Out ",1993,330,"R","Buena Vista Pictures","Color","Taylor Hackford","English","USA",1.66,2,12,129,141,8,55,3.5e+07,4496583,"tt0106469"
"The Art of War ",2000,116,"R","Warner Bros. Pictures","Color","Christian Duguay","English","USA",2.35,0,110,167,277,5.7,16,4e+07,30199105,"tt0160009"
"A Few Good Men ",1992,138,"R","Columbia Pictures","Color","Rob Reiner","English","USA",2.35,0,81,319,400,7.6,81,4e+07,141340178,"tt0104257"
"A Lot Like Love ",2005,107,"PG-13","Touchstone Pictures","Color","Nigel Cole","English","USA",1.85,3,112,161,273,6.6,41,3e+07,21835784,"tt0391304"
"Self/less ",2015,117,"PG-13","Focus Features","Color","Tarsem Singh","English","USA",2.35,0,178,126,304,6.5,19,2.6e+07,12276810,"tt2140379"
"The Shining ",1980,146,"R","Warner Bros. Pictures","Color","Stanley Kubrick","English","USA",1.37,0,253,1320,1573,8.4,87,1.9e+07,NA,"tt0081505"
"Damsels in Distress ",2011,99,"PG-13","Sony Pictures Classics","Color","Whit Stillman","English","USA",1.85,5,152,54,206,5.7,75,NA,1007535,"tt1667307"
"Star Trek IV: The Voyage Home ",1986,119,"PG","Paramount Pictures","Color","Leonard Nimoy","English","USA",2.35,5,106,219,325,7.3,85,2.5e+07,109713132,"tt0092007"
"Hustle & Flow ",2005,116,"R","MTV Films","Color","Craig Brewer","English","USA",1.85,1,159,206,365,7.4,82,8e+06,22201636,"tt0410097"
"March or Die ",1977,107,"PG","Columbia Pictures","Color","Dick Richards","English","UK",1.85,1,6,26,32,6.3,NA,9e+06,1e+06,"tt0076175"
"George Washington ",2000,90,"Unrated","Code Red","Color","David Gordon Green","English","USA",2.35,0,75,76,151,7.5,84,42000,241816,"tt0262432"
"Life or Something Like It ",2002,103,"PG-13","20th Century Fox","Color","Stephen Herek","English","USA",2.35,2,86,128,214,5.8,28,4e+07,14448589,"tt0282687"
"Patton ",1970,172,"GP","Twentieth Century Fox Home Entertainment","Color","Franklin J. Schaffner","English","USA",2.2,0,112,258,370,8,95,1.2e+07,NA,"tt0066206"
"DysFunktional Family ",2003,89,"R","Miramax Films","Color","George Gallo","English","USA",1.85,1,23,14,37,6.6,43,3e+06,2223990,"tt0337996"
"Pieces of April ",2003,80,"PG-13","United Artists","Color","Peter Hedges","English","USA",1.85,3,131,177,308,7.1,84,3e+05,2360184,"tt0311648"
"The Wild Thornberrys Movie ",2002,85,"PG","Paramount Pictures","Color","Cathy Malkasian","English","USA",2.35,0,38,33,71,5.2,80,2.5e+07,39880476,"tt0282120"
"It's a Wonderful Afterlife ",2010,100,"PG-13","UTV Communications","Color","Gurinder Chadha","English","UK",2.35,1,31,16,47,5.4,33,1e+07,NA,"tt1319716"
"San Andreas ",2015,114,"PG-13","Warner Bros.","Color","Brad Peyton","English","USA",2.35,0,358,499,857,6.1,48,1.1e+08,155181732,"tt2126355"
"Legion ",2010,100,"R","Screen Gems","Color","Scott Stewart","English","USA",2.35,0,226,315,541,5.2,19,2.6e+07,40168080,"tt1038686"
"Troop Beverly Hills ",1989,105,"PG","Weintraub Entertainment Group","Color","Jeff Kanew","English","USA",1.37,1,11,35,46,5.5,8,1.8e+07,8508843,"tt0098519"
"Woo ",1998,84,"R","New Line Home Entertainment","Color","Daisy von Scherler Mayer","English","USA",NA,0,23,20,43,3.8,10,1.3e+07,8026971,"tt0120531"
"Don Jon ",2013,90,"R","Relativity Media","Color","Joseph Gordon-Levitt","English","USA",2.35,1,364,314,678,6.6,81,3e+06,24475193,"tt2229499"
"Hudson Hawk ",1991,100,"R","TriStar Pictures","Color","Michael Lehmann","English","USA",1.85,0,60,249,309,5.7,26,7e+07,17218080,"tt0102070"
"End of the Spear ",2005,108,"PG-13","Every Tribe Entertainment","Color","Jim Hanon","English","USA",2.35,3,47,148,195,7,40,1e+07,11703287,"tt0399862"
"Dreamcatcher ",2003,136,"R","Warner Bros. Pictures","Color","Lawrence Kasdan","English","USA",2.35,1,175,662,837,5.5,30,6.8e+07,33685268,"tt0285531"
"Masked and Anonymous ",2003,112,"PG-13","Sony Pictures Classics","Color","Larry Charles","English","USA",1.85,0,51,95,146,5.5,24,NA,533344,"tt0319829"
"Little Boy ",2015,106,"PG-13","Open Road Films","Color","Alejandro Monteverde","English","Mexico",2.35,0,45,122,167,7.4,22,2e+07,6420319,"tt1810683"
"Austin Powers in Goldmember ",2002,94,"PG-13","New Line Cinema","Color","Jay Roach","English","USA",2.35,2,194,795,989,6.2,54,6.3e+07,213079163,"tt0295178"
"The Birth of a Nation ",2016,120,"R","Fox Searchlight Pictures","Color","Nate Parker","English","USA",2.35,1,21,8,29,5.4,72,1e+07,NA,"tt4196450"
"The Guard ",2011,96,"R","Sony Pictures Classics","Color","John Michael McDonagh","English","Ireland",2.35,0,261,131,392,7.3,94,6e+06,5359774,"tt1540133"
"Flirting with Disaster ",1996,92,"R","Miramax Films","Color","David O. Russell","English","USA",1.85,3,50,105,155,6.8,87,7e+06,14891000,"tt0116324"
"Rush Hour 3 ",2007,91,"PG-13","New Line Cinema","Color","Brett Ratner","English","USA",2.35,2,162,221,383,6.2,18,1.4e+08,140080850,"tt0293564"
"Impostor ",2001,102,"R","Dimension Films","Color","Gary Fleder","English","USA",1.85,4,83,207,290,6.2,22,4e+07,6114237,"tt0160399"
"Halloween ",1978,101,"R","Compass International Pictures","Color","John Carpenter","English","USA",2.35,0,318,1191,1509,7.9,93,3e+05,4.7e+07,"tt0077651"
"ZMD: Zombies of Mass Destruction ",2009,89,"R","Typecast Pictures","Color","Kevin Hamedani","English","USA",1.85,0,64,39,103,5.1,60,5e+05,NA,"tt1134674"
"Blade: Trinity ",2004,122,"R","New Line Cinema","Color","David S. Goyer","English","USA",2.35,0,185,514,699,5.9,25,6.5e+07,52397389,"tt0359013"
"Need for Speed ",2014,132,"PG-13","Walt Disney Studios","Color","Scott Waugh","English","USA",2.35,1,327,346,673,6.5,23,6.6e+07,43568507,"tt2369135"
"8 Women ",2002,111,"R","USA Films","Color","François Ozon","French","France",1.85,1,128,162,290,7.1,79,8e+06,3076425,"tt0283832"
"Free State of Jones ",2016,139,"R","STX Entertainment","Color","Gary Ross","English","USA",1.85,1,79,47,126,6.7,47,5e+07,20389967,"tt1124037"
"Epic ",2013,102,"PG","Twentieth Century Fox","Color","Chris Wedge","English","USA",2.35,2,203,113,316,6.7,64,1e+08,107515297,"tt0848537"
"The Outrageous Sophie Tucker ",2014,96,NA,"Menemsha Films","Color","William Gazecki","English","USA",1.33,1,9,3,12,7.2,74,5e+05,NA,"tt2825768"
"Brooklyn Rules ",2007,99,"R","City Lights Pictures","Color","Michael Corrente","English","USA",2.35,3,41,48,89,6.4,45,8e+06,398420,"tt0283503"
"The Best Little Whorehouse in Texas ",1982,114,"R","Universal Pictures","Color","Colin Higgins","English","USA",2.35,2,11,48,59,5.8,56,3.5e+07,69700000,"tt0083642"
"Scream 3 ",2000,116,"R","Dimension Films","Color","Wes Craven","English","USA",2.35,4,212,734,946,5.5,36,4e+07,89138076,"tt0134084"
"The American ",2010,105,"R","Focus Features","Color","Anton Corbijn","English","USA",2.35,1,333,463,796,6.3,66,2e+07,35596227,"tt1440728"
"Killing Zoe ",1993,99,"R","Live Entertainment","Color","Roger Avary","English","France",1.85,0,37,93,130,6.5,36,1500000,418953,"tt0110265"
"Faster ",2010,98,"R","CBS Films","Color","George Tillman Jr.","English","USA",2.35,1,196,157,353,6.5,43,2.4e+07,23225911,"tt1433108"
"Dark City ",1998,111,"R","York","Color","Alex Proyas","English","Australia",2.35,1,222,624,846,7.7,NA,2.7e+07,14337579,"tt0118929"
"The Lost Weekend ",1945,101,"Not Rated","Paramount Pictures","Black and White","Billy Wilder","English","USA",1.37,4,97,136,233,8,100,1250000,NA,"tt0037884"
"Cop Land ",1997,120,"R","Miramax","Color","James Mangold","English","USA",1.85,3,131,207,338,6.9,72,1e+07,44886089,"tt0118887"
"The Huntsman: Winter's War ",2016,120,"PG-13","Universal Pictures","Color","Cedric Nicolas-Troyan","English","USA",2.35,2,231,134,365,6.1,17,1.15e+08,47952020,"tt2381991"
"Kindergarten Cop ",1990,111,"PG-13","MCA Universal Home Video","Color","Ivan Reitman","English","USA",1.85,4,46,109,155,6,51,2.6e+07,91457688,"tt0099938"
"The Bounty ",1984,132,"PG","MGM","Color","Roger Donaldson","English","UK",2.35,2,29,95,124,7,82,2.5e+07,8600000,"tt0086993"
"Detroit Rock City ",1999,95,"R","New Line Cinema","Color","Adam Rifkin","English","USA",2.35,0,42,194,236,6.8,48,1.5e+07,4193025,"tt0165710"
"Battlefield Earth ",2000,119,"PG-13","Warner Bros. Pictures","Color","Roger Christian","English","USA",2.35,0,174,1308,1482,2.4,3,4.4e+07,21471685,"tt0185183"
"It Happened One Night ",1934,65,"Unrated","Sony Pictures Home Entertainment","Black and White","Frank Capra","English","USA",1.37,1,124,235,359,8.2,98,325000,NA,"tt0025316"
"What Just Happened ",2008,104,"R","Magnolia Pictures","Color","Barry Levinson","English","USA",2.35,1,137,111,248,5.7,51,2.5e+07,1089365,"tt0486674"
"The Living Wake ",2007,91,"PG-13","Mangusta Productions","Color","Sol Tryon","English","USA",NA,2,28,10,38,6.5,50,5e+05,12055,"tt0489212"
"The Ruins ",2008,93,"R","DreamWorks/Paramount Studios","Color","Carter Smith","English","USA",2.35,0,233,351,584,5.9,48,8e+06,17427926,"tt0963794"
"A Thin Line Between Love and Hate ",1996,108,"R","New Line Home Entertainment","Color","Martin Lawrence","English","USA",2.35,2,11,14,25,5.6,12,8e+06,34746109,"tt0117891"
"The Second Mother ",2015,112,"R","Oscilloscope Laboratories","Color","Anna Muylaert","Portuguese","Brazil",2.35,1,111,26,137,7.9,96,4e+06,375723,"tt3742378"
"Babe: Pig in the City ",1998,97,"G","Universal Studios","Color","George Miller","English","Australia",1.85,0,61,216,277,5.8,62,8e+07,18318000,"tt0120595"
"Willard ",2003,100,"PG-13","New Line Cinema","Color","Glen Morgan","English","Canada",2.35,0,129,213,342,6.2,64,2.2e+07,6852144,"tt0310357"
"Swept Away ",2002,89,"R","Screen Gems","Color","Guy Ritchie","English","UK",1.85,0,71,215,286,3.6,5,1e+07,598645,"tt0291502"
"Evil Dead II ",1987,37,"X","Rosebud Communications Releasing","Color","Sam Raimi","English","USA",1.85,0,252,537,789,7.8,98,3600000,5923044,"tt0092991"
"Death at a Funeral ",2007,87,"R",NA,"Color","Frank Oz","English","USA",1.85,0,168,199,367,7.4,NA,9e+06,8579684,"tt0795368"
"Left Behind ",2014,110,"PG-13","Freestyle Releasing","Color","Vic Armstrong","English","USA",2.35,1,169,374,543,3.1,2,1.6e+07,13998282,"tt2467046"
"The Ballad of Jack and Rose ",2005,112,"R","IFC Films","Color","Rebecca Miller","English","USA",1.66,1,75,68,143,6.7,47,1500000,712294,"tt0357110"
"Devil's Due ",2014,89,"R","20th Century Fox","Color","Matt Bettinelli-Olpin","English","USA",1.85,0,137,120,257,4,18,7e+06,15818967,"tt2752758"
"The Verdict ",1982,129,"R","Twentieth Century Fox Home Entertainment","Color","Sidney Lumet","English","USA",1.85,0,79,154,233,7.8,96,1.6e+07,5.4e+07,"tt0084855"
"Little Women ",1994,115,"PG",NA,"Color","Gillian Armstrong","English","USA",1.85,4,27,132,159,7.3,NA,1.5e+07,50003300,"tt0110367"
"30 Nights of Paranormal Activity with the Devil Inside the Girl with the Dragon Tattoo ",2013,80,"R","Twentieth Century Fox Home Entertainment","Color","Craig Moss","English","USA",1.85,0,29,13,42,2.6,NA,3e+06,NA,"tt2417650"
"Friends with Benefits ",2011,109,"R","Sony/Screen Gems","Color","Will Gluck","English","USA",2.35,2,238,194,432,6.6,70,3.5e+07,55802754,"tt1632708"
"Spy Hard ",1996,81,"PG-13","Hollywood Pictures","Color","Rick Friedberg","English","USA",1.85,2,27,76,103,5.3,8,1.8e+07,26906039,"tt0117723"
"The Scorch Trials ",2015,132,"PG-13","20th Century Fox","Color","Wes Ball","English","USA",2.35,0,249,360,609,6.4,47,6.1e+07,81687587,"tt4046784"
"Iron Man 2 ",2010,124,"PG-13","Paramount Studios","Color","Jon Favreau","English","USA",2.35,4,453,723,1176,7,72,2e+08,312057433,"tt1228705"
"What Dreams May Come ",1998,113,"PG-13","PolyGram Films","Color","Vincent Ward","English","USA",2.35,1,121,619,740,7,54,8.5e+07,55350897,"tt0120889"
"Moneyball ",2011,133,"PG-13","Sony Pictures","Color","Bennett Miller","English","USA",1.85,1,419,312,731,7.6,94,5e+07,75605492,"tt1210166"
"Magic Mike XXL ",2015,115,"R","Warner Bros. Pictures","Color","Gregory Jacobs","English","USA",2.35,3,222,135,357,5.7,64,14800000,66009973,"tt2268016"
"The Great Beauty ",2013,172,"Not Rated","Janus Films","Color","Paolo Sorrentino","Italian","Italy",2.35,2,280,124,404,7.7,91,9200000,2835886,"tt2358891"
"What Planet Are You From? ",2000,87,"R","Columbia Pictures","Color","Mike Nichols","English","USA",1.85,0,82,91,173,5.6,42,5e+07,6291602,"tt0181151"
"Wasabi ",2001,94,"R","Columbia Pictures","Color","Gérard Krawczyk","French","France",2.35,1,40,91,131,6.6,43,15300000,81525,"tt0281364"
"Alone with Her ",2006,78,"Not Rated","IFC First Take","Black and White","Eric Nicholas","English","USA",1.85,0,71,31,102,6.1,69,1e+06,10018,"tt0472259"
"Swimming Pool ",2003,102,"R","Focus Features","Color","François Ozon","English","France",1.85,0,160,288,448,6.8,84,NA,10105505,"tt0324133"
"Halloween ",1978,101,"R","Compass International Pictures","Color","John Carpenter","English","USA",2.35,0,318,1191,1509,7.9,93,3e+05,4.7e+07,"tt0077651"
"Mother and Child ",2009,125,"R","Sony Pictures Classics","Color","Rodrigo García","English","USA",2.35,6,161,65,226,7.2,79,4825000,1110286,"tt1121977"
"Under Siege 2: Dark Territory ",1995,92,"R","Warner Home Video","Color","Geoff Murphy","English","USA",1.85,1,47,126,173,5.4,34,6e+07,50024083,"tt0114781"
"Wind Walkers ",2015,93,"R","Iron Circle Pictures","Color","Russell Friedenberg","English","USA",NA,NA,27,2,29,3.6,NA,2e+06,NA,"tt1236254"
"Bella ",2006,91,"PG-13","Roadside Attractions","Color","Alejandro Monteverde","English","USA",1.85,0,60,174,234,7.4,44,3300000,8108247,"tt0482463"
"When the Lights Went Out ",2012,86,NA,"Revolver Entertainment","Color","Pat Holden","English","UK",2.35,0,44,27,71,5.4,22,NA,NA,"tt1743993"
"Richard III ",1995,104,"R","United Artists","Color","Richard Loncraine","English","UK",2.35,3,56,88,144,7.5,94,6e+06,2600000,"tt0114279"
"Imagine That ",2009,107,"PG","Paramount Studios","Color","Karey Kirkpatrick","English","USA",2.35,2,93,39,132,5.6,40,5.5e+07,16088610,"tt0780567"
"Unstoppable ",2010,98,"PG-13","20th Century Fox","Color","Tony Scott","English","USA",2.35,1,316,326,642,6.8,87,1e+08,81557479,"tt0477080"
"Anything Else ",2003,108,"R","DreamWorks SKG","Color","Woody Allen","English","USA",2.35,2,128,155,283,6.4,40,1.8e+07,3203044,"tt0313792"
"Lost Souls ",2000,97,"R","New Line Cinema","Color","Janusz Kaminski","English","USA",2.35,2,100,167,267,4.8,7,2.8e+07,16779636,"tt0160484"
"Did You Hear About the Morgans? ",2009,103,"PG-13","Sony Pictures/Columbia","Color","Marc Lawrence","English","USA",2.35,2,133,121,254,4.7,12,5.8e+07,29580087,"tt1314228"
"May ",2002,93,"R","Lionsgate Releasing","Color","Lucky McKee","English","USA",1.85,1,114,277,391,6.7,68,5e+05,145540,"tt0303361"
"A Nightmare on Elm Street 3: Dream Warriors ",1987,88,"X","Media Home Entertainment","Color","Chuck Russell","English","USA",1.85,0,131,311,442,6.6,74,4500000,44793200,"tt0093629"
"Dark Shadows ",2012,113,"PG-13","Warner Bros. Pictures","Color","Tim Burton","English","USA",1.85,7,526,479,1005,6.2,37,1e+08,79711678,"tt1077368"
"Life of Pi ",2012,127,"PG","20th Century Fox","Color","Ang Lee","English","USA",1.85,0,552,755,1307,8,87,1.2e+08,124976634,"tt0454876"
"Chairman of the Board ",1998,95,"PG-13","Trimark","Color","Alex Zamm","English","USA",1.85,1,12,62,74,2.3,13,1e+07,306715,"tt0118836"
"Half Baked ",1998,82,"R","Universal Pictures","Color","Tamra Davis","English","USA",1.85,0,40,164,204,6.7,29,8e+06,17278980,"tt0120693"
"The Other End of the Line ",2008,106,"PG-13","Blue Sky Media","Color","James Dodson","English","UK",2.35,2,22,26,48,6.2,35,1.4e+07,115504,"tt1049405"
"Frenzy ",1972,116,"R","Universal Pictures","Color","Alfred Hitchcock","English","UK",1.85,0,110,199,309,7.5,87,2e+06,NA,"tt0068611"
"Suspect Zero ",2004,99,"R","Paramount Pictures","Color","E. Elias Merhige","English","USA",1.33,0,101,139,240,5.9,18,2.7e+07,8712564,"tt0324127"
"To Be Frank, Sinatra at 100 ",2015,81,NA,NA,"Color","Simon Napier-Bell","English","UK",NA,0,NA,NA,NA,7.4,NA,2e+06,NA,"tt4704314"
"Born to Fly: Elizabeth Streb vs. Gravity ",2014,82,NA,"Aubin Pictures","Color","Catherine Gund","English","USA",NA,1,10,10,20,6.8,89,5e+05,21199,"tt2246526"
"Goosebumps ",2015,103,"PG","Sony Pictures","Color","Rob Letterman","English","USA",2.35,4,218,154,372,6.4,76,5.8e+07,80021740,"tt1051904"
"Les Misérables ",2012,158,"PG-13","Universal Pictures","Color","Tom Hooper","English","USA",1.85,1,488,845,1333,7.6,69,6.1e+07,148775460,"tt1707386"
"2016: Obama's America ",2012,87,"PG","Rocky Mountain Pictures","Color","Dinesh D'Souza","English","USA",1.85,0,30,199,229,5.1,25,2500000,33349949,"tt2247692"
"The Good Guy ",2009,90,"R","Roadside Attractions","Color","Julio DePietro","English","USA",1.85,2,22,20,42,5.9,35,8e+06,100503,"tt1247662"
"There Will Be Blood ",2007,158,"R","Paramount Vantage","Color","Paul Thomas Anderson","English","USA",2.35,0,398,1107,1505,8.1,91,2.5e+07,40218903,"tt0469494"
"Outbreak ",1995,127,"R","Warner Home Video","Color","Wolfgang Petersen","English","USA",1.85,3,64,130,194,6.6,59,5e+07,67823573,"tt0114069"
"Moon ",2009,97,"R","Sony Pictures Classics","Color","Duncan Jones","English","UK",2.35,0,415,485,900,7.9,89,5e+06,5009677,"tt1182345"
"Bicentennial Man ",1999,132,"PG","Buena Vista Pictures","Color","Chris Columbus","English","USA",1.85,0,93,362,455,6.8,37,1e+08,58220776,"tt0182789"
"Step Up Revolution ",2012,99,"PG-13","Summit Entertainment","Color","Scott Speer","English","USA",2.35,0,121,72,193,6.5,42,3.3e+07,35057332,"tt1800741"
"The Immigrant ",2013,120,"R","The Weinstein Company","Color","James Gray","English","USA",2.35,3,230,70,300,6.6,87,1.6e+07,1984743,"tt1951181"
"Bringing Down the House ",2003,105,"PG-13","Touchstone Pictures","Color","Adam Shankman","English","USA",2.35,2,121,236,357,5.5,34,3.3e+07,132541238,"tt0305669"
"Knocked Up ",2007,133,"R","Universal","Color","Judd Apatow","English","USA",1.85,2,251,559,810,7,90,3e+07,148734225,"tt0478311"
"Running Scared ",2006,122,"R","New Line Cinema","Color","Wayne Kramer","English","Germany",2.35,2,157,419,576,7.4,40,1.7e+07,6855137,"tt0404390"
"Always Woodstock ",2014,97,NA,"Gravitas Ventures","Color","Rita Merson","English","USA",NA,5,5,6,11,5.3,8,2400000,NA,"tt1995477"
"The Exploding Girl ",2009,79,"Unrated","Ocscilloscope Pictures","Color","Bradley Rust Gray","English","USA",NA,0,61,10,71,6.3,75,NA,24705,"tt1294161"
"The Punisher ",2004,140,"R","Lions Gate Films","Color","Jonathan Hensleigh","English","USA",2.35,1,192,622,814,6.5,29,3.3e+07,33682273,"tt0330793"
"Dick ",1999,94,"PG-13","Sony Pictures Home Entertainment","Color","Andrew Fleming","English","France",1.85,2,81,210,291,6.1,70,1.3e+07,6241697,"tt0144168"
"The Nut Job ",2014,85,"PG","Open Road Films","Color","Peter Lepeniotis","English","Canada",1.85,0,121,64,185,5.8,10,4.2e+07,64238770,"tt1821658"
"Mission: Impossible ",1996,110,"PG-13","Paramount Pictures","Color","Brian De Palma","English","USA",2.35,0,154,378,532,7.1,63,8e+07,180965237,"tt0117060"
"The Hunger Games: Mockingjay - Part 1 ",2014,123,"PG-13","Lionsgate Films","Color","Francis Lawrence","English","USA",2.35,1,403,591,994,6.7,66,1.25e+08,337103873,"tt1951265"
"The History Boys ",2006,109,"R","Fox Searchlight","Color","Nicholas Hytner","English","UK",1.85,0,112,172,284,6.9,65,2e+06,2706659,"tt0464049"
"Mongol: The Rise of Genghis Khan ",2007,126,"R","Picturehouse","Color","Sergey Bodrov","Mongolian","Russia",2.35,0,160,165,325,7.3,87,2e+07,5701643,"tt0416044"
"2012 ",2009,158,"PG-13","Sony Pictures/Columbia","Color","Roland Emmerich","English","USA",2.35,0,367,1055,1422,5.8,39,2e+08,166112167,"tt1190080"
"First Love, Last Rites ",1997,94,"R","Strand Releasing","Color","Jesse Peretz","English","USA",NA,0,16,16,32,5.5,40,3e+05,40542,"tt0128214"
"Little Nicky ",2000,90,"PG-13","New Line Cinema","Color","Steven Brill","English","USA",1.85,0,87,237,324,5.3,22,8e+07,39442871,"tt0185431"
"The Gift ",2015,108,"R","STX Entertainment","Color","Joel Edgerton","English","USA",2.35,1,297,279,576,7.1,92,5e+06,43771291,"tt4178092"
"Platoon ",1986,120,"R","Orion Pictures","Color","Oliver Stone","English","UK",1.85,0,120,505,625,8.1,88,6e+06,137963328,"tt0091763"
"Monkeybone ",2001,93,"PG-13","20th Century Fox","Color","Henry Selick","English","USA",1.85,0,74,171,245,4.7,20,7.5e+07,5409517,"tt0166276"
"127 Hours ",2010,94,"R","Fox Searchlight","Color","Danny Boyle","English","USA",1.85,0,450,440,890,7.6,93,1.8e+07,18329466,"tt1542344"
"The Possession ",2012,92,"PG-13","Lionsgate Films","Color","Ole Bornedal","English","USA",2.35,0,264,162,426,5.9,41,1.4e+07,49122319,"tt0431021"
"Woman in Gold ",2015,109,"PG-13","The Weinstein Company","Color","Simon Curtis","English","UK",2.35,2,203,147,350,7.3,54,1.1e+07,33305037,"tt2404425"
"Unknown ",2011,113,"PG-13","Warner Bros. Pictures","Color","Jaume Collet-Serra","English","UK",2.35,3,349,332,681,6.9,56,3e+07,61094903,"tt1401152"
"Ratatouille ",2007,111,"G","Disney/Pixar","Color","Brad Bird","English","USA",2.35,0,318,626,944,8,96,1.5e+08,206435493,"tt0382932"
"Madagascar ",2005,86,"PG","Dreamworks","Color","Eric Darnell","English","USA",1.85,0,181,385,566,6.9,55,7.5e+07,193136719,"tt0351283"
"The Dilemma ",2011,111,"PG-13","Universal Pictures","Color","Ron Howard","English","USA",2.35,2,185,141,326,5.3,24,7e+07,48430355,"tt1578275"
"What Lies Beneath ",2000,130,"PG-13","DreamWorks SKG","Color","Robert Zemeckis","English","USA",2.35,0,185,683,868,6.6,46,1e+08,155370362,"tt0161081"
"The Basket ",1999,105,"PG","MGM Home Entertainment","Color","Rich Cowan","English","USA",1.85,2,14,38,52,6.5,44,1300000,609042,"tt0190255"
"The Perfect Man ",2005,100,"PG","Universal Pictures","Color","Mark Rosman","English","USA",1.85,3,65,104,169,5.5,6,2.5e+07,16247775,"tt0380623"
"Child's Play 2 ",1990,72,"R","MCA Universal Home Video","Color","John Lafia","English","USA",1.85,0,59,166,225,5.7,40,1.3e+07,28501605,"tt0099253"
"Happy, Texas ",1999,98,"PG-13","Miramax Films","Color","Mark Illsley","English","USA",1.85,3,77,122,199,6.3,81,1700000,1943649,"tt0162360"
"On Deadly Ground ",1994,101,"R","Warner Home Video","Color","Steven Seagal","English","USA",2.35,1,47,140,187,4.4,10,5e+07,38590500,"tt0110725"
"Inchon ",1981,140,"PG","United Artists","Color","Terence Young","English","South Korea",2.35,1,10,16,26,2.7,0,4.8e+07,NA,"tt0084132"
"Basic Instinct 2 ",2006,116,"R","Sony Pictures","Color","Michael Caton-Jones","English","UK",2.35,1,159,313,472,4.2,7,7e+07,5851188,"tt0430912"
"Beginners ",2010,105,"R","Focus Features","Color","Mike Mills","English","USA",1.85,4,261,142,403,7.2,84,3200000,5776314,"tt1532503"
"Creative Control ",2015,97,"R",NA,"Color","Benjamin Dickinson","English","USA",2.39,1,36,7,43,5.5,NA,1e+06,62480,"tt3277624"
"Tadpole ",2000,78,"PG-13","Miramax Films","Color","Gary Winick","English","USA",1.85,2,91,101,192,6.3,78,150000,2882062,"tt0271219"
"Romeo + Juliet ",1996,120,"PG-13","20th Century Fox","Color","Baz Luhrmann","English","USA",2.35,2,106,506,612,6.8,72,14500000,46338728,"tt0117509"
"The Last Waltz ",1978,117,"PG","MGM","Color","Martin Scorsese","English","USA",1.85,0,71,113,184,8.2,98,NA,321952,"tt0077838"
"Lara Croft: Tomb Raider ",2001,100,"PG-13","Paramount Pictures","Color","Simon West","English","USA",2.35,1,199,824,1023,5.7,20,1.15e+08,131144183,"tt0146316"
"Salvador ",1986,122,"R","MGM Pictures, Inc.","Color","Oliver Stone","English","UK",1.85,0,48,89,137,7.5,92,4500000,NA,"tt0091886"
"Bachelorette ",2012,87,"R","Radius-TWC","Color","Leslye Headland","English","USA",2.35,3,156,129,285,5.3,56,3e+06,418268,"tt1920849"
"The DUFF ",2015,101,"PG-13","Lionsgate Films","Color","Ari Sandel","English","USA",2.35,4,132,116,248,6.5,71,8500000,34017854,"tt1666801"
"Persepolis ",2007,89,"PG-13","Sony Pictures Classics","Color","Vincent Paronnaud","French","France",1.85,0,242,158,400,8,96,7300000,4443403,"tt0808417"
"The Act of Killing ",2012,96,"Not Rated","Drafthouse Films","Color","Joshua Oppenheimer","Indonesian","UK",1.85,1,248,107,355,8.2,96,1e+06,484221,"tt2375605"
"White House Down ",2013,131,"PG-13","Sony Pictures","Color","Roland Emmerich","English","USA",2.35,2,339,434,773,6.4,50,1.5e+08,73103784,"tt2334879"
"Mission: Impossible - Rogue Nation ",2015,131,"PG-13","Paramount Pictures","Color","Christopher McQuarrie","English","China",2.35,0,465,440,905,7.4,93,1.5e+08,195000874,"tt2381249"
"Anna and the King ",1999,148,"PG-13","20th Century Fox","Color","Andy Tennant","English","USA",2.35,2,91,217,308,6.7,51,7.5e+07,39251128,"tt0166485"
"Dawn Patrol ",2014,88,NA,"Alchemy","Color","Daniel Petrie Jr.","English",NA,2.35,0,9,13,22,4.8,0,3500000,NA,"tt2073661"
"Out of Time ",2003,114,"R",NA,"Color","Carl Franklin","English","USA",2.35,3,124,157,281,6.5,NA,5e+07,40905277,"tt0313443"
"Keeping the Faith ",2000,128,"PG-13","Touchstone Pictures","Color","Edward Norton","English","USA",1.85,3,148,259,407,6.4,69,3e+07,37036404,"tt0171433"
"Mr. Nice Guy ",1997,86,"PG-13","New Line Home Entertainment","Color","Sammo Kam-Bo Hung","English","Hong Kong",2.35,1,63,70,133,6.2,43,NA,12674183,"tt0117786"
"The Princess Bride ",1987,98,"PG","20th Century Fox","Color","Rob Reiner","English","USA",1.85,0,185,718,903,8.1,97,1.6e+07,30857814,"tt0093779"
"Ever After: A Cinderella Story ",1998,121,"PG-13","20th Century Fox","Color","Andy Tennant","English","USA",2.35,1,92,345,437,7,91,2.6e+07,65703412,"tt0120631"
"Queen of the Damned ",2002,101,"R","Warner Bros. Pictures","Color","Michael Rymer","English","USA",2.35,2,137,695,832,5.2,17,3.5e+07,30307804,"tt0238546"
"Alien 3 ",1992,145,"R","Twentieth Century Fox Home Entertainment","Color","David Fincher","English","USA",2.35,0,210,776,986,6.4,46,5e+07,55473600,"tt0103644"
"Stick It ",2006,103,"PG-13","Buena Vista","Color","Jessica Bendinger","English","Germany",1.85,3,90,124,214,6.4,31,NA,26870825,"tt0430634"
"Of Gods and Men ",2010,122,"PG-13","Sony Pictures Classics","Color","Xavier Beauvois","French","France",2.35,0,195,89,284,7.2,92,4e+06,3950029,"tt1588337"
"The Haunted Mansion ",2003,88,"PG","Buena Vista Pictures","Color","Rob Minkoff","English","USA",2.35,0,122,179,301,4.9,13,9e+07,75817994,"tt0338094"
"Frat Party ",2009,90,"R","Anchor Bay Entertainment","Color","Robert Bennett","English","USA",16,4,6,28,34,2.8,NA,1e+06,NA,"tt1414361"
"Point Blank ",1967,92,"Approved","MGM Home Entertainment","Color","John Boorman","English","USA",2.35,0,87,128,215,7.4,97,3e+06,NA,"tt0062138"
"The Return of the Living Dead ",1985,108,"R","HBO Video","Color","Dan O'Bannon","English","USA",1.85,0,203,300,503,7.3,91,4e+06,NA,"tt0089907"
"Filly Brown ",2012,80,"R","Indomina Media Inc.","Color","Youssef Delara","English","USA",2.35,1,16,11,27,5.7,45,427000,2833383,"tt1869425"
"Army of Darkness ",1992,88,"R","Universal Pictures","Color","Sam Raimi","English","USA",1.85,0,221,604,825,7.6,72,1.3e+07,11501093,"tt0106308"
"Not Easily Broken ",2009,99,"PG-13","Screen Gems/SONY PICTURES","Color","Bill Duke","English","USA",1.85,1,45,21,66,6.1,33,8e+06,10572742,"tt0795438"
"Out of the Blue ",2006,100,NA,"IFC First Take","Color","Robert Sarkies","English","New Zealand",1.85,0,43,22,65,7.3,84,NA,728,"tt0839938"
"Pandorum ",2009,108,"R","Overture Films","Color","Christian Alvart","English","Germany",2.35,0,219,310,529,6.8,28,3.3e+07,10326062,"tt1188729"
"Fort McCoy ",2011,100,"R","Monterey Media","Color","Kate Connor","English","USA",NA,1,8,8,16,5.9,50,3e+06,73678,"tt1282046"
"Hollywood Shuffle ",1987,81,"R","Virgin Vision","Color","Robert Townsend","English","USA",1.85,1,21,32,53,7,88,1e+05,5228617,"tt0093200"
"The Next Best Thing ",2000,99,"PG-13","Paramount Home Video","Color","John Schlesinger","English","USA",1.85,1,86,162,248,4.7,20,2.5e+07,14983572,"tt0156841"
"Futuro Beach ",2014,106,"Unrated","Strand Releasing","Color","Karim Aïnouz","Portuguese","Brazil",2.35,2,70,10,80,6.1,69,4e+06,20262,"tt2199543"
"Detention ",2011,93,"R","IDP Distribution","Color","Joseph Kahn","English","USA",2.35,2,115,76,191,5.8,38,1e+07,NA,"tt1701990"
"Racing Stripes ",2005,102,"PG","Warner Bros. Pictures","Color","Frederik Du Chau","English","USA",1.85,0,73,86,159,5.2,35,NA,49186871,"tt0376105"
"An American Girl Holiday ",2004,86,NA,"Warner Home Video","Color","Nadia Tass","English","USA",1.33,1,6,32,38,7.2,NA,2e+05,NA,"tt0412366"
"Spun ",2002,106,"R","Newmarket Films","Color","Jonas Åkerlund","English","USA",1.85,0,92,199,291,6.8,37,2e+06,410241,"tt0283003"
"Monsoon Wedding ",2001,114,"R","USA Films","Color","Mira Nair","Hindi","India",1.85,0,137,214,351,7.4,95,7e+06,13876974,"tt0265343"
"Undisputed ",2002,94,"R","Miramax Films","Black and White","Walter Hill","English","USA",2.35,2,64,88,152,6.1,48,2e+07,12398628,"tt0281322"
"Pirates of the Caribbean: Dead Man's Chest ",2006,151,"PG-13","Buena Vista","Color","Gore Verbinski","English","USA",2.35,2,313,1832,2145,7.3,54,2.25e+08,423032628,"tt0383574"
"Atlas Shrugged: Who Is John Galt? ",2014,99,"PG-13","Atlas Distribution","Color","James Manera","English","USA",NA,0,12,56,68,4.4,0,5e+06,830210,"tt2800038"
"The Island ",2005,136,"PG-13","Dreamworks Distribution LLC","Color","Michael Bay","English","USA",2.35,1,257,899,1156,6.9,40,1.26e+08,35799026,"tt0399201"
"The Insider ",1999,157,"R","Buena Vista Pictures","Color","Michael Mann","English","USA",2.35,1,209,521,730,7.9,96,6.8e+07,28965197,"tt0140352"
"Beverly Hills Cop ",1984,105,"R","Paramount Pictures","Color","Martin Brest","English","USA",1.85,1,94,175,269,7.3,84,1.4e+07,234760500,"tt0086960"
"Chéri ",2009,100,"R","Miramax","Color","Stephen Frears","English","UK",2.35,1,155,43,198,6.2,50,2.3e+07,2708188,"tt1179258"
"The Sound of Music ",1965,174,"G","20th Century-Fox","Color","Robert Wise","English","USA",2.35,3,119,406,525,8,86,8200000,163214286,"tt0059742"
"Prince of Persia: The Sands of Time ",2010,116,"PG-13","Walt Disney Pictures","Color","Mike Newell","English","USA",2.35,2,306,453,759,6.6,36,2e+08,90755643,"tt0473075"
"Flight of the Phoenix ",2004,113,"PG-13","20th Century Fox","Color","John Moore","English","USA",2.35,4,114,222,336,6.1,31,4.5e+07,21009180,"tt0377062"
"The Good Thief ",2002,109,"R","Fox Searchlight Pictures","Color","Neil Jordan","English","France",1.85,0,105,103,208,6.6,78,2.5e+07,3517797,"tt0281820"
"My Big Fat Greek Wedding ",2002,95,"PG","IFC Films","Color","Joel Zwick","English","USA",1.85,3,168,756,924,6.6,76,5e+06,241437427,"tt0259446"
"The Ides of March ",2011,101,"R","Sony Pictures","Color","George Clooney","English","USA",2.35,1,421,288,709,7.1,84,12500000,40962534,"tt1124035"
"The Legend of Tarzan ",2016,110,"PG-13","Lionsgate Pictures","Color","David Yates","English","USA",2.35,2,248,239,487,6.6,35,1.8e+08,124051759,"tt0918940"
"Speedway Junky ",1999,105,"R","Regent Releasing","Color","Nickolas Perry","English","USA",NA,2,8,43,51,5.2,29,1e+06,NA,"tt0155197"
"The Last Airbender ",2010,103,"PG","Paramount Pictures","Color","M. Night Shyamalan","English","USA",2.35,0,280,1382,1662,4.2,6,1.5e+08,131564731,"tt0938283"
"Silver Medallist ",2009,99,NA,NA,"Color","Hao Ning","Mandarin","China",2.35,1,5,4,9,7.4,NA,1.5e+07,NA,"tt0851515"
"The Namesake ",2006,122,"PG-13","Fox Searchlight Pictures","Color","Mira Nair","English","USA",1.85,1,167,117,284,7.6,87,NA,13569248,"tt0433416"
"The Exorcism of Emily Rose ",2005,122,"PG-13","Dimension Films","Color","Scott Derrickson","English","USA",2.35,0,233,522,755,6.7,20,2e+07,75072454,"tt0404032"
"Boat Trip ",2002,97,"R","Artisan Entertainment","Color","Mort Nathan","English","USA",1.85,4,63,132,195,4.9,7,2e+07,8586376,"tt0285462"
"Unbroken ",2014,137,"PG-13","Universal Pictures","Color","Angelina Jolie Pitt","English","USA",2.35,0,322,351,673,7.2,51,6.5e+07,115603980,"tt1809398"
"The Perfect Game ",2009,118,"PG","Visio Entertainment","Black and White","William Dear","English","Canada",2.35,0,41,33,74,7,57,12500000,1089445,"tt0473102"
"Let Me In ",2010,116,"R","Overture Films","Color","Matt Reeves","English","UK",2.35,0,390,366,756,7.2,88,2e+07,12134420,"tt1228987"
"The Covenant ",2006,97,"PG-13","Screen Gems","Color","Renny Harlin","English","USA",2.35,0,120,334,454,5.3,3,2e+07,23292105,"tt0475944"
"Hulk ",2003,138,"PG-13","Universal Pictures","Color","Ang Lee","English","USA",1.85,0,267,1445,1712,5.7,61,1.37e+08,132122995,"tt0286716"
"Tango ",1998,115,"PG-13","Sony Pictures Classics","Color","Carlos Saura","Spanish","Spain",2,3,35,40,75,7.2,67,7e+08,1687311,"tt0120274"
"Lifeforce ",1985,101,"R","TriStar Pictures","Color","Tobe Hooper","English","UK",2.35,0,159,189,348,6.1,67,2.5e+07,NA,"tt0089489"
"The Silence of the Lambs ",1991,138,"R","Orion Pictures Corporation","Color","Jonathan Demme","English","USA",1.85,0,185,916,1101,8.6,95,1.9e+07,130727000,"tt0102926"
"Faithful ",1996,91,"R","New Line Home Entertainment","Color","Paul Mazursky","English","USA",1.85,3,21,19,40,5.9,7,1.3e+07,2104000,"tt0116269"
"13 Hours ",2016,144,"R","Paramount Pictures","Color","Michael Bay","English","USA",2.35,0,204,219,423,7.4,50,5e+07,52822418,"tt4172430"
"Shooting the Warwicks ",2015,95,NA,"D-Generate, Inc.","Color","Adam Rifkin","English","USA",NA,0,4,1,5,6.2,NA,250000,NA,"tt2690560"
"Steve Jobs ",2015,122,"R","Universal Pictures","Color","Danny Boyle","English","UK",2.35,0,412,307,719,7.2,86,3e+07,17750583,"tt2080374"
"The Legend of Tarzan ",2016,110,"PG-13","Lionsgate Pictures","Color","David Yates","English","USA",2.35,2,248,239,487,6.6,35,1.8e+08,124051759,"tt0918940"
"Autumn in New York ",2000,103,"PG-13","MGM","Color","Joan Chen","English","USA",1.85,2,101,180,281,5.5,20,4e+07,37752931,"tt0174480"
"Conversations with Other Women ",2005,84,"R","Fabrication Films","Color","Hans Canosa","English","UK",2.39,0,365,54,419,7.1,74,450000,379122,"tt0435623"
"Checkmate ",2015,97,NA,NA,"Color","Timothy Woodward Jr.","English","USA",2.35,3,6,18,24,3.1,NA,1500000,NA,"tt3781616"
"Insomnia Manica ",2005,127,NA,NA,"Color","Daston Kalili","English","USA",1.33,0,NA,3,NA,5.8,NA,5e+05,NA,"tt0455556"
"The Motel ",2005,75,NA,"Palm Pictures","Color","Michael Kang","Cantonese","USA",1.85,1,27,11,38,6.8,87,NA,47111,"tt0436607"
"Margin Call ",2011,107,"R","Roadside Attractions","Color","J.C. Chandor","English","USA",1.85,8,290,225,515,7.1,88,3500000,5354039,"tt1615147"
"Old Dogs ",2009,88,"PG","Walt Disney Pictures","Color","Walt Becker","English","USA",1.85,2,124,120,244,5.4,5,3.5e+07,49474048,"tt0976238"
"Underclassman ",2005,95,"PG-13","Miramax Films","Color","Marcos Siega","English","USA",2.35,3,31,26,57,4.1,6,2.5e+07,5654777,"tt0373416"
"How to Train Your Dragon ",2010,98,"PG","Paramount/DWA","Color","Dean DeBlois","English","USA",2.35,0,288,492,780,8.2,98,1.65e+08,217387997,"tt0892769"
"The Hunt for Red October ",1990,135,"PG","Paramount Pictures","Color","John McTiernan","English","USA",2.35,1,104,241,345,7.6,86,3e+07,122012643,"tt0099810"
"My Big Fat Greek Wedding 2 ",2016,94,"PG-13","Gold Circle Films","Color","Kirk Jones","English","USA",2.35,10,156,103,259,6.1,29,1.8e+07,59573085,"tt3760922"
"October Baby ",2011,107,"PG-13","IDP/Samuel goldwyn Films","Color","Andrew Erwin","English","USA",NA,1,40,82,122,6.8,21,NA,5355847,"tt1720182"
"The Pet ",2006,94,NA,"TriCoast Studios","Color","D. Stevens","English","USA",NA,0,6,24,30,3.9,NA,1e+06,NA,"tt0825728"
"Valentine's Day ",2010,125,"PG-13","New Line Cinema/Warner Bros. Pictures","Color","Garry Marshall","English","USA",1.85,12,186,211,397,5.7,18,5.2e+07,110476776,"tt0817230"
"Annie ",2014,118,"PG","Sony Pictures","Color","Will Gluck","English","USA",2.39,6,176,213,389,5.2,27,6.5e+07,85911262,"tt1823664"
"The Devil Wears Prada ",2006,109,"PG-13","20th Century Fox","Color","David Frankel","English","USA",2.35,0,208,631,839,6.8,76,3.5e+07,124732962,"tt0458352"
"Blast from the Past ",1999,112,"PG-13","New Line Home Entertainment","Color","Hugh Wilson","English","USA",2.35,0,95,239,334,6.6,58,3.5e+07,26494611,"tt0124298"
"Star Wars: Episode V - The Empire Strikes Back ",1980,127,"PG","Twentieth Century Fox","Color","Irvin Kershner","English","USA",2.35,0,223,900,1123,8.8,94,1.8e+07,290158751,"tt0080684"
"The Scorpion King ",2002,100,"PG-13","Universal Pictures","Color","Chuck Russell","English","USA",2.35,4,167,432,599,5.5,41,6e+07,90341670,"tt0277296"
"Garfield 2 ",2006,86,"PG","20th Century Fox","Color","Tim Hill","English","UK",1.85,0,77,74,151,5,11,NA,28424210,"tt0455499"
"Everything Put Together ",2000,87,"R","Vitagraph Films","Color","Marc Forster","English","USA",1.85,0,24,10,34,6.6,69,1e+05,NA,"tt0228277"
"The Man in the Iron Mask ",1998,132,"PG-13","MGM Home Entertainment","Color","Randall Wallace","English","USA",1.85,1,83,244,327,6.4,33,3.5e+07,56876365,"tt0120744"
"Free Birds ",2013,91,"PG","Relativity Media","Color","Jimmy Hayward","English","USA",1.85,1,118,73,191,5.9,17,5.5e+07,55747724,"tt1621039"
"The Longshots ",2008,94,"PG","The Weinstein Company","Color","Fred Durst","English","USA",2.35,2,47,19,66,5.1,41,2.3e+07,11508423,"tt1091751"
"Prometheus ",2012,124,"R","20th Century Fox","Color","Ridley Scott","English","USA",2.35,0,775,2326,3101,7,73,1.3e+08,126464904,"tt1446714"
"Open Road ",2013,85,NA,NA,"Color","Marcio Garcia","English","Brazil",2.35,3,9,9,18,5.5,NA,3e+06,NA,"tt1922679"
"The New World ",2005,150,"PG-13","New Line Cinema","Color","Terrence Malick","English","USA",2.35,0,222,671,893,6.7,62,3e+07,12712093,"tt0402399"
"Transformers ",2007,144,"PG-13","Dreamworks","Color","Michael Bay","English","USA",2.35,0,396,1782,2178,7.1,57,1.5e+08,318759914,"tt0418279"
"A Guy Thing ",2003,101,"PG-13","MGM/UA","Color","Chris Koch","English","USA",1.85,3,81,92,173,5.6,24,2e+07,15408822,"tt0295289"
"Marvin's Room ",1996,98,"PG-13","Miramax Films","Color","Jerry Zaks","English","USA",1.85,2,45,71,116,6.7,80,2.3e+07,12782508,"tt0116999"
"Mondays in the Sun ",2002,113,"R","Lions Gate Films","Color","Fernando León de Aranoa","Spanish","Spain",1.85,1,64,38,102,7.7,80,4e+06,146402,"tt0319769"
"For Greater Glory: The True Story of Cristiada ",2012,145,"R","Arc Entertainment","Color","Dean Wright","Spanish","Mexico",2.35,1,43,57,100,6.6,18,10818775,5669081,"tt1566501"
"The Family Man ",2000,125,"PG-13","Universal Pictures","Color","Brett Ratner","English","USA",2.35,1,121,322,443,6.7,53,6e+07,75764085,"tt0218967"
"The Clan of the Cave Bear ",1986,98,"R","Warner Bros. Pictures","Color","Michael Chapman","English","USA",2.35,0,21,62,83,5.3,10,1.5e+07,1953732,"tt0090848"
"The Ring Two ",2005,128,"PG-13","Dreamworks Distribution LLC","Color","Hideo Nakata","English","USA",1.85,0,196,560,756,5.4,20,NA,75888270,"tt0377109"
"The Nutcracker in 3D ",2010,110,"PG","Freestyle Releasing","Color","Andrey Konchalovskiy","English","UK",2.35,0,47,24,71,4.4,0,9e+07,190562,"tt1041804"
"Muppets Most Wanted ",2014,119,"PG","Walt Disney Pictures","Color","James Bobin","English","USA",1.85,4,277,110,387,6.4,79,5e+07,51178893,"tt2281587"
"Train ",2008,94,"R","Lionsgate","Color","Gideon Raff","English","USA",1.85,1,33,52,85,4.8,NA,NA,NA,"tt1015474"
"Get Low ",2009,100,"PG-13","Sony Pictures Classics","Color","Aaron Schneider","English","USA",2.35,1,160,97,257,7.1,85,7500000,9176553,"tt1194263"
"Pontypool ",2008,95,"Not Rated","IFC Entertainment","Color","Bruce McDonald","English","Canada",2.35,0,178,142,320,6.7,83,1500000,3478,"tt1226681"
"Captain America: The Winter Soldier ",2014,136,"PG-13","Walt Disney Pictures","Color","Anthony Russo","English","USA",2.35,1,576,742,1318,7.8,89,1.7e+08,259746958,"tt1843866"
"Mandela: Long Walk to Freedom ",2013,141,"PG-13","The Weinstein Co.","Color","Justin Chadwick","English","UK",2.35,1,211,108,319,7.1,59,3.5e+07,8324748,"tt2304771"
"Carrie ",2013,100,"R","Sony Pictures","Color","Kimberly Peirce","English","USA",2.35,1,359,371,730,5.9,48,3e+07,35266619,"tt1939659"
"Freddy Got Fingered ",2001,87,"R","20th Century Fox","Color","Tom Green","English","USA",1.85,1,97,619,716,4.5,11,1.5e+07,14249005,"tt0240515"
"Going the Distance ",2010,102,"R","New Line Cinema","Color","Nanette Burstein","English","USA",2.35,0,167,113,280,6.3,53,3.2e+07,17797316,"tt1322312"
"A Woman, a Gun and a Noodle Shop ",2009,95,"R","Sony Pictures Classics","Color","Yimou Zhang","Mandarin","China",2.35,1,101,20,121,5.7,32,NA,190666,"tt1428556"
"Star Trek Beyond ",2016,122,"PG-13","Paramount Pictures","Color","Justin Lin","English","USA",2.35,4,322,432,754,7.5,84,1.85e+08,130468626,"tt2660888"
"The Little Prince ",2015,108,"PG","Netflix","Color","Mark Osborne","English","France",2.35,1,119,64,183,7.8,93,81200000,1339152,"tt1754656"
"Pet Sematary ",1989,103,"R","Paramount Home Video","Color","Mary Lambert","English","USA",1.85,0,98,248,346,6.6,46,11500000,57469179,"tt0098084"
"On the Outs ",2004,86,"R","Fader Films","Color","Lori Silverbush","English","USA",NA,3,26,15,41,6.9,94,NA,NA,"tt0389235"
"The Chronicles of Narnia: Prince Caspian ",2008,150,"PG","Walt Disney Pictures","Color","Andrew Adamson","English","USA",2.35,4,258,438,696,6.6,67,2.25e+08,141614023,"tt0499448"
"The Haunting of Molly Hartley ",2008,82,"PG-13","Freestyle Releasing","Color","Mickey Liddell","English","USA",1.85,5,74,113,187,3.8,3,5e+06,13350177,"tt1045655"
"Aliens ",1986,154,"R","20th Century Fox Film Corporat","Color","James Cameron","English","USA",1.85,1,250,1076,1326,8.4,98,18500000,85200000,"tt0090605"
"Transcendence ",2014,119,"PG-13","Warner Bros. Pictures","Color","Wally Pfister","English","UK",2.35,1,355,462,817,6.3,20,1e+08,23014504,"tt2209764"
"The Other Guys ",2010,116,"PG-13","Columbia Pictures","Color","Adam McKay","English","USA",2.35,2,265,316,581,6.7,78,1e+08,119219978,"tt1386588"
"Troy ",2004,196,"R","Warner Bros. Pictures","Color","Wolfgang Petersen","English","USA",2.35,2,220,1694,1914,7.2,54,1.75e+08,133228348,"tt0332452"
"City of Ghosts ",2002,116,"R","MGM Pictures","Color","Matt Dillon","English","USA",1.85,0,38,67,105,6,47,17500000,325491,"tt0164003"
"Scary Movie 3 ",2003,84,"PG-13","Miramax Films","Color","David Zucker","English","USA",1.85,7,151,347,498,5.5,36,4.8e+07,110000082,"tt0306047"
"Fight to the Finish ",2016,94,"PG-13","LionsGate Entertainment","Color","Warren Sheppard","English","USA",NA,0,3,2,5,4,NA,150000,NA,"tt3152288"
"Dracula 2000 ",2000,99,"R","Miramax","Color","Patrick Lussier","English","USA",2.35,0,122,365,487,4.9,NA,2.8e+07,33000377,"tt0219653"
"Saw IV ",2007,96,"R","Lionsgate Films","Color","Darren Lynn Bousman","English","USA",1.85,0,190,319,509,5.9,17,1e+07,63270259,"tt0890870"
"Man on the Moon ",1999,118,"R","Universal","Color","Milos Forman","English","UK",2.35,1,140,549,689,7.4,63,5.2e+07,34580635,"tt0125664"
"Starship Troopers ",1997,129,"R","Sony Pictures Home Entertainment","Color","Paul Verhoeven","English","USA",1.85,0,192,1049,1241,7.2,63,1.05e+08,54700065,"tt0120201"
"Alexander's Ragtime Band ",1938,106,"Approved","20th Century Fox Film Corporation","Black and White","Henry King","English","USA",1.37,2,10,29,39,7,80,2e+06,NA,"tt0029852"
"Rabbit Hole ",2010,91,"PG-13","Lionsgate Films","Color","John Cameron Mitchell","English","USA",1.85,0,248,144,392,7,86,5e+06,2221809,"tt0935075"
"Ghostbusters ",2016,116,"PG-13","Sony Pictures","Color","Paul Feig","English","USA",2.35,4,464,1211,1675,5.5,73,1.44e+08,118099659,"tt1289401"
"Christmas Mail ",2010,89,"TV-PG","Warner Home Video","Color","John Murlowski","English","USA",NA,2,2,7,9,5.8,NA,2500000,NA,"tt1663628"
"Public Enemies ",2009,140,"R","Universal Studios","Color","Michael Mann","English","USA",2.35,1,357,585,942,7,68,1e+08,97030725,"tt1152836"
"The Blood of Heroes ",1989,90,"R","New Line Cinema","Color","David Webb Peoples","English","Australia",1.33,2,21,43,64,6.5,13,1e+07,882290,"tt0094764"
"Home Run ",2013,113,"PG-13","Samuel Goldwyn Films","Color","David Boyd","English","USA",2.35,2,10,32,42,6,45,1200000,2859955,"tt2051894"
"Robin Hood: Prince of Thieves ",1991,155,"PG-13","Warner Bros. Pictures","Color","Kevin Reynolds","English","USA",1.85,0,67,322,389,6.9,50,4.8e+07,165500000,"tt0102798"
"The Debt ",2010,113,"R","Focus Features","Color","John Madden","English","USA",2.35,3,258,165,423,6.9,76,2e+07,31146570,"tt1226753"
"A Low Down Dirty Shame ",1994,100,"R","Buena Vista Pictures","Color","Keenen Ivory Wayans","English","USA",1.85,2,8,26,34,5.8,0,1e+07,29392418,"tt0110399"
"Faith Connections ",2013,115,NA,"Jungle Book Entertainment","Color","Pan Nalin","Hindi","India",1.85,1,19,3,22,7,NA,550000,NA,"tt2768766"
"She's the One ",1996,96,"R","Twentieth Century Fox Home Entertainment","Color","Edward Burns","English","USA",1.85,2,43,98,141,6.1,61,3500000,9449219,"tt0117628"
"Hud ",1963,112,"Approved","Paramount Pictures","Black and White","Martin Ritt","English","USA",2.35,0,65,120,185,7.9,84,2500000,NA,"tt0057163"
"12 Years a Slave ",2013,134,"R","Fox Searchlight","Color","Steve McQueen","English","USA",2.35,0,597,695,1292,8.1,96,2e+07,56667870,"tt2024544"
"Kangaroo Jack ",2003,89,"PG","Showtime Networks Inc.","Color","David McNally","English","USA",2.35,0,73,181,254,4.4,NA,6e+07,66734992,"tt0257568"
"High Plains Drifter ",1973,105,"R","Universal Pictures","Color","Clint Eastwood","English","USA",2.35,0,72,169,241,7.6,96,5500000,NA,"tt0068699"
"Journey 2: The Mysterious Island ",2012,94,"PG","New Line Cinema","Color","Brad Peyton","English","USA",1.85,3,178,133,311,5.8,43,7.9e+07,103812241,"tt1397514"
"The Peanuts Movie ",2015,88,"G","20th Century Fox","Color","Steve Martino","English","USA",1.85,0,208,155,363,7.2,86,9.9e+07,130174897,"tt2452042"
"A Thousand Words ",2012,91,"PG-13","Paramount Pictures","Color","Brian Robbins","English","USA",2.35,8,70,93,163,5.9,0,4e+07,18438149,"tt0763831"
"Legally Blonde 2: Red, White & Blonde ",2003,95,"PG-13","MGM/UA","Color","Charles Herman-Wurmfeld","English","USA",1.85,2,133,297,430,4.6,38,4.5e+07,89808372,"tt0333780"
"Equilibrium ",2002,107,"R","Miramax Films","Color","Kurt Wimmer","English","USA",2.35,2,146,1137,1283,7.5,38,2e+07,1190018,"tt0238380"
"Crazy in Alabama ",1999,111,"PG-13","Sony Pictures Home Entertainment","Color","Antonio Banderas","English","USA",2.35,0,28,71,99,6.3,30,1.5e+07,1954202,"tt0142201"
"The Sessions ",2012,95,"R","Fox Searchlight Pictures","Color","Ben Lewin","English","USA",1.85,3,337,126,463,7.2,93,1e+06,5997134,"tt1866249"
"Galaxy Quest ",1999,102,"PG","DreamWorks SKG","Color","Dean Parisot","English","USA",2.35,3,213,609,822,7.3,90,4.5e+07,71423726,"tt0177789"
"Trance ",2013,101,"R","20th Century Fox","Color","Danny Boyle","English","UK",2.35,0,393,212,605,7,68,2e+07,2319187,"tt1924429"
"True Grit ",2010,110,"PG-13","Paramount Pictures","Color","Ethan Coen","English","USA",2.35,0,493,724,1217,7.7,96,3.8e+07,171031347,"tt1403865"
"Opal Dream ",2006,86,"PG","Focus Features","Color","Peter Cattaneo","English","Australia",1.85,0,24,6,30,6.6,70,11400000,13751,"tt0420835"
"The Cell ",2000,109,"R","New Line Cinema","Color","Tarsem Singh","English","USA",2.35,1,225,677,902,6.3,46,3.3e+07,61280963,"tt0209958"
"Exiled ",2006,110,"R","Magnolia Pictures","Color","Johnnie To","Cantonese","Hong Kong",2.35,0,98,26,124,7.3,81,3.5e+07,49413,"tt0796212"
"Austin Powers: International Man of Mystery ",1997,68,"PG-13","New Line Home Entertainment","Color","Jay Roach","English","USA",2.35,2,129,425,554,7,70,1.7e+07,53868030,"tt0118655"
"Rubber ",2010,82,"R","Magnolia Releasing","Color","Quentin Dupieux","English","France",1.85,0,230,170,400,5.8,68,5e+05,98017,"tt1612774"
"The Eye ",2008,92,"PG-13","Lionsgate Films","Color","David Moreau","English","USA",2.35,1,172,156,328,5.4,22,1.2e+07,31397498,"tt0406759"
"Desperado ",1995,104,"R","Sony Pictures Home Entertainment","Color","Robert Rodriguez","English","USA",1.85,0,93,202,295,7.2,62,7e+06,25625110,"tt0112851"
"Mr. Bean's Holiday ",2007,90,"PG","Universal Pictures","Color","Steve Bendelack","English","UK",1.85,0,151,235,386,6.3,51,2.5e+07,32553210,"tt0453451"
"Changing Lanes ",2002,91,"R","Paramount Pictures","Color","Roger Michell","English","USA",2.35,0,167,350,517,6.5,77,4.5e+07,66790248,"tt0264472"
"Darkness Falls ",2003,96,"PG-13","Sony Pictures Releasing","Color","Jonathan Liebesman","English","USA",2.35,0,140,369,509,4.9,9,1.1e+07,32131483,"tt0282209"
"Madagascar: Escape 2 Africa ",2008,89,"PG","Paramount Studios","Color","Eric Darnell","English","USA",1.85,0,167,119,286,6.7,64,1.5e+08,179982968,"tt0479952"
"Sherlock Holmes: A Game of Shadows ",2011,129,"PG-13","Warner Bros. Pictures","Color","Guy Ritchie","English","USA",2.35,2,382,412,794,7.5,60,1.25e+08,186830669,"tt1515091"
"Dolphins and Whales 3D: Tribes of the Ocean ",2008,42,NA,"3D Entertainment Distribution","Color","Jean-Jacques Mantello","English","UK",1.78,0,9,5,14,6.5,80,6e+06,7518876,"tt0996382"
"Furry Vengeance ",2010,92,"PG","Artist View Entertainment","Color","Roger Kumble","English","USA",1.85,1,101,84,185,3.8,NA,3.5e+07,17596256,"tt0492389"
"Wolf ",1994,125,"R","Columbia Pictures","Color","Mike Nichols","English","USA",1.85,1,59,137,196,6.2,60,7e+07,65012000,"tt0111742"
"The Walking Deceased ",2015,88,"R","Arc Entertainment","Color","Scott Dow","English","USA",NA,0,23,25,48,3.4,0,1250000,NA,"tt3499458"
"The Last Days on Mars ",2013,98,"R","Magnolia Pictures","Color","Ruairi Robinson","English","UK",2.35,0,120,160,280,5.5,20,7e+06,23838,"tt1709143"
"The Quick and the Dead ",1995,107,"R","Sony Pictures Entertainment","Black and White","Sam Raimi","English","Japan",1.85,0,63,216,279,6.4,56,3.2e+07,18636537,"tt0114214"
"If I Stay ",2014,107,"PG-13","Warner Bros. Pictures","Color","R.J. Cutler","English","USA",2.35,3,141,132,273,6.8,36,1.1e+07,50461335,"tt1355630"
"Kill Bill: Vol. 2 ",2004,137,"R","Miramax Films","Black and White","Quentin Tarantino","English","USA",2.35,0,304,935,1239,8,84,3e+07,66207920,"tt0378194"
"Top Gun ",1986,110,"PG","Paramount Pictures","Color","Tony Scott","English","USA",1.33,2,173,388,561,6.9,56,1.5e+07,176781728,"tt0092099"
"My Name Is Khan ",2010,128,"PG-13","Fox Searchlight","Color","Karan Johar","Hindi","India",2.35,2,210,235,445,8,83,1.2e+07,4018695,"tt1188996"
"Tropic Thunder ",2008,121,"R","DreamWorks/Paramount Studios","Color","Ben Stiller","English","USA",2.35,3,308,577,885,7,82,9.2e+07,110416702,"tt0942385"
"The Past is a Grotesque Animal ",2014,77,"Unrated","Oscilloscope Pitures","Color","Jason Miller","English","USA",1.78,0,5,1,6,7.6,NA,1e+05,NA,"tt3072636"
"Hall Pass ",2011,111,"R","Warner Bros. Pictures","Color","Bobby Farrelly","English","USA",2.35,3,237,143,380,5.9,34,3.6e+07,45045037,"tt0480687"
"W. ",2008,129,"PG-13","Lionsgate","Color","Oliver Stone","English","USA",2.35,1,242,320,562,6.4,59,25100000,25517500,"tt1175491"
"The Widow of Saint-Pierre ",2000,112,"R","Lions Gate Releasing","Color","Patrice Leconte","French","France",2.35,1,61,69,130,7.3,88,1e+08,3058380,"tt0191636"
"The Gallows ",2015,81,"R","New Line Cinema","Color","Travis Cluff","English","USA",1.85,0,159,150,309,4.2,16,1e+05,22757819,"tt2309260"
"Jerry Maguire ",1996,139,"R","TriStar Pictures","Color","Cameron Crowe","English","USA",1.85,0,109,318,427,7.3,82,5e+07,153620822,"tt0116695"
"Little Shop of Horrors ",1986,102,"PG-13","Warner Bros. Pictures","Color","Frank Oz","English","USA",1.85,2,63,165,228,6.9,90,2.5e+07,38747385,"tt0091419"
"Rugrats Go Wild ",2003,80,"PG","Paramount Pictures","Color","John Eng","English","USA",2.35,0,45,35,80,5.6,41,2.5e+07,39399750,"tt0337711"
"A Time to Kill ",1996,149,"R","Warner Home Video","Color","Joel Schumacher","English","USA",2.35,3,71,236,307,7.4,67,4e+07,108706165,"tt0117913"
"City Hall ",1996,111,"R","Sony Pictures Home Entertainment","Color","Harold Becker","English","USA",1.85,2,50,60,110,6.2,54,4e+07,20300000,"tt0115907"
"The Hangover Part II ",2011,102,"R","Warner Bros. Pictures","Color","Todd Phillips","English","USA",2.35,0,383,402,785,6.5,33,8e+07,254455986,"tt1411697"
"The Jimmy Show ",2001,96,"R","First Look","Color","Frank Whaley","English","USA",1.85,3,9,21,30,5.4,40,1500000,703,"tt0271020"
"Ben-Hur ",2016,141,"PG-13","Paramount Pictures","Color","Timur Bekmambetov","English","USA",2.35,2,1,1,2,6,25,1e+08,NA,"tt2638144"
"The Thomas Crown Affair ",1999,113,"R","MGM/UA","Color","John McTiernan","English","USA",2.35,0,152,419,571,6.8,70,4.8e+07,69304264,"tt0155267"
"Wicked Blood ",2014,92,"Not Rated","Entertainment One","Color","Mark Young","English","USA",1.85,2,7,10,17,5.4,NA,3500000,NA,"tt2761578"
"The Express ",2008,130,"PG","Universal Pictures","Black and White","Gary Fleder","English","USA",2.35,0,86,45,131,7.3,61,4e+07,9589875,"tt0469903"
"Take Me Home Tonight ",2011,97,"R","Relativity Media","Color","Michael Dowse","English","USA",2.35,4,136,83,219,6.3,28,2.3e+07,6923891,"tt0810922"
"Treasure Planet ",2002,95,"PG","Buena Vista Distribution Compa","Color","Ron Clements","English","USA",1.5,0,127,217,344,7.1,69,1.4e+08,38120554,"tt0133240"
"Aimee & Jaguar ",1999,125,NA,"Zeitgeist","Color","Max Färberböck","German","Germany",1.85,1,63,51,114,7.3,90,1.5e+07,927107,"tt0130444"
"B-Girl ",2009,88,"PG-13","Screen Media","Color","Emily Dell","English","USA",NA,0,8,10,18,4,NA,NA,NA,"tt0964179"
"The Singing Detective ",2003,109,"R","Paramount Pictures","Color","Keith Gordon","English","USA",1.85,2,66,79,145,5.6,39,8e+06,336456,"tt0314676"
"Glory Road ",2006,118,"PG",NA,"Color","James Gartner","English","USA",2.35,1,95,145,240,7.2,NA,NA,42643187,"tt0385726"
"Carriers ",2009,84,"PG-13","Paramount Vantage","Color","David Pastor","English","USA",2.35,0,130,119,249,6,65,NA,90820,"tt0806203"
"Deep Blue Sea ",1999,105,"R","Warner Bros. Pictures","Color","Renny Harlin","English","USA",2.35,1,199,643,842,5.8,57,6e+07,73648142,"tt0149261"
"Quartet ",2012,98,"PG-13","The Weinstein Co.","Color","Dustin Hoffman","English","UK",2.35,4,175,126,301,6.8,79,1.1e+07,18381787,"tt1441951"
"Heist ",2015,93,"R","Emmett/Furla Films","Color","Scott Mann","English","USA",2.35,1,44,57,101,6.1,26,1.9e+07,NA,"tt3276924"
"The Forbidden Kingdom ",2008,104,"PG-13","Lionsgate","Color","Rob Minkoff","English","USA",2.35,0,206,279,485,6.6,65,5.5e+07,25040293,"tt0865556"
"High Road ",2011,87,"R",NA,"Color","Matt Walsh","English","USA",NA,6,8,3,11,5.4,NA,NA,NA,"tt1692084"
"Hum To Mohabbat Karega ",2000,NA,NA,NA,"Color","Kundan Shah","Hindi","India",NA,2,1,1,2,2.8,NA,NA,NA,"tt0249588"
"Don't Say a Word ",2001,113,"R","20th Century Fox","Color","Gary Fleder","English","USA",2.35,0,113,248,361,6.3,24,5e+07,54997476,"tt0260866"
"Where the Heart Is ",2000,120,"PG-13","Twentieth Century Fox Home Entertainment","Color","Matt Williams","English","USA",1.85,2,78,240,318,6.8,35,1.5e+07,33771174,"tt0198021"
"Space Chimps ",2008,81,"G","20th Century Fox","Color","Kirk De Micco","English","USA",2.35,0,85,45,130,4.5,34,3.7e+07,30105968,"tt0482603"
"Rachel Getting Married ",2008,113,"R","Sony Pictures Classics","Color","Jonathan Demme","English","USA",1.85,1,232,281,513,6.7,84,NA,12796277,"tt1084950"
"An American Carol ",2008,83,"PG-13","Vivendi Entertainment","Color","David Zucker","English","USA",2.35,2,45,205,250,4.3,11,1.2e+07,7001720,"tt1190617"
"Fish Tank ",2009,123,"Not Rated","IFC","Color","Andrea Arnold","English","UK",1.33,0,248,112,360,7.3,91,NA,373060,"tt1232776"
"Broken Vessels ",1998,90,"R","Zeitgeist Films","Color","Scott Ziehl","English","USA",1.85,0,18,19,37,6.6,67,6e+05,13493,"tt0149964"
"Rock Star ",2001,105,"R",NA,"Color","Stephen Herek","English","USA",2.35,0,107,191,298,6.2,NA,5.7e+07,16991902,"tt0202470"
"Summer of Sam ",1999,142,"R",NA,"Color","Spike Lee","English","USA",1.85,0,85,354,439,6.6,NA,2.2e+07,19283782,"tt0162677"
"The Limey ",1999,89,"R","Artisan Pictures","Color","Steven Soderbergh","English","USA",1.85,0,111,240,351,7.1,93,9e+06,3193102,"tt0165854"
"Crocodile Dundee in Los Angeles ",2001,92,"PG","Paramount","Color","Simon Wincer","English","Australia",1.85,0,71,119,190,4.8,11,21150000,25590119,"tt0231402"
"To Rome with Love ",2012,112,"R","Sony Pictures Classics","Color","Woody Allen","English","USA",1.85,0,275,163,438,6.3,44,1.7e+07,16684352,"tt1859650"
"Windsor Drive ",2015,90,NA,"Indican Pictures","Color","Natalie Bible'","English","USA",NA,1,7,6,13,3.2,NA,1e+05,NA,"tt2311428"
"Antwone Fisher ",2002,117,"PG-13","Fox Searchlight Pictures","Color","Denzel Washington","English","USA",2.35,0,121,159,280,7.3,79,12500000,21078145,"tt0168786"
"Plush ",2013,99,"R","Millennium Entertainment","Color","Catherine Hardwicke","English","USA",1.78,2,18,24,42,5.4,29,NA,2843,"tt2226519"
"A Nightmare on Elm Street 5: The Dream Child ",1989,89,"X","New Line Cinema","Black and White","Stephen Hopkins","English","USA",1.85,0,88,227,315,5.1,33,8e+06,22168359,"tt0097981"
"Good Morning, Vietnam ",1987,121,"R","Buena Vista Pictures","Color","Barry Levinson","English","USA",1.85,1,62,131,193,7.3,89,1.3e+07,123922370,"tt0093105"
"The Tale of Despereaux ",2008,93,"G","Universal Pictures","Color","Sam Fell","English","UK",2.35,0,118,106,224,6.1,56,6e+07,50818750,"tt0420238"
"Straight Out of Brooklyn ",1991,91,"R","HBO Video","Color","Matty Rich","English","USA",1.85,4,8,11,19,5.9,86,450000,2712293,"tt0102989"
"The Great Debaters ",2007,126,"PG-13",NA,"Color","Denzel Washington","English","USA",2.35,1,112,118,230,7.6,NA,1.5e+07,30226144,"tt0427309"
"The Raven ",2012,110,"R","Relativity Media","Color","James McTeigue","English","USA",2.35,1,265,190,455,6.4,22,2.6e+07,16005978,"tt1486192"
"Run All Night ",2015,114,"R","Warner Bros.","Color","Jaume Collet-Serra","English","USA",2.35,2,236,205,441,6.6,61,5e+07,26442251,"tt2199571"
"The Chronicles of Narnia: The Voyage of the Dawn Treader ",2010,113,"PG","20th Century Fox","Color","Michael Apted","English","USA",1.78,4,228,227,455,6.3,50,1.55e+08,104383624,"tt0980970"
"Light from the Darkroom ",2014,90,"PG-13",NA,"Color","Lance McDaniel","English","USA",NA,0,NA,1,NA,8,NA,6e+05,NA,"tt3130704"
"The Adventures of Pluto Nash ",2002,95,"PG-13","Warner Bros.","Color","Ron Underwood","English","USA",1.85,1,66,164,230,3.8,5,1e+08,4411102,"tt0180052"
"The November Man ",2014,108,"R","Relativity Media","Color","Roger Donaldson","English","USA",2.35,2,172,152,324,6.3,34,1.5e+07,24984868,"tt2402157"
"Across the Universe ",2007,133,"PG-13","Sony","Color","Julie Taymor","English","USA",2.35,0,156,524,680,7.4,53,4.5e+07,24343673,"tt0445922"
"Stranger Than Fiction ",2006,113,"PG-13","Sony Pictures","Color","Marc Forster","English","USA",1.85,1,253,529,782,7.6,72,3.8e+07,40137776,"tt0420223"
"The Pursuit of D.B. Cooper ",1981,100,"PG","Universal","Color","Roger Spottiswoode","English","USA",1.85,0,2,10,12,5.7,NA,1.2e+07,NA,"tt0082958"
"Evan Almighty ",2007,96,"PG","Universal Pictures","Color","Tom Shadyac","English","USA",2.35,0,186,257,443,5.4,23,1.75e+08,100289690,"tt0413099"
"Take Shelter ",2011,121,"R","Sony Pictures Classics","Color","Jeff Nichols","English","USA",2.35,0,359,219,578,7.4,92,5e+06,1729969,"tt1675192"
"Idle Hands ",1999,92,"R","Columbia Pictures","Color","Rodman Flender","English","USA",1.85,0,59,198,257,6.2,16,2e+07,4002955,"tt0138510"
"Asterix at the Olympic Games ",2008,116,NA,"Pathé Distribution","Color","Frédéric Forestier","French","France",2.35,1,33,36,69,5.1,NA,7.8e+07,NA,"tt0463872"
"They ",2002,89,"PG-13","Arts For The Free Spirit","Color","Robert Harmon","English","USA",2.35,0,81,271,352,4.8,38,1.7e+07,12693621,"tt0283632"
"The Iceman ",2012,106,"R","Millennium Entertainment","Color","Ariel Vromen","English","USA",1.85,1,221,144,365,6.9,66,1e+07,1939441,"tt1491044"
"My Stepmother Is an Alien ",1988,105,"PG-13","Sony Pictures Home Entertainment","Color","Richard Benjamin","English","USA",1.85,0,15,55,70,5.2,19,2e+07,13854000,"tt0095687"
"Amistad ",1997,155,"R","Dreamworks Distribution LLC","Color","Steven Spielberg","English","USA",1.85,2,77,227,304,7.2,76,3.6e+07,44175394,"tt0118607"
"Spawn ",1997,98,"R","New Line Home Entertainment","Color","Mark A.Z. Dippé","English","USA",1.85,0,70,209,279,5.2,18,4e+07,54967359,"tt0120177"
"Red Planet ",2000,106,"PG-13","Warner Bros.","Color","Antony Hoffman","English","USA",2.35,1,145,348,493,5.7,14,7e+07,17473245,"tt0199753"
"Men of Honor ",2000,129,"R","20th Century Fox","Color","George Tillman Jr.","English","USA",2.35,0,98,224,322,7.2,41,3.2e+07,48814909,"tt0203019"
"Wyatt Earp ",1994,212,"PG-13","Warner Home Video","Color","Lawrence Kasdan","English","USA",2.35,0,40,145,185,6.6,42,6.3e+07,25052000,"tt0111756"
"The Curse of the Were-Rabbit ",2005,85,"G","Dreamworks","Color","Steve Box","English","UK",1.85,0,209,307,516,7.5,95,3e+07,56068547,"tt0312004"
"The Crow ",1994,98,"R","LionsGate Entertainment","Color","Alex Proyas","English","USA",1.85,0,118,545,663,7.6,82,2.3e+07,50693162,"tt0109506"
"She's Out of My League ",2010,104,"R","Paramount","Color","Jim Field Smith","English","USA",2.35,1,180,131,311,6.4,58,2e+07,31584722,"tt0815236"
"10th & Wolf ",2006,107,"R","ThinkFilm","Color","Robert Moresco","English","USA",2.35,5,26,34,60,6.4,19,8e+06,53481,"tt0360323"
"Pretty Woman ",1990,125,"R","Buena Vista","Color","Garry Marshall","English","USA",1.85,2,82,271,353,6.9,61,1.4e+07,178406268,"tt0100405"
"Schindler's List ",1993,185,"R","Universal Pictures","Black and White","Steven Spielberg","English","USA",1.85,0,174,1273,1447,8.9,96,2.2e+07,96067179,"tt0108052"
"The Dead Girl ",2006,93,"R","Peace Arch","Color","Karen Moncrieff","English","USA",1.85,0,85,73,158,6.7,NA,NA,17311,"tt0783238"
"Won't Back Down ",2012,121,"PG","20th Century Fox","Color","Daniel Barnz","English","USA",2.35,2,102,37,139,6.4,33,NA,5308553,"tt1870529"
"Vaalu ",2015,155,NA,NA,"Color","Vijay Chandar","Tamil","India",NA,2,3,6,9,5.1,NA,1.5e+08,NA,"tt3566698"
"Tin Cup ",1996,135,"R","New Line Home Entertainment","Color","Ron Shelton","English","USA",2.35,0,48,73,121,6.3,69,4.5e+07,53854588,"tt0117918"
"Bowfinger ",1999,85,"PG-13","Universal Studios","Color","Frank Oz","English","USA",1.37,2,140,358,498,6.4,81,5.5e+07,66365290,"tt0131325"
"Born of War ",2014,109,"R","Grindstone Entertainment Group","Color","Vicky Jewson","English","UK",NA,3,8,3,11,4.4,NA,5e+06,NA,"tt1554921"
"The Angry Birds Movie ",2016,97,"PG","Sony Pictures","Color","Clay Kaytis","English","USA",1.85,0,141,126,267,6.3,44,7.3e+07,107225164,"tt1985949"
"Raging Bull ",1980,121,"R","United Artists","Black and White","Martin Scorsese","English","USA",1.85,1,151,494,645,8.3,95,1.8e+07,45250,"tt0081398"
"Bled ",2009,95,"R","Puncture Wounds LLC","Color","Christopher Hutson","English","USA",1.85,0,8,30,38,3.1,NA,750000,NA,"tt0997143"
"The Case of the Grinning Cat ",2004,59,NA,"First Run/Icarus","Color","Chris Marker","French","France",1.37,0,16,4,20,7.4,100,150000,NA,"tt0437123"
"Flicka ",2006,95,"PG","20th Century Fox","Color","Michael Mayer","English","USA",2.35,0,46,76,122,6.2,54,1.5e+07,20998709,"tt0434215"
"Gremlins ",1984,106,"PG","Warner Bros. Pictures","Color","Joe Dante","English","USA",2.2,0,183,245,428,7.2,85,1.1e+07,148170000,"tt0087363"
"No Reservations ",2007,104,"PG","Warner Bros. Pictures","Color","Scott Hicks","English","USA",2.35,2,171,128,299,6.3,42,2.8e+07,43097652,"tt0481141"
"A Most Violent Year ",2014,125,"R","A24","Color","J.C. Chandor","English","USA",2.35,0,350,180,530,7,89,2e+07,5749134,"tt2937898"
"Batman & Robin ",1997,125,"PG-13","Warner Home Video","Color","Joel Schumacher","English","USA",1.85,3,183,1018,1201,3.7,10,1.25e+08,107285004,"tt0118688"
"Super Hybrid ",2010,94,"PG-13","Anchor Bay Entertainment","Color","Eric Valette","English","USA",2.35,0,42,22,64,3.9,NA,1.3e+07,NA,"tt1152827"
"The Tailor of Panama ",2001,109,"R","Columbia Pictures","Color","John Boorman","English","USA",2.35,0,104,213,317,6.1,77,1.8e+07,13491653,"tt0236784"
"Night at the Museum: Battle of the Smithsonian ",2009,105,"PG","20th Century Fox","Color","Shawn Levy","English","USA",2.35,2,185,209,394,5.9,44,1.5e+08,177243721,"tt1078912"
"The Awakening ",2011,107,"R","Cohen Media Group","Color","Nick Murphy","English","UK",2.35,1,195,112,307,6.5,61,3e+06,NA,"tt1687901"
"Around the World in 80 Days ",2004,120,"PG","Buena Vista Pictures","Color","Frank Coraci","English","USA",2.35,0,188,191,379,5.8,31,1.1e+08,24004159,"tt0327437"
"Despicable Me 2 ",2013,98,"PG","Universal Pictures","Color","Pierre Coffin","English","USA",1.85,0,306,284,590,7.5,73,7.6e+07,368049635,"tt1690953"
"L.A. Confidential ",1997,138,"R","Warner Bros. Pictures","Color","Curtis Hanson","English","USA",2.35,2,177,625,802,8.3,99,3.5e+07,64604977,"tt0119488"
"Ant-Man ",2015,117,"PG-13","Disney/Marvel","Color","Peyton Reed","English","USA",1.85,6,517,549,1066,7.4,81,1.3e+08,180191634,"tt0478970"
"Still Alice ",2014,101,"PG-13","Sony Pictures Classics","Color","Richard Glatzer","English","USA",1.85,1,309,195,504,7.5,87,5e+06,18656400,"tt3316960"
"Fruitvale Station ",2013,85,"R","The Weinstein Company","Color","Ryan Coogler","English","USA",1.85,0,327,168,495,7.5,94,9e+05,16097842,"tt2334649"
"The Blood of My Brother ",2005,90,NA,NA,"Color","Andrew Berends","English","USA",1.66,1,12,7,19,6.6,NA,120000,NA,"tt0488873"
"Yes Man ",2008,104,"PG-13","Warner Bros. Pictures/Village Roadshow","Color","Peyton Reed","English","USA",2.35,1,190,243,433,6.8,46,7e+07,97680195,"tt1068680"
"Gunless ",2010,89,NA,"Cinema Eopch","Color","William Phillips","English","Canada",2.35,1,15,27,42,6.5,40,1e+07,NA,"tt1376195"
"Where the Wild Things Are ",2009,101,"PG","Warner Bros. Pictures","Color","Spike Jonze","English","Germany",2.35,0,333,388,721,6.8,73,1e+08,77222184,"tt0386117"
"Snake Eyes ",1998,98,"R","Paramount Pictures","Color","Brian De Palma","English","USA",2.35,1,117,241,358,5.9,40,6.9e+07,55585389,"tt0120832"
"Barbarella ",1968,98,"PG","Universal Pictures","Color","Roger Vadim","English","France",2.35,2,107,186,293,5.9,73,9e+06,NA,"tt0062711"
"Stoker ",2013,99,"R","Fox Searchlight Pictures","Color","Chan-wook Park","English","UK",2.35,4,469,235,704,6.8,69,1.2e+07,1702277,"tt1682180"
"Around the World in 80 Days ",2004,120,"PG","Buena Vista Pictures","Color","Frank Coraci","English","USA",2.35,0,188,191,379,5.8,31,1.1e+08,24004159,"tt0327437"
"About Schmidt ",2002,125,"R","New Line Cinema","Color","Alexander Payne","English","USA",1.85,1,217,612,829,7.2,85,3e+07,65010106,"tt0257360"
"Scooby-Doo 2: Monsters Unleashed ",2004,93,"PG","Warner Bros. Pictures","Color","Raja Gosnell","English","USA",1.85,0,94,149,243,4.9,21,8e+07,84185387,"tt0331632"
"Analyze That ",2002,96,"R","Warner Bros.","Color","Harold Ramis","English","USA",1.85,1,105,138,243,5.9,27,6e+07,32122249,"tt0289848"
"Juno ",2007,96,"PG-13","Fox Searchlight","Color","Jason Reitman","English","USA",1.85,0,387,881,1268,7.5,94,7500000,143492840,"tt0467406"
"Thirteen ",2003,100,"R","Fox Searchlight Pictures","Color","Catherine Hardwicke","English","USA",1.85,2,126,545,671,6.8,81,1500000,4599680,"tt0328538"
"Old Joy ",2006,76,"Unrated","Kino International","Color","Kelly Reichardt","English","USA",1.66,2,88,57,145,6.7,85,3e+05,255352,"tt0468526"
"The Green Hornet ",2011,119,"PG-13","Sony Pictures","Color","Michel Gondry","English","USA",2.35,0,447,443,890,5.8,43,1.2e+08,98780042,"tt0990407"
"Liar Liar ",1997,86,"PG-13","Universal Pictures","Color","Tom Shadyac","English","USA",1.85,1,73,243,316,6.8,81,4.5e+07,181395380,"tt0119528"
"Pirates of the Caribbean: On Stranger Tides ",2011,136,"PG-13","Walt Disney Pictures","Color","Rob Marshall","English","USA",2.35,4,448,484,932,6.7,32,2.5e+08,241063875,"tt1298650"
"Alvin and the Chipmunks: The Squeakquel ",2009,88,"PG","20th Century Fox","Color","Betty Thomas","English","USA",1.85,0,107,98,205,4.5,21,7.5e+07,219613391,"tt1231580"
"Kundun ",1997,134,"PG-13","Buena Vista Internationa","Color","Martin Scorsese","English","USA",2.35,0,85,117,202,7,76,2.8e+07,5532301,"tt0119485"
"The Twilight Saga: Eclipse ",2010,124,"PG-13","Summit Entertainment","Color","David Slade","English","USA",2.35,3,293,498,791,4.9,49,6.8e+07,300523113,"tt1325004"
"Spaceballs ",1987,96,"PG","MGM","Color","Mel Brooks","English","USA",1.85,2,103,273,376,7.1,54,22700000,38119483,"tt0094012"
"Mission to Mars ",2000,114,"PG",NA,"Color","Brian De Palma","English","USA",2.35,0,181,949,1130,5.6,NA,9e+07,60874615,"tt0183523"
"Bad Moms ",2016,100,"R","Block Entertainment","Color","Jon Lucas","English","USA",NA,9,81,46,127,6.7,58,2e+07,55461307,"tt4651520"
"Dick Tracy ",1990,105,"PG","Buena Vista Pictures","Color","Warren Beatty","English","USA",1.85,1,72,164,236,6.1,64,1e+08,103738726,"tt0099422"
"Chasing Mavericks ",2012,116,"PG","20th Century Fox","Color","Michael Apted","English","USA",1.85,2,116,75,191,7.2,31,2e+07,6002756,"tt1629757"
"Trainspotting ",1996,94,"R","Miramax Films","Color","Danny Boyle","English","UK",1.85,4,134,514,648,8.2,90,3500000,16501785,"tt0117951"
"Murder by Numbers ",2002,115,"R","Omega Entertainment","Color","Barbet Schroeder","English","USA",1.85,0,136,302,438,6.1,NA,5e+07,31874869,"tt0264935"
"Incendies ",2010,139,"R","Sony Pictures Classics","Color","Denis Villeneuve","French","Canada",1.85,0,226,156,382,8.2,92,6800000,6857096,"tt1255953"
"Ghost ",1990,127,"PG-13","Paramount Pictures","Color","Jerry Zucker","English","USA",1.85,0,77,252,329,7,74,2.2e+07,217631306,"tt0099653"
"Just My Luck ",2006,103,"PG-13","20th Century Fox","Color","Donald Petrie","English","USA",1.85,3,98,149,247,5.3,14,2.8e+07,17324744,"tt0397078"
"Simon Birch ",1998,114,"PG","Buena Vista","Color","Mark Steven Johnson","English","USA",1.85,2,60,219,279,6.9,44,3e+07,18252684,"tt0124879"
"I Love You Phillip Morris ",2009,102,"R","Roadside Attractions","Color","Glenn Ficarra","English","France",1.85,0,242,162,404,6.6,72,1.3e+07,2035566,"tt1045772"
"By the Sea ",2015,122,"R","Universal Pictures","Color","Angelina Jolie Pitt","English","USA",2.35,0,131,61,192,5.3,33,1e+07,531009,"tt3707106"
"Frida ",2002,123,"R","Miramax Films","Black and White","Julie Taymor","English","USA",1.85,0,128,271,399,7.4,76,1.2e+07,25776062,"tt0120679"
"Jupiter Ascending ",2015,127,"PG-13","Warner Bros. Pictures","Color","Lana Wachowski","English","USA",2.35,1,384,720,1104,5.4,26,1.76e+08,47375327,"tt1617661"
"The Glass House ",2001,106,"PG-13","The Film Sales Company","Color","Daniel Sackheim","English","USA",2.35,1,95,200,295,5.8,21,3e+07,17951431,"tt0221218"
"Diamonds Are Forever ",1971,120,"GP","Twentieth Century Fox Home Entertainment","Color","Guy Hamilton","English","UK",2.35,2,120,276,396,6.7,67,7200000,43800000,"tt0066995"
"Mindhunters ",2004,101,"R","Miramax","Color","Renny Harlin","English","USA",2.35,0,127,226,353,6.4,25,2.7e+07,4476235,"tt0297284"
"Syriana ",2005,128,"R","Warner Bros. Pictures","Color","Stephen Gaghan","English","USA",2.35,0,358,625,983,7,72,5e+07,50815288,"tt0365737"
"Restless ",2012,180,NA,"Endor Productions","Color","Edward Hall","English","UK",16,2,17,12,29,7.2,NA,NA,NA,"tt2241676"
"Moms' Night Out ",2014,98,"PG","TriStar Pictures","Color","Andrew Erwin","English","USA",2.35,NA,49,125,174,5.4,18,5e+06,10429707,"tt3014666"
"Nowhere Boy ",2009,98,"R","Weinstein Company","Color","Sam Taylor-Johnson","English","UK",2.35,1,205,75,280,7.2,79,NA,1445366,"tt1266029"
"Dredd ",2012,95,"R","Lionsgate Films","Color","Pete Travis","English","UK",2.35,0,432,588,1020,7.1,78,3.5e+07,13401683,"tt1343727"
"Escobar: Paradise Lost ",2014,120,"R","Radius-TWC","Color","Andrea Di Stefano","English","France",NA,1,106,39,145,6.6,52,1.7e+07,106869,"tt2515030"
"Brave New Girl ",2004,120,"PG-13","LionsGate Entertainment","Color","Bobby Roth","English","USA",NA,2,1,27,28,5,NA,NA,NA,"tt0403118"
"The Jungle Book 2 ",2003,72,"G","Buena Vista","Color","Steve Trenbirth","English","USA",1.85,0,85,58,143,5.4,19,2e+07,47887943,"tt0283426"
"Deep Impact ",1998,120,"PG-13","Paramount Pictures","Color","Mimi Leder","English","USA",2.35,0,125,493,618,6.1,48,7.5e+07,140459099,"tt0120647"
"April Fool's Day ",1986,89,"R",NA,"Color","Fred Walton","English","USA",2.35,0,96,125,221,6.2,NA,5e+06,12947763,"tt0090655"
"The Deer Hunter ",1978,183,"R","Universal Pictures","Color","Michael Cimino","English","UK",2.35,2,140,1026,1166,8.2,94,1.5e+07,NA,"tt0077416"
"300 ",2006,117,"R","Warner Bros. Pictures","Color","Zack Snyder","English","USA",2.35,0,460,2073,2533,7.7,60,6.5e+07,210592590,"tt0416449"
"Femme Fatale ",2002,114,"R","Warner Bros. Pictures","Color","Brian De Palma","English","France",1.85,1,149,232,381,6.3,48,3.5e+07,6592103,"tt0280665"
"Bandidas ",2006,93,"PG-13","20th Century Fox","Color","Joachim Rønning","English","France",2.35,2,58,76,134,5.7,62,3.2e+07,NA,"tt0416496"
"High Crimes ",2002,115,"PG-13",NA,"Color","Carl Franklin","English","USA",2.35,1,114,175,289,6.3,NA,4.2e+07,41543207,"tt0257756"
"Over the Hedge ",2006,83,"PG","Dreamworks","Color","Tim Johnson","English","USA",1.85,1,166,250,416,6.8,75,8e+07,155019340,"tt0327084"
"Volver ",2006,121,"R","Sony Pictures Classics","Color","Pedro Almodóvar","Spanish","Spain",2.35,1,232,228,460,7.6,92,NA,12899702,"tt0441909"
"Dead Man's Shoes ",2004,90,NA,"Magnolia","Black and White","Shane Meadows","English","UK",1.85,0,99,207,306,7.7,57,695393,6013,"tt0419677"
"Angel Eyes ",2001,102,"R","Bandai","Color","Luis Mandoki","English","USA",1.85,0,106,180,286,5.6,NA,3.8e+07,24044532,"tt0225071"
"Anchorman 2: The Legend Continues ",2013,143,"PG-13","Paramount Pictures","Color","Adam McKay","English","USA",2.35,2,272,346,618,6.3,75,5e+07,2175312,"tt1229340"
"American Splendor ",2003,101,"R","Fine Line Features","Color","Shari Springer Berman","English","USA",1.85,0,180,226,406,7.5,94,NA,6003587,"tt0305206"
"Peggy Sue Got Married ",1986,103,"PG-13","Twentieth Century Fox Home Entertainment","Color","Francis Ford Coppola","English","USA",1.85,0,44,96,140,6.3,85,1.8e+07,41382841,"tt0091738"
"Fun with Dick and Jane ",2005,90,"PG-13","Columbia Pictures","Color","Dean Parisot","English","USA",2.35,1,135,258,393,6.1,29,1e+08,110332737,"tt0369441"
"Changeling ",2008,141,"R","Universal Pictures","Color","Clint Eastwood","English","USA",2.35,0,264,387,651,7.8,62,5.5e+07,35707327,"tt0824747"
"Faith Like Potatoes ",2006,116,"PG","SPE Aquisitions","Color","Regardt van den Bergh","Zulu","South Africa",1.85,2,5,36,41,6.9,NA,1e+07,NA,"tt0850667"
"Songcatcher ",2000,109,"PG-13","Lions Gate","Color","Maggie Greenwald","English","USA",1.85,1,39,78,117,7.3,74,1800000,3050934,"tt0210299"
"Black Mass ",2015,123,"R","Warner Bros Pictures","Color","Scott Cooper","English","USA",2.35,7,391,289,680,7,73,5.3e+07,62563543,"tt1355683"
"Adam ",2009,99,"PG-13","Fox Searchlight Pictures","Color","Max Mayer","English","USA",2.35,0,122,70,192,7.2,64,NA,2277396,"tt1185836"
"Courage ",2015,118,"PG","Aviron","Color","Angelo Pizzo","English","USA",2.35,4,27,20,47,7,33,2e+07,2246000,"tt3719896"
"Rapa Nui ",1994,107,"R","Warner Home Video","Color","Kevin Reynolds","English","USA",2.35,1,9,25,34,6.4,NA,2e+07,305070,"tt0110944"
"A.I. Artificial Intelligence ",2001,146,"PG-13","Dreamworks","Color","Steven Spielberg","English","USA",1.85,0,281,2153,2434,7.1,73,1e+08,78616689,"tt0212720"
"Sex and the City 2 ",2010,146,"R","Warner Bros. Pictures","Color","Michael Patrick King","English","USA",1.85,4,221,293,514,4.3,15,1e+08,95328937,"tt1261945"
"Alex Rider: Operation Stormbreaker ",2006,93,"PG","Weinstein Company","Color","Geoffrey Sax","English","Germany",2.35,3,66,187,253,5.1,34,4e+07,652526,"tt0457495"
"Tim and Eric's Billion Dollar Movie ",2012,93,"R","Magnolia Pictures","Color","Tim Heidecker","English","USA",1.78,3,82,71,153,5.3,38,3e+06,200803,"tt1855401"
"Yes ",2004,100,"R","Sony Pictures Classics","Color","Sally Potter","English","UK",1.85,0,76,48,124,6.9,52,1e+06,396035,"tt0381717"
"The Happening ",2008,91,"R","20th Century Fox","Color","M. Night Shyamalan","English","USA",1.85,0,323,1264,1587,5,18,4.8e+07,64505912,"tt0949731"
"Crowsnest ",2012,84,"R","IFC Films","Color","Brenton Spencer","English","Canada",NA,0,22,51,73,3.8,NA,1200000,NA,"tt2180333"
"Baby Boy ",2001,130,"R","Columbia Pictures","Black and White","John Singleton","English","USA",1.85,2,41,81,122,6.4,71,1.6e+07,28734552,"tt0255819"
"The Mighty Macs ",2009,99,"G","Freestyle Releasing","Color","Tim Chambers","English","USA",2.35,2,34,12,46,6.5,46,7e+06,1889522,"tt1034324"
"Driving Lessons ",2006,98,"PG-13","Sony Pictures Classics","Color","Jeremy Brock","English","UK",1.85,0,64,70,134,6.8,48,NA,238774,"tt0446687"
"She's Gotta Have It ",1986,88,"R","Twentieth Century Fox Home Entertainment","Black and White","Spike Lee","English","USA",1.85,0,26,26,52,6.5,93,175000,7137502,"tt0091939"
"The Bad News Bears ",1976,102,"PG","Paramount Pictures","Color","Michael Ritchie","English","USA",1.85,1,40,91,131,7.3,96,NA,NA,"tt0074174"
"Good ",2008,92,"R","ThinkFilm","Color","Vicente Amorim","English","UK",2.35,1,67,42,109,6.2,33,1.5e+07,23091,"tt0436364"
"Drillbit Taylor ",2008,102,"PG-13","Paramount Pictures","Color","Steven Brill","English","USA",2.35,1,146,101,247,5.7,25,4e+07,32853640,"tt0817538"
"In the Company of Men ",1997,97,"R","Sony Pictures Classics","Color","Neil LaBute","English","Canada",1.85,0,80,197,277,7.3,89,25000,2856622,"tt0119361"
"The Pink Panther ",2006,93,"PG","MGM/Columbia","Color","Shawn Levy","English","USA",1.85,0,147,424,571,5.6,22,6.5e+07,82226474,"tt0383216"
"Trance ",2013,101,"R","20th Century Fox","Color","Danny Boyle","English","UK",2.35,0,393,212,605,7,68,2e+07,2319187,"tt1924429"
"Saving Mr. Banks ",2013,125,"PG-13","Walt Disney Pictures","Color","John Lee Hancock","English","USA",2.35,2,405,306,711,7.5,78,3.5e+07,83299761,"tt2140373"
"The Way of the Gun ",2000,119,"R","Artisan Entertainment","Color","Christopher McQuarrie","English","USA",1.85,4,117,327,444,6.7,48,8500000,6047856,"tt0202677"
"Getaway ",2013,90,"PG-13","Warner Bros. Pictures","Color","Courtney Solomon","English","USA",2.35,1,146,109,255,4.4,2,1.8e+07,10494494,"tt2167202"
"30 Days of Night ",2007,113,"R","Sony Pictures/Columbia","Color","David Slade","English","USA",2.35,0,304,527,831,6.6,51,3.2e+07,39568996,"tt0389722"
"Simply Irresistible ",1999,96,"PG-13","Twentieth Century Fox Home Entertainment","Color","Mark Tarlov","English","Germany",2.35,1,35,190,225,5.3,13,6e+06,4394936,"tt0145893"
"The Lost Medallion: The Adventures of Billy Stone ",2013,97,"PG","Independent Pictures","Color","Bill Muir","English","Thailand",2.35,NA,10,16,26,4.8,NA,NA,549632,"tt1390539"
"The Muppet Christmas Carol ",1992,89,"G","Walt Disney Home Entertainment","Color","Brian Henson","English","USA",1.85,0,75,147,222,7.7,69,1.2e+07,27281507,"tt0104940"
"The Best Offer ",2013,131,"R","IFC Films","Color","Giuseppe Tornatore","English","Italy",2.35,2,124,131,255,7.8,56,13500000,85433,"tt1924396"
"Reindeer Games ",2000,124,"R","Dimension Films","Color","John Frankenheimer","English","USA",2.35,0,126,212,338,5.7,25,3.4e+07,23360779,"tt0184858"
"Crank ",2006,93,"R","Lionsgate","Color","Mark Neveldine","English","USA",1.78,1,170,444,614,7,61,1.2e+07,27829874,"tt0479884"
"The Big Bounce ",2004,88,"PG-13","Warner Bros. Pictures","Color","George Armitage","English","USA",2.35,5,75,93,168,4.9,16,5e+07,6471394,"tt0315824"
"Pirates of the Caribbean: At World's End ",2007,169,"PG-13","Buena Vista","Color","Gore Verbinski","English","USA",2.35,0,302,1238,1540,7.1,45,3e+08,309404152,"tt0449088"
"Grosse Pointe Blank ",1997,107,"R","Buena Vista Internationa","Color","George Armitage","English","USA",1.85,1,111,296,407,7.4,80,1.5e+07,28014536,"tt0119229"
"Get Rich or Die Tryin' ",2005,117,"R","Paramount Pictures","Color","Jim Sheridan","English","USA",2.35,0,98,284,382,5,16,4e+07,30981850,"tt0430308"
"My Best Friend's Girl ",2008,112,"R","Lionsgate","Color","Howard Deutch","English","USA",1.85,3,80,100,180,5.9,14,4e+07,19151864,"tt1046163"
"Survival of the Dead ",2009,90,"R","Magnolia Pictures","Color","George A. Romero","English","USA",2.35,0,274,159,433,5,29,4e+06,101055,"tt1134854"
"Bronson ",2008,92,"R","Magnolia Pictures","Color","Nicolas Winding Refn","English","UK",1.85,0,225,145,370,7.1,76,NA,104792,"tt1172570"
"8 Mile ",2002,110,"R","Universal Pictures","Color","Curtis Hanson","English","USA",2.35,0,119,564,683,7,76,4.1e+07,116724075,"tt0298203"
"A Perfect Plan ",2012,104,NA,"Quad Films","Color","Pascal Chaumeil","French","France",2.35,2,58,11,69,6.3,33,1.7e+07,NA,"tt1986843"
"The Last Song ",2010,107,"PG","Walt Disney Studios","Color","Julie Anne Robinson","English","USA",2.35,1,123,185,308,5.8,20,2e+07,62933793,"tt1294226"
"Robots ",2005,91,"PG","20th Century Fox","Color","Chris Wedge","English","USA",1.85,1,163,269,432,6.3,64,7.5e+07,128200012,"tt0358082"
"The Day the Earth Stood Still ",2008,104,"PG-13","20th Century Fox","Color","Scott Derrickson","English","USA",2.35,0,276,698,974,5.5,21,8e+07,79363785,"tt0970416"
"Marilyn Hotchkiss' Ballroom Dancing and Charm School ",1990,34,NA,NA,"Color","Randall Miller","English","USA",NA,0,1,2,3,7.1,NA,34000,333658,"tt0283465"
"The Jacket ",2005,94,"R","Warner Independent","Color","John Maybury","English","USA",2.35,0,161,263,424,7.1,44,2.9e+07,6301131,"tt0366627"
"The Martian ",2015,151,"PG-13","20th Century Fox","Color","Ridley Scott","English","USA",2.35,1,568,1023,1591,8.1,91,1.08e+08,228430993,"tt3659388"
"All About the Benjamins ",2002,95,"R","New Line Cinema","Color","Kevin Bray","English","USA",2.35,2,40,33,73,5.7,30,1.4e+07,25482931,"tt0278295"
"A Man Apart ",2003,109,"R","New Line Cinema","Color","F. Gary Gray","English","USA",2.35,0,110,135,245,6.1,11,3.6e+07,26183197,"tt0266465"
"No Country for Old Men ",2007,122,"R","Miramax Films","Color","Ethan Coen","English","USA",2.35,0,488,1518,2006,8.1,93,2.5e+07,74273505,"tt0477348"
"The Bone Collector ",1999,118,"R","Universal Studios","Color","Phillip Noyce","English","USA",2.35,2,75,397,472,6.7,28,4.8e+07,66488090,"tt0145681"
"3 Ninjas Kick Back ",1994,93,"PG","Sony Pictures Home Entertainment","Color","Charles T. Kanganis","English","USA",1.85,0,5,26,31,4.3,15,2e+07,11784000,"tt0109015"
"Little Nicholas ",2009,91,NA,"Wild Bunch","Color","Laurent Tirard","French","France",1.85,7,56,17,73,7.2,60,NA,NA,"tt1264904"
"A History of Violence ",2005,96,"R","New Line Cinema","Color","David Cronenberg","English","USA",1.85,1,441,1125,1566,7.5,87,3.2e+07,31493782,"tt0399146"
"The Gunman ",2015,115,"R","Open Road Films","Color","Pierre Morel","English","USA",2.35,0,224,110,334,5.8,17,4e+07,10640645,"tt2515034"
"The Woman in Black ",2012,95,"PG-13","CBS Films","Color","James Watkins","English","UK",2.35,0,462,509,971,6.4,66,1.7e+07,54322273,"tt1596365"
"Goldfinger ",1964,110,"Approved","United Artists","Color","Guy Hamilton","English","UK",1.37,2,164,418,582,7.8,96,3e+06,51100000,"tt0058150"
"The Conspirator ",2010,122,"PG-13","Roadside Attractions","Color","Robert Redford","English","USA",2.35,0,199,135,334,7,55,2.5e+07,11538204,"tt0968264"
"The Musketeer ",2001,104,"PG-13","Universal Pictures","Color","Peter Hyams","English","Germany",2.35,0,107,291,398,4.7,11,4e+07,27053815,"tt0246544"
"Bill & Ted's Excellent Adventure ",1989,90,"PG","Orion Pictures Corporation","Color","Stephen Herek","English","USA",2.35,6,81,181,262,6.9,77,1e+07,40485039,"tt0096928"
"Ice Age: Continental Drift ",2012,88,"PG","20th Century Fox","Color","Steve Martino","English","USA",2.35,0,233,139,372,6.6,37,9.5e+07,161317423,"tt1667889"
"Journey from the Fall ",2006,135,"R","Imaginasian Pictures","Color","Ham Tran","Vietnamese","USA",1.85,2,15,19,34,7.4,92,1592000,638951,"tt0433398"
"Blonde Ambition ",2007,93,"PG-13","Romar Entertainment","Color","Scott Marshall","English","USA",1.85,1,20,34,54,3.9,14,1e+07,5561,"tt0887719"
"Fatal Attraction ",1987,119,"R","Paramount Pictures","Color","Adrian Lyne","English","USA",1.85,0,94,201,295,6.9,78,1.4e+07,156645693,"tt0093010"
"The Hustler ",1961,134,"Unrated","Fox","Black and White","Robert Rossen","English","USA",2.35,1,100,167,267,8,98,2e+06,NA,"tt0054997"
"Cats Don't Dance ",1997,75,"G","Warner Bros. Pictures","Color","Mark Dindal","English","USA",1.33,0,18,49,67,6.9,69,3.2e+07,3562749,"tt0118829"
"Marci X ",2003,80,"R","Paramount Pictures","Color","Richard Benjamin","English","USA",1.85,2,28,66,94,2.8,9,2e+07,1646664,"tt0266747"
"Minions ",2015,91,"PG","Universal Pictures","Color","Kyle Balda","English","USA",1.85,0,308,275,583,6.4,56,7.4e+07,336029560,"tt2293640"
"Skyfall ",2012,143,"PG-13","MGM","Color","Sam Mendes","English","UK",2.35,0,750,1498,2248,7.8,93,2e+08,304360277,"tt1074638"
"The Big Tease ",1999,86,"R","WARNER BROTHERS PICTURES","Color","Kevin Allen","English","UK",1.85,1,33,31,64,6.3,56,4e+06,185577,"tt0156639"
"The Watcher ",2000,97,"R","Universal Pictures","Color","Joe Charbanic","English","USA",1.85,0,103,181,284,5.3,10,3.3e+07,28927720,"tt0204626"
"The Life Aquatic with Steve Zissou ",2004,119,"R","Empire Pictures","Color","Wes Anderson","English","USA",2.35,8,259,632,891,7.3,73,5e+07,24006726,"tt0362270"
"The Greatest ",2009,96,"R","Paladin","Color","Shana Feste","English","USA",2.35,2,63,50,113,6.7,53,6e+06,115862,"tt1226232"
"Flipped ",2010,90,"PG","Warner Bros. Pictures","Color","Rob Reiner","English","USA",1.85,0,87,104,191,7.7,55,1.4e+07,1752214,"tt0817177"
"Letters to Juliet ",2010,105,"PG","Summit Entertainment","Color","Gary Winick","English","USA",2.35,1,159,156,315,6.5,41,3e+07,53021560,"tt0892318"
"Small Soldiers ",1998,108,"PG-13","Dreamworks","Color","Joe Dante","English","USA",2.35,0,100,139,239,6.1,48,4e+07,53955614,"tt0122718"
"Grudge Match ",2013,113,"PG-13","Warner Bros. Pictures","Color","Peter Segal","English","USA",1.85,1,211,115,326,6.4,29,4e+07,29802761,"tt1661382"
"Madison ",2001,94,"PG","MGM","Color","William Bindley","English","USA",2.35,0,21,26,47,6.5,29,NA,508867,"tt0206113"
"Killer Joe ",2011,98,"R","Independent Pictures","Color","William Friedkin","English","USA",1.85,0,376,216,592,6.7,78,1.1e+07,1987762,"tt1726669"
"The Bridge of San Luis Rey ",2004,120,"PG","Fine Line Features","Color","Mary McGuckian","English","UK",1.85,3,16,50,66,5.1,4,2.4e+07,42880,"tt0356443"
"Erin Brockovich ",2000,131,"R","Universal Pictures","Color","Steven Soderbergh","English","USA",1.85,0,169,498,667,7.3,84,5.2e+07,125548685,"tt0195685"
"Made of Honor ",2008,101,"PG-13","Sony Pictures/Columbia","Color","Paul Weiland","English","USA",2.35,2,128,101,229,5.8,14,4e+07,46012734,"tt0866439"
"Flash Gordon ",1980,111,"PG","MCA Universal Home Video","Color","Mike Hodges","English","UK",2.35,1,100,247,347,6.4,82,2e+07,NA,"tt0080745"
"Unnatural ",2015,89,"R",NA,"Color","Hank Braxtan","English","USA",2.35,0,14,17,31,4,NA,3e+06,NA,"tt3551400"
"College ",2008,94,"R","MGM","Color","Deb Hagan","English","USA",1.85,0,42,78,120,4.6,5,6500000,4693919,"tt0844671"
"Romance & Cigarettes ",2005,105,"R","Boroturro","Color","John Turturro","English","USA",2.35,0,87,69,156,6.3,54,NA,540085,"tt0368222"
"Bullet to the Head ",2012,92,"R","Warner Bros. Pictures","Color","Walter Hill","English","USA",1.85,3,279,131,410,5.7,47,5.5e+07,9483821,"tt1308729"
"Left Behind ",2014,110,"PG-13","Freestyle Releasing","Color","Vic Armstrong","English","USA",2.35,1,169,374,543,3.1,2,1.6e+07,13998282,"tt2467046"
"Deterrence ",1999,104,"R","Paramount Home Video","Color","Rod Lurie","English","France",1.85,0,29,79,108,6.5,46,8e+05,144583,"tt0158583"
"The Velocity of Gary ",1998,100,"R","Sony Pictures Home Entertainment","Color","Dan Ireland","English","USA",2.35,0,19,40,59,5,22,4e+06,NA,"tt0120878"
"Love Jones ",1997,104,"R","New Line Home Entertainment","Color","Theodore Witcher","English","USA",1.85,0,16,28,44,7.4,67,1e+07,12514138,"tt0119572"
"Dylan Dog: Dead of Night ",2010,107,"PG-13","Freestyle Releasing","Color","Kevin Munroe","English","USA",2.35,1,138,75,213,5.1,8,2e+07,1183354,"tt1013860"
"The Nutty Professor ",1996,95,"PG-13","Universal Pictures","Color","Tom Shadyac","English","USA",1.85,1,57,99,156,5.6,64,5.4e+07,128769345,"tt0117218"
"3 Strikes ",2000,82,"R","MGM Home Entertainment","Color","DJ Pooh","English","USA",1.85,1,22,10,32,4,0,6e+06,9821335,"tt0199290"
"Ultramarines: A Warhammer 40,000 Movie ",2010,76,"R","Codex Pictures Limited","Color","Martyn Pick","English","UK",1.85,0,19,64,83,5.7,NA,NA,NA,"tt1679332"
"Girl House ",2014,99,NA,"Entertainment One Films","Color","Jon Knautz","English","Canada",2.35,0,63,33,96,5.5,70,3150000,NA,"tt2577172"
"Ronin ",1998,122,"R","MGM/UA","Color","John Frankenheimer","English","UK",2.35,2,149,572,721,7.3,68,5.5e+07,41609593,"tt0122690"
"The Helix... Loaded ",2005,97,"R",NA,"Color","A. Raven Cruz","English","USA",1.78,2,3,9,12,1.9,NA,1e+06,NA,"tt0401462"
"Original Sin ",2001,118,"R","MGM","Color","Michael Cristofer","English","France",2.35,1,93,181,274,6,12,4.2e+07,16252765,"tt0218922"
"The Campaign ",2012,85,"R","Warner Bros. Pictures","Color","Jay Roach","English","USA",1.85,0,255,177,432,6.2,64,9.5e+07,86897182,"tt1790886"
"Eye for an Eye ",1996,101,"R","Leo Films","Color","John Schlesinger","English","USA",1.85,1,31,77,108,6.1,NA,2e+07,53146000,"tt0116260"
"The Sorcerer's Apprentice ",2010,109,"PG","Walt Disney Studios","Color","Jon Turteltaub","English","USA",2.35,0,235,238,473,6.1,41,1.5e+08,63143812,"tt0963966"
"Waiting... ",2005,94,"R","Lions Gate","Color","Rob McKittrick","English","USA",1.85,3,91,236,327,6.8,31,3e+06,16101109,"tt0348333"
"The Original Kings of Comedy ",2000,115,"R","Paramount Pictures","Color","Spike Lee","English","USA",1.85,0,53,83,136,6.6,86,3e+06,38168022,"tt0236388"
"Mad Money ",2008,104,"PG-13","Overture Films","Color","Callie Khouri","English","USA",2.35,3,98,54,152,5.8,22,2.2e+07,20668843,"tt0951216"
"42 ",2013,128,"PG-13","Warner Bros. Pictures","Color","Brian Helgeland","English","USA",2.35,0,216,200,416,7.5,79,4e+07,95001343,"tt0453562"
"Silent Running ",1972,89,"GP","MCA Universal Home Video","Color","Douglas Trumbull","English","USA",1.85,1,87,199,286,6.7,67,1e+06,NA,"tt0067756"
"The Cable Guy ",1996,96,"PG-13","Sony Pictures Home Entertainment","Color","Ben Stiller","English","USA",2.35,1,72,345,417,6,54,4.7e+07,60154431,"tt0115798"
"Blended ",2014,117,"PG-13","Warner Bros. Pictures","Color","Frank Coraci","English","USA",1.85,0,173,184,357,6.5,14,4e+07,46280507,"tt1086772"
"Edge of Darkness ",2010,117,"R","Warner Bros. Pictures","Color","Martin Campbell","English","UK",2.35,1,258,256,514,6.6,56,8e+07,43290977,"tt1226273"
"Bridge of Spies ",2015,142,"PG-13","Dreamworks Pictures","Color","Steven Spielberg","English","USA",2.35,0,459,355,814,7.6,91,4e+07,72306065,"tt3682448"
"The Artist ",2011,100,"PG-13","The Weinstein Company","Black and White","Michel Hazanavicius","English","France",1.33,0,576,583,1159,8,96,1.5e+07,44667095,"tt1655442"
"Insidious ",2010,103,"PG-13","FilmDistrict","Color","James Wan","English","USA",2.35,1,445,752,1197,6.8,66,1500000,53991137,"tt1591095"
"Tumbleweeds ",1999,102,"PG-13","Fine Line Features","Color","Gavin O'Connor","English","USA",1.85,1,64,73,137,6.7,82,312000,1281176,"tt0161023"
"Trade of Innocents ",2012,88,"PG-13","Monterey Media","Color","Christopher M. Bessette","English","USA",2.35,2,6,8,14,5.4,0,NA,15059,"tt1772408"
"Super Mario Bros. ",1993,104,"PG","Buena Vista","Color","Annabel Jankel","English","UK",1.85,0,36,290,326,4,15,4.2e+07,20915465,"tt0108255"
"Foodfight! ",2012,91,"PG","Lionsgate Films","Color","Lawrence Kasanoff","English","USA",NA,0,12,66,78,1.7,NA,6.5e+07,NA,"tt0249516"
"School for Scoundrels ",2006,108,"PG-13","MGM","Color","Todd Phillips","English","USA",2.35,1,110,97,207,5.9,25,2e+07,17803796,"tt0462519"
"Yours, Mine and Ours ",1968,111,"Unrated","MGM Home Entertainment","Color","Melville Shavelson","English","USA",1.85,0,8,61,69,7.2,50,2500000,NA,"tt0063829"
"Wall Street: Money Never Sleeps ",2010,136,"PG-13","20th Century Fox","Color","Oliver Stone","English","USA",2.35,2,297,245,542,6.3,55,7e+07,52474616,"tt1027718"
"Camping sauvage ",2005,79,NA,"Indie Crush","Color","Christophe Ali","French","France",NA,0,7,6,13,5.4,NA,NA,NA,"tt0451673"
"Waterloo ",1970,134,"G","Columbia Pictures","Color","Sergey Bondarchuk","English","Italy",2.35,2,16,76,92,7.3,NA,2.5e+07,NA,"tt0066549"
"Terminator 2: Judgment Day ",1991,153,"R","TriStar Pictures","Color","James Cameron","English","USA",2.35,0,210,983,1193,8.5,93,1.02e+08,204843350,"tt0103064"
"The Magic Sword: Quest for Camelot ",1998,86,"G","Warner Bros. Pictures","Color","Frederik Du Chau","English","USA",1.85,0,34,67,101,6.2,36,4e+07,22717758,"tt0120800"
"The Prince of Egypt ",1998,99,"PG","Dreamworks","Color","Brenda Chapman","English","USA",1.85,2,120,353,473,7,79,7e+07,101217900,"tt0120794"
"The Last Five Years ",2014,94,"PG-13","Radius-TWC","Color","Richard LaGravenese","English","USA",2.35,7,81,40,121,5.9,58,NA,137945,"tt2474024"
"The Intern ",2015,121,"PG-13","Warner Bros. Pictures","Color","Nancy Meyers","English","USA",1.85,2,241,304,545,7.2,61,3.5e+07,75274748,"tt2361509"
"Step Up 3D ",2010,107,"PG-13","Touchstone Pictures","Color","Jon M. Chu","English","USA",1.85,0,138,86,224,6.2,46,3e+07,42385520,"tt1193631"
"Wish I Was Here ",2014,106,"R","Focus Features","Color","Zach Braff","English","USA",2.35,4,149,93,242,6.7,44,6e+06,3588432,"tt2870708"
"El crimen del padre Amaro ",2002,118,"R","Samuel Goldwyn Films","Color","Carlos Carrera","Spanish","Mexico",1.85,0,85,110,195,6.8,62,1800000,5709616,"tt0313196"
"A Haunted House 2 ",2014,86,"R","Open Road Films","Color","Michael Tiddes","English","USA",1.85,2,69,48,117,4.7,8,4e+06,17314483,"tt2828996"
"For Love of the Game ",1999,137,"PG-13","Universal Pictures","Color","Sam Raimi","English","USA",2.35,0,113,226,339,6.5,46,5e+07,35168395,"tt0126916"
"Teeth ",2007,94,"R","Roadside Attractions","Color","Mitchell Lichtenstein","English","USA",1.85,1,221,161,382,5.4,79,NA,347578,"tt0780622"
"The 33 ",2015,127,"PG-13","Warner Bros. Pictures","Color","Patricia Riggen","English","Chile",2.35,7,120,56,176,6.9,46,2.6e+07,12188642,"tt2006295"
"Friday ",1995,97,"R","Zebra","Black and White","F. Gary Gray","English","USA",1.85,1,20,157,177,7.3,NA,3500000,27900000,"tt0113118"
"Lethal Weapon 3 ",1992,121,"R","Warner Home Video","Color","Richard Donner","English","USA",2.35,2,68,136,204,6.7,57,3.5e+07,144731527,"tt0104714"
"Dressed to Kill ",1980,104,"X","MGM","Color","Brian De Palma","English","USA",2.35,0,121,201,322,7.1,84,6500000,31899000,"tt0080661"
"The 40-Year-Old Virgin ",2005,133,"R","Universal Pictures","Color","Judd Apatow","English","USA",1.85,1,217,546,763,7.1,85,2.6e+07,109243478,"tt0405422"
"Sparkle ",2012,116,"PG-13","Sony Pictures","Color","Salim Akil","English","USA",2.35,7,82,48,130,5.7,57,1.7e+07,24397469,"tt1876451"
"High School Musical ",2006,98,"TV-G","Walt Disney Pictures","Color","Kenny Ortega","English","USA",1.33,0,57,726,783,5.2,56,4200000,NA,"tt0475293"
"Vera Drake ",2004,125,"R","New Line Cinema","Color","Mike Leigh","English","UK",1.85,1,169,165,334,7.7,92,1.1e+07,3753806,"tt0383694"
"American Graffiti ",1973,112,"PG","Universal Pictures","Color","George Lucas","English","USA",2.35,1,100,238,338,7.5,95,777000,1.15e+08,"tt0069704"
"Submarine ",2010,97,"R","The Weinstein Company","Color","Richard Ayoade","English","UK",1.85,1,249,100,349,7.3,86,NA,466702,"tt1440292"
"Body Double ",1984,114,"R","Sony Pictures Home Entertainment","Color","Brian De Palma","English","USA",1.85,0,98,178,276,6.8,77,1e+07,NA,"tt0086984"
"The Hobbit: The Desolation of Smaug ",2013,186,"PG-13","Warner Bros.","Color","Peter Jackson","English","USA",2.35,6,509,951,1460,7.9,74,2.25e+08,258355354,"tt1170358"
"Boyhood ",2014,165,"R","IFC Films","Color","Richard Linklater","English","USA",1.85,0,548,836,1384,8,98,4e+06,25359200,"tt1065073"
"Beautiful Creatures ",2013,124,"PG-13","Warner Bros. Pictures","Color","Richard LaGravenese","English","USA",2.35,7,231,258,489,6.2,46,6e+07,19445217,"tt1559547"
"National Lampoon's Vacation ",1983,98,"R","Warner Bros. Pictures","Color","Harold Ramis","English","USA",1.85,1,55,183,238,7.4,93,1.5e+07,61400000,"tt0085995"
"Batman: The Dark Knight Returns, Part 2 ",2013,148,"PG-13","Warner Bros.","Color","Jay Oliva","English","USA",NA,0,44,55,99,8.4,NA,3500000,NA,"tt2166834"
"Navy Seals vs. Zombies ",2015,97,NA,"Throne Productions","Color","Stanton Barrett","English","USA",NA,1,21,14,35,3.4,NA,NA,NA,"tt4511566"
"Spider-Man 2 ",2004,135,"PG-13","Sony Pictures","Color","Sam Raimi","English","USA",2.35,1,300,1303,1603,7.3,94,2e+08,373377893,"tt0316654"
"Nixon ",1995,212,"R","Buena Vista Pictures","Black and White","Oliver Stone","English","USA",2.35,0,83,161,244,7.1,75,5e+07,13560960,"tt0113987"
"Ghosts of Mars ",2001,98,"R","Sony","Color","John Carpenter","English","USA",2.35,5,156,460,616,4.9,21,2.8e+07,8434601,"tt0228333"
"Hostel ",2005,93,"R","Lions Gate Films","Color","Eli Roth","English","USA",2.35,0,303,1516,1819,5.9,61,4800000,47277326,"tt0450278"
"The Blind Side ",2009,129,"PG-13","Warner Bros. Pictures","Color","John Lee Hancock","English","USA",1.85,0,261,420,681,7.7,66,2.9e+07,255950375,"tt0878804"
"The Blues Brothers ",1980,148,"R","Universal Pictures","Color","John Landis","English","USA",1.85,1,125,319,444,7.9,85,2.7e+07,54200000,"tt0080455"
"Insurgent ",2015,119,"PG-13","Lionsgate Films","Color","Robert Schwentke","English","USA",2.35,0,263,258,521,6.3,29,1.1e+08,129995817,"tt2908446"
"Dancer in the Dark ",2000,140,"R","Fine Line Features","Color","Lars von Trier","English","Denmark",2.35,0,177,690,867,8,68,12800000,4157491,"tt0168629"
"Gremlins 2: The New Batch ",1990,106,"PG-13","Warner Home Video","Color","Joe Dante","English","USA",1.85,0,105,148,253,6.3,67,5e+07,41482207,"tt0099700"
"The Greatest Game Ever Played ",2005,120,"PG","Buena Vista Pictures","Color","Bill Paxton","English","USA",1.85,1,86,106,192,7.5,63,NA,15331289,"tt0388980"
"Howards End ",1992,140,"PG","Sony Pictures Home Entertainment","Color","James Ivory","English","UK",2.35,3,51,86,137,7.5,92,NA,25967000,"tt0104454"
"The Girl with the Dragon Tattoo ",2011,158,"R","Sony Pictures","Color","David Fincher","English","USA",2.35,1,517,632,1149,7.8,86,9e+07,102515793,"tt1568346"
"The Guilt Trip ",2012,95,"PG-13","Paramount Pictures","Color","Anne Fletcher","English","USA",2.35,1,147,103,250,5.8,38,4e+07,37101011,"tt1694020"
"I Spit on Your Grave ",2010,105,"R","Anchor Bay Films","Color","Steven R. Monroe","English","USA",2.35,0,225,209,434,6.3,34,2e+06,92401,"tt1242432"
"Chernobyl Diaries ",2012,86,"R","Warner Bros. Pictures","Color","Bradley Parker","English","USA",1.85,0,270,271,541,5,18,1e+06,18112929,"tt1991245"
"Half Nelson ",2006,106,"R","ThinkFilm","Color","Ryan Fleck","English","USA",1.85,2,208,189,397,7.2,90,7e+05,2694973,"tt0468489"
"Sands of Iwo Jima ",1949,109,"Approved","Republic Pictures Home Video","Black and White","Allan Dwan","English","USA",1.37,0,40,69,109,7.2,100,1e+06,NA,"tt0041841"
"Exeter ",2015,91,"R","Viva Pictures","Color","Marcus Nispel","English","USA",1.85,0,43,33,76,4.6,NA,NA,NA,"tt1945044"
"Room ",2015,118,"R","Element Pictures","Color","Lenny Abrahamson","English","Ireland",2.35,0,421,351,772,8.3,94,1.3e+07,14677654,"tt3170832"
"Center Stage ",2000,115,"PG-13","Columbia Pictures","Color","Nicholas Hytner","English","USA",2.35,2,68,210,278,6.7,43,1.8e+07,17174870,"tt0210616"
"The Naked Ape ",2006,NA,NA,NA,"Color","Daniel Mellitz","English","USA",NA,0,NA,3,NA,4.7,NA,NA,NA,"tt0381053"
"Incident at Loch Ness ",2004,94,"PG-13","Eden Rock Media","Color","Zak Penn","English","UK",1.85,0,60,63,123,6.6,62,1400000,36830,"tt0374639"
"The Mask ",1994,114,"PG-13","New Line Cinema","Color","Chuck Russell","English","USA",1.85,0,57,213,270,6.9,77,1.8e+07,119938730,"tt0110475"
"Galaxina ",1980,95,"R","Crown International Pictures","Color","William Sachs","English","USA",2.35,0,24,44,68,3.4,17,NA,NA,"tt0080771"
"The Messenger ",2009,105,"R","Oscilloscope Pictures","Color","Oren Moverman","English","USA",2.35,0,217,92,309,7.2,89,6500000,66637,"tt0790712"
"Rocky ",1976,145,"PG","United Artists","Color","John G. Avildsen","English","USA",1.33,0,141,542,683,8.1,93,960000,117235247,"tt0075148"
"G-Force ",2009,88,"PG","Walt Disney Pictures","Color","Hoyt Yeatman","English","USA",2.35,0,145,90,235,5.1,22,1.5e+08,119420252,"tt0436339"
"Curse of the Golden Flower ",2006,114,"R","Sony Classic Pictures","Color","Yimou Zhang","Mandarin","China",2.35,2,189,229,418,7,66,4.5e+07,6565495,"tt0473444"
"The Finest Hours ",2016,117,"PG-13","Walt Disney Pictures","Color","Craig Gillespie","English","USA",2.35,0,178,113,291,6.8,63,NA,27550735,"tt2025690"
"In the Valley of Elah ",2007,121,"R","Warner Independent Pictures","Color","Paul Haggis","English","USA",2.35,2,232,224,456,7.2,73,NA,6777589,"tt0478134"
"Michael Collins ",1996,133,"R","Warner Bros.","Black and White","Neil Jordan","English","UK",1.85,2,44,93,137,7.1,78,2.8e+07,11030963,"tt0117039"
"Rollerball ",2002,98,"R","MGM/UA Distribution Company","Color","John McTiernan","English","USA",2.35,3,151,289,440,3,3,7e+07,18990542,"tt0246894"
"The Ballad of Gregorio Cortez ",1982,105,NA,"Embassy","Color","Robert M. Young","English","USA",NA,0,NA,2,NA,7.1,NA,1250000,NA,"tt3551840"
"Penguins of Madagascar ",2014,92,"PG","DreamWorks Animation","Color","Eric Darnell","English","USA",1.85,0,153,118,271,6.7,72,1.32e+08,83348920,"tt1911658"
"District 9 ",2009,112,"R","Sony Pictures/Screen Gems","Color","Neill Blomkamp","English","South Africa",1.85,0,472,1262,1734,8,90,3e+07,115646235,"tt1136608"
"The Hudsucker Proxy ",1994,111,"PG","Warner Home Video","Black and White","Joel Coen","English","UK",1.85,2,77,211,288,7.3,57,3e+07,2869369,"tt0110074"
"Olympus Has Fallen ",2013,119,"R","FilmDistrict","Color","Antoine Fuqua","English","USA",2.35,3,358,698,1056,6.5,48,7e+07,98895417,"tt2302755"
"Maurice ",1987,140,"R","Cinecom Pictures","Color","James Ivory","English","UK",1.66,1,29,69,98,7.8,92,2600000,3130592,"tt0093512"
"Anastasia ",1997,94,"G","20th Century Fox","Color","Don Bluth","English","USA",2.35,1,78,191,269,7.1,85,5e+07,58297830,"tt0118617"
"Supernova ",2000,91,"PG-13","MGM/UA","Color","Walter Hill","English","USA",2.35,0,100,282,382,4.8,10,6.5e+07,14218868,"tt0134983"
"Miss March ",2009,90,"R","20th Century Fox","Color","Zach Cregger","English","USA",1.85,2,76,73,149,5.1,5,6e+06,4542775,"tt1151922"
"Clash of the Titans ",2010,106,"PG-13","Warner Bros.","Color","Louis Leterrier","English","USA",2.35,0,344,637,981,5.8,28,1.25e+08,163192114,"tt0800320"
"Valley of the Wolves: Iraq ",2006,122,NA,"Arsenal Pictures","Color","Serdar Akar","Arabic","Turkey",1.85,3,16,159,175,6,NA,8300000,NA,"tt0493264"
"Tracker ",2010,102,"R","Kaleidoscope","Color","Ian Sharp","English","New Zealand",2.35,0,12,18,30,6.5,85,6500000,NA,"tt1414378"
"Sherlock Holmes ",2009,128,"PG-13","Warner Bros. Pictures/Village Roadshow","Color","Guy Ritchie","English","USA",1.85,3,415,621,1036,7.6,70,9e+07,209019489,"tt0988045"
"Dry Spell ",2013,90,NA,"FilmBuff","Color","Travis Legge","English","USA",1.78,1,1,3,4,3.3,NA,22000,NA,"tt2375036"
"Shooter ",2007,124,"R","Paramount Pictures","Color","Antoine Fuqua","English","USA",2.35,0,198,338,536,7.2,48,6.1e+07,46975183,"tt0822854"
"Harry Potter and the Order of the Phoenix ",2007,138,"PG-13","Warner Bros. Pictures","Color","David Yates","English","UK",2.35,3,329,1108,1437,7.5,78,1.5e+08,292000866,"tt0373889"
"55 Days at Peking ",1963,154,"Unrated","Allied Artists","Color","Nicholas Ray","English","USA",2.2,3,15,50,65,6.8,57,9e+06,NA,"tt0056800"
"Everest ",2015,121,"PG-13","Universal Pictures","Color","Baltasar Kormákur","English","UK",2.35,0,361,265,626,7.1,73,5.5e+07,43247140,"tt2719848"
"When the Cat's Away ",1996,91,"R","Sony Entertainment","Color","Cédric Klapisch","French","France",1.66,7,29,25,54,6.9,88,3e+05,1652472,"tt0115856"
"Chasing Liberty ",2004,101,"PG-13",NA,"Color","Andy Cadiff","English","USA",2.35,0,65,129,194,6.1,NA,2.3e+07,12189514,"tt0360139"
"The Matrix Reloaded ",2003,138,"R","Warner Bros. Pictures","Color","Lana Wachowski","English","USA",2.35,0,275,2789,3064,7.2,73,1.5e+08,281492479,"tt0234215"
"My Life in Ruins ",2009,98,"PG-13","Fox Searchlight Pictures","Color","Donald Petrie","English","USA",1.85,1,112,75,187,5.9,9,1.7e+07,8662318,"tt0865559"
"Riding in Cars with Boys ",2001,132,"PG-13","Columbia Pictures","Color","Penny Marshall","English","USA",1.85,1,89,210,299,6.4,49,4.8e+07,29781453,"tt0200027"
"Match Point ",2005,119,"R","Dreamworks","Color","Woody Allen","English","UK",1.85,3,278,735,1013,7.7,77,1.5e+07,23089926,"tt0416320"
"The Mechanic ",2011,93,"R","CBS Films","Color","Simon West","English","USA",2.35,0,252,181,433,6.6,52,4e+07,29113588,"tt0472399"
"Snowpiercer ",2013,126,"R","Radius-TWC","Color","Joon-ho Bong","English","South Korea",1.85,5,488,514,1002,7,95,39200000,4563029,"tt1706620"
"The White Ribbon ",2009,144,"R","Sony Pictures Classics","Black and White","Michael Haneke","German","Germany",1.85,0,292,193,485,7.8,86,1.2e+07,2222647,"tt1149362"
"A Haunted House ",2013,86,"R","Open Road Films","Color","Michael Tiddes","English","USA",1.85,6,129,107,236,5.1,10,2500000,40041683,"tt2243537"
"The Remains of the Day ",1993,134,"PG","Sony Pictures Home Entertainment","Color","James Ivory","English","UK",2.35,1,58,156,214,7.9,97,11500000,22954968,"tt0107943"
"The Best of Me ",2014,118,"PG-13","Relativity Media","Color","Michael Hoffman","English","USA",2.35,0,85,99,184,6.7,8,2.6e+07,26761283,"tt1972779"
"Kickboxer: Vengeance ",2016,90,NA,"Headmon Entertainment & Productions",NA,"John Stockwell",NA,"USA",NA,5,2,1,3,9.1,43,1.7e+07,NA,"tt3082898"
"Rize ",2005,86,"PG-13","Lions Gate Films","Color","David LaChapelle","English","USA",1.33,0,49,46,95,7.1,84,NA,3278611,"tt0436724"
"G.I. Jane ",1997,125,"R","Hollywood Pictures","Color","Ridley Scott","English","USA",2.35,1,97,142,239,5.8,55,5e+07,48154732,"tt0119173"
"Funny Ha Ha ",2002,85,NA,"Goodbye Cruel Releasing","Color","Andrew Bujalski","English","USA",1.37,1,43,61,104,6.4,87,NA,NA,"tt0327753"
"Blackhat ",2015,133,"R","Universal Studios","Color","Michael Mann","English","USA",2.35,1,261,207,468,5.4,34,7e+07,7097125,"tt2717822"
"Hellboy II: The Golden Army ",2008,120,"PG-13","Universal Pictures","Color","Guillermo del Toro","English","USA",1.85,0,345,342,687,7,85,8.5e+07,75754670,"tt0411477"
"State of Play ",2009,127,"PG-13","Universal Pictures","Color","Kevin Macdonald","English","USA",2.35,3,252,235,487,7.1,84,NA,36965395,"tt0473705"
"Mirrormask ",2005,101,"PG","Samuel Goldwyn Films","Color","Dave McKean","English","UK",1.85,0,116,151,267,6.9,54,4e+06,864959,"tt0366780"
"Raising Cain ",1992,91,"R","MCA Universal Home Video","Color","Brian De Palma","English","USA",1.85,0,33,80,113,6,56,1.2e+07,21370057,"tt0105217"
"On the Downlow ",2004,84,NA,"Docurama","Color","Tadeo Garcia","English","USA",NA,2,NA,3,NA,6.1,NA,NA,NA,"tt0390323"
"The Cold Light of Day ",2012,93,"PG-13","Lionsgate Fi lms","Color","Mabrouk El Mechri","English","USA",2.35,3,119,113,232,4.9,5,2e+07,3749061,"tt1366365"
"The Cure ",1997,111,NA,"Cowboy Pictures","Color","Kiyoshi Kurosawa","Japanese","Japan",1.85,0,78,50,128,7.4,91,1e+06,94596,"tt0123948"
"Hardball ",2001,106,"PG-13","Paramount Pictures","Color","Brian Robbins","English","USA",1.85,3,85,131,216,6.3,39,2.1e+07,40219708,"tt0180734"
"Beneath Hill 60 ",2010,122,"R","Paramount Studios","Color","Jeremy Sims","English","Australia",2.35,12,17,39,56,7.1,85,9e+06,NA,"tt1418646"
"A Home at the End of the World ",2004,97,"R","Warner Independent","Color","Michael Mayer","English","USA",2.35,2,84,135,219,6.8,49,6500000,1029017,"tt0359423"
"Reds ",1981,195,"PG","Paramount Home Video","Color","Warren Beatty","English","USA",1.85,0,57,127,184,7.5,94,3.5e+07,NA,"tt0082979"
"The Phantom of the Opera ",2004,143,"PG-13","Warner Bros. Pictures","Black and White","Joel Schumacher","English","UK",2.35,0,153,2047,2200,7.4,32,7e+07,51225796,"tt0293508"
"Robin and Marian ",1976,106,"PG","Sony Pictures Entertainment","Color","Richard Lester","English","USA",1.85,10,27,90,117,6.6,76,5e+06,NA,"tt0075147"
"Deconstructing Harry ",1997,96,"R","New Line Home Entertainment","Color","Woody Allen","English","USA",1.85,2,104,131,235,7.4,71,2e+07,10569071,"tt0118954"
"Elizabethtown ",2005,123,"PG-13","Paramount Pictures","Color","Cameron Crowe","English","USA",1.85,0,190,495,685,6.4,28,5.7e+07,26838389,"tt0368709"
"Road House ",1989,114,"R","United Artists","Color","Rowdy Herrington","English","USA",2.35,1,83,201,284,6.5,38,1.7e+07,30050028,"tt0098206"
"Escape from Planet Earth ",2013,89,"PG","The Weinstein Co.","Color","Cal Brunker","English","USA",2.35,2,83,44,127,5.9,33,4e+07,57011847,"tt0765446"
"Gandhi, My Father ",2007,136,NA,"Eros International","Color","Feroz Abbas Khan","Hindi","India",2.35,0,16,25,41,7.4,40,NA,240425,"tt0459293"
"Dredd ",2012,95,"R","Lionsgate Films","Color","Pete Travis","English","UK",2.35,0,432,588,1020,7.1,78,3.5e+07,13401683,"tt1343727"
"The Omen ",1976,107,"R","20th Century Fox","Color","Richard Donner","English","UK",2.35,2,154,310,464,7.6,86,2800000,NA,"tt0075005"
"RoboCop ",2014,117,"PG-13","Sony Pictures Releasing","Color","José Padilha","English","USA",2.35,0,492,630,1122,6.2,48,1e+08,58607007,"tt1234721"
"The Last of the Mohicans ",1992,117,"R","Twentieth Century Fox Home Entertainment","Color","Michael Mann","English","USA",2.35,1,89,382,471,7.8,94,4e+07,72455275,"tt0104691"
"Resident Evil: Afterlife ",2010,97,"R","Sony Pictures/Screen Gems","Color","Paul W.S. Anderson","English","Germany",2.35,1,253,410,663,5.9,23,6e+07,60128566,"tt1220634"
"Mao's Last Dancer ",2009,117,"PG","Samuel Goldwyn Films","Color","Bruce Beresford","English","Australia",1.85,0,83,53,136,7.4,55,NA,4806750,"tt1071812"
"Lake Placid ",1999,82,"R","20th Century Fox","Color","Steve Miner","English","USA",2.35,0,152,366,518,5.6,40,2.7e+07,31768374,"tt0139414"
"Peeples ",2013,95,"PG-13","Lionsgate Films","Color","Tina Gordon Chism","English","USA",2.35,6,43,33,76,5.3,37,1.5e+07,9123834,"tt1699755"
"Cars 2 ",2011,106,"G","Walt Disney Pictures/PIXAR","Color","John Lasseter","English","USA",2.35,0,304,283,587,6.3,39,2e+08,191450875,"tt1216475"
"Antarctica: A Year on Ice ",2013,91,"PG","Music Box Films","Color","Anthony Powell","English","New Zealand",1.85,1,31,16,47,7.6,86,1e+06,287761,"tt2361700"
"Jason X ",2001,85,"R","New Line Cinema","Color","James Isaac","English","USA",1.85,1,205,673,878,4.4,19,1.1e+07,12610731,"tt0211443"
"The Amityville Horror ",2005,90,"R","MGM","Color","Andrew Douglas","English","USA",2.35,0,220,518,738,6,24,1.9e+07,64255243,"tt0384806"
"The Imaginarium of Doctor Parnassus ",2009,123,"PG-13","Sony Pictures Classics","Color","Terry Gilliam","English","UK",1.85,1,292,210,502,6.8,64,4e+07,7689458,"tt1054606"
"Jurassic World ",2015,124,"PG-13","Universal Pictures","Color","Colin Trevorrow","English","USA",2,0,644,1290,1934,7,71,1.5e+08,652177271,"tt0369610"
"When Did You Last See Your Father? ",2007,92,"PG-13","Sony Pictures Classics","Color","Anand Tucker","English","UK",2.35,2,90,34,124,6.9,73,8e+06,1071240,"tt0829098"
"Paycheck ",2003,119,"PG-13","Paramount Pictures","Color","John Woo","English","USA",2.35,0,196,347,543,6.3,27,6e+07,53789313,"tt0338337"
"Burnt ",2015,101,"R","The Weinstein Company","Color","John Wells","English","USA",2.35,1,175,129,304,6.6,29,2e+07,13650738,"tt2503944"
"This Thing of Ours ",2003,100,"Not Rated","Small Planet","Color","Danny Provenzano","English","USA",1.85,4,5,18,23,5.4,40,NA,NA,"tt0338497"
"Isn't She Great ",2000,95,"R","Universal Studios Home Video","Color","Andrew Bergman","English","USA",1.85,0,63,64,127,5.3,25,3.6e+07,2954405,"tt0141399"
"Mary Reilly ",1996,108,"R","Sony Pictures Home Entertainment","Color","Stephen Frears","English","USA",1.85,1,46,97,143,5.8,26,4.7e+07,5600000,"tt0117002"
"Fantastic Four ",2015,100,"PG-13","20th Century Fox","Color","Josh Trank","English","USA",2.35,3,369,695,1064,4.3,9,1.2e+08,56114221,"tt1502712"
"Gandhi ",1982,240,"PG","Columbia Pictures","Black and White","Richard Attenborough","English","UK",2.35,0,95,256,351,8.1,87,2.2e+07,NA,"tt0083987"
"Friday After Next ",2002,85,"R","New Line Cinema","Color","Marcus Raboy","English","USA",1.85,0,26,66,92,5.8,26,2e+07,32983713,"tt0293815"
"Ida ",2013,82,"PG-13","Music Box Films","Black and White","Pawel Pawlikowski","Polish","Poland",1.33,1,269,123,392,7.4,96,NA,3826455,"tt2718492"
"Nick and Norah's Infinite Playlist ",2008,90,"PG-13","Sony Pictures/Screen Gems","Color","Peter Sollett","English","USA",1.85,2,166,129,295,6.7,74,9e+06,31487293,"tt0981227"
"Subway ",1985,98,"R","Gaumont","Color","Luc Besson","French","France",2.35,1,30,45,75,6.5,86,1.7e+07,NA,"tt0090095"
"Scott Walker: 30 Century Man ",2006,95,NA,"Oscilloscope Pictures","Color","Stephen Kijak","English","UK",1.85,0,48,11,59,7.3,86,5e+05,NA,"tt0486541"
"Radio ",2003,109,"PG","Sony Pictures Entertainment","Color","Michael Tollin","English","USA",1.85,1,74,196,270,6.9,36,3.5e+07,52277485,"tt0316465"
"Frequency ",2000,118,"PG-13","New Line Cinema","Color","Gregory Hoblit","English","USA",2.35,0,168,510,678,7.3,70,3.1e+07,44983704,"tt0186151"
"Mississippi Mermaid ",1969,123,"R","Film Desk","Color","François Truffaut","French","France",2.35,0,35,26,61,7.2,87,1600000,26893,"tt0064990"
"The Barbarians ",1987,87,"R","Media Home Entertainment","Color","Ruggero Deodato","English","USA",1.85,0,15,35,50,4.8,NA,4e+06,8e+05,"tt0092615"
"Three Kingdoms: Resurrection of the Dragon ",2008,102,"R","Amero PT","Color","Daniel Lee","Mandarin","China",2.35,3,29,29,58,6.2,NA,2.5e+07,NA,"tt0882978"
"Bowling for Columbine ",2002,120,"R","United Artists Films","Black and White","Michael Moore","English","Germany",1.85,2,215,888,1103,8,96,4e+06,21244913,"tt0310793"
"What Women Want ",2000,127,"PG-13","Paramount Pictures","Color","Nancy Meyers","English","USA",1.37,1,149,395,544,6.4,54,7e+07,182805123,"tt0207201"
"King Kong ",2005,201,"PG-13","Universal Pictures","Color","Peter Jackson","English","New Zealand",2.35,0,446,2618,3064,7.2,84,2.07e+08,218051260,"tt0360717"
"Marmaduke ",2010,87,"PG","20th Century Fox","Color","Tom Dey","English","USA",2.35,0,98,65,163,4.2,9,5e+07,33643461,"tt1392197"
"Diary of a Wimpy Kid ",2010,94,"PG","20th Century Fox","Color","Thor Freudenthal","English","USA",1.85,1,111,103,214,6.2,53,1.5e+07,64001297,"tt1196141"
"Poseidon ",2006,98,"PG-13","Warner Bros. Pictures","Color","Wolfgang Petersen","English","USA",2.35,0,231,629,860,5.6,33,1.6e+08,60655503,"tt0409182"
"Sanctuary; Quite a Conundrum ",2012,82,NA,"T-Street Productions","Color","Thomas L. Phillips","English","USA",16,NA,13,8,21,5.4,NA,2e+05,NA,"tt2049518"
"Pride and Prejudice and Zombies ",2016,108,"PG-13","Sony Pictures","Color","Burr Steers","English","USA",2.35,0,225,134,359,5.8,43,2.8e+07,10907291,"tt1374989"
"Cast Away ",2000,143,"PG-13","20th Century Fox","Color","Robert Zemeckis","English","USA",1.85,1,221,1051,1272,7.7,90,9e+07,233630478,"tt0162222"
"Jack Reacher ",2012,130,"PG-13","Paramount Pictures","Color","Christopher McQuarrie","English","USA",2.35,2,387,448,835,7,62,6e+07,80033643,"tt0790724"
"Never Let Me Go ",2010,103,"R","Fox Searchlight Pictures","Color","Mark Romanek","English","UK",2.35,0,328,320,648,7.2,71,1.5e+07,2412045,"tt1334260"
"Keeping Up with the Steins ",2006,90,"PG-13","Miramax Films","Color","Scott Marshall","English","USA",1.85,0,43,41,84,5.4,37,NA,4328294,"tt0415949"
"Beetlejuice ",1988,92,"PG","Warner Bros. Pictures","Color","Tim Burton","English","USA",1.85,3,109,306,415,7.5,82,1.5e+07,73326666,"tt0094721"
"Gulliver's Travels ",2010,85,"PG","20th Century Fox","Color","Rob Letterman","English","USA",2.35,1,184,121,305,4.9,20,1.12e+08,42776259,"tt1320261"
"A League of Their Own ",1992,128,"PG","Columbia Pictures","Black and White","Penny Marshall","English","USA",2.35,3,41,166,207,7.2,78,4e+07,107458785,"tt0104694"
"The Flower of Evil ",2003,104,"R","Palm Pictures","Color","Claude Chabrol","French","France",1.66,5,60,36,96,6.6,65,NA,181798,"tt0322289"
"Zombie Hunter ",2013,93,"Not Rated","Well Go USA","Color","K. King","English","USA",2.35,2,150,30,180,3.5,NA,1e+06,NA,"tt2446502"
"Freakonomics ",2010,93,"PG-13","Magnolia Releasing","Color","Heidi Ewing","English","USA",NA,0,73,23,96,6.4,65,3e+06,100675,"tt1152822"
"Johnny English Reborn ",2011,101,"PG","Universal Pictures","Color","Oliver Parker","English","USA",2.35,1,152,142,294,6.3,39,4.5e+07,8129455,"tt1634122"
"Larry the Cable Guy: Health Inspector ",2006,89,"PG-13","Lions Gate Films","Color","Trent Cooper","English","USA",1.33,2,37,112,149,3.1,5,4e+06,15655665,"tt0462395"
"Crash ",2004,115,"R","Lions Gate Films","Color","Paul Haggis","English","Germany",2.35,0,287,1624,1911,7.9,75,6500000,54557348,"tt0375679"
"Surfer, Dude ",2008,85,"R","Anchor Bay Entertainment","Color","S.R. Bindler","English","USA",1.85,0,26,37,63,4.7,0,6e+06,36497,"tt0976247"
"Brigham City ",2001,119,"PG-13","Zion Films","Color","Richard Dutcher","English","USA",1.85,0,12,63,75,7.2,71,1e+06,798341,"tt0268200"
"Love and Other Catastrophes ",1996,76,"R","Twentieth Century Fox","Color","Emma-Kate Croghan","English","Australia",NA,1,21,21,42,6.4,47,250000,212285,"tt0116931"
"Ghost Ship ",2002,91,"R","Warner Bros. Pictures","Color","Steve Beck","English","USA",1.85,0,156,474,630,5.5,14,3.5e+07,30079316,"tt0288477"
"Our Brand Is Crisis ",2015,107,"R","Warner Bros. Pictures","Color","David Gordon Green","English","USA",1.85,2,125,50,175,6.1,35,2.8e+07,6998324,"tt1018765"
"American Outlaws ",2001,94,"PG-13","Warner Bros.","Color","Les Mayfield","English","USA",1.85,2,44,162,206,6,14,3.5e+07,13264986,"tt0244000"
"About a Boy ",2002,101,"PG-13","Universal Pictures","Color","Chris Weitz","English","UK",2.35,0,158,391,549,7.1,93,3e+07,40566655,"tt0276751"
"Quo Vadis ",1951,171,"Passed","MGM Home Entertainment","Color","Mervyn LeRoy","English","USA",1.37,0,54,90,144,7.2,88,7623000,NA,"tt0043949"
"Barbecue ",2014,98,NA,"TF1 Films Production","Color","Eric Lavaine","French","France",2.35,1,17,1,18,6.1,NA,NA,NA,"tt3202120"
"Wrong Turn ",2003,84,"R","20th Century Fox Distribution","Color","Rob Schmidt","English","USA",1.85,1,191,540,731,6.1,41,12600000,15417771,"tt0295700"
"16 Blocks ",2006,102,"PG-13","Warner Bros.","Color","Richard Donner","English","Germany",2.35,2,199,305,504,6.6,56,5.2e+07,36883539,"tt0450232"
"Rounders ",1998,121,"R","Miramax","Color","John Dahl","English","USA",2.35,2,128,290,418,7.4,65,1.2e+07,22905674,"tt0128442"
"Da Sweet Blood of Jesus ",2014,123,NA,"Gravitas Ventures","Color","Spike Lee","English","USA",2.35,0,46,9,55,4.1,43,1420000,NA,"tt3104930"
"Seeking a Friend for the End of the World ",2012,101,"R","Focus Features","Black and White","Lorene Scafaria","English","USA",2.35,2,265,221,486,6.7,55,1e+07,6619173,"tt1307068"
"The Hunger Games: Mockingjay - Part 2 ",2015,137,"PG-13","Lionsgate Films","Color","Francis Lawrence","English","USA",2.35,1,389,383,772,6.6,70,1.6e+08,281666058,"tt1951266"
"My Super Ex-Girlfriend ",2006,95,"PG-13","20th Century Fox","Color","Ivan Reitman","English","USA",2.35,1,147,203,350,5.1,40,3e+07,22526144,"tt0465624"
"Midnight in the Garden of Good and Evil ",1997,155,"R","Warner Home Video","Color","Clint Eastwood","English","USA",1.85,2,91,216,307,6.6,48,3e+07,25078937,"tt0119668"
"Imaginary Heroes ",2004,111,"R","Sony Pictures Classics","Color","Dan Harris","English","USA",2.35,2,73,56,129,7.3,35,4e+06,228524,"tt0373024"
"The Open Road ",2009,91,"PG-13","Anchor Bay Entertainment","Color","Michael Meredith","English","USA",2.35,2,23,11,34,5.5,29,1e+07,19348,"tt1007018"
"The Maid's Room ",2013,98,NA,"Paladin Films","Color","Michael Walker","English","USA",NA,0,8,9,17,4.5,27,6e+05,NA,"tt2263814"
"Kill the Messenger ",2014,112,"R","Focus Features","Color","Michael Cuesta","English","USA",2.35,1,163,99,262,7,78,5e+06,2445646,"tt1216491"
"My Dog Skip ",2000,95,"PG","Warner Bros. Pictures","Color","Jay Russell","English","USA",1.37,0,79,149,228,7,73,5e+06,34099640,"tt0156812"
"American Pie ",1999,95,"R","Universal Pictures","Color","Paul Weitz","English","USA",1.85,6,145,789,934,7,60,1.1e+07,101736215,"tt0163651"
"Magic Mike ",2012,110,"R","Warner Bros. Pictures","Color","Steven Soderbergh","English","USA",2.35,1,324,281,605,6.1,81,7e+06,113709992,"tt1915581"
"Fantastic Mr. Fox ",2009,87,"PG","20th Century Fox","Color","Wes Anderson","English","USA",1.85,0,335,245,580,7.8,92,4e+07,20999103,"tt0432283"
"Made ",2001,95,"R","Artisan Entertainment","Color","Jon Favreau","English","USA",1.85,2,81,165,246,6.4,71,5e+06,5308707,"tt0227005"
"Ouija ",2014,89,"PG-13","Universal Pictures","Color","Stiles White","English","USA",2.35,0,183,159,342,4.4,7,5e+06,50820940,"tt1204977"
"Flushed Away ",2006,85,"PG","Paramount","Color","David Bowers","English","UK",1.85,0,135,122,257,6.7,72,1.49e+08,64459316,"tt0424095"
"America Is Still the Place ",2015,90,NA,NA,"Color","Patrick Gilles","English","USA",NA,0,NA,NA,NA,7.5,NA,NA,NA,"tt3417110"
"Couples Retreat ",2009,113,"PG-13","Universal Pictures","Color","Peter Billingsley","English","USA",1.85,6,166,144,310,5.5,11,6e+07,109176215,"tt1078940"
"Strangerland ",2015,112,"R","Alchemy","Color","Kim Farrant","English","Australia",2.39,0,84,57,141,5.2,40,1e+07,NA,"tt2325977"
"Kill Bill: Vol. 1 ",2003,111,"R","Miramax Films","Black and White","Quentin Tarantino","English","USA",2.35,0,354,2105,2459,8.1,85,3e+07,70098138,"tt0266697"
"Among Giants ",1998,93,"R","20th Century Fox","Color","Sam Miller","English","UK",NA,1,31,26,57,5.9,60,2500000,64359,"tt0122906"
"The Sisterhood of the Traveling Pants ",2005,119,"PG","Warner Bros. Pictures","Color","Ken Kwapis","English","USA",2.35,0,88,223,311,6.6,77,2.5e+07,39008741,"tt0403508"
"Dragon Hunters ",2008,80,"PG","Peace Arch Entertainment","Color","Guillaume Ivernel","French","France",NA,0,41,39,80,6.6,67,1.1e+07,NA,"tt0944834"
"Any Given Sunday ",1999,156,"R","Warner Bros. Pictures","Color","Oliver Stone","English","USA",2.35,5,171,452,623,6.8,51,5.5e+07,75530832,"tt0146838"
"Tootsie ",1982,116,"PG","Columbia Pictures","Color","Sydney Pollack","English","USA",2.35,1,94,194,288,7.4,89,2.2e+07,177200000,"tt0084805"
"Evita ",1996,135,"PG","Buena Vista","Color","Alan Parker","English","USA",2.35,1,76,194,270,6.3,62,5.5e+07,49994804,"tt0116250"
"Why Did I Get Married? ",2007,113,"PG-13","Lionsgate Films","Color","Tyler Perry","English","USA",1.85,8,41,100,141,5.6,46,1.5e+07,55184721,"tt0906108"
"Child's Play ",1988,87,"R","United Artists","Color","Tom Holland","English","USA",1.85,0,142,281,423,6.5,69,9e+06,33244684,"tt0094862"
"The Game ",1997,129,"R","Universal Pictures","Color","David Fincher","English","USA",2.35,1,157,506,663,7.8,72,5e+07,48265581,"tt0119174"
"Niagara ",1953,92,"Approved","Fox","Color","Henry Hathaway","English","USA",1.37,0,74,116,190,7.1,83,1250000,NA,"tt0046126"
"Along Came a Spider ",2001,104,"R","Paramount Pictures","Color","Lee Tamahori","English","USA",2.35,0,133,317,450,6.3,31,6e+07,74058698,"tt0164334"
"Legend of Kung Fu Rabbit ",2011,89,"PG","LionsGate Entertainment","Color","Lijun Sun","Mandarin","China",NA,0,5,12,17,3.2,NA,NA,NA,"tt1876517"
"The Big Swap ",1998,114,NA,NA,"Color","Niall Johnson","English","UK",1.33,0,4,7,11,5.6,NA,NA,NA,"tt0118717"
"Righteous Kill ",2008,101,"R","Overture Films","Color","Jon Avnet","English","USA",2.35,2,198,248,446,6,19,6e+07,40076438,"tt1034331"
"Wayne's World ",1992,94,"PG-13","Paramount Pictures","Color","Penelope Spheeris","English","USA",1.85,2,61,176,237,7,86,2e+07,121697350,"tt0105793"
"The Assassin ",2015,105,"Not Rated","Central Motion Pictures Corporation","Color","Hsiao-Hsien Hou","Mandarin","Taiwan",1.37,1,205,87,292,6.4,80,1.5e+07,613556,"tt3508840"
"Mean Streets ",1973,112,"R","Warner Bros.","Color","Martin Scorsese","English","USA",1.85,0,112,223,335,7.4,98,5e+05,32645,"tt0070379"
"Solaris ",1972,115,"PG","Kino International","Black and White","Andrei Tarkovsky","Russian","Soviet Union",2.35,0,144,236,380,8.1,96,1e+06,NA,"tt0069293"
"Krull ",1983,116,"PG",NA,"Color","Peter Yates","English","UK",2.35,1,57,178,235,6,NA,2.7e+07,NA,"tt0085811"
"Death Calls ",2010,90,"R",NA,"Color","Ken Del Conte","English","USA",1.85,2,NA,NA,NA,4.3,NA,290000,NA,"tt1328873"
"Mambo Italiano ",2003,92,"R","Samuel Goldwyn Company","Color","Émile Gaudreault","English","Canada",1.85,0,67,67,134,6.7,33,5e+06,6239558,"tt0330602"
"Sinister ",2012,110,"R","Lionsgate Films","Color","Scott Derrickson","English","USA",2.35,0,411,524,935,6.8,63,3e+06,48056940,"tt1922777"
"Shanghai Surprise ",1986,97,"PG-13","Vestron Video","Color","Jim Goddard","English","UK",1.85,0,21,28,49,3,13,1.7e+07,2315683,"tt0091934"
"Jakob the Liar ",1999,120,"PG-13","TriStar Pictures","Color","Peter Kassovitz","English","France",1.85,2,68,89,157,6.5,29,1.5e+07,4956401,"tt0120716"
"Brick Lane ",2007,101,"PG-13","Sony Pictures","Color","Sarah Gavron","English","UK",2.35,1,80,29,109,6.7,66,NA,1094998,"tt0940585"
"The Flowers of War ",2011,146,"R","Wrekin Hill Entertainment","Color","Yimou Zhang","Mandarin","China",2.35,2,136,130,266,7.6,42,9.4e+07,9213,"tt1410063"
"McFarland, USA ",2015,129,"PG","Walt Disney Pictures","Color","Niki Caro","English","USA",2.35,0,113,83,196,7.4,80,1.7e+07,44469602,"tt2097298"
"Hope Floats ",1998,114,"PG-13","Twentieth Century Fox Home Entertainment","Color","Forest Whitaker","English","USA",1.85,1,65,162,227,5.9,24,3e+07,60033780,"tt0119313"
"Network ",1976,121,"R","MGM/United Artists","Color","Sidney Lumet","English","USA",1.85,0,161,317,478,8.1,91,3800000,NA,"tt0074958"
"Megaforce ",1982,99,"PG","20th Century Fox Film Corporation","Color","Hal Needham","English","USA",1.85,2,40,54,94,3.5,0,2e+07,5333658,"tt0084316"
"The Dirties ",2013,83,"Not Rated","Phase 4 Films","Color","Matt Johnson","English","Canada",NA,0,73,40,113,6.7,79,NA,NA,"tt2334896"
"Aqua Teen Hunger Force Colon Movie Film for Theaters ",2007,86,"R","First Look Pictures","Color","Matt Maiellaro","English","USA",1.85,0,82,73,155,6.9,48,750000,5518918,"tt0455326"
"Virtuosity ",1995,106,"R","Paramount Home Video","Color","Brett Leonard","English","USA",2.35,1,44,88,132,5.5,33,3e+07,24048000,"tt0114857"
"Tears of the Sun ",2003,142,"R","Columbia Pictures","Color","Antoine Fuqua","English","USA",2.35,1,89,394,483,6.6,33,7e+07,43426961,"tt0314353"
"Blade Runner ",1982,117,"R","Warner Bros. Pictures","Color","Ridley Scott","English","USA",2.35,2,302,1168,1470,8.2,89,2.8e+07,2.7e+07,"tt0083658"
"A Very Long Engagement ",2004,133,"R","Warner Bros. Pictures","Color","Jean-Pierre Jeunet","French","France",2.35,1,186,239,425,7.7,78,4.7e+07,6167817,"tt0344510"
"Rudderless ",2014,105,"R","Samuel Goldwyn","Color","William H. Macy","English","USA",NA,1,44,60,104,7.5,62,5e+06,37440,"tt1798243"
"Delgo ",2008,94,"PG","Freestyle Releasing","Color","Marc F. Adler","English","USA",1.85,1,41,26,67,4.4,12,4e+07,511920,"tt0361500"
"The Muppet Movie ",1979,95,"G","Sony Pictures Home Entertainment","Color","James Frawley","English","UK",1.85,0,63,92,155,7.7,87,NA,76657000,"tt0079588"
"Clean ",2004,110,"R","Palm","Color","Olivier Assayas","French","France",2.35,1,81,39,120,6.9,72,4500,136007,"tt0388838"
"The Grudge ",2004,98,"PG-13","Sony Pictures Entertainment","Color","Takashi Shimizu","English","USA",1.85,0,203,911,1114,5.9,38,1e+07,110175871,"tt0391198"
"The Runaways ",2010,106,"R","Apparition","Color","Floria Sigismondi","English","USA",2.35,2,259,129,388,6.6,69,1e+07,3571735,"tt1017451"
"The Boy ",2016,97,"PG-13","STX Entertainment","Color","William Brent Bell","English","USA",2.35,0,159,155,314,6,27,1e+07,35794166,"tt3882082"
"Man of the Year ",2006,115,"PG-13","Universal Pictures","Color","Barry Levinson","English","USA",2.35,1,111,236,347,6.2,21,2e+07,37442180,"tt0483726"
"Can't Hardly Wait ",1998,100,"PG-13","Columbia Pictures","Color","Harry Elfont","English","USA",1.85,4,76,247,323,6.5,40,1e+07,25339117,"tt0127723"
"The Hunger Games ",2012,142,"PG-13","Lionsgate","Color","Gary Ross","English","USA",2.35,0,673,1959,2632,7.3,84,7.8e+07,407999255,"tt1392170"
"Me and Orson Welles ",2008,107,"PG-13","Freestyle Releasing","Color","Richard Linklater","English","UK",2.35,3,160,69,229,6.8,85,2.5e+07,1186957,"tt1175506"
"Royal Kill ",2009,90,"PG-13","21st Century Film Production","Color","Babar Ahmed","English","USA",NA,0,8,18,26,3.2,NA,350000,NA,"tt0421237"
"Identity Thief ",2013,120,"R","Universal Pictures","Color","Seth Gordon","English","USA",2.35,2,275,232,507,5.7,19,3.5e+07,134455175,"tt2024432"
"City of Angels ",1998,114,"PG-13",NA,"Color","Brad Silberling","English","Germany",2.35,1,110,322,432,6.7,NA,5.5e+07,78745923,"tt0120632"
"Birth ",2004,100,"R","New Line Cinema","Color","Jonathan Glazer","English","USA",1.85,1,167,361,528,6.1,38,2e+07,5005883,"tt0337876"
"Red Dragon ",2002,124,"R","Universal Pictures","Color","Brett Ratner","English","Germany",2.35,0,210,764,974,7.2,69,7.8e+07,92930005,"tt0289765"
"Gods of Egypt ",2016,126,"PG-13","Lionsgate","Color","Alex Proyas","English","USA",2.35,4,184,273,457,5.5,15,1.4e+08,31141074,"tt2404233"
"Bizarre ",2015,98,"Unrated",NA,"Color","Étienne Faure","English","France",1.78,0,9,1,10,4.3,NA,5e+05,NA,"tt3904272"
"Total Recall ",1990,113,"R","Rialto Pictures","Color","Paul Verhoeven","English","USA",1.85,0,196,391,587,7.5,82,6.5e+07,119412921,"tt0100802"
"Sucker Punch ",2011,128,"PG-13","IMAX","Color","Zack Snyder","English","USA",2.35,4,435,918,1353,6.1,23,8.2e+07,36381716,"tt0978764"
"The Karate Kid ",1984,126,"PG","Columbia Pictures","Color","John G. Avildsen","English","USA",1.85,0,81,235,316,7.2,90,8e+06,90800000,"tt0087538"
"Eat Pray Love ",2010,140,"PG-13","Sony Pictures","Color","Ryan Murphy","English","USA",1.85,1,213,302,515,5.7,36,6e+07,80574010,"tt0879870"
"Sliding Doors ",1998,99,"R","Miramax","Color","Peter Howitt","English","UK",1.85,1,88,278,366,6.8,62,9e+06,11883495,"tt0120148"
"LOL ",2012,97,"PG-13","Lionsgate Films","Color","Lisa Azuelos","English","USA",2.35,1,54,111,165,4.3,17,1.1e+07,NA,"tt1592873"
"Hotel Transylvania ",2012,91,"PG","Sony Pictures","Color","Genndy Tartakovsky","English","USA",1.85,2,256,168,424,7.1,45,8.5e+07,148313048,"tt0837562"
"Superman IV: The Quest for Peace ",1987,134,"PG","Warner Home Video","Color","Sidney J. Furie","English","UK",2.35,6,94,259,353,3.6,12,1.7e+07,15681020,"tt0094074"
"Thr3e ",2006,101,"PG-13","20th Century Fox","Color","Robby Henson","English","Poland",2.35,0,25,90,115,5.1,5,2400000,978908,"tt0486028"
"London to Brighton ",2006,85,"R","Outsider Films","Color","Paul Andrew Williams","English","UK",2.35,0,68,72,140,7,67,5e+05,NA,"tt0490166"
"Gamer ",2009,95,"R","Lionsgate Films","Color","Mark Neveldine","English","USA",1.85,1,180,245,425,5.8,28,5e+07,20488579,"tt1034032"
"Lions for Lambs ",2007,92,"R","MGM","Color","Robert Redford","English","USA",2.35,3,227,298,525,6.2,27,3.5e+07,14998070,"tt0891527"
"After.Life ",2009,104,"R",NA,"Color","Agnieszka Wojtowicz-Vosloo","English","USA",2.35,1,138,137,275,5.9,NA,4500000,108229,"tt0838247"
"Paddington ",2014,95,"PG","The Weinstein Company","Color","Paul King","English","UK",2.35,0,224,174,398,7.2,98,5.5e+07,76137505,"tt1109624"
"Buried ",2010,95,"R","Lionsgate","Color","Rodrigo Cortés","English","Spain",2.35,0,363,447,810,7,87,3e+06,1028658,"tt1462758"
"Leaving Las Vegas ",1995,111,"R","United Artists","Color","Mike Figgis","English","USA",1.66,0,123,286,409,7.6,90,3600000,31968347,"tt0113627"
"The Love Letter ",1998,99,"Unrated","Hallmark Entertainment","Color","Dan Curtis","English","USA",1.33,1,NA,56,NA,7.4,NA,NA,NA,"tt0140340"
"Bleeding Hearts ",2015,100,NA,NA,"Color","Dylan Bank","English","USA",NA,1,7,2,9,4.2,NA,1200000,NA,"tt2622294"
"Shotgun Stories ",2007,92,"PG-13","International Film Circuit","Color","Jeff Nichols","English","USA",2.35,0,85,32,117,7.3,91,NA,45661,"tt0952682"
"Alien: Resurrection ",1997,116,"R","Twentieth Century Fox Home Entertainment","Color","Jean-Pierre Jeunet","English","USA",2.35,0,223,656,879,6.3,54,7.5e+07,47748610,"tt0118583"
"Timeline ",2003,116,"PG-13","Paramount Pictures","Color","Richard Donner","English","USA",2.35,0,123,457,580,5.6,11,8e+07,19480739,"tt0300556"
"The Man Who Shot Liberty Valance ",1962,113,"Approved","Paramount Home Video","Black and White","John Ford","English","USA",1.85,1,107,214,321,8.1,93,3200000,NA,"tt0056217"
"A Nightmare on Elm Street ",1984,101,"X","New Line Cinema","Color","Wes Craven","English","USA",1.85,1,256,668,924,7.5,94,1800000,26505000,"tt0087800"
"Babylon A.D. ",2008,101,"PG-13","20th Century Fox","Color","Mathieu Kassovitz","English","France",2.35,0,164,214,378,5.6,6,7e+07,22531698,"tt0364970"
"Pearl Harbor ",2001,184,"PG-13","Touchstone","Black and White","Michael Bay","English","USA",2.35,0,191,1999,2190,6.1,25,1.4e+08,198539855,"tt0213149"
"Pirates of the Caribbean: The Curse of the Black Pearl ",2003,143,"PG-13","Buena Vista Pictures","Color","Gore Verbinski","English","USA",2.35,3,271,2113,2384,8.1,79,1.4e+08,305388685,"tt0325980"
"Josie and the Pussycats ",2001,98,"PG-13","Universal Pictures","Color","Harry Elfont","English","Canada",1.85,0,93,242,335,5.3,53,2.2e+07,14252830,"tt0236348"
"Twins ",1988,107,"PG","Universal Pictures","Color","Ivan Reitman","English","USA",1.85,1,27,79,106,6,34,1.5e+07,111936400,"tt0096320"
"Killers ",2010,100,"PG-13","Lionsgate Films","Color","Robert Luketic","English","USA",2.35,2,140,120,260,5.4,10,7.5e+07,47000485,"tt1103153"
"Ex Machina ",2015,108,"R","A24 Films","Black and White","Alex Garland","English","UK",2.35,0,489,611,1100,7.7,93,1.5e+07,25440971,"tt0470752"
"Miss Congeniality 2: Armed and Fabulous ",2005,115,"PG-13","Warner Bros.","Color","John Pasquin","English","USA",2.35,2,111,156,267,5,15,4.5e+07,48472213,"tt0385307"
"Once Upon a Time in the West ",1968,145,"PG-13","Paramount Pictures","Color","Sergio Leone","English","Italy",2.35,1,164,565,729,8.6,98,5e+06,NA,"tt0064116"
"Tae Guk Gi: The Brotherhood of War ",2004,148,"R","IDP","Color","Je-kyu Kang","Korean","South Korea",2.35,2,86,224,310,8.1,80,12800000,1110186,"tt0386064"
"Mystic Pizza ",1988,104,"R","MGM Home Entertainment","Color","Donald Petrie","English","USA",1.85,4,34,73,107,6.2,77,6e+06,12793213,"tt0095690"
"Mercury Rising ",1998,111,"R","Universal Pictures","Color","Harold Becker","English","USA",2.35,1,79,127,206,6.1,17,6e+07,32940507,"tt0120749"
"Something Wicked ",2014,95,"R","Merchant Films",NA,"Darin Scott","English","USA",NA,2,7,15,22,4.8,NA,3e+06,NA,"tt1327601"
"Friday the 13th Part VII: The New Blood ",1988,88,"R","Paramount Pictures","Color","John Carl Buechler","English","USA",1.85,0,110,270,380,5.3,30,2800000,19170001,"tt0095179"
"RocknRolla ",2008,114,"R","Warner Bros. Pictures/Dark Castle","Color","Guy Ritchie","English","UK",2.35,4,209,192,401,7.3,59,1.8e+07,5694401,"tt1032755"
"Secretariat ",2010,123,"PG","Walt Disney Pictures","Color","Randall Wallace","English","USA",2.35,0,160,136,296,7.2,63,3.5e+07,59699513,"tt1028576"
"American History X ",1998,101,"R","New Line Cinema","Black and White","Tony Kaye","English","USA",1.85,2,162,1420,1582,8.6,83,7500000,6712241,"tt0120586"
"This Is It ",2009,111,"PG","Sony Pictures/Columbia Pictures","Color","Kenny Ortega","English","USA",1.78,0,136,223,359,7.3,81,6e+07,71844424,"tt1477715"
"Show Me ",2004,97,"R","Wolfe Video","Color","Cassandra Nicolaou","French","Canada",1.78,0,10,5,15,6,60,9e+05,NA,"tt0414510"
"Doogal ",2006,77,"G","Weinstein Company","Color","Dave Borthwick","English","USA",1.85,0,31,114,145,2.8,8,2e+07,7382993,"tt0763304"
"Dogma ",1999,130,"R","Lions Gate","Color","Kevin Smith","English","USA",2.35,8,206,1015,1221,7.4,67,1e+07,30651422,"tt0120655"
"Wild Grass ",2009,104,"PG","Sony Classic Pictures","Color","Alain Resnais","French","France",2.35,0,129,31,160,6.3,67,NA,403649,"tt1156143"
"The Talented Mr. Ripley ",1999,139,"R","Paramount Pictures","Color","Anthony Minghella","English","USA",1.85,1,203,696,899,7.3,83,4e+07,81292135,"tt0134119"
"Everything Must Go ",2010,97,"R","Roadside Attractions","Color","Dan Rush","English","USA",2.35,1,155,86,241,6.4,75,5e+06,2711210,"tt1531663"
"xXx: State of the Union ",2005,101,"PG-13","Sony Pictures","Color","Lee Tamahori","English","USA",2.35,2,77,213,290,4.3,16,8.7e+07,26082914,"tt0329774"
"Runner Runner ",2013,88,"R","20th Century Fox","Color","Brad Furman","English","USA",2.35,3,184,95,279,5.6,8,3e+07,19316646,"tt2364841"
"L.I.E. ",2001,97,"NC-17","Lot 47 Films","Color","Michael Cuesta","English","USA",1.85,1,64,109,173,7.2,83,7e+05,1141829,"tt0242587"
"Chocolat ",2000,121,"PG-13","Miramax","Color","Lasse Hallström","English","UK",1.85,1,152,498,650,7.3,63,2.5e+07,71309760,"tt0241303"
"Beerfest ",2006,110,"R","Warner Bros. Pictures","Color","Jay Chandrasekhar","English","USA",2.35,2,91,177,268,6.3,41,17500000,19179969,"tt0486551"
"A Sound of Thunder ",2005,102,"PG-13","Warner Bros.","Color","Peter Hyams","English","UK",2.35,0,113,301,414,4.2,6,5.2e+07,1891821,"tt0318081"
"Lady in White ",1988,118,"R","Virgin Vision","Color","Frank LaLoggia","English","USA",1.85,0,130,69,199,6.7,64,4700000,1705139,"tt0095484"
"Alvin and the Chipmunks: Chipwrecked ",2011,87,"G","20th Century Fox","Color","Mike Mitchell","English","USA",1.85,0,91,56,147,4.4,12,7.5e+07,133103929,"tt1615918"
"The Wash ",2001,93,"R","Lions Gate Films","Color","DJ Pooh","English","USA",1.85,2,27,38,65,4.6,8,4e+06,10097096,"tt0290332"
"Subconscious ",2015,122,"R","LionsGate Entertainment","Color","Georgia Hilton","English","USA",NA,0,1,16,17,2.2,NA,NA,NA,"tt2909932"
"The Astronaut's Wife ",1999,109,"R","New Line Home Entertainment","Color","Rand Ravich","English","USA",1.85,0,107,260,367,5.3,16,3.4e+07,10654581,"tt0138304"
"Amnesiac ",2014,90,NA,"Xlrator Media","Color","Michael Polish","English","USA",NA,0,30,15,45,4.3,21,3e+06,NA,"tt2837336"
"Fear and Loathing in Las Vegas ",1998,118,"R","Universal Pictures","Color","Terry Gilliam","English","USA",2.35,0,156,648,804,7.7,49,18500000,10562387,"tt0120669"
"Robin Hood ",2010,156,"PG-13","Universal","Color","Ridley Scott","English","USA",2.35,0,343,546,889,6.7,43,2e+08,105219735,"tt0955308"
"The Canyons ",2013,99,"R","IFC Films","Color","Paul Schrader","English","USA",2.35,0,162,87,249,3.9,23,250000,49494,"tt2292959"
"Chicken Tikka Masala ",2005,90,NA,"TLA Releasing","Color","Harmage Singh Kalirai","English","UK",1.85,3,10,14,24,5.8,NA,1200000,NA,"tt0449000"
"Far from Heaven ",2002,107,"PG-13","USA Films","Color","Todd Haynes","English","USA",1.85,2,181,378,559,7.4,87,13500000,15854988,"tt0297884"
"The Marine 4: Moving Target ",2015,90,"R",NA,"Color","William Kaufman","English","USA",1.78,2,23,15,38,5.2,NA,1950000,NA,"tt3528666"
"The Brothers ",2001,106,"R","Screen Gems","Color","Gary Hardwick","English","USA",1.85,4,52,43,95,6.3,63,6e+06,27457409,"tt0250274"
"Extraordinary Measures ",2010,106,"PG","CBS Films","Color","Tom Vaughan","English","USA",1.85,2,126,64,190,6.5,28,3.1e+07,11854694,"tt1244659"
"The Illusionist ",2006,110,"PG-13","Yari Film Group","Color","Neil Burger","English","USA",1.85,3,236,645,881,7.6,74,1.6e+07,39825798,"tt0443543"
"Knight and Day ",2010,117,"PG-13","20th Century Fox","Color","James Mangold","English","USA",2.35,0,283,348,631,6.3,52,1.17e+08,76418654,"tt1013743"
"The Book of Life ",2014,95,"PG","20th Century Fox","Color","Jorge R. Gutiérrez","English","USA",2.35,1,156,102,258,7.3,82,5e+07,50150619,"tt2262227"
"The Out-of-Towners ",1999,90,"PG-13","Paramount Pictures","Color","Sam Weisman","English","USA",1.85,2,62,105,167,5.3,27,4e+07,28535768,"tt0129280"
"Say It Isn't So ",2001,95,"R","20th Century Fox","Color","J.B. Rogers","English","USA",1.85,2,87,91,178,4.9,9,2.5e+07,5516708,"tt0239949"
"Grandma's Boy ",2006,90,"R","20th Century Fox","Color","Nicholaus Goossen","English","USA",2.35,0,61,202,263,7,16,NA,6088249,"tt0456554"
"Butterfly Girl ",2014,78,NA,"Indican Pictures","Color","Cary Bell","English","USA",NA,0,NA,1,NA,8.7,100,180000,NA,"tt2421956"
"The Egyptian ",1954,139,"Approved","20th Century Fox Film Corporation","Color","Michael Curtiz","English","USA",2.55,0,15,67,82,6.6,NA,5e+06,NA,"tt0046949"
"The Devil's Double ",2011,109,"R","Lionsgate","Color","Lee Tamahori","English","Belgium",2.35,1,167,125,292,7.1,56,1.5e+07,1357042,"tt1270262"
"Bless the Child ",2000,107,"R","Paramount Pictures","Color","Chuck Russell","English","USA",2.35,0,100,188,288,5.1,3,4e+07,29374178,"tt0163983"
"Housebound ",2014,107,"Not Rated","Xlrator Media","Color","Gerard Johnstone","English","New Zealand",2.35,3,166,83,249,6.8,97,350000,NA,"tt3504048"
"Borat: Cultural Learnings of America for Make Benefit Glorious Nation of Kazakhstan ",2006,82,"R","20th Century Fox","Color","Larry Charles","English","USA",1.85,1,343,1198,1541,7.3,91,1.8e+07,128505958,"tt0443453"
"Kevin Hart: Let Me Explain ",2013,75,"R","Summit Entertainment","Color","Leslie Small","English","USA",1.85,0,26,30,56,6.7,62,2500000,32230907,"tt2609912"
"Fool's Gold ",2008,112,"PG-13","Warner Bros. Pictures","Color","Andy Tennant","English","USA",2.35,0,176,138,314,5.6,11,7e+07,70224196,"tt0770752"
"Dawn of the Planet of the Apes ",2014,130,"PG-13","20th Century Fox","Color","Matt Reeves","English","USA",1.85,0,521,620,1141,7.6,90,1.7e+08,208543795,"tt2103281"
"The Pacifier ",2005,95,"PG","Buena Vista","Color","Adam Shankman","English","Canada",2.35,0,125,225,350,5.5,20,5.6e+07,113006880,"tt0395699"
"Jack Ryan: Shadow Recruit ",2014,105,"PG-13","Paramount Pictures","Color","Kenneth Branagh","English","USA",2.35,3,313,289,602,6.2,57,6e+07,50549107,"tt1205537"
"Maleficent ",2014,97,"PG","Walt Disney Pictures","Color","Robert Stromberg","English","USA",2.35,2,401,634,1035,7,50,1.8e+08,241407328,"tt1587310"
"The Algerian ",2014,99,NA,"Hannover House","Color","Giovanni Zelko","English","USA",1.85,6,5,1,6,7.6,NA,1300000,NA,"tt1681370"
"Rang De Basanti ",2006,157,"Not Rated",NA,"Color","Rakeysh Omprakash Mehra","Hindi","India",2.35,0,33,321,354,8.4,NA,NA,2197331,"tt0405508"
"Heaven Is for Real ",2014,99,"PG","Sony Pictures","Color","Randall Wallace","English","USA",2.35,NA,82,153,235,5.8,47,1.2e+07,91443253,"tt1929263"
"Ride with the Devil ",1999,148,"R","Universal Studios","Color","Ang Lee","English","USA",2.35,0,95,159,254,6.8,63,3.5e+07,630779,"tt0134154"
"Not Cool ",2014,93,"Not Rated","Starz Digital Media","Color","Shane Dawson","English","USA",NA,4,6,72,78,5.1,14,6e+05,35688,"tt3569356"
"Weekend ",2011,97,"Not Rated","IFC Films","Color","Andrew Haigh","English","UK",1.85,0,143,68,211,7.7,95,120000,469947,"tt1714210"
"Dogtooth ",2009,94,"Unrated","Kino International","Color","Yorgos Lanthimos","Greek","Greece",2.35,0,211,170,381,7.3,92,NA,110197,"tt1379182"
"Enter the Void ",2009,161,"Not Rated","IFC Films","Color","Gaspar Noé","English","France",2.35,0,216,192,408,7.3,70,1.3e+07,336467,"tt1191111"
"Nanny McPhee ",2005,97,"PG","Universal Pictures","Color","Kirk Jones","English","USA",2.35,0,128,181,309,6.6,73,2.5e+07,47124400,"tt0396752"
"Darling Lili ",1970,143,"G","Paramount","Color","Blake Edwards","English","USA",2.35,2,22,50,72,6.2,NA,2.5e+07,5e+06,"tt0065611"
"Eden Lake ",2008,91,"R","Third Rail Releasing","Color","James Watkins","English","UK",2.35,1,161,357,518,6.8,80,NA,5824,"tt1020530"
"Rob Roy ",1995,139,"R","MGM Home Entertainment","Color","Michael Caton-Jones","English","USA",2.35,1,44,126,170,6.9,72,2.8e+07,31600000,"tt0114287"
"Son of the Mask ",2005,94,"PG","New Line Cinema","Color","Lawrence Guterman","English","USA",1.85,0,78,239,317,2.2,6,8.4e+07,17010646,"tt0362165"
"The Stepfather ",2009,101,"PG-13","Screen Gems","Color","Nelson McCormick","English","USA",2.35,0,121,119,240,5.6,11,NA,29062561,"tt0814335"
"Absolute Power ",1997,121,"R","Warner Home Video","Color","Clint Eastwood","English","USA",2.35,0,76,142,218,6.7,45,5e+07,50007168,"tt0118548"
"Pineapple Express ",2008,117,"R",NA,"Color","David Gordon Green","English","USA",2.35,3,232,374,606,7,NA,2.7e+07,87341380,"tt0910936"
"Last Holiday ",2006,112,"PG-13","Paramount Pictures","Color","Wayne Wang","English","USA",2.35,1,99,116,215,6.4,55,4.5e+07,38360195,"tt0408985"
"Wah-Wah ",2005,97,"R","Samuel Goldwyn Films","Color","Richard E. Grant","English","UK",2.35,3,49,50,99,6.9,53,7e+06,233103,"tt0419256"
"Swing Vote ",2008,120,"PG-13","Touchstone Pictures/Treehouse Films","Color","Joshua Michael Stern","English","USA",2.35,1,131,79,210,6.1,38,2.1e+07,16284360,"tt1027862"
"Swingers ",1996,96,"R","Miramax Films","Color","Doug Liman","English","USA",1.85,0,77,252,329,7.4,87,2e+05,4505922,"tt0117802"
"Captain America: The First Avenger ",2011,124,"PG-13","Paramount Pictures","Color","Joe Johnston","English","USA",2.35,0,510,679,1189,6.9,80,1.4e+08,176636816,"tt0458339"
"The Fast and the Furious ",2001,106,"PG-13","Universal Pictures","Color","Rob Cohen","English","USA",2.35,2,187,988,1175,6.7,53,3.8e+07,144512310,"tt0232500"
"Highlander ",1986,110,"R","20th Century Fox","Color","Russell Mulcahy","English","UK",1.85,1,112,316,428,7.2,70,1.6e+07,5900000,"tt0091203"
"Out of the Blue ",1980,94,"R","Media Home Entertainment","Color","Dennis Hopper","English","Canada",1.85,1,24,27,51,7.2,90,2200000,NA,"tt0081291"
"The Grandmaster ",2013,122,"PG-13","The Weinstein Company","Color","Kar-Wai Wong","Mandarin","Hong Kong",2.35,1,273,111,384,6.5,78,38600000,6594136,"tt1462900"
"The Legend of the Lone Ranger ",1981,98,"PG","Twentieth Century Fox Home Entertainment","Color","William A. Fraker","English","USA",2.35,0,25,41,66,5,NA,1.8e+07,8e+06,"tt0082648"
"Just Wright ",2010,100,"PG","20th Century Fox","Color","Sanaa Hamri","English","USA",2.35,1,70,36,106,5.8,45,NA,21520719,"tt1407061"
"25th Hour ",2002,108,"R","Touchstone Pictures","Color","Spike Lee","English","USA",2.35,0,202,454,656,7.7,78,1.5e+07,13060843,"tt0307901"
"Hard Candy ",2005,104,"R","Lions Gate Films","Color","David Slade","English","USA",2.35,0,231,651,882,7.1,68,950000,1007962,"tt0424136"
"28 Weeks Later ",2007,100,"R","Fox Atomic","Color","Juan Carlos Fresnadillo","English","UK",1.85,1,274,713,987,7,70,1.5e+07,28637507,"tt0463854"
"Hoffa ",1992,140,"R","20th Century Fox","Color","Danny DeVito","English","USA",2.35,2,32,68,100,6.6,52,3.5e+07,24276500,"tt0104427"
"Bullets Over Broadway ",1994,98,"R","Miramax Films","Color","Woody Allen","English","USA",1.85,4,67,86,153,7.5,96,2e+07,13383737,"tt0109348"
"Circumstance ",2011,107,"R","Roadside Attractions","Color","Maryam Keshavarz","Persian","France",2.35,1,76,43,119,5.9,85,NA,439958,"tt1684628"
"Disturbing Behavior ",1998,84,"R","MGM Home Entertainment","Color","David Nutter","English","Australia",1.85,3,96,237,333,5.5,35,1.5e+07,17411331,"tt0134619"
"Addicted ",2014,106,"R","Lionsgate","Color","Bille Woodruff","Spanish","USA",1.85,0,9,33,42,5.2,8,5e+06,17382982,"tt2205401"
"Good Intentions ",2010,84,"PG-13","Phase 4 Films Inc.","Color","Jim Issa","English","USA",NA,5,4,3,7,5.2,NA,1e+07,NA,"tt1070781"
"Viy ",2014,107,NA,NA,"Color","Oleg Stepchenko","Russian","Russia",1.85,1,25,18,43,5.4,NA,2.6e+07,NA,"tt1224378"
"Tomorrowland ",2015,130,"PG","Walt Disney Pictures","Color","Brad Bird","English","USA",2.2,2,443,497,940,6.5,50,1.9e+08,93417865,"tt1964418"
"Saw ",2004,103,"R","Lions Gate Films","Color","James Wan","English","USA",1.85,0,287,1509,1796,7.7,48,1200000,55153403,"tt0387564"
"The Change-Up ",2011,118,"R","Universal Pictures","Color","David Dobkin","English","USA",2.35,2,215,149,364,6.4,25,5.2e+07,37035845,"tt1488555"
"Superman Returns ",2006,169,"PG-13","Warner Bros. Pictures","Color","Bryan Singer","English","USA",2.35,0,434,2367,2801,6.1,76,2.09e+08,200069408,"tt0348150"
"Before Sunrise ",1995,105,"R","Sony Pictures Home Entertainment","Color","Richard Linklater","English","USA",1.85,1,121,395,516,8.1,100,2500000,5400000,"tt0112471"
"Censored Voices ",2015,84,NA,NA,"Color","Mor Loushy","Hebrew","Israel",1.78,0,23,3,26,7.2,93,450000,34151,"tt3457376"
"In the Cut ",2003,113,"R","Sony Pictures","Color","Jane Campion","English","Australia",1.85,0,138,354,492,5.3,34,1.2e+07,4717455,"tt0199626"
"Hero ",2002,80,"PG-13",NA,"Black and White","Yimou Zhang","Mandarin","China",2.35,4,283,841,1124,7.9,NA,3.1e+07,84961,"tt0299977"
"Aliens vs. Predator: Requiem ",2007,102,"R","20th Century Fox","Color","Colin Strause","English","USA",2.35,0,211,998,1209,4.7,12,4e+07,41797066,"tt0758730"
"Malibu's Most Wanted ",2003,86,"PG-13","Warner Bros.","Color","John Whitesell","English","USA",2.35,3,37,87,124,5.1,31,1.6e+07,34308901,"tt0328099"
"Stomp the Yard ",2007,109,"PG-13","Screen Gems","Color","Sylvain White","English","USA",2.35,0,86,162,248,5.2,26,1.4e+07,61356221,"tt0775539"
"Yogi Bear ",2010,80,"PG","Warner Bros. Pictures","Color","Eric Brevig","English","USA",1.85,0,143,100,243,4.6,13,8e+07,100169068,"tt1302067"
"Teeth and Blood ",2015,96,NA,NA,"Color","Al Franklin","English","USA",16,0,NA,2,NA,4.3,NA,3e+05,NA,"tt1991199"
"Love in the Time of Monsters ",2014,97,NA,"Indican Pictures","Color","Matt Jackson","English","USA",NA,3,9,5,14,5.4,NA,5e+05,NA,"tt2403415"
"Jaws ",1975,130,"PG","Universal Pictures","Color","Steven Spielberg","English","USA",2.35,0,385,962,1347,8,97,8e+06,2.6e+08,"tt0073195"
"School Daze ",1988,121,"R","Sony Pictures Home Entertainment","Color","Spike Lee","English","USA",1.85,4,22,38,60,5.8,60,6500000,14545844,"tt0096054"
"Just Looking ",1999,97,"R","Sony Pictures Classics","Color","Jason Alexander","English","USA",1.85,1,20,25,45,6.7,45,3e+06,39852,"tt0162236"
"Mercury Rising ",1998,111,"R","Universal Pictures","Color","Harold Becker","English","USA",2.35,1,79,127,206,6.1,17,6e+07,32940507,"tt0120749"
"The NeverEnding Story ",1984,94,"PG","Warner Home Video","Color","Wolfgang Petersen","English","West Germany",2.35,1,99,284,383,7.4,82,2.7e+07,NA,"tt0088323"
"Max ",2015,111,"PG","Warner Bros. Pictures","Color","Boaz Yakin","English","USA",2.35,0,61,87,148,6.8,34,2e+07,42652003,"tt3369806"
"Monster House ",2006,91,"PG","Sony Pictures Releasing","Color","Gil Kenan","English","USA",2.35,0,190,229,419,6.6,74,7.5e+07,73661010,"tt0385880"
"After Earth ",2013,100,"PG-13","Sony Pictures","Color","M. Night Shyamalan","English","USA",2.35,0,349,744,1093,4.9,11,1.3e+08,60522097,"tt1815862"
"Fateless ",2005,134,"R","ThinkFilm","Color","Lajos Koltai","Hungarian","Hungary",2.35,0,73,45,118,7.1,92,NA,195888,"tt0367082"
"Nine ",2009,118,"PG-13","The Weinstein Co.","Black and White","Rob Marshall","English","USA",2.35,4,205,232,437,5.8,38,8e+07,19673424,"tt0875034"
"JFK ",1991,206,"R","Warner Bros.","Black and White","Oliver Stone","English","France",2.35,1,125,442,567,8,84,4e+07,70405498,"tt0102138"
"Harry Potter and the Deathly Hallows: Part I ",2010,NA,NA,NA,"Color","Matt Birch","English","UK",NA,1,4,2,6,6.4,NA,NA,NA,"tt1571403"
"Independence Daysaster ",2013,90,"PG-13","Independence Day Productions","Color","W.D. Hogan","English","Canada",NA,0,10,12,22,3.4,NA,1800000,NA,"tt2645670"
"Meet the Parents ",2000,108,"PG-13","Universal Pictures","Color","Jay Roach","English","USA",1.85,2,150,507,657,7,84,5.5e+07,166225040,"tt0212338"
"Chasing Papi ",2003,76,"PG","20th Century Fox","Color","Linda Mendoza","English","USA",1.85,3,32,41,73,4.8,14,NA,6126237,"tt0323572"
"Taxman ",1998,104,"R",NA,"Color","Avi Nesher","English","USA",1.37,6,5,20,25,5.5,NA,1e+06,NA,"tt0138862"
"Underworld: Rise of the Lycans ",2009,92,"R","Sony Pictures/Screen Gems","Color","Patrick Tatopoulos","English","USA",2.35,1,164,169,333,6.6,29,3.5e+07,45802315,"tt0834001"
"I, Frankenstein ",2014,92,"PG-13","Lionsgate Films","Color","Stuart Beattie","English","Australia",2.35,0,308,194,502,5.1,3,6.5e+07,19059018,"tt1418377"
"The Crew ",2000,88,"PG-13","Touchstone Pictures","Color","Michael Dinner","English","USA",1.85,4,53,47,100,5.6,20,2.3e+07,13019253,"tt0198386"
"The Calling ",2014,108,"R","Vertical Entertainment","Color","Jason Stone","English","USA",NA,2,48,28,76,5.8,51,NA,NA,"tt1666335"
"Dear Wendy ",2004,102,"Unrated","Wellspring Media","Color","Thomas Vinterberg","English","Italy",1.66,0,100,58,158,6.6,36,5e+07,23106,"tt0342272"
"Primary Colors ",1998,143,"R","Universal","Color","Mike Nichols","English","France",2.35,0,117,157,274,6.7,80,6.5e+07,38966057,"tt0119942"
"Entrapment ",1999,113,"PG-13","Twentieth Century Fox Home Entertainment","Color","Jon Amiel","English","USA",2.35,1,138,274,412,6.2,38,6.6e+07,87704396,"tt0137494"
"The Theory of Everything ",2014,123,"PG-13","Focus Features","Color","James Marsh","English","UK",2.35,0,419,388,807,7.7,79,1.5e+07,35887263,"tt2980516"
"Fantasia ",1940,120,"G","Walt Disney Productions","Color","James Algar","English","USA",1.37,0,99,230,329,7.8,96,2280000,76400000,"tt0032455"
"Random Hearts ",1999,133,"R","Columbia Pictures","Color","Sydney Pollack","English","USA",1.85,1,96,290,386,5.1,15,6.4e+07,31054924,"tt0156934"
"A Single Man ",2009,99,"R","The Weinstein Company","Color","Tom Ford","English","USA",2.35,2,281,247,528,7.6,85,7e+06,9166863,"tt1315981"
"Texas Chainsaw 3D ",2013,92,"R","Lionsgate Films","Color","John Luessenhop","English","USA",2.35,0,282,255,537,4.8,19,1.1e+07,34334256,"tt1572315"
"The Doors ",1991,140,"R","Sony Pictures Home Entertainment","Color","Oliver Stone","English","USA",2.35,1,82,209,291,7.2,54,3.8e+07,35183792,"tt0101761"
"Kit Kittredge: An American Girl ",2008,101,"G","Picturehouse","Color","Patricia Rozema","English","USA",1.85,1,73,24,97,6.7,79,1e+07,17655201,"tt0846308"
"Sweet Sweetback's Baadasssss Song ",1971,97,"R","Xenon","Color","Melvin Van Peebles","English","USA",1.37,1,38,50,88,5.5,71,5e+05,15180000,"tt0067810"
"Cadillac Records ",2008,109,"R","Sony Pictures","Color","Darnell Martin","English","USA",2.35,3,81,90,171,7,67,1.2e+07,8134217,"tt1042877"
"Confidence ",2003,97,"R","Lions Gate Releasing","Color","James Foley","English","USA",2.35,3,119,144,263,6.7,70,1.5e+07,12212417,"tt0310910"
"Kicking & Screaming ",2005,95,"PG","Universal Pictures","Color","Jesse Dylan","English","USA",2.35,1,94,118,212,5.6,41,4.5e+07,52580895,"tt0384642"
"The Lizzie McGuire Movie ",2003,94,"PG","Walt Disney Pictures","Color","Jim Fall","English","USA",2.35,1,66,172,238,5.3,40,1.7e+07,42672630,"tt0306841"
"X-Men: First Class ",2011,132,"PG-13","20th Century Fox","Color","Matthew Vaughn","English","USA",2.35,3,500,698,1198,7.8,86,1.6e+08,146405371,"tt1270798"
"An Inconvenient Truth ",2006,96,"PG","Paramount Classics","Color","Davis Guggenheim","English","USA",1.85,0,372,504,876,7.5,93,NA,23808111,"tt0497116"
"National Treasure ",2004,131,"PG","Buena Vista","Color","Jon Turteltaub","English","USA",2.35,0,193,692,885,6.9,44,1e+08,173005002,"tt0368891"
"Aloha ",2015,105,"PG-13","Sony Pictures","Color","Cameron Crowe","English","USA",1.85,1,138,172,310,5.4,19,3.7e+07,20991497,"tt1243974"
"Edtv ",1999,122,"PG-13","Universal Studios","Color","Ron Howard","English","USA",1.85,0,115,195,310,6.1,63,5.5e+07,22362500,"tt0131369"
"Ghostbusters ",2016,116,"PG-13","Sony Pictures","Color","Paul Feig","English","USA",2.35,4,464,1211,1675,5.5,73,1.44e+08,118099659,"tt1289401"
"Chasing Amy ",1997,113,"R","Miramax Films","Color","Kevin Smith","English","USA",1.85,5,147,500,647,7.3,88,250000,12006514,"tt0118842"
"Smiling Fish & Goat on Fire ",1999,90,"R","Studio Home Entertainment","Color","Kevin Jordan","English","USA",1.85,5,21,26,47,7.6,53,40000,277233,"tt0162348"
"Nighthawks ",1981,99,"R","MCA Universal Home Video","Color","Bruce Malmuth","English","USA",1.85,2,36,107,143,6.4,72,5e+06,NA,"tt0082817"
"Treachery ",2013,67,NA,NA,"Color","Travis Romero","English","USA",NA,5,5,5,10,3.9,NA,625000,NA,"tt2380301"
"The Last Temptation of Christ ",1988,164,"R","Universal Pictures","Color","Martin Scorsese","English","USA",1.85,0,114,308,422,7.6,82,7e+06,8373585,"tt0095497"
"Cabin Fever ",2016,99,"Not Rated","Pelican Point Media","Color","Travis Zariwny","English","USA",NA,0,68,40,108,3.7,0,NA,NA,"tt3832096"
"I Love You, Man ",2009,105,"R","Dreamworks/Paramount","Color","John Hamburg","English","USA",1.85,2,215,215,430,7.1,84,4e+07,71347010,"tt1155056"
"My Beautiful Laundrette ",1985,97,"R","Orion Classics","Color","Stephen Frears","English","UK",1.66,1,46,64,110,6.9,100,650000,NA,"tt0091578"
"Queen of the Mountains ",2014,135,"PG-13",NA,"Color","Sadyk Sher-Niyaz","English","Kyrgyzstan",2.35,1,16,24,40,8.7,NA,1400000,NA,"tt2640460"
"The Sweetest Thing ",2002,90,"R","Columbia Pictures","Color","Roger Kumble","English","USA",1.85,3,99,403,502,5.1,26,4.3e+07,24430272,"tt0253867"
"Jeepers Creepers II ",2003,104,"R","MGM/UA","Color","Victor Salva","English","USA",2.35,0,167,316,483,5.6,23,1.7e+07,35143332,"tt0301470"
"Drinking Buddies ",2013,90,"R","Magnolia Pictures","Color","Joe Swanberg","English","USA",2.35,5,155,106,261,6.1,83,NA,342936,"tt2265398"
"Shadow Conspiracy ",1997,103,"R","Hollywood Pictures","Color","George P. Cosmatos","English","USA",2.35,2,24,41,65,4.9,0,4.5e+07,2154540,"tt0120107"
"The Prestige ",2006,130,"PG-13","Buena Vista Pictures","Color","Christopher Nolan","English","USA",2.35,1,341,1100,1441,8.5,76,4e+07,53082743,"tt0482571"
"Family Plot ",1976,120,"PG","Universal Pictures","Color","Alfred Hitchcock","English","USA",1.85,1,67,111,178,6.8,95,4490375,NA,"tt0074512"
"Frances Ha ",2012,86,"R","IFC Films","Black and White","Noah Baumbach","English","USA",1.85,0,345,139,484,7.4,93,NA,4063238,"tt2347569"
"Alexander and the Terrible, Horrible, No Good, Very Bad Day ",2014,81,"PG","Walt Disney Pictures","Color","Miguel Arteta","English","USA",2.39,6,119,85,204,6.2,61,2.8e+07,66950483,"tt1698641"
"Aloha ",2015,105,"PG-13","Sony Pictures","Color","Cameron Crowe","English","USA",1.85,1,138,172,310,5.4,19,3.7e+07,20991497,"tt1243974"
"Loose Cannons ",2010,110,NA,"Pyramide Distribution","Color","Ferzan Ozpetek","Italian","Italy",2.35,9,81,29,110,7.3,71,NA,NA,"tt1405810"
"The 13th Warrior ",1999,102,"R","Buena Vista Pictures","Color","John McTiernan","English","USA",2.35,1,85,546,631,6.6,33,8.5e+07,32694788,"tt0120657"
"The Legend of Suriyothai ",2001,300,"R","Sony Pictures Classics","Color","Chatrichalerm Yukol","Thai","Thailand",1.85,3,31,47,78,6.6,52,4e+08,454255,"tt0290879"
"Pootie Tang ",2001,81,"PG-13","Paramount Pictures","Color","Louis C.K.","English","USA",1.85,0,31,131,162,5.2,29,3e+06,3293258,"tt0258038"
"We Are Marshall ",2006,131,"PG","Warner Bros. Pictures","Color","McG","English","USA",2.35,0,96,175,271,7.1,49,6.5e+07,43532294,"tt0758794"
"The Vatican Tapes ",2015,91,"PG-13","Pantelion Films","Color","Mark Neveldine","English","USA",1.85,0,93,53,146,4.5,19,8495000,1712111,"tt1524575"
"The Hangover ",2009,108,"R","Warner Bros. Pictures","Color","Todd Phillips","English","USA",2.35,3,334,626,960,7.8,79,3.5e+07,277313371,"tt1119646"
"Hachi: A Dog's Tale ",2009,93,"G","Inferno Entertainment","Color","Lasse Hallström","English","USA",1.85,0,84,304,388,8.1,62,1.6e+07,NA,"tt1028532"
"Joy ",2015,124,"PG-13","20th Century Fox","Color","David O. Russell","English","USA",1.85,3,315,256,571,6.6,60,6e+07,56443482,"tt2446980"
"Labor Day ",2013,111,"PG-13","Paramount Pictures","Color","Jason Reitman","English","USA",2.35,1,217,111,328,6.9,34,1.8e+07,13362308,"tt1967545"
"Titan A.E. ",2000,94,"PG","20th Century Fox","Color","Don Bluth","English","USA",2.35,0,131,377,508,6.6,51,7.5e+07,22751979,"tt0120913"
"Ray ",2004,178,"PG-13","Universal Pictures","Color","Taylor Hackford","English","USA",1.85,0,209,433,642,7.7,81,4e+07,75305995,"tt0350258"
"Highlander: The Final Dimension ",1994,99,"PG-13",NA,"Color","Andrew Morahan","English","Canada",2.35,0,32,79,111,4.3,NA,2.6e+07,13829734,"tt0110027"
"A Million Ways to Die in the West ",2014,136,"R","Universal Pictures","Color","Seth MacFarlane","English","USA",2.35,3,303,416,719,6.1,33,4e+07,42615685,"tt2557490"
"The Hadza: Last of the First ",2014,71,NA,"FireStick Productions","Color","Bill Benenson","English","USA",NA,1,1,1,2,7.4,NA,650000,NA,"tt2139721"
"The Class ",2008,128,"PG-13","Sony Pictures Classics","Color","Laurent Cantet","French","France",2.35,7,212,86,298,7.5,95,NA,3766595,"tt1068646"
"Seven Samurai ",1954,202,"Unrated","Columbia Pictures","Black and White","Akira Kurosawa","Japanese","Japan",1.37,6,153,596,749,8.7,100,2e+06,269061,"tt0047478"
"The Mummy: Tomb of the Dragon Emperor ",2008,112,"PG-13","Universal Pictures","Color","Rob Cohen","English","USA",2.35,2,264,501,765,5.2,12,1.45e+08,102176165,"tt0859163"
"Ninja Assassin ",2009,99,"R","Warner Bros. Pictures/Dark Castle Ent.","Color","James McTeigue","English","USA",2.35,0,235,194,429,6.4,26,4e+07,38105077,"tt1186367"
"The Ultimate Gift ",2006,114,"PG","Fox Faith","Color","Michael O. Sajbel","English","USA",1.85,2,46,81,127,7.4,32,NA,3420871,"tt0482629"
"Shaun of the Dead ",2004,99,"R","Focus Features","Color","Edgar Wright","English","UK",2.35,6,246,859,1105,8,92,4e+06,13464388,"tt0365748"
"Metropolitan ",1990,98,"PG-13","Rialto Pictures","Color","Whit Stillman","English","USA",1.66,1,71,52,123,7.5,91,225000,2938208,"tt0100142"
"How Green Was My Valley ",1941,118,"Approved","Twentieth Century Fox Home Entertainment","Black and White","John Ford","English","USA",1.37,5,74,124,198,7.8,90,1250000,NA,"tt0033729"
"Eddie the Eagle ",2016,106,"PG-13","20th Century Fox","Color","Dexter Fletcher","English","UK",2.35,3,216,119,335,7.5,80,2.3e+07,15785632,"tt1083452"
"Diamond Ruff ",2015,82,"R","Young Feature Films LLC.","Color","Alec Asten","English","USA",NA,6,1,5,6,4.3,NA,5e+05,NA,"tt2111292"
"The Purge: Election Year ",2016,109,"R","Universal Pictures","Color","James DeMonaco","English","France",2.35,1,165,94,259,6.1,55,1e+07,78845130,"tt4094724"
"The Brave Little Toaster ",1987,90,"Not Rated","Kushner-Locke Productions","Color","Jerry Rees","English","USA",NA,0,17,62,79,7.3,75,2300000,NA,"tt0092695"
"16 to Life ",2009,89,NA,NA,"Color","Becky Smith","English","USA",1.78,1,3,6,9,6.3,NA,1e+06,NA,"tt1130087"
"Exotica ",1994,103,"R","ARP","Color","Atom Egoyan","English","Canada",1.85,1,53,83,136,7.2,97,2e+06,5132222,"tt0109759"
"Earth ",1998,110,"Unrated","Zeitgeist Films","Color","Deepa Mehta","Hindi","India",NA,0,34,55,89,7.8,86,NA,528972,"tt0150433"
"A Mighty Wind ",2003,91,"PG-13","Castle Rock Entertainment","Color","Christopher Guest","English","USA",1.85,0,97,272,369,7.3,88,NA,17508936,"tt0310281"
"Superbad ",2007,119,"R","Sony Pictures/Columbia","Color","Greg Mottola","English","USA",1.85,2,256,555,811,7.6,88,2e+07,121463226,"tt0829482"
"Brothers ",2009,105,"R","Lionsgate Films","Color","Jim Sheridan","English","USA",2.35,0,217,201,418,7.1,63,2.6e+07,28501651,"tt0765010"
"Ink ",2009,107,NA,"eOne Entertainment Distribution","Color","Jamin Winans","English","USA",1.78,0,66,215,281,7,100,NA,NA,"tt1071804"
"The SpongeBob SquarePants Movie ",2004,87,"PG","Paramount Pictures","Color","Stephen Hillenburg","English","USA",1.85,0,89,186,275,7,68,3e+07,85416609,"tt0345950"
"Hercules ",2014,101,"PG-13","Paramount Pictures","Color","Brett Ratner","English","USA",2.35,0,245,269,514,6,60,1e+08,72660029,"tt1267297"
"The Twilight Saga: Breaking Dawn - Part 2 ",2012,115,"PG-13","Lionsgate/Summit Entertainment","Color","Bill Condon","English","USA",2.35,3,322,329,651,5.5,49,1.2e+08,292298923,"tt1673434"
"Valiant ",2005,76,"G","Buena Vista","Color","Gary Chapman","English","UK",1.85,0,93,80,173,5.6,31,3.5e+07,19447478,"tt0361089"
"When the Game Stands Tall ",2014,115,"PG","Sony Pictures","Color","Thomas Carter","English","USA",1.85,0,50,64,114,6.7,17,1.5e+07,30127963,"tt2247476"
"Stuck on You ",2003,118,"PG-13",NA,"Color","Bobby Farrelly","English","USA",2.35,2,123,154,277,5.8,NA,5.5e+07,33828318,"tt0338466"
"The Wedding Date ",2005,90,"PG-13","Universal Pictures","Color","Clare Kilner","English","USA",1.85,0,103,250,353,6.1,10,1.5e+07,31585300,"tt0372532"
"You, Me and Dupree ",2006,110,"PG-13","Universal Pictures","Color","Anthony Russo","English","USA",1.85,1,136,195,331,5.6,21,5.4e+07,75604320,"tt0463034"
"Eve's Bayou ",1997,109,"R","Lions Gate Films","Color","Kasi Lemmons","English","USA",1.85,2,31,209,240,7.3,80,6e+06,14821531,"tt0119080"
"Before Midnight ",2013,109,"R","Drafthouse Recommends","Color","Richard Linklater","English","USA",1.85,1,405,270,675,7.9,98,3e+06,8114507,"tt2209418"
"The Four Feathers ",2002,125,"PG-13","Paramount Pictures","Color","Shekhar Kapur","English","UK",2.35,2,105,215,320,6.5,41,3.5e+07,18306166,"tt0240510"
"Two Brothers ",2004,109,"PG","Universal Pictures","Color","Jean-Jacques Annaud","English","France",2.35,0,88,124,212,7.1,78,59660000,18947630,"tt0338512"
"A Cinderella Story ",2004,95,"PG","Warner Bros. Pictures","Color","Mark Rosman","English","USA",1.85,2,69,232,301,5.9,11,2e+07,51431160,"tt0356470"
"Locker 13 ",2014,95,"R","Brothers' Ink Productions","Color","Bruce Dellis","English","USA",1.85,3,10,5,15,4.8,13,3e+05,2468,"tt1241226"
"Cop Out ",2010,107,"R","Warner Bros. Pictures","Color","Kevin Smith","English","USA",2.35,2,203,176,379,5.6,19,3.7e+07,44867349,"tt1385867"
"Rosewater ",2014,103,"R","Open Road Films","Color","Jon Stewart","English","USA",1.85,0,129,37,166,6.6,78,5e+06,3093491,"tt2752688"
"Dumb & Dumber ",1994,113,"PG-13","Warner Bros","Color","Peter Farrelly","English","USA",1.85,2,84,438,522,7.3,66,1.6e+07,127175354,"tt0109686"
"Van Wilder: Party Liaison ",2002,94,"R","Artisan Entertainment","Color","Walt Becker","English","Germany",1.85,0,96,258,354,6.4,19,6e+06,21005329,"tt0283111"
"Young Sherlock Holmes ",1985,109,"PG-13","Paramount Pictures","Color","Barry Levinson","English","USA",1.85,1,64,86,150,6.8,65,1.8e+07,4250320,"tt0090357"
"Mutual Appreciation ",2005,109,"R","Goodbye Cruel World","Black and White","Andrew Bujalski","English","USA",1.66,0,52,23,75,6.9,88,NA,NA,"tt0446747"
"From Paris with Love ",2010,92,"R","Lionsgate Films","Color","Pierre Morel","English","France",2.35,1,203,211,414,6.5,37,5.2e+07,23324666,"tt1179034"
"Warriors of Virtue ",1997,101,"PG","MGM Home Entertainment","Color","Ronny Yu","English","USA",2.35,0,24,31,55,4.6,18,3.5e+07,6448817,"tt0120479"
"Iraq for Sale: The War Profiteers ",2006,75,NA,"Brave New Films","Color","Robert Greenwald","English","USA",1.78,0,21,24,45,7.7,100,750000,NA,"tt0815181"
"Bamboozled ",2000,135,"R","New Line Cinema","Color","Spike Lee","English","USA",1.85,0,57,186,243,6.5,48,1e+07,2185266,"tt0215545"
"Heaven's Gate ",1980,325,"R","MGM/UA","Color","Michael Cimino","English","USA",2.35,0,102,189,291,6.8,57,4.4e+07,1500000,"tt0080855"
"Paranormal Activity 2 ",2010,98,"R","Paramount Pictures","Color","Tod Williams","English","USA",1.85,0,264,359,623,5.7,58,3e+06,84749884,"tt1536044"
"My Name Is Bruce ",2007,84,"R","Image Entertainment","Color","Bruce Campbell","English","USA",1.85,1,100,88,188,6.3,40,1500000,173066,"tt0489235"
"Stigmata ",1999,103,"R","MGM","Color","Rupert Wainwright","English","USA",2.35,0,131,398,529,6.2,21,2.9e+07,50041732,"tt0145531"
"Fifty Shades of Black ",2016,92,"R","Open Road Films","Color","Michael Tiddes","English","USA",NA,4,59,53,112,3.5,7,5e+06,11675178,"tt4667094"
"Raiders of the Lost Ark ",1981,115,"PG","Paramount Pictures","Color","Steven Spielberg","English","USA",2.35,1,234,771,1005,8.5,94,1.8e+07,242374454,"tt0082971"
"Buffalo '66 ",1998,110,"R","Lions Gate","Color","Vincent Gallo","English","USA",1.85,2,106,318,424,7.5,76,1500000,2365931,"tt0118789"
"The American President ",1995,114,"PG-13","Columbia Pictures","Color","Rob Reiner","English","USA",2.35,0,75,214,289,6.8,90,6.2e+07,6.5e+07,"tt0112346"
"We're No Angels ",1989,106,"PG-13","Paramount Home Video","Color","Neil Jordan","English","USA",2.35,0,20,42,62,6,47,2e+07,10555348,"tt0098625"
"Eulogy ",2004,85,"R","Lions Gate Films","Color","Michael Clancy","English","USA",1.85,6,27,68,95,6.7,32,6500000,70527,"tt0349416"
"Eight Legged Freaks ",2002,99,"PG-13","Warner Bros.","Color","Ellory Elkayem","English","USA",2.35,1,181,291,472,5.4,48,3e+07,17266505,"tt0271367"
"Sharkskin ",2015,100,NA,NA,"Color","Dan Perri","English","USA",2.39,0,1,1,2,6.7,NA,2100000,NA,"tt2317796"
"Stiff Upper Lips ",1998,94,"R","Miramax","Color","Gary Sinyor","English","UK",1.85,2,12,21,33,6.4,38,NA,69582,"tt0120210"
"Hellraiser ",1987,86,"R","New World Video","Color","Clive Barker","English","UK",1.85,0,203,335,538,7,65,1e+06,14564027,"tt0093177"
"Hoot ",2006,91,"PG","New Line Cinema","Color","Wil Shriner","English","USA",1.85,0,49,66,115,5.6,26,1.5e+07,8080116,"tt0453494"
"The Cotton Club ",1984,123,"R","Nelson Entertainment","Color","Francis Ford Coppola","English","USA",1.85,1,36,84,120,6.5,75,5.8e+07,25900000,"tt0087089"
