"timestamp","calories","sat_fat","sodium","sugar","carbs","total_fat","healthy_level","serving_size","ingredients","name","salty_sweet"
2013-10-10 08:36:00,180,0,0,0,0,6,"Slightly healthy",1,"Raspberries, corn starch, and sugar","Yo plait","Sweet"
2013-10-05 17:57:00,290,3,370,2,29,18,"Unhealthy",1,"Potatoes vegetable oil lemon seasoning","Lemon lays","Salty"
2013-10-06 23:07:00,110,0,330,2,23,0,"Neither healthy nor unhealthy",3,"Wheat flour, sugar, salt","Pretzel Crisps","Salty"
2013-10-18 11:37:00,160,2,250,0,13,11,"Slightly Unhealthy",1,"Enriched corn meal ferrous sulfate","Hot cheetos","Salty"
2013-10-29 22:00:00,15,0,78,3,3,0,"Slightly healthy",12,"water, fructose corn syrup, citric acid","powerade zero","Sweet"
2013-10-03 15:50:00,210,8,15,21,26,13,"Neither healthy nor unhealthy",1,"Sugar , unsweetened chocolate , cocoa butter","Lamontagene dark chocolate","Sweet"
2013-10-10 09:38:00,120,1,210,1,16,6,"Unhealthy",1,"Corn meal, vegetable oil, salt","Funyuns","Salty"
2013-10-03 08:10:00,150,1,170,13,28,4,"Unhealthy",1,"Toasted Rice CerealMarshmallowFructose","Rice Krispie Treats","Sweet"
2013-09-28 12:45:00,60,0,46,13,14,0,"Slightly healthy",1,"watersugargelatin","gelatin","Sweet"
2013-09-30 16:20:00,320,3,500,1,30,22,"Unhealthy",1,"Enriched corn meal, vegetable oil, flamin hot seasoning","Cheetos flamin hot","Salty"
2013-09-29 21:47:00,100,2,100,8,18,3,"Slightly Unhealthy",1,"whole grain wheat, rice flour, sugar","cinnamon toast crunch treats","Sweet"
2013-10-30 12:45:00,0,0,0,0,0,0,"Healthy",1,"purifid water,  magnesium sulfate potassium","water","Salty"
2013-10-29 22:12:00,80,0,150,21,21,0,"Slightly healthy",12,"water, fructose corn syrup,citric acid","powerade","Sweet"
2013-10-10 10:22:00,130,1,180,2,20,5,"Neither healthy nor unhealthy",1,"white pepper, potato flakes, salt","baked fries","Salty"
2013-09-28 09:43:00,170,3,125,13,25,70,"Healthy",1,"whole grain oat flour,bittersweet chocolate chip,chocolate liquor","Quaker cookies","Sweet"
2013-10-10 11:08:00,70,0,20,17,18,0,"Slightly healthy",1,"Filtered water, pure cane sugar, cocunut concentrated water","Body armer","Sweet"
2013-10-07 06:48:00,160,5,130,12,13,80,"Healthy",1,"milk, vitamin D3","milk","Sweet"
2013-09-30 07:43:00,90,0,80,7,19,2,"Neither healthy nor unhealthy",1,"granola, whole grain rolled wheat,soybean oil","chewy","Sweet"
2013-10-10 08:05:00,250,3,250,23,36,1,"Neither healthy nor unhealthy",3,"sugar enrich bleach flour","oreo","Sweet"
2013-10-04 16:56:00,45,1,160,0,8,1,"Slightly Unhealthy",1,"Enriched Flour, Vegetable Oil, Corn Syrup","Saladitas","Salty"
2013-09-14 09:58:00,200,1,330,1,30,8,"Unhealthy",1,"Enriched corn meal, vegetable oil, sugar","Baked Cheetos","Salty"
2013-10-10 09:58:00,90,5,105,8,17,2,"Slightly Unhealthy",1,"Rice sugar salt","Ricekrispies","Sweet"
2013-10-10 08:36:00,130,0,270,34,34,0,"Slightly Unhealthy",1,"Water, sugar, dextrose","Gatorade orange","Sweet"
2013-10-27 19:21:00,110,1,135,12,26,1,"Unhealthy",2,"sugarcorn flourdegerminated yellow","froot loops","Sweet"
2013-10-10 10:16:00,240,4,150,15,34,11,"Neither healthy nor unhealthy",1,"Enriched Flour,Bleached wheat flour,Niacin","Grandmas Mini sandwich Cremes","Sweet"
2013-10-14 13:54:00,250,5,25,25,30,13,"Neither healthy nor unhealthy",1,"milk chocolate,  sugar, peanuts","m&m","Sweet"
2013-10-10 09:36:00,190,2,350,5,23,10,"Unhealthy",1,"Enriched flour vegetable oil buttermilk","Cheddar cheese","Salty"
2013-10-14 20:10:00,150,1,0,0,27,3,"Neither healthy nor unhealthy",2,"100 percent whole grain rolled oats","Old fashioned oats","Sweet"
2013-11-01 18:26:00,110,0,15,25,0,0,"Slightly Unhealthy",1,"100%juice .pineaple.copper","apple berry","Salty"
2013-10-10 09:11:00,140,1,200,0,16,8,"Slightly Unhealthy",4,"corn,vegatableoil,maltodextrin.","doritos dinamita","Salty"
2013-10-10 09:41:00,140,1,180,1,18,7,"Neither healthy nor unhealthy",1,"Corn, Vegetable Oil (Corn, Canola and/or Sunflower Oil), Maltodextrin","Munchies Flamin' Hot","Salty"
2013-10-10 09:48:00,200,1,210,13,42,2,"Neither healthy nor unhealthy",1,"brownie mix, cocoa, corn syrup","chocolate chip brownie","Sweet"
2013-10-24 09:54:00,95,1,2,19,25,1,"Healthy",1,"apple,apple,apple","apple","Sweet"
2013-10-05 15:15:00,20,0,35,4,5,0,"Neither healthy nor unhealthy",5,"0sugar,corn syrup,modified corn starchstarch","pica fresa","Sweet"
2013-10-10 10:19:00,200,1,330,1,30,8,"Neither healthy nor unhealthy",1,"enriched corn meal,  vegetable oil,  salt","baked cheetos","Salty"
2013-09-26 18:41:00,130,0,10,26,30,0,"Slightly healthy",1,"Filtered water, Pineapple Juice Concetrated, Ascorbic Acid","Pineapple Juice","Sweet"
2013-09-27 16:07:00,220,3,750,5,7,7,"Neither healthy nor unhealthy",1,"tomato,  water,  enriched wheat flour","boyardee","Salty"
2013-09-25 23:24:00,0,0,0,0,0,0,"Healthy",1,"Water","Water","Sweet"
2013-09-28 08:30:00,160,3,150,2,15,10,"Slightly Unhealthy",1,"PotatoesVegetable oilBBQ seasoning","Lays BBQ chips","Salty"
2013-10-10 08:09:00,150,1,160,1,15,8,"Unhealthy",1,"whole cans, blue 1, red 41","Dorito cool ranch","Salty"
2013-11-05 15:22:00,546,4,1,4,21,0,"Healthy",1,"almonds","almonds","Sweet"
2013-10-08 19:20:00,150,5,180,1,18,8,"Unhealthy",1,"Vitamin A vitamin C iron","Doritos","Salty"
2013-10-18 16:34:00,160,1,260,0,13,11,"Unhealthy",20,"Enriched corn meal,corn meal, ferrous sulfare","Cheetos","Salty"
2013-10-02 19:22:00,0,0,10,0,0,0,"Unhealthy",1,"Vitamin A vitamin C calcium","Topic chico","Salty"
2013-10-10 10:09:00,200,1,210,13,42,2,"Neither healthy nor unhealthy",1,"0brownue mix, sugar, enriched wheat flour","brownie","Sweet"
2013-10-15 16:47:00,140,0,45,39,39,0,"Slightly Unhealthy",1,"Carbonated water natural flavors caffeine","Coca-Cola","Sweet"
2013-10-10 10:29:00,140,1,190,0,16,8,"Slightly Unhealthy",1,"Corn,vegetable oil,sunflower","Doritos","Salty"
2013-11-26 14:33:00,320,3,500,1,30,22,"Unhealthy",1,"Enriched corn meal, vegetable oil, salt","Cheetos","Salty"
2013-10-27 17:33:00,130,5,180,9,25,3,"Slightly Unhealthy",1,"Whole grain wheat, sugar, rice flour","Cinnamon toast crunch","Sweet"
2013-10-28 16:26:00,250,0,15,59,60,0,"Neither healthy nor unhealthy",1,"Filtered water, sugar, apple","Snapple fruit punch","Sweet"
2013-10-25 18:26:00,100,2,0,14,25,5,"Unhealthy",1,"Sugar, oil, water","Frosting","Sweet"
2013-10-18 06:48:00,60,5,30,9,12,1,"Neither healthy nor unhealthy",1,"grade a low fat milksuger cotton candy","gogurt","Sweet"
2013-10-25 18:00:00,210,8,35,24,26,13,"Slightly Unhealthy",1,"Milk chocolate , butter , sugar","Hersheys milk chocolate","Sweet"
2013-11-01 13:24:00,250,5,25,25,30,13,"Unhealthy",1,"Milk chocolate, sugar, milk","M&M","Sweet"
2013-10-22 09:45:00,180,4,50,25,29,7,"Neither healthy nor unhealthy",5,"DARK CHOCOLATE, SUGAR, UNSWEETENED CHOCOLATE","Dark Chocolate with blueberry","Sweet"
2013-10-02 09:44:00,320,3,510,1,25,22,"Unhealthy",1,"Enriched corn meal, vegetable oil, & hot lemon","Hot Cheetos lemon","Salty"
2013-09-16 20:42:00,160,2,150,2,15,10,"Neither healthy nor unhealthy",1,"Potatoes, Vegetable oil, BBQ seasoning","Barbecue Lays","Salty"
2013-10-09 15:40:00,150,3,420,0,17,70,"Slightly Unhealthy",2,"corn masa flour, soybean and/or palm and/or cabola, iodized salt","takis","Sweet"
2013-10-09 18:52:00,140,1,280,1,18,6,"Slightly Unhealthy",1,"Degerminated Yellow Corn Meal, Vegetable Oil, Whey","Harvest Road Baked Crunchy Curls","Salty"
2013-10-10 09:41:00,280,5,200,18,38,13,"Unhealthy",1,"Flour, semisweet chocolate, sugar","Famous amos","Sweet"
2013-09-26 18:03:00,140,0,45,31,39,0,"Neither healthy nor unhealthy",1,"Caramel color, carbonated water, high fructose","Coca cola","Sweet"
2013-11-11 19:11:00,530,5,800,21,53,22,"Neither healthy nor unhealthy",1,"chicken drumstick, salt, vegtable oil","fried chicken kid cuisine","Salty"
2013-10-05 13:45:00,140,4,480,1,4,11,"Slightly Unhealthy",1,"beef,pork,mechanically separated chickenchicken","pepperoni slim jim","Salty"
2013-10-05 23:06:00,130,3,50,16,21,4,"Slightly Unhealthy",1,"milk, sugar, corn syrup","cookies and cream ice cream","Sweet"
2013-11-11 19:04:00,150,1,360,1,23,6,"Neither healthy nor unhealthy",9,"potatoe, vegtable oil, modified food starch","curly fries","Salty"
2013-09-24 17:03:00,130,0,120,10,27,15,"Slightly Unhealthy",1,"rolled iats, sugar, dehydrated apples","oatmeal","Sweet"
2013-10-10 11:03:00,220,2,200,20,37,7,"Neither healthy nor unhealthy",2,"Flour, sugar, water","Chocolate chip cookie","Salty"
2013-10-10 09:22:00,280,5,200,18,38,5,"Neither healthy nor unhealthy",1,"enriched flour, vegetable oil, reduced iron","chocolate chips","Salty"
2013-10-10 08:12:00,50,0,8,13,13,0,"Unhealthy",1,"Vitamin A vitamin C calcium","Vitamin water","Salty"
2013-10-08 13:16:00,200,1,210,13,42,2,"Neither healthy nor unhealthy",1,"brownie mix, enriched wheat flour, dry egg whites","brownie","Sweet"
2013-10-26 17:05:00,80,5,15,0,1,8,"Neither healthy nor unhealthy",1,"Modified food starch,kosher gelatin,guar gum","Mexican style sour cream","Salty"
2013-09-18 19:28:00,140,2,190,1,5,11,"Slightly healthy",1,"peanuts, peanut oil, cottonseed oil","hot and spicy peanuts","Salty"
2013-10-26 20:15:00,370,12,250,26,37,22,"Unhealthy",1,"Skim milk,suger,cream cheese","Double Dutch chocolate cheesecake","Sweet"
2013-09-24 14:06:00,230,6,35,31,34,9,"Healthy",1,"Sugar, chocolate, skim milk","M&ms","Sweet"
2013-10-25 16:08:00,150,3,420,0,17,3,"Neither healthy nor unhealthy",1,"corn masa flour,soybean or canola oil , sugar, natural and artificial flavor, citric acid","takis","Salty"
2013-10-10 10:24:00,140,1,200,0,16,8,"Neither healthy nor unhealthy",1,"maiz, aceite vegetal, corn","doritos","Salty"
2013-10-29 06:48:00,200,2,250,16,34,6,"Slightly Unhealthy",2,"Enriched flour, wheat, reduced iron","Pop tarts peanut butter","Sweet"
2013-09-15 22:46:00,170,0,300,3,29,0,"Neither healthy nor unhealthy",1,"rice,  sugar , salt","crispy rice cereal","Sweet"
2013-10-10 08:09:00,270,0,3,23,38,12,"Slightly Unhealthy",1,"Yellow cake mix, soybean oil , dried egg whites","Cream cheese cake","Sweet"
2013-09-30 07:46:00,80,2,75,6,11,4,"Neither healthy nor unhealthy",1,"whole grain oats,sugar,vegetable oil","thins granola","Sweet"
2013-09-15 10:19:00,100,0,20,28,28,0,"Slightly Unhealthy",8,"carbonated water , high fructose corn syrup , caramel color sugar","pepsi","Sweet"
2013-10-22 17:10:00,240,3,120,13,32,11,"Unhealthy",1,"Enriched flourWheat flourNiacin","Strawberry shortbread","Sweet"
2013-09-16 21:00:00,70,1,870,1,11,2,"Slightly healthy",1,"Chicken stock, enriched egg noodles, water","Campbell's chicken noodle soup","Salty"
2013-10-25 15:57:00,95,1,90,11,28,30,"Healthy",1,"vitamin avitamin cdietary fiber","nature valleycrunchygranola bars","Sweet"
2013-10-10 08:12:00,320,3,510,1,25,22,"Unhealthy",1,"Enriched corn meal, ferrous sulfate, niacin","Cheetos flamin hot limon crunchy","Salty"
2013-10-14 22:48:00,160,1,160,1,15,15,"Slightly Unhealthy",1,"Corn, Corn Oil, Flamin Hot Seadoning","Fritos Flamin-Hot","Salty"
2013-09-30 08:44:00,160,2,160,1,15,10,"Unhealthy",1,"Potatoes, Vegetable Oil, & Sour Cream and Onion Seasoning","Sour Cream & Onion Lays","Salty"
2013-09-30 07:23:00,160,2,170,0,15,10,"Slightly Unhealthy",1,"Potato Vegtable oil Salt","Lays","Salty"
2013-11-01 23:27:00,130,0,16,8,9,0,"Unhealthy",1,"sugar, corn syrup, chilli","cucharita rica","Sweet"
2013-10-02 16:39:00,80,0,160,21,21,0,"Slightly Unhealthy",1,"Water, sucrose, dextrose","Gatorade","Sweet"
2013-10-18 11:30:00,160,2,8,0,8,11,"Slightly Unhealthy",1,"enriched corn mealferrous sulfateniacin","hot cheetos","Salty"
2013-10-01 15:27:00,70,0,65,19,19,0,"Slightly Unhealthy",4,"Water, High fructose corn syrup, citric acid","Brisk lemonade","Sweet"
2013-09-21 16:25:00,80,0,160,21,21,0,"Slightly Unhealthy",1,"water, sucrose, dextrose","Gatorade","Sweet"
2013-10-13 12:30:00,100,0,10,19,22,0,"Slightly healthy",6,"corn,water,sugar","peach halves","Sweet"
2013-10-23 19:32:00,90,2,90,0,0,10,"Slightly Unhealthy",1,"Soybean oil, water,whole eggs and egg yolks","Best foods mayonnaise","Salty"
2013-10-10 18:54:00,80,0,0,16,20,0,"Unhealthy",1,"Sucrose, corn syrup, food starch-modified","chewy lemonheads & friends","Sweet"
2013-11-04 08:37:00,240,4,150,15,34,11,"Slightly Unhealthy",1,"Enriched Flour Bleached Wheat FlourNiacin","Grandmas Mini Sandwich Cremes","Sweet"
2013-10-24 10:02:00,60,0,55,11,14,0,"Unhealthy",1,"sugar,corn syrup,buffered lactic acid","ring pop","Sweet"
2013-09-19 20:51:00,118,0,9,20,28,0,"Slightly healthy",3,"corn syrup , sugar , gelatin","peach rings","Sweet"
2013-10-08 09:02:00,190,1,180,6,28,7,"Slightly Unhealthy",1,"whole grain oats,sugar,canola oil","nature valley","Sweet"
2013-09-28 19:05:00,5,0,0,1,1,0,"Neither healthy nor unhealthy",1,"Sorbitol, Maltodextrn, Natural Flavor","Ice Breaker Mints","Sweet"
2013-10-02 20:56:00,140,2,280,1,16,8,"Unhealthy",1,"Enriched corn meal,vegetable oil, dried potatoes","Chester's flamin hot fries","Salty"
2013-10-25 18:33:00,160,2,200,1,15,10,"Unhealthy",1,"Potatoes, limon, vegetable oil","Lays Limon","Salty"
2013-10-24 16:34:00,110,0,10,25,27,0,"Neither healthy nor unhealthy",1,"Filtered water high fructose corn syrup pear juice","Arizona","Sweet"
2013-09-15 14:24:00,450,4,310,2,16,28,"Slightly Unhealthy",1,"potatoes,  vegetable oil , sweet southern heat barbeque seasoning","lays sweet southern heat barbecue chips","Sweet"
2013-09-27 16:10:00,130,0,150,6,27,1,"Slightly healthy",1,"corn, whole grain rolled oats, sugar","honey crisp medley","Sweet"
2013-09-14 09:48:00,160,2,160,1,15,10,"Slightly Unhealthy",1,"Potatoes, vegetable oil, sour cream","Lays","Salty"
2013-10-09 21:25:00,90,1,105,8,17,20,"Unhealthy",1,"toasted rice cerealMarshmallowFructose","Rice krispies treats","Sweet"
2013-09-17 15:10:00,80,0,220,19,20,0,"Neither healthy nor unhealthy",1,"water , corn sryup , concentrated juices","SunnyD","Sweet"
2013-10-10 09:13:00,230,7,35,24,25,13,"Neither healthy nor unhealthy",1,"Sugar milk and coca butter","Worlds finest chocolate","Sweet"
2013-10-28 10:23:00,50,57,45,324,388,50,"Unhealthy",1,"Flour water","Nutter better","Sweet"
2013-09-29 20:18:00,80,0,0,0,0,0,"Neither healthy nor unhealthy",1,"K","Gatorade","Sweet"
2013-10-10 19:06:00,110,0,125,0,19,3,"Neither healthy nor unhealthy",1,"whole corn, vegetable oil, salt","Baked! Tostitos","Salty"
2013-09-26 19:40:00,90,0,0,15,29,0,"Healthy",1,"Banana","Banana","Sweet"
2013-10-26 17:08:00,100,2,85,0,0,11,"Slightly Unhealthy",1,"Soybean oil,egg yolks,water","Mc Cormick mayonnaise with lime juice","Salty"
2013-10-03 21:48:00,140,0,300,2,14,8,"Neither healthy nor unhealthy",11,"Wheat flour, penut butter, palm oil","Peanut butter filled pretzels","Salty"
2013-10-14 20:17:00,140,10,55,38,39,0,"Healthy",1,"Water, gas, salt","Squirt soda","Sweet"
2013-10-20 13:51:00,180,5,60,20,25,9,"Slightly Unhealthy",4,"sugar, chocolate, cocoa","buncha crunch","Sweet"
2013-09-28 08:11:00,250,2,580,6,47,1,"Slightly healthy",1,"enriched macaroni, niacin, iron","mac&chesse","Sweet"
2013-10-24 17:12:00,50,90,600,50,400,30,"Unhealthy",1,"Acesulfame potassium adipic","Gum","Sweet"
2013-10-10 10:08:00,420,5,350,30,69,130,"Slightly Unhealthy",1,"Enriched flour, riboflavin ,sugar","Pop tarts","Sweet"
2013-10-24 12:18:00,160,2,250,0,13,100,"Unhealthy",1,"enriched corn meal , vegetable oil , flamin' hot seasoning","Hot cheetos","Salty"
2013-10-02 17:28:00,120,1,110,11,24,3,"Slightly healthy",1,NA,"Nutri grain","Sweet"
2013-10-10 08:28:00,190,4,95,21,25,9,"Unhealthy",1,"Chocolate, skim milk,cocoa butter","Snickers","Sweet"
2013-10-10 09:53:00,420,5,350,30,69,14,"Healthy",2,"enriched flour, iron , vitamin B","pop tarts","Sweet"
2013-10-17 15:22:00,80,0,150,21,21,0,"Neither healthy nor unhealthy",1,"water,high fructose corn syrup,citric acid","powerade","Sweet"
2013-10-17 16:47:00,150,3,70,7,21,6,"Slightly healthy",1,"wheat floursugarvegetable shorteningwater","canellitas","Sweet"
2013-10-25 17:19:00,140,2,280,1,16,8,"Slightly Unhealthy",1,"Enriched corn meal , ferrous sulfate , niacin","Chester's fries flamin hot","Salty"
2013-10-08 08:48:00,160,2,160,0,16,10,"Neither healthy nor unhealthy",2,"corn,corn oil,and salt","fritos","Salty"
2013-10-02 19:03:00,10,0,15,20,27,0,"Neither healthy nor unhealthy",2,"Vitamin A vitamin C calcium","Drums","Salty"
2013-09-29 20:25:00,0,0,0,0,0,0,"Neither healthy nor unhealthy",1,NA,"Trail mic granola bar","Salty"
2013-10-05 15:18:00,230,6,170,13,26,13,"Slightly Unhealthy",2,"ebriched bleached flour,niacin,reduced ironiron","honey buns","Sweet"
2013-09-29 20:19:00,0,0,0,0,0,0,"Neither healthy nor unhealthy",1,"K","Fanta","Sweet"
2013-10-08 08:41:00,80,2,80,20,20,0,"Slightly Unhealthy",3,"water ,high corn syrup citric, acid","fuze berry punch","Sweet"
2013-10-27 11:15:00,210,7,30,21,27,11,"Unhealthy",1,"Sugar, wheat flour, nonfat milk","KitKat","Sweet"
2013-10-04 16:42:00,160,1,325,0,18,9,"Neither healthy nor unhealthy",2,"Corn Starch, Flour, Corn","Tostadas","Salty"
2013-10-27 16:40:00,160,21,480,2,43,460,"Unhealthy",1,"Potatoes,vegetable oil, salt","Lays","Salty"
2013-10-17 09:28:00,250,3,490,1,28,14,"Unhealthy",1,"Enriched Corn MealVegetable oilDried potatoes","Chester's Hot Fries","Salty"
2013-10-25 13:00:00,140,2,280,1,16,8,"Unhealthy",5,"EnrichedCorn meal Sulfate, Niacin","Chesters Friea Flamin Hit","Salty"
2013-09-30 16:34:00,100,0,10,24,25,0,"Neither healthy nor unhealthy",3,"Filtered water, high fructose corn syrup, pear juice from concentrate","Arizona","Sweet"
2013-10-09 22:49:00,0,0,0,20,0,0,"Slightly healthy",5,"Vitamin A C and calcium 0","manzanilla","Sweet"
2013-10-11 12:40:00,170,2,120,12,25,60,"Neither healthy nor unhealthy",15,"sugar, palm oil,high oleic canola","golden oreo","Sweet"
2013-10-08 08:44:00,220,5,0,30,45,5,"Slightly Unhealthy",2,"sugar,corn syrup,hydrogenated","starburst","Sweet"
2013-10-13 12:10:00,100,0,140,1,20,2,"Healthy",18,"wheets,oat,grain","Cheerios","Sweet"
2013-09-29 20:22:00,0,0,0,0,0,0,"Neither healthy nor unhealthy",1,NA,"Sun chips","Salty"
2013-10-10 09:47:00,170,2,280,1,15,12,"Healthy",1,"enriched corn meal vegetable oil cheese seasoning","cheetos","Salty"
2013-09-16 19:28:00,150,1,200,0,15,9,"Unhealthy",1,"Mai's Entero, Aceite de Maiz, Condimento Turbos Flamas (Maltodextrina [De Maiz]","Turbos","Salty"
2013-10-23 15:43:00,200,0,65,55,0,0,"Slightly Unhealthy",1,"carbonated waterhigh fructosecorn syrup","Coca-Cola","Sweet"
2013-10-23 20:50:00,210,7,30,21,27,11,"Slightly Unhealthy",2,"Sugar, wheat flour, non-fat milk","KitKat","Sweet"
2013-10-22 07:13:00,140,2,140,12,21,6,"Slightly Unhealthy",2,"Unbleached enriched flower , wheat flour, reduced iron","Mini Oreo - Bite size","Sweet"
2013-10-10 10:06:00,140,1,200,0,16,8,"Neither healthy nor unhealthy",1,"0corn,vegetable oil, salt","doritos","Salty"
2013-11-10 16:23:00,220,0,0,15,0,16,"Slightly Unhealthy",1,"Sugar cocoa butter and skim milk","Ferrero rocher","Sweet"
2013-10-04 16:53:00,300,7,1060,2,38,13,"Slightly Unhealthy",1,"Enriched Wheat Flour, Reduced Iron, Thiamine Mononitrate","Cup of Noodles","Salty"
2013-09-29 20:27:00,0,0,0,0,0,0,"Neither healthy nor unhealthy",1,NA,"Diet green tea","Sweet"
2013-10-24 16:07:00,160,1,270,1,15,10,"Slightly Unhealthy",1,"Corn corn oil and salt","Fritos chilli cheese","Salty"
2013-09-24 21:17:00,130,0,190,4,29,0,"Healthy",2,"Rice,sugar,salt","Rice Krispies","Sweet"
2013-10-23 21:31:00,120,0,110,6,25,15,"Healthy",1,"CornBrown SugarOatmeal","Honey Bunches of Oats","Sweet"
2013-10-02 18:54:00,140,8,150,13,14,5,"Unhealthy",1,"Vitamin A vitamin C calcium","Alta dena milk","Salty"
2013-10-27 21:50:00,190,3,120,13,27,9,"Unhealthy",1,"Unbleached enriched flour, riboflavin, semisweet chocolate chips","Chips Ahoy","Sweet"
2013-09-20 17:53:00,50,0,0,11,12,0,"Healthy",1,"organic apple puree,,organic apple juice, organic strawberry","apple strawberry fruit wrap","Sweet"
2013-10-24 09:46:00,160,2,260,0,13,11,"Unhealthy",1,"enriched corn meal ferrous sulfate","hot cheetoes","Salty"
2013-10-05 11:25:00,250,3,200,16,37,10,"Neither healthy nor unhealthy",1,"unbleached enriched flour (wheat flour,niacin,reduced ironiron","nutter butter","Salty"
2013-09-24 20:23:00,200,1,150,34,36,1,"Neither healthy nor unhealthy",1,"Culturated Low Fat Milk, Sugar, Strawberries","Yonique Strawberry Smoothie","Sweet"
2013-10-15 20:39:00,300,3,350,2,29,19,"Slightly Unhealthy",1,"Potatoes vegetable oil cheddar & sour cream seasoning","Ruffles","Salty"
2013-10-10 10:02:00,130,0,100,8,20,4,"Neither healthy nor unhealthy",1,"whole wheat,  flour, enriched flour","whole grain belly bears","Sweet"
2013-10-21 18:34:00,260,9,90,24,27,13,"Slightly healthy",1,"Whole milk and cream, sugar, coconut","Librertí© Yogurt","Sweet"
2013-09-26 21:49:00,110,0,140,11,27,0,"Slightly Unhealthy",1,"Milled corn, sugar, 2% or less of malt flavoring","Frosted Flakes","Sweet"
2013-10-04 16:59:00,140,1,170,4,21,5,"Slightly Unhealthy",3,"whole grain wheat flour , soybean oil , sugar","weat thins","Salty"
2013-10-11 12:48:00,100,0,0,7,0,0,"Slightly healthy",1,"cultured pasteurized milk, termapillow, bulgaricus","yogurt","Sweet"
2013-10-26 16:54:00,210,6,15,25,27,12,"Slightly Unhealthy",1,"Cocoa butter, unsweetened chocolate,skim milk","Milk chocolate with almonds","Sweet"
2013-09-27 13:17:00,320,3,510,0,25,22,"Unhealthy",1,"Enriched Corn Meal ,  Vegtable Oil , Canola","Hot Lemon Cheetos","Salty"
2013-10-24 10:20:00,140,0,45,39,0,0,"Unhealthy",1,"caffeine,caramel color,phosphoric acid","coca cola","Sweet"
2013-10-29 21:01:00,80,0,150,21,21,0,"Slightly healthy",12,"water,fructose corn syrup, 0.5 citric acid","powerade","Sweet"
2013-09-30 19:57:00,180,10,40,0,1,20,"Neither healthy nor unhealthy",2,"Pork with Ham, Seperated Chicken, Water","Spam","Salty"
2013-10-10 10:08:00,220,2,200,20,37,7,"Neither healthy nor unhealthy",1,"enriched flour,  sugar, water","chocolate chip cookie","Sweet"
2013-10-10 09:45:00,60,0,16,8,12,1,"Neither healthy nor unhealthy",4,"Glucose, Sugar, Vegetable Oil","Coffee Candy","Sweet"
2013-10-03 22:29:00,40,0,120,0,15,8,"Neither healthy nor unhealthy",14,"Corn chip, oil, lime","Blue corn tortilla chips","Salty"
2013-10-30 17:36:00,220,2,490,1,27,11,"Neither healthy nor unhealthy",1,"corn, flour, buttermilk","funyuns","Salty"
2013-09-29 19:29:00,90,2,320,1,13,10,"Unhealthy",2,"Enriched corn meal, niacin, & thiamin mononitrate","Hott puffcorn chip","Salty"
2013-10-03 09:28:00,180,2,280,0,17,12,"Slightly Unhealthy",1,"Enriched born meal sulfate niacin thiamin","Hot Cheetos","Salty"
2013-10-14 20:28:00,290,3,440,1,36,11,"Neither healthy nor unhealthy",1,"Wheat flour, white and dark chicken meat, monterrey jack cheese","Chicken and monterrey jack cheese chimichanga","Salty"
2013-09-30 20:21:00,90,0,15,13,22,0,"Unhealthy",2,"Water, natural fruit nance, stabilizer","Nance ice scream","Sweet"
2013-10-27 19:40:00,210,7,30,21,27,11,"Unhealthy",1,"Sugar, wheat flour, nonfat milk","KitKat","Sweet"
2013-10-09 16:02:00,182,1,1669,25,153,15,"Slightly healthy",1,"soup, tomato, canned condensed","soup","Sweet"
2013-09-25 19:03:00,290,2,370,2,36,14,"Unhealthy",1,"Corn, Vegtable oil, Maltodextrin","Flamin' Hot Munchies","Salty"
2013-10-07 09:50:00,160,2,160,0,15,10,"Slightly Unhealthy",1,"Corn oil corn flamin hot","Fritos","Salty"
2013-09-28 17:10:00,60,0,15,16,17,0,"Unhealthy",1,"Water, sugar, lemon juice","Caprisun","Sweet"
2013-09-24 11:56:00,120,0,200,2,21,3,"Unhealthy",10,"dehydrated potatoes, modified food starch, corn oil","Baked Ruffles","Salty"
2013-10-10 10:03:00,130,0,250,34,35,0,"Neither healthy nor unhealthy",1,"Water, High Fructose Corn Syrup, Less Than 0.5% of: Citric Acid,","Powerade","Sweet"
2013-11-01 18:28:00,120,2,390,1,21,3,"Neither healthy nor unhealthy",5,"ferrous.flour.yeast","Saladitas","Salty"
2013-10-03 19:05:00,60,0,15,14,15,0,"Slightly healthy",1,"apple juice  malic acid citric acid","apple berry","Sweet"
2013-10-27 13:52:00,40,0,79,400,345,500,"Slightly Unhealthy",1,"Acesulfame potassium,adipic acid,soy","Gum","Sweet"
2013-10-10 09:22:00,120,140,50,20,80,130,"Neither healthy nor unhealthy",1,"cinnamon.brown sugar poppop","pop tarts","Sweet"
2013-10-08 19:13:00,160,7,160,0,16,1,"Unhealthy",1,"Vitamin A vitamin C iron","Fritos","Salty"
2013-10-02 19:58:00,240,3,150,20,300,10,"Unhealthy",1,"Enriched bleached flour, reduced iron, thamin monomitrate","Brownie","Sweet"
2013-10-13 19:15:00,150,0,60,18,24,4,"Slightly Unhealthy",1,"milk cooked rice, water, sugar","rice pudding","Sweet"
2013-09-27 21:32:00,150,1,200,1,14,10,"Unhealthy",1,"Corn meal, vegetable oil, salt","Cheetos crunchy","Salty"
2013-10-09 15:28:00,160,2,270,0,18,9,"Unhealthy",2,"corn flour,vegetable oil,corn,","enre 2","Sweet"
2013-10-10 09:19:00,320,3,500,1,30,22,"Unhealthy",1,"enriched corn meal,ferrous,sulfate.","Cheetos","Salty"
2013-10-10 10:05:00,150,1,170,13,28,4,"Neither healthy nor unhealthy",1,"Toasted rice Cereal,folic acid,Marshmallow","RiceKrispies Treats","Sweet"
2013-10-19 12:44:00,130,0,135,6,26,20,"Healthy",2,NA,"Hint bunches of oats","Sweet"
2013-10-10 09:35:00,210,0,40,36,52,0,"Slightly Unhealthy",1,"sugar, invert sugar, corn syrup","sour pouch kids","Sweet"
2013-10-10 08:39:00,150,2,140,11,23,5,"Slightly Unhealthy",1,"Margarine, cinnamon sugar mix, whole eggs","Snickerdoodle","Sweet"
2013-10-10 18:38:00,280,9,140,23,39,13,"Unhealthy",1,"sugar, enriched flour, vegetable oil","Animals Frosted Cookies","Sweet"
2013-11-26 14:42:00,200,1,210,13,42,2,"Slightly Unhealthy",1,"Brownie mix, egg whites,water","Chocolate chip brownie","Sweet"
2013-10-24 19:27:00,70,0,300,0,1,6,"Slightly Unhealthy",3,"Mechahically separated turkey,water,salt","Turkey franks","Salty"
2013-09-16 20:54:00,160,2,40,9,12,10,"Slightly healthy",1,"Peanuts, M&M's milk chocolate candies, raisins","Trail Mix","Salty"
2013-10-12 13:29:00,80,0,105,20,20,0,"Slightly Unhealthy",1,"Water, High Fructose Corn Syrup, and Citric Acid.","Brisk Iced Tea","Sweet"
2013-10-25 16:12:00,160,2,70,25,27,3,"Healthy",1,"reduce fat milk , water , sugar","yogurt","Sweet"
2013-10-17 17:56:00,120,0,140,6,25,2,"Neither healthy nor unhealthy",4,"One half cup fat free milk sodium potassium","Honey bunches of oats","Sweet"
2013-10-10 09:40:00,160,3,85,50,20,70,"Neither healthy nor unhealthy",1,"chocolate, sugar, peanutspeanuts","snickers","Salty"
2013-09-30 00:14:00,33,0,17,5,8,0,"Neither healthy nor unhealthy",3,"Pure water, sugar, fructose","Fruzel","Sweet"
2013-10-10 08:58:00,230,5,160,38,43,5,"Slightly healthy",1,"milk","Yogurt","Sweet"
2013-10-10 08:32:00,120,0,15,30,31,0,"Neither healthy nor unhealthy",2,"Filtered water, grape juice concentrate, sugar","Langers grape","Sweet"
2013-10-10 08:30:00,110,0,0,22,30,0,"Slightly healthy",1,"Canola,palm oil,raisins","Raisins","Sweet"
2013-10-29 17:36:00,90,0,0,20,23,0,"Healthy",1,"grapes","grapes","Sweet"
2013-10-24 19:21:00,150,0,30,41,41,0,"Slightly Unhealthy",1,"carbonated water, high fructose corn syrup, caramel color","pepsi","Sweet"
2013-09-28 08:28:00,80,1,105,1,10,5,"Slightly Unhealthy",1,"Unbleached enriched flourReduced ironThiamine mononitrate","Ritz crackers","Salty"
2013-11-01 23:30:00,15,0,160,0,4,0,"Slightly Unhealthy",2,"tomato concentrate, high fructose corn syrup, distilled vinegar","del Monte Ketchup","Salty"
2013-10-10 09:32:00,220,2,200,20,37,7,"Neither healthy nor unhealthy",1,"enriched flour, niacin, iron","chocolatechip cookie","Sweet"
2013-10-10 18:58:00,160,2,230,1,14,90,"Unhealthy",3,"enriched corn meal, vegatable oil, xxtra flamin' hot seasoning","xxtra flamin' hot cheetos","Salty"
2013-10-08 08:50:00,80,0,80,20,20,0,"Unhealthy",8,"Vitamin B6 vitamin B12","Fuze berry punch","Salty"
2013-10-16 14:16:00,160,2,250,0,3,11,"Unhealthy",2,"Corn,yellow flower,whole grain","Hot Cheetos","Salty"
2013-09-16 22:48:00,140,5,80,10,20,5,"Slightly Unhealthy",1,"Wheat Flour, hydrogenated Vegtable, milk aolids","Milky Knots","Sweet"
2013-09-26 09:53:00,120,300,200,2,21,280,"Neither healthy nor unhealthy",10,"Dehydrated ,potatoes,  modified food","Baked ruffles original chips","Salty"
2013-09-27 10:06:00,150,25,200,0,17,9,"Slightly Unhealthy",6,"dry potatoes vegable cotton. seed","Stax","Salty"
2013-09-15 15:01:00,160,2,270,1,15,10,"Unhealthy",1,"Corn, corn oil, salt","Chili cheese fritos","Salty"
2013-09-26 18:05:00,140,0,45,31,39,0,"Neither healthy nor unhealthy",1,"Carmel color, carbonated water, high fructose","Coca cola","Sweet"
2013-09-29 21:50:00,100,2,100,8,18,3,"Slightly Unhealthy",1,"whole grain wheat, rice flour, sugar","cinnamon toast crunch treats","Sweet"
2013-10-10 12:24:00,5,0,0,0,2,0,"Unhealthy",1,"0","Extra","Sweet"
2013-10-10 08:19:00,110,7,60,60,0,5,"Unhealthy",1,"Vitamin A vitamin C calcium","Chocolatie chip cookies","Salty"
2013-10-21 17:37:00,10,0,45,0,0,0,"Neither healthy nor unhealthy",3,"Water, gelatin,acid","jello lemon","Sweet"
2013-10-10 10:09:00,210,2,320,3,27,9,"Neither healthy nor unhealthy",1,"whole cornsunflower oilwhole wheat","sun chips","Salty"
2013-10-08 08:47:00,220,4,0,30,0,5,"Unhealthy",1,"Vitamin C calcium iron","Starburst","Salty"
2013-10-10 19:01:00,190,4,760,1,25,8,"Slightly Unhealthy",1,"enriched flour, vegatable oil, salt","big cup noodles","Salty"
2013-10-10 08:08:00,150,0,40,40,40,0,"Unhealthy",1,NA,"Paces","Salty"
2013-10-17 15:40:00,150,2,250,0,13,11,"Slightly Unhealthy",1,"enriched corn meal,ferrous sulfate","doritos","Salty"
2013-10-18 11:07:00,80,0,0,0,0,0,"Slightly Unhealthy",1,"0","Gatorde","Sweet"
2013-10-08 08:28:00,159,0,140,20,0,0,"Neither healthy nor unhealthy",1,"water high fructose corn syrup","All sport","Sweet"
2013-11-01 20:16:00,190,6,140,3,3,16,"Slightly Unhealthy",1,"peanuts, sugar,soybean","peanut butter","Sweet"
2013-10-14 18:20:00,70,0,10,18,19,0,"Neither healthy nor unhealthy",2,NA,"Arizona pomagranet green tea","Sweet"
2013-09-15 22:29:00,150,1,130,12,25,1,"Neither healthy nor unhealthy",1,"sugar , corn flour blend,  wheat flour","apple jacks cereal","Salty"
2013-09-16 20:49:00,250,3,820,44,0,5,"Neither healthy nor unhealthy",1,"Wheat flour, durum wheat semolina, partially hydrogenated palm oil","Pasta Roni Fettuccine Alfredo","Sweet"
2013-11-01 23:21:00,130,0,150,15,28,1,"Slightly Unhealthy",1,"corn, wheat and whole grain oat flour, sugar","tootie fruities","Sweet"
2013-09-27 12:24:00,85,0,0,17,21,0,"Healthy",1,"apple","oranges","Sweet"
2013-10-10 08:32:00,130,0,270,34,34,0,"Neither healthy nor unhealthy",1,"Water, sucrose, dextrose","Gatorade","Sweet"
2013-09-19 21:37:00,150,0,170,1,31,1,"Neither healthy nor unhealthy",1,"Whole grain wheat, whey protein isolate, calcium carbonate","Cream of wheat","Sweet"
2013-10-10 10:03:00,170,2,370,1,21,9,"Unhealthy",1,"Enriched corn meal ferrous sulfate niacin","Funyuns","Salty"
2013-10-10 08:23:00,130,0,250,34,36,0,"Slightly Unhealthy",1,"Water, high fruictose corn syrup, citric acid","Powerade fruit punch","Sweet"
2013-10-30 17:33:00,70,0,80,19,19,0,"Neither healthy nor unhealthy",1,"water, high fructose corn syrup. tea","brisk iced tea","Sweet"
2013-10-09 21:18:00,130,0,15,18,31,0,"Slightly healthy",1,"Juice from concentratesCorn syrupSugar","Fruit snacks","Sweet"
2013-10-24 09:13:00,190,0,4,17,41,0,"Unhealthy",1,"Corn syrup, sugar, inulin,","Sconza sour worms","Salty"
2014-01-03 14:08:00,45,0,0,9,11,0,"Healthy",1,"orange","orange","Sweet"
2013-10-13 12:55:00,180,2,85,1,4,15,"Neither healthy nor unhealthy",1,"sunflower seeds, salt, sunflower oil","sunflower seeds","Salty"
2013-09-25 23:37:00,130,2,130,18,19,3,"Neither healthy nor unhealthy",1,"Low fat milk, sugar, carrageenan","Trumoo vanilla low fat milk","Sweet"
2013-10-25 18:40:00,90,0,130,8,18,10,"Slightly healthy",1,"Vitamin A, Calcium, Vitamin C","Honey Nut Cheerios","Sweet"
2013-10-27 16:34:00,160,0,2,45,44,0,"Slightly Unhealthy",1,"Carbonated water,high fruitose,corn syrup","Soda","Sweet"
2013-09-26 21:00:00,130,0,19,4,29,0,"Healthy",1,"rice, sugar, and salt","rise cripsies","Sweet"
2013-10-21 19:44:00,150,0,55,40,40,0,"Neither healthy nor unhealthy",2,"Water,Caramel color and Caffeine","Dr. Pepper","Sweet"
2013-11-01 23:09:00,0,0,110,0,0,0,"Unhealthy",1,"water, red peppers, salt","tapatio","Salty"
2013-10-03 22:04:00,190,6,150,11,25,10,"Neither healthy nor unhealthy",8,"Dark chocolate, pretzel , vegetable oil","Dark chocolate covered pretzils","Sweet"
2013-10-27 16:59:00,120,0,45,29,29,0,"Slightly Unhealthy",2,"Carbonated water, sugar, citric acid","Jarritos","Sweet"
2013-10-22 21:55:00,200,2,180,16,37,5,"Neither healthy nor unhealthy",1,"Enriched Wheat Flour, Wheat Flour, Niacin","Toaster Treats","Sweet"
2013-10-10 09:28:00,70,0,0,0,0,0,"Slightly Unhealthy",1,"Corn syrup , sugar Maltic acid","Jolly rancher","Sweet"
2013-10-03 18:55:00,190,6,190,12,34,5,"Neither healthy nor unhealthy",1,"enriched flour,iron,and vitamin B","icecream sundae pop tart","Sweet"
2013-09-29 11:21:00,220,2,200,20,37,7,"Neither healthy nor unhealthy",1,"Sugar water chocolate chip","Linda's cookies Chocolate chip cookie","Sweet"
2013-11-01 23:23:00,200,3,150,2,7,15,"Slightly Unhealthy",1,"roasted peanuts, sugar, hydrogenated vegetable oil","peanut butter","Sweet"
2013-11-05 20:25:00,290,3,160,46,53,5,"Unhealthy",1,"Brewed Starbucks coffee, reduced fat milk, sugar","Starbucks frappuccino","Sweet"
2013-10-03 09:34:00,10,0,0,2,2,0,"Slightly Unhealthy",1,"Sugar, gum base","Doublemint gum","Sweet"
2013-10-20 20:45:00,140,4,45,14,22,5,"Slightly Unhealthy",1,"milk chocolate flavored coating, corn syrup, granola","chocolate covered chewy granola bar","Sweet"
2013-10-03 07:19:00,110,1,200,12,23,2,"Neither healthy nor unhealthy",1,"Corn flourSugarOat flour","Cap'n crunch","Sweet"
2013-10-22 14:59:00,140,1,270,1,18,7,"Neither healthy nor unhealthy",1,"sugar salt sunflower oil","doritos","Salty"
2013-09-29 21:56:00,100,2,100,8,18,3,"Slightly Unhealthy",1,"whole grain wheat, rice flour, sugar","cinnamon toast crunch treats","Sweet"
2013-10-02 09:02:00,50,0,0,13,13,0,"Unhealthy",1,"Spring water , fructose sugar","Vitamin water","Sweet"
2013-09-15 22:39:00,80,0,30,12,19,0,"Slightly Unhealthy",1,"fruit juice blend , corn syrup , sugar","flavored fruit snacks","Sweet"
2013-10-18 14:59:00,42,0,180,0,28,7,"Healthy",1,"proteinvitamin cvitamin a","nature valleycrunchygranola bars","Sweet"
2013-10-10 08:06:00,150,2,230,0,18,9,"Unhealthy",1,"Corn,vegetable oil, maltodextrin","Doritos","Salty"
2013-10-05 23:03:00,130,1,180,9,25,3,"Slightly Unhealthy",1,"whole grain, wheat, sugar","cinnamon toast crunch","Sweet"
2013-09-30 07:42:00,80,2,75,6,11,35,"Healthy",1,"whole grain oats,sugar,vegetable oil","nature valley","Sweet"
2013-10-10 10:12:00,130,0,135,11,20,5,"Neither healthy nor unhealthy",1,"unbleached enriched flour,  canola oil, chocolate","mini oreo","Sweet"
2013-10-19 21:47:00,160,1,250,0,13,11,"Unhealthy",10,"Enriched corn meal, corn meal, ferrous sulfate","Cheetos","Salty"
2013-10-10 16:57:00,180,2,190,1,17,12,"Slightly Unhealthy",1,"potatoes,vegatable oil,corn","lays","Salty"
2013-11-03 20:22:00,180,2,130,16,27,8,"Slightly Unhealthy",4,"water, sugar ,enriched bleached flour","little muffins blueberry","Sweet"
2013-10-03 18:58:00,190,1,190,12,34,5,"Neither healthy nor unhealthy",1,"enriched flour,iron,and vitamin B","hot fudge sundae pop tart","Sweet"
2013-09-17 21:28:00,100,0,0,13,25,0,"Neither healthy nor unhealthy",1,"California pitted prunes, sunflower oil, potassium sorbate","Prunes","Sweet"
2013-10-15 12:56:00,200,1,330,1,30,8,"Slightly Unhealthy",1,"enriched corn, niacin,vegetable oil","baked cheetos","Salty"
2013-09-19 20:33:00,160,0,260,0,13,100,"Unhealthy",4,"enrinched corn meal , ferrous sulfate , niacin","cheetos crunchy flamin hot limon","Salty"
2013-09-26 17:58:00,140,0,65,38,38,0,"Slightly Unhealthy",1,"Carbonated water, high fructose, corn syrup","Sprite","Sweet"
2013-10-15 20:42:00,120,0,105,9,27,0,"Neither healthy nor unhealthy",1,"milled corn sugar soluble corn fiber","Kelloggs corn pops","Sweet"
2013-10-13 16:26:00,15,0,240,1,3,0,"Slightly Unhealthy",1,"Plum, Water, Lodized Salt And Chile","Saladulces Hola","Salty"
2013-10-06 21:03:00,110,4,80,7,16,5,"Neither healthy nor unhealthy",5,"enriched flour,  niacin,  reduced iron","striped shortbread","Sweet"
2013-09-26 11:46:00,170,2,370,1,21,9,"Neither healthy nor unhealthy",1,"Enriched corn meal, ferrous sulfate, niacin","Funyuns","Salty"
2013-10-07 09:47:00,160,8,7,0,0,10,"Unhealthy",1,"corn cornoil flamin hot seasoning","fritos flamin hot","Salty"
2013-09-29 11:11:00,170,2,280,1,15,12,"Slightly healthy",1,"enriched corn, sulfate, niacin","cheetos","Salty"
2013-10-14 21:46:00,140,0,45,39,39,0,"Slightly Unhealthy",2,"carbonated water, high fructose corn syrup,caramel","coca cola","Sweet"
2013-10-23 17:54:00,60,2,250,0,19,4,"Slightly Unhealthy",2,"Popping corn Palm oilSalt","Act 2 popcorn","Salty"
2013-09-26 09:02:00,320,3,500,1,30,22,"Neither healthy nor unhealthy",1,"Enriched corn meal, ferrous sulfate, niacin","Hot Cheetos","Salty"
2013-10-03 09:21:00,180,15,280,1,0,12,"Neither healthy nor unhealthy",1,"enriched corn meal sulfate niacin","hot cheetos","Salty"
2013-10-10 09:21:00,210,2,320,3,27,9,"Slightly Unhealthy",1,"whole corn,sunflower,canola oil.","sun chips","Sweet"
2013-10-23 20:45:00,40,4,90,18,25,8,"Slightly Unhealthy",8,"Milk chocolate, sugar, cocoa butter","Snickers","Sweet"
2013-10-25 18:24:00,160,1,310,19,36,2,"Slightly Unhealthy",1,"Wheat flour, niacin, iron","Cake","Sweet"
2013-09-15 22:20:00,160,2,160,1,15,10,"Unhealthy",1,"potatoes , vegetable oil , sour cream & onion seasoning","lays sour cream & onion","Salty"
2013-10-14 10:27:00,130,0,250,34,35,0,"Slightly healthy",1,"water, high fructose corn syrup, acid","powerade","Sweet"
2013-10-03 11:39:00,133,0,172,33,33,0,"Unhealthy",1,"SugarStarch Syrupplum paste","Korean Sweet Candy","Sweet"
2013-10-03 19:13:00,170,2,110,1,4,16,"Healthy",1,"sunflower.. salt ..seeds","sun flower seeds","Salty"
2013-10-02 18:40:00,190,16,150,3,7,26,"Unhealthy",1,"Vitmin A calcium vitamin 10","Skippy","Salty"
2013-09-20 17:49:00,150,1,170,0,17,0,"Neither healthy nor unhealthy",1,"potatos,cottonseed oil and/or sunflower oil,rice flour","poore brothers","Salty"
2013-10-02 17:38:00,200,6,150,13,27,80,"Slightly Unhealthy",1,NA,"Mini fudge stripes","Sweet"
2013-10-25 17:30:00,160,0,55,44,44,0,"Slightly Unhealthy",1,"Carbonated water , high fructose corn syrup , citric acid","Fanta orange","Sweet"
2013-10-04 16:57:00,210,1,180,2,22,12,"Unhealthy",1,"Patatoes , Vegetable Oil , Jalapeno Seasoning","Jalepeno Chips","Salty"
2013-10-01 12:09:00,70,0,15,19,19,0,"Slightly Unhealthy",1,"Water, High Fructose, and Corn Syrup","Kool-Aid Jammers","Sweet"
2013-10-23 16:48:00,1,2,200,0,38,17,"Neither healthy nor unhealthy",10,"whole cornvegetable oilmaltodextrin","Rancheritos","Salty"
2013-10-04 16:39:00,130,2,160,15,16,3,"Slightly healthy",2,"Low fat milk, Skim Milk, Vitamin A","Milk","Sweet"
2013-10-10 07:53:00,130,2,260,1,12,9,"Slightly healthy",1,"Enriched corn meal,ferrous sulfate,niacin","Kool aid","Salty"
2013-10-10 10:02:00,160,1,150,2,15,10,"Unhealthy",1,"potatoes, vegetable oil, BBQ seasoning","lays","Salty"
2013-10-10 12:06:00,150,3,210,1,15,9,"Slightly Unhealthy",2,"Dried potatos vegtable oil corn oil","Pringles pizza","Sweet"
2013-09-29 21:14:00,80,0,25,10,19,0,"Neither healthy nor unhealthy",1,"Fruit juice blend,corn syrup & sugar.","Ocean Spray gummies","Sweet"
2013-09-30 07:20:00,140,1,210,0,16,8,"Slightly Unhealthy",1,"C.v.o.MaltodextrinSalt","Doritos","Salty"
2013-10-03 22:51:00,100,1,50,1,3,8,"Neither healthy nor unhealthy",1,"Peanuts , almonds , cashews","Nut toppings","Sweet"
2013-10-01 12:15:00,160,3,110,11,22,8,"Unhealthy",1,"Unbleached enriched flour, semisweet chocolate chips, and sugar","Chips Ahoy!","Sweet"
2013-09-28 08:16:00,190,4,830,1,26,7,"Slightly healthy",1,"enriched wheat flour, iron, niacin","soup","Salty"
2013-10-10 12:11:00,80,2,5,5,10,4,"Unhealthy",1,"Suger palm oil skim milk substitute","Duvalin","Sweet"
2013-10-29 21:37:00,180,0,210,1,17,11,"Slightly Unhealthy",1,"potatoes, vegetable oil, cheddar and sour cream seasoning","Ruffles","Salty"
2013-10-25 18:31:00,150,7,55,13,21,0,"Neither healthy nor unhealthy",1,"Sugar, iron, flour","Circus animal","Sweet"
2013-10-27 13:09:00,130,0,40,33,0,0,"Unhealthy",1,"Carbonated water high fructose corn syrup and citric acid","Shasta orange","Sweet"
2013-10-22 19:37:00,160,2,300,0,13,11,"Slightly Unhealthy",1,"Corn meal,ferrous sulfate,niacin","Cheetos","Salty"
2013-10-23 19:24:00,120,2,0,0,0,14,"Unhealthy",1,"Corn oil","Mazola corn oil","Salty"
2013-10-10 10:03:00,320,3,500,1,30,22,"Slightly Unhealthy",1,"0enriched corn meal, vegetable oil,salt","hot cheetos","Salty"
2013-10-03 22:38:00,130,1,250,1,10,7,"Neither healthy nor unhealthy",18,"Veggie chips, potato flour, potato starch","Veggi chips","Salty"
2013-09-15 15:58:00,110,2,95,7,20,4,"Slightly healthy",1,"Crisp rice, whole grain oats, sugar","Fiber one","Salty"
2013-10-25 16:23:00,120,0,10,28,10,0,"Healthy",1,"filtered water, high fructose syrup, grape juice concentrate","tropicana berry punch","Sweet"
2013-10-10 09:24:00,220,2,200,20,37,7,"Neither healthy nor unhealthy",1,"enriched flour,niacin,iron,","chocolate chip cookie","Sweet"
2013-09-25 23:28:00,156,0,390,25,30,0,"Slightly Unhealthy",1,"Sugar, tamarindo , salt","Tama-roca","Salty"
2013-09-27 13:09:00,250,3,490,1,28,14,"Unhealthy",1,"Enriched Corn Meal , Vegatable Oil, Dried Patatoes","Hot Fries","Salty"
2013-10-17 21:14:00,140,2,770,2,44,23,"Unhealthy",3,"enriched corn meal, vegetable oil, dried potatoes","cheaters fries flamin hot","Salty"
2013-10-24 10:13:00,150,2,300,1,13,10,"Unhealthy",15,"corn meal,ferrous suffate,niacin","hot cheetos puffs","Salty"
2013-09-29 13:45:00,190,4,200,1,19,13,"Unhealthy",1,"Dried patatoes,vegetable oil,corn oil","Pringles","Salty"
2013-11-01 23:32:00,300,7,1060,2,38,13,"Unhealthy",1,"enriched wheat flour, niacin, palm oil","cup noodles","Salty"
2013-10-02 09:03:00,100,1,0,14,22,1,"Neither healthy nor unhealthy",2,"sugar vegtable oil","mamba","Sweet"
2013-10-27 14:35:00,0,6,55,12,21,170,"Unhealthy",2,"watervanilla.satured fillinh","Bauduco vanilla","Sweet"
2013-10-26 19:02:00,80,1,105,1,10,12,"Slightly Unhealthy",1,"unbleached enriched flour riboflavin","ritz","Salty"
2013-10-10 10:12:00,160,2,250,0,13,11,"Slightly Unhealthy",1,"Enriched Corn Meal,ferrous Sulfate,Niacin","Cheetos Flaming Hot Crunchy","Salty"
2013-10-04 07:00:00,300,7,1180,1,38,13,"Slightly Unhealthy",1,"0 wheat flour reduced iron niacin","cup noodles","Salty"
2013-10-27 14:01:00,160,2,160,0,16,10,"Unhealthy",1,"Corn, corn oil, salt","Fritos","Salty"
2013-10-05 15:10:00,270,5,360,33,46,9,"Slightly Unhealthy",1,"enriched bleached wheat fliur,water,sugarsugar","twinkies","Sweet"
2013-10-13 12:43:00,140,0,45,39,39,0,"Slightly Unhealthy",1,"carbonated water,caramel color,caffeine","coca cola","Sweet"
2013-09-15 22:54:00,100,1,80,7,0,2,"Slightly healthy",1,"flour , sugar , fructose","pastry crisps strawberry","Sweet"
2013-09-29 21:52:00,100,2,100,8,18,3,"Slightly Unhealthy",1,"whole grain wheat, rice flour, sugar","cinnamon toast crunch treats","Sweet"
2013-10-24 09:53:00,130,0,270,34,34,0,"Slightly Unhealthy",1,"water sugar dextrose","gatorade","Sweet"
2013-10-10 10:21:00,0,2,30,8,11,80,"Unhealthy",1,"Milk chocolate,sugar,coca butter","Twix","Sweet"
2013-11-01 23:13:00,180,6,55,21,26,9,"Unhealthy",1,"milk chocolate, cocoa butter, lactose","crunch","Sweet"
2013-09-16 22:44:00,140,1,300,0,20,8,"Unhealthy",1,"Enriched Corn Meal, Sulfate, Niacin","Cheeto Fries","Salty"
2013-10-26 11:13:00,160,2,140,14,25,7,"Neither healthy nor unhealthy",1,"sugar, unbleached enriched flour, high fructose corn syrup","oreos","Sweet"
2013-10-21 16:23:00,160,15,250,0,13,11,"Unhealthy",20,"corn meal , ferrous , salt , sugar,","chettos","Sweet"
2013-09-30 22:50:00,60,0,15,16,17,0,"Neither healthy nor unhealthy",1,"waterhigh fructose corn syrup apple juice concentrate","caprisun","Sweet"
2013-09-25 23:32:00,530,5,540,36,67,26,"Neither healthy nor unhealthy",1,"Wheat flour bleached, sugar, blueberries","Blueberry muffin","Sweet"
2013-10-15 15:56:00,160,1,25,8,14,10,"Healthy",2,"Raisins almonds cashews","Autumn harvest trail mix","Salty"
2013-10-15 08:36:00,130,0,250,34,36,0,"Slightly healthy",1,"water, high fructose corn syrup,citric acid","powerade","Sweet"
2013-10-10 10:10:00,80,0,30,18,23,0,"Unhealthy",1,"Sugar, gum base, corn syrup","Rockaleta","Sweet"
2013-09-15 14:28:00,50,0,55,7,12,1,"Unhealthy",1,"pears from concentrate , corn syrup , dried corn syrup","fruit roll up","Sweet"
2013-10-13 19:08:00,170,4,60,11,22,9,"Slightly Unhealthy",2,"butter, whole milk powder, vanilla","milanoilk chocolate","Sweet"
2013-09-29 20:26:00,0,0,0,0,0,0,"Neither healthy nor unhealthy",1,NA,"Arizona tea","Sweet"
2013-10-10 08:15:00,320,3,500,1,30,22,"Unhealthy",1,"Enriched corn meal, ferrous sulfate, niacin","Cheetos flamin hot crunchy","Salty"
2013-10-01 12:07:00,160,2,251,0,13,12,"Unhealthy",1,"enriched corn meal, ferries ,sulfate niacin","hot cheetos","Salty"
2013-10-02 16:34:00,160,1,35,5,9,12,"Neither healthy nor unhealthy",1,"AlmondsSugarCocoa","Cocoa almonds","Sweet"
2013-10-09 22:59:00,200,0,120,53,53,0,"Slightly Unhealthy",3,"0carbon water Carmen","Coca-Cola","Sweet"
2013-09-27 13:12:00,190,0,4,17,41,0,"Unhealthy",1,"Corn Syrup , Sugar , Inulin","Sour Warm","Salty"
2013-10-10 10:01:00,210,2,320,3,27,9,"Slightly healthy",1,"0whole corn, sunflower oil, whole wheat","sun chips","Salty"
2013-10-24 09:42:00,200,6,35,27,29,9,"Slightly healthy",1,"Milk chocolate, sugar, cocoa butter","Caramel choclate","Sweet"
2013-10-11 12:47:00,200,2,260,19,35,5,"Neither healthy nor unhealthy",2,NA,"Pop tarts","Sweet"
2013-10-05 15:06:00,160,3,85,17,21,8,"Neither healthy nor unhealthy",2,"milk chocolate (sugar,cocoa butter)","snickers","Sweet"
2013-10-10 08:01:00,80,0,5,13,19,0,"Neither healthy nor unhealthy",1,"Corn syrup, sugar, apple purí©e concentrated","Kellogg's Fruity Snacks","Sweet"
2013-10-03 21:57:00,100,2,260,1,9,7,"Neither healthy nor unhealthy",2,"Organic kale, red bell peppers, organic cashews","Kale krunch","Salty"
2013-10-23 20:39:00,150,3,140,4,16,8,"Slightly Unhealthy",1,"unbleached enriched flour, thiamine mononitrate, riboflavin vitamin","ritz bitz cheese","Salty"
2013-10-30 17:49:00,160,2,260,0,13,11,"Neither healthy nor unhealthy",1,"enriched corn meal, niacin, thaimin monitrate","hot cheetohs limon","Salty"
2013-10-18 12:03:00,280,5,200,18,38,13,"Slightly Unhealthy",1,"Enriched flourNiacinReduced iron","Famous Amos","Sweet"
2013-10-10 08:01:00,200,2,260,19,35,5,"Slightly Unhealthy",3,"palm oil soybean water","pop tarts","Sweet"
2013-10-24 16:19:00,130,1,250,0,20,5,"Slightly Unhealthy",4,"Corn, Salt, Corn oil","Corn nuts chile picante","Salty"
2013-10-23 16:58:00,150,0,85,39,300,0,"Unhealthy",1,"Carbonated water,suger,caramel","Coca coca","Sweet"
2013-10-20 14:12:00,20,2,150,8,16,2,"Neither healthy nor unhealthy",2,"sugar, corn syrup, cocoa","milk chocolate","Sweet"
2013-09-15 15:29:00,190,1,160,12,29,6,"Slightly healthy",1,"whole grain oats , sugar , canola oil","nature valley crunchy oats n' honey","Sweet"
2013-10-27 16:25:00,5,0,35,0,1,0,"Slightly healthy",1,"natural and artificial flavors, maltodex-trin, aspartame","yoo-hoo mix it","Sweet"
2013-10-26 19:09:00,170,0,150,9,28,2,"Neither healthy nor unhealthy",1,"whole grain corn, corn meal, sugar","frute brute cereal","Sweet"
2013-09-27 16:24:00,120,0,45,17,0,0,"Slightly Unhealthy",1,"strained yogurt, pasteurized skimmed milk,live active yogurt cultures","fage","Salty"
2013-09-14 18:05:00,250,2,280,21,46,6,"Unhealthy",1,"Toasted Rice Cereal ,  Sugar , Salt","Rice Krispee Treat","Sweet"
2013-10-10 09:38:00,150,200,100,50,12,50,"Neither healthy nor unhealthy",1,"chili, lime,corn snacksnack","takes","Salty"
2013-10-17 11:34:00,50,0,160,14,5,0,"Slightly healthy",1,"Orange, water corn syrup","Sunny d","Sweet"
2013-10-10 10:01:00,35,6,110,11,22,17,"Neither healthy nor unhealthy",1,"Enriched Flour,Semi sweet Chocolate Chips,Milk Fat","Grandma Chocolate Chip Cookie","Sweet"
2013-09-24 17:00:00,5,0,95,1,12,60,"Slightly Unhealthy",2,"unbleached enriched flour, barley flour , niacin","bread","Sweet"
2013-09-30 07:45:00,90,0,80,7,19,2,"Slightly healthy",1,"gronala,brown sugar,crisp rice","chewy quaker","Sweet"
2013-10-03 15:42:00,140,0,110,3,23,4,"Healthy",1,"Enriched Yellow Corn, Sunflower Oil, and Sugar","Popcorners","Salty"
2013-10-13 18:38:00,240,2,360,1,28,14,"Unhealthy",1,"Corn, vegetable oil, maltodextrin","Doritos","Salty"
2013-10-02 10:57:00,370,3,500,1,30,22,"Neither healthy nor unhealthy",1,"Enriched corn meal, ferrous sulfate, niacin","Hot Chetoss","Salty"
2013-10-21 17:59:00,70,0,0,15,17,0,"Neither healthy nor unhealthy",2,"fruit, water, sugar","mixed fruit del monte","Sweet"
2013-09-16 20:57:00,190,4,150,3,6,16,"Slightly healthy",1,"Roasted peanuts, sugar, palm oil","Skippy peanut butter","Salty"
2013-10-03 22:48:00,190,3,150,3,7,16,"Neither healthy nor unhealthy",1,"Roasted peanuts,","Peanut butter","Sweet"
2013-10-26 15:22:00,150,2,250,1,13,10,"Slightly Unhealthy",1,"Milk, corn, niacin","Cheetos","Salty"
2013-10-08 09:04:00,70,0,85,16,16,1,"Neither healthy nor unhealthy",1,"sugar corn wheat","Apple jaks","Sweet"
2013-10-10 10:01:00,150,1,180,1,18,8,"Neither healthy nor unhealthy",1,"whole corn, vegetable oil, corn","Doritos","Salty"
2013-09-27 16:35:00,160,2,140,14,25,7,"Neither healthy nor unhealthy",1,"Sugar, un bleached enriched flour , cobalamin oil","Oreos","Sweet"
2013-10-10 09:39:00,130,1,190,3,24,4,"Neither healthy nor unhealthy",1,"dried potatoes, corn starch, corn oil","baked lays sour cream and onion","Salty"
2013-10-21 18:09:00,113,3,12,13,15,5,"Neither healthy nor unhealthy",2,"sugar, peanuts, flavors","marzipan chocolate","Sweet"
2013-09-27 09:47:00,160,3,160,4,18,9,"Neither healthy nor unhealthy",13,"Unbleached enriched flour, Niacin, reduced iron.","Rita bits","Salty"
2013-10-23 16:14:00,200,70,120,21,29,8,"Slightly Unhealthy",1,"1.sugar 2.strawberry 3.syrup","gansito","Sweet"
2013-09-26 09:51:00,120,0,200,2,21,0,"Slightly Unhealthy",10,"Dehydrated potatoes modified foodStarch corn oil","Baked ruffles original","Salty"
2013-09-16 12:35:00,250,6,5,4,3,6,"Neither healthy nor unhealthy",2,"toasted rice flavoringpaml oil","rice crispy","Sweet"
2013-10-02 09:17:00,100,5,0,14,22,1,"Unhealthy",3,"Sugar vegetable, sorbitol humectant, modified food starch","Mamba","Sweet"
2013-10-02 09:38:00,160,2,250,0,0,11,"Unhealthy",20,"enriched corn meal,ferrous sulfate, niacin","cheetos","Salty"
2013-10-05 21:23:00,190,0,230,17,46,1,"Healthy",20,"whole grain wheat , raisins, wheat bran","raisin bran","Sweet"
2013-10-30 18:00:00,170,1,85,26,33,2,"Neither healthy nor unhealthy",1,"Low fat milkSugar Strawberries","Yoplait yogurt","Sweet"
2013-10-26 16:57:00,40,0,390,1,2,1,"Neither healthy nor unhealthy",1,"Water,dextrose,salt","Premium deli ham smoked","Salty"
2013-10-07 20:28:00,190,4,830,1,9,7,"Neither healthy nor unhealthy",1,"wheat flour,reduced iron,salt","ramen soup","Salty"
2014-01-22 19:19:00,95,0,2,19,25,0,"Healthy",1,"Water, proteins, vitamins","Apple","Sweet"
2013-10-05 15:13:00,150,1,5,18,34,1,"Unhealthy",5,"corn syrup,wheat flour,sugarsugar","sour punch twist","Sweet"
2013-11-10 16:25:00,150,0,3,39,0,0,"Unhealthy",1,"Carbonated water sugar caramel","Coca cola","Sweet"
2013-09-28 20:54:00,140,1,290,1,20,5,"Slightly healthy",5,"enriched floor,wheat floor,soybean oil","gardettos","Salty"
2013-10-31 07:02:00,170,5,180,9,25,3,"Neither healthy nor unhealthy",1,"Whole Grain Wheat, Sugar, Rice Flour, Rice Bran and/or Canola Oil","Cinnamon Toast Crunch","Sweet"
2013-10-10 09:52:00,200,1,210,13,42,2,"Unhealthy",1,"Brownie mix, corn starch, salt","Brownie","Sweet"
2013-10-10 08:33:00,130,5,85,9,26,3,"Slightly healthy",1,"Wheat flour, naicin, reduced iron","Quaker Cereal Bars","Sweet"
2013-10-04 09:31:00,70,0,55,19,19,0,"Neither healthy nor unhealthy",4,"WATER, HIGH FRUCTOSE CORN SYRUP, CITRIC ACID","Brisk melon strawbery","Sweet"
2013-10-18 11:01:00,14,0,0,2,0,49,"Slightly Unhealthy",1,"sugartamarind pulpcorn syrup","pulparindo","Salty"
2013-10-05 15:09:00,140,2,50,19,30,2,"Neither healthy nor unhealthy",4,"corn syrup,sugar,palm oiloil","laffy taffy","Sweet"
2013-11-01 23:34:00,140,0,45,39,39,0,"Unhealthy",2,"carbonated water, high fructose corn syrup , caramel color","coca - cola","Sweet"
2013-10-13 19:11:00,130,1,140,18,27,2,"Slightly Unhealthy",1,"sugar, popcorn; corn syrup solids","the popcorn factory","Sweet"
2013-10-02 17:18:00,90,1,85,8,18,2,"Neither healthy nor unhealthy",1,"Cereal whole grain wheat sugar","Cereal bar","Sweet"
2013-10-02 17:35:00,180,2,260,0,20,80,"Slightly Unhealthy",1,NA,"Cheez it's","Salty"
2013-10-24 19:48:00,150,3,420,0,17,8,"Unhealthy",4,"corn,oil,chili powder","takis","Salty"
2013-10-24 19:30:00,290,2,2,2,36,14,"Unhealthy",1,"Corn vegetable oil, Salt, Cheddar cheese","Munchies","Salty"
2013-10-10 09:25:00,240,4,150,15,34,11,"Slightly Unhealthy",1,"Enriched flour and bleached wheat flour, niacin, reduced iron","Mini sandwich cremes","Sweet"
2013-09-15 07:11:00,150,2,300,1,13,10,"Unhealthy",1,"Enriched corn meal, vegetable oil, flaming hot seasoning","Hot Cheetos Puffs","Salty"
2013-10-23 21:51:00,50,0,15,11,12,0,"Healthy",1,"WaterSugar Skim Milk Powder","Yakult","Sweet"
2013-09-27 12:03:00,140,2,90,10,29,4,"Unhealthy",1,"Chicory root extract, semi sweetener, chocolate chips","Fiber One","Sweet"
2013-10-14 20:06:00,60,0,0,16,16,0,"Slightly healthy",3,"Sugar, fructose, citric acis","Kool-Aid","Sweet"
2013-11-05 16:30:00,45,6,30,28,32,10,"Slightly Unhealthy",1,"Sugar,chocolate,skim milk","m&m's","Sweet"
2013-09-27 15:10:00,100,0,10,24,25,0,"Slightly Unhealthy",3,"Filtered water, high fructose, corn syrup","Arizona","Sweet"
2013-10-05 19:16:00,40,0,15,9,10,0,"Healthy",1,"water , high fructose corn syrup , citric acid","icesticks","Sweet"
2013-10-06 22:22:00,100,5,75,8,19,20,"Slightly healthy",1,"Granola, brown sugar, crispy rice","granola bars","Sweet"
2013-11-02 10:11:00,150,3,95,22,0,7,"Slightly Unhealthy",1,"enriched flour, bleached wear flour,niacin","mini sandwich cremes","Sweet"
2013-10-17 17:29:00,120,2,390,1,21,3,"Neither healthy nor unhealthy",3,"Enriched,sodium,flour","Saladitas gamesa","Salty"
2013-10-03 06:42:00,160,3,110,11,22,8,"Unhealthy",4,"unblrached enriched flour,niaciin,reduced iron","chips ahoy","Sweet"
2013-10-22 09:43:00,0,1,160,0,16,160,"Slightly Unhealthy",1,"Corn, corn oil, salt","Fritos","Salty"
2013-10-14 09:59:00,150,2,230,0,18,9,"Neither healthy nor unhealthy",1,"corn, vegetable oil, canola","doritos","Salty"
2013-10-03 15:11:00,65,0,1,13,17,0,"Slightly healthy",1,NA,"Apple","Sweet"
2013-10-03 22:16:00,80,3,190,0,1,6,"Neither healthy nor unhealthy",1,"Parurizied milk, cheese cultures, salt","Stringsters","Salty"
2013-10-13 12:14:00,130,3,150,13,13,5,"Slightly healthy",16,"cow","milk","Sweet"
2013-10-10 08:18:00,60,0,15,14,15,0,"Neither healthy nor unhealthy",2,"Apple juice, Malic Acid, Citric acid","Apple berry juice","Sweet"
2013-10-10 08:25:00,160,2,160,0,16,10,"Slightly Unhealthy",1,"Corn,corn oil, salt","Fritos brand","Salty"
2013-10-14 20:14:00,120,0,105,9,27,0,"Neither healthy nor unhealthy",1,"Milled corn, sugar, soluble corn fiber","Corn Pops","Sweet"
2013-10-03 22:07:00,190,7,200,18,28,7,"Neither healthy nor unhealthy",9,"Yogurt coating, juice, yogurt powder","Yogurt pretzels","Sweet"
2013-09-27 16:04:00,330,7,1290,1,42,15,"Slightly Unhealthy",1,"enriched wheat flour, salt, dried green peas","cup noodles","Salty"
2013-10-10 10:09:00,150,0,40,40,40,0,"Unhealthy",1,"carbonated watersugarcaramel color","pepsi","Sweet"
2013-11-01 16:16:00,290,110,110,77,77,38,"Slightly Unhealthy",1,"Carbonated water,high fructose,corn syrup","Cherry soda","Sweet"
2013-09-30 07:39:00,220,1,130,29,35,2,"Healthy",1,"apple juice,banana puree,strawberry puree","naked","Sweet"
2013-10-04 22:55:00,250,10,180,16,28,15,"Neither healthy nor unhealthy",1,"Sugar, flower, riboflavin","Donuts","Sweet"
2013-10-16 14:29:00,160,2,290,1,15,10,"Neither healthy nor unhealthy",3,"Enriched corn meal","Cheetos","Sweet"
2013-10-02 21:18:00,190,4,830,1,26,7,"Slightly healthy",2,"Salt, sugar , enriched wheat flour","Ramen noodle soup","Salty"
2013-10-17 11:17:00,140,0,110,3,23,4,"Healthy",1,"Enriched Yellow Corn, Sunflower Oil, and Sugar","Popcorners","Salty"
2013-10-28 16:58:00,25,45,46,59,67,6,"Neither healthy nor unhealthy",1,"Sucrose,corn syrup,water","Centrum","Sweet"
2013-10-01 16:42:00,250,9,150,20,33,12,"Unhealthy",1,"milk, cream, sugar","Chocolate Lovers Big Bipper Icecream Cone","Sweet"
2013-10-12 13:24:00,60,0,40,10,11,1,"Neither healthy nor unhealthy",1,"cultured grade a low fat milk,  water,  sugar","danimals smoothie","Sweet"
2013-10-17 17:27:00,130,0,0,29,33,0,"Healthy",2,"cranberries, sugar, refined sunflower oil is used as  processing aid","dried cranberries","Sweet"
2013-09-22 14:29:00,150,5,130,1,16,25,"Unhealthy",3,"Patatoes , Vegetable Oil , Jalepeno Seasoning","Kettle Cooked Jalapeno","Salty"
2013-10-08 08:44:00,0,6,35,27,29,9,"Slightly healthy",1,"milk chocolate sugar coca butter","chocolat","Sweet"
2013-10-10 09:44:00,270,4,240,23,41,11,"Unhealthy",1,"Sugar, flour, salt","Oreo","Sweet"
2013-10-20 13:48:00,60,2,45,8,12,2,"Neither healthy nor unhealthy",3,"Corn agrupacií_n, sugar, milk","nips coffee","Sweet"
2013-09-14 09:56:00,180,6,790,0,1,16,"Neither healthy nor unhealthy",1,"Pork with ham, salt water modified potatoe","Spam","Salty"
2013-10-03 09:26:00,140,0,0,38,65,0,"Unhealthy",1,"Water, high fructose corn syrup, citric acid","Sprite","Sweet"
2013-10-04 17:04:00,160,2,290,1,14,11,"Unhealthy",1,"ebruched corn meal, vegetable oil, cheese seasoning","chetto cheese puffs","Salty"
2013-10-24 19:23:00,120,0,220,3,23,2,"Neither healthy nor unhealthy",3,"Enriched wheat flour,malted barley flour,niacin","Golden pride hot dogs","Sweet"
2013-10-22 18:09:00,160,2,260,0,13,11,"Unhealthy",1,"enriched corn meal, niacin, thiamin mononitrate","cheetos plamin hot Limon","Salty"
2013-10-10 08:32:00,200,2,260,19,35,0,"Neither healthy nor unhealthy",1,NA,"Pop tarts","Sweet"
2013-10-08 08:36:00,200,14,35,27,29,9,"Unhealthy",1,"Vitamin A vitamin C calcium","Lanmontahne","Sweet"
2013-10-28 21:46:00,160,15,250,0,13,11,"Slightly Unhealthy",1,"corn meal, ferrous sulfate, niacin","cheetos","Salty"
2013-10-12 12:06:00,90,1,105,8,17,2,"Slightly Unhealthy",1,"Toasted rice cereal, marshmellow, fructose","rice crispy treats","Sweet"
2013-10-22 18:04:00,150,1,180,1,18,8,"Unhealthy",1,"maltodextrin,corn, vegetable oil","doritos cool ranch","Salty"
2013-10-10 09:10:00,160,2,310,1,18,9,"Slightly Unhealthy",1,"enriched corn meal, vegetable oil, sugar","chesters","Sweet"
2013-10-21 19:39:00,160,4,130,11,23,6,"Slightly healthy",5,"Brown Sugar,Palm Oil and Cocoa","Emperador Cookies","Sweet"
2013-11-01 20:47:00,26,0,0,21,0,0,"Healthy",1,"water sugar gelatin","gelatin snack","Sweet"
2013-10-02 17:20:00,190,3,350,5,24,80,"Neither healthy nor unhealthy",1,"Enriched flour iron thiamin monotrate","Cracker sandwiches","Salty"
2013-10-10 08:05:00,210,5,150,21,24,13,"Neither healthy nor unhealthy",1,"Milk chocolate,peanuts,sugar","Reese's","Sweet"
2013-10-26 23:15:00,210,4,110,25,30,10,"Unhealthy",1,"Milk chocolate, skim milk, lactose","Snickers Almond Chocolate Bar","Sweet"
2013-10-29 06:46:00,190,2,190,12,34,5,"Slightly Unhealthy",2,"Enriched flour, wheat, reduced iron","Pop tarts hot fudge sundae","Sweet"
2013-10-29 07:02:00,80,2,160,12,14,3,"Neither healthy nor unhealthy",1,"Protein chocolate milk choclate","Nestlí© hot choclate","Sweet"
2013-10-01 21:08:00,140,45,140,39,39,0,"Slightly Unhealthy",5,"carbonated water, high fructose corn syrup, caramel color","Coca-Cola","Sweet"
2013-10-24 10:03:00,110,1,50,19,22,2,"Slightly healthy",2,"skim milk, milk, sugar","yoplait frozen yogurt","Sweet"
2013-10-29 21:39:00,170,2,55,18,30,4,"Unhealthy",1,"Sugar Wheat flowerStrawberry purí©e","Sponch","Sweet"
2013-09-30 09:47:00,170,2,370,1,21,9,"Neither healthy nor unhealthy",1,"Enriched corn meal, ferrous sulfate, niacin","Funyuns","Salty"
2013-10-10 09:52:00,6,6,7,80,55,5,"Neither healthy nor unhealthy",20,"juciyjuciy","snadwich cookies","Salty"
2013-09-28 12:58:00,110,0,15,24,27,0,"Healthy",8,"filtered waterconcentrated orange juicetricalcium phosphate","orange juice","Sweet"
2013-09-27 17:25:00,350,3,780,2,43,18,"Unhealthy",13,"enriched corn meal,vegetable oil,saltsalt","funyuns flamin hot","Salty"
2013-09-26 09:08:00,250,25,490,1,28,14,"Slightly Unhealthy",1,"Enriched corn meal, ferrous sulfate, niacin","Hot fries","Salty"
2014-01-10 14:12:00,62,0,2,15,16,0,"Healthy",1,"grape","grape","Sweet"
2013-09-26 20:03:00,110,1,115,13,20,3,"Slightly Unhealthy",1,"Water, nonfat milk, sugar","Snack Pudding","Sweet"
2013-10-25 10:41:00,210,6,20,28,29,10,"Neither healthy nor unhealthy",1,"sugar, cocoa butter, unsweetenedchocolate","milk Chocolate","Sweet"
2013-09-24 21:22:00,150,3,65,13,22,50,"Unhealthy",1,"Sugar,corn syrup,wheat flour","Star Crunch","Sweet"
2013-09-29 16:12:00,230,7,0,10,17,19,"Neither healthy nor unhealthy",1,"Dark chocolate , sugar, cocoa butter","Dark chocolate almonds","Sweet"
2013-11-02 15:40:00,150,70,0,0,20,0,"Slightly Unhealthy",1,"Corn,masa,flour","Takis","Salty"
2013-10-02 11:00:00,320,3,500,1,30,22,"Neither healthy nor unhealthy",1,"Enriched corn meal, ferrous sulfate, niacin","Hoy Cheetos","Salty"
2013-10-10 08:09:00,5,0,0,0,1,0,"Neither healthy nor unhealthy",1,"Sorbitol,gum base,xylitol","Trident","Sweet"
2013-10-06 13:41:00,200,0,0,53,53,0,"Neither healthy nor unhealthy",2,"Pure maple syrup","Pure maple syrup","Sweet"
2013-10-10 09:47:00,200,19,19,50,18,200,"Neither healthy nor unhealthy",1,"0chocolate,chip,flourflour","brownie","Salty"
2013-09-16 20:52:00,120,0,135,0,19,4,"Slightly healthy",1,"Enriched unbleached wheat flour, water, yeast","Pita bite crackers","Salty"
2013-09-29 18:00:00,80,1,105,1,10,4,"Slightly Unhealthy",1,"Wheat flour, vegtable oil,sugar","Ritz","Salty"
2013-10-29 21:04:00,80,0,150,21,21,0,"Slightly healthy",12,"water, fructose corn syrup, 0.5 citric acid","powerade","Sweet"
2013-10-18 11:17:00,3,7,8,6,6,8,"Neither healthy nor unhealthy",4,"water","powerade","Sweet"
2013-10-10 10:18:00,150,3,420,0,17,8,"Unhealthy",4,"corn masa floursoybeaniodized salt","takis","Salty"
2013-10-18 06:45:00,10,4,3,14,11,7,"Slightly healthy",1,"water gelatin suger","gelatin","Sweet"
2013-10-02 09:19:00,160,15,250,0,13,11,"Slightly Unhealthy",1,"Corn meal, sulfate, niacin","Cheetos crunchy flying hot","Salty"
2013-10-05 15:20:00,100,1,75,7,17,4,"Neither healthy nor unhealthy",2,"enriched bleached flour,niacib,reduced iron","pecan spinwheels","Sweet"
2013-10-22 19:59:00,140,10,180,3,44,120,"Slightly Unhealthy",2,"potatoes, vegetables,cheder","chips","Sweet"
2013-09-30 08:41:00,660,15,1449,8,40,41,"Neither healthy nor unhealthy",1,"bacon, sourdough buns, tomatoes","Sourdough Jack Melt (jack in the box)","Salty"
2013-09-30 22:53:00,110,0,45,10,20,3,"Healthy",1,"stone ground whole wheat flour dried cane syrupbrown rice syrup","fig bar","Sweet"
2013-10-10 08:15:00,2,0,0,2,2,0,"Neither healthy nor unhealthy",4,"gum base, dextrose, and corn syrup","winter fresh bubble gum","Sweet"
2013-09-30 21:25:00,420,5,350,30,69,14,"Slightly Unhealthy",1,"enriched flour, wheat flour, niacin, reduced iron","pop tarts","Sweet"
2013-10-20 13:59:00,130,0,210,2,21,4,"Slightly Unhealthy",2,"enriched wheat flour, niacinamide, reduced iron","snack mix","Sweet"
2013-09-29 15:45:00,140,0,75,11,23,4,"Neither healthy nor unhealthy",2,"Wheat Flour, Eggs, Butter(Milk)","Magic Melt Rosquillos","Sweet"
2013-09-27 16:15:00,0,0,110,0,0,0,"Unhealthy",1,"water, red pepper , salt","tapatio","Salty"
2013-09-24 09:20:00,140,2,90,10,29,4,"Unhealthy",1,"Chicory root extract, semisweet chocolate chips,& while grain oats","Fiber 1 bar","Sweet"
2013-10-13 12:19:00,180,100,160,21,21,0,"Slightly healthy",5,"punch, water,sugar","gatorade","Sweet"
2013-10-22 14:21:00,150,4,380,3,10,9,"Neither healthy nor unhealthy",2,"Ham, Water, contains less than 2% of sodium lactate","Lunchables","Salty"
2013-10-26 19:05:00,170,0,0,10,28,1,"Neither healthy nor unhealthy",1,"corn flour,  sugar, whole grain oat flour","honey comb cereal","Sweet"
2013-10-04 16:45:00,50,0,200,0,2,5,"Neither healthy nor unhealthy",1,"Water, Spinach, Sunflower Oil","Spinach Dip","Salty"
2013-10-27 13:33:00,210,6,20,28,29,10,"Slightly Unhealthy",1,"Milk chocolate, sugar, cocoa butter , unsweetened chocolate, skim milk","Milk chocolate","Sweet"
2013-10-10 10:07:00,130,1,180,2,20,5,"Unhealthy",1,"cornmealpotato flakessunflower oil","baked fries","Salty"
2013-10-03 22:19:00,40,0,10,10,10,0,"Neither healthy nor unhealthy",1,"Filtered water, cane juice, natural flavors","Steaz","Sweet"
2013-09-14 18:03:00,200,1,330,1,30,8,"Unhealthy",1,"Enriched Corn Meal , Ferrous Sulfate , Niacin","Baked Hot Cheetos","Salty"
2013-11-01 23:17:00,125,4,50,0,0,5,"Slightly Unhealthy",2,"wheat flour, sugar, corn syrup","choco pie","Sweet"
2013-10-05 23:08:00,0,0,110,0,0,0,"Neither healthy nor unhealthy",1,"water, red peppers, thoughts","Tapatio","Salty"
2013-10-14 12:08:00,140,0,620,0,16,70,"Unhealthy",1,"enriched flour , iron,salt","sabritones","Salty"
2013-10-24 16:09:00,140,1,240,0,18,7,"Neither healthy nor unhealthy",1,"Corn meal ferrous sulfate niacin","Funyuns","Salty"
2013-10-17 21:17:00,270,6,100,40,41,9,"Neither healthy nor unhealthy",1,"cream, sugar, non fat dry milk","yogurt","Sweet"
2013-09-26 20:44:00,180,3,120,13,30,6,"Slightly healthy",1,"gronola, whole grain wheat soybeans","big chewy granola bars","Sweet"
2013-10-01 16:05:00,140,15,280,1,16,8,"Unhealthy",1,"Corn meal, ferrous, sulfate","Chips( hot fries)","Salty"
2013-10-15 20:37:00,290,3,370,2,29,18,"Unhealthy",1,"potatoes vegetable oil lemon seasoning","Lemon lays","Salty"
2013-09-23 06:45:00,120,0,0,23,29,0,"Healthy",1,"Apple juice,mango juice,orange juice","naked","Sweet"
2013-11-03 22:41:00,190,1,160,12,29,6,"Slightly healthy",1,"Whole Grain oats, sugar, canola oil","Nature Valley granola bars","Sweet"
2013-10-04 20:38:00,160,2,250,0,13,11,"Unhealthy",5,"Enriched corn meal,sulfate,niacin","cheetos flamin hot","Salty"
2013-09-16 19:37:00,120,4,170,0,16,5,"Unhealthy",1,"Wheat Flour, Vegetable Shortening,(Fully Hydrogenated Coconut and Palm Oils)","Sky Flakes","Salty"
2013-10-12 14:37:00,160,1,55,4,8,14,"Neither healthy nor unhealthy",1,"Non-GMO sun flower kernels, sugar, sunflower oil","sun flower honey roasted all natural kernels","Salty"
2013-10-26 18:58:00,330,7,170,23,50,12,"Neither healthy nor unhealthy",1,"wheat flour, sugar, chocolate liquor","pocky","Sweet"
2013-10-08 08:53:00,160,10,290,1,13,16,"Unhealthy",1,"Vitamin A vitamin C calcium","Cheetos cheddar jalapeí±o","Salty"
2013-10-02 11:59:00,120,0,15,26,26,0,"Slightly Unhealthy",2,"Vitamin C vitamin A iron","Apple juice","Sweet"
2013-10-11 14:58:00,0,0,120,8,21,4,"Healthy",1,"whole wheat flour, enriched flour, canola oil","berly bears crackers","Sweet"
2013-10-10 12:47:00,130,1,190,3,24,4,"Unhealthy",1,"0","Backed lays","Salty"
2013-10-10 08:03:00,200,1,330,1,30,8,"Slightly Unhealthy",1,"Enriched Corn Meal Sulfate, Niacin, Thiamin Mononitrate","Hot Cheetos Baked","Salty"
2013-10-10 09:28:00,110,0,75,11,12,6,"Unhealthy",1,"Milk chocolate sugar","Tootsie roll","Sweet"
2013-09-14 10:05:00,190,0,4,17,41,0,"Slightly Unhealthy",1,"Corn syrup, sugar, gelatin","Sour worms","Salty"
2013-10-10 09:41:00,210,2,320,3,27,9,"Neither healthy nor unhealthy",1,"whole corn, whole wheat, brown rice flour","sun chips harvest cheddar","Salty"
2013-10-10 10:15:00,240,4,150,15,34,11,"Neither healthy nor unhealthy",1,"enriched flour,  bleached wheat flour,  niacin","grandma's mini sandwiches cremes","Sweet"
2013-09-30 08:51:00,70,0,15,19,19,0,"Unhealthy",10,"water , high fructose corn syrup , less than 2% adcorbic acid","Kool-Aid Jammers","Sweet"
2013-10-09 22:57:00,50,0,120,13,13,13,"Slightly Unhealthy",1,"carbon nitrogen .water .surose","monster m-3","Sweet"
2013-10-08 09:00:00,160,8,200,0,16,8,"Slightly Unhealthy",1,"maiz aces vegia","doritos","Salty"
2013-09-17 20:09:00,160,0,70,43,43,0,"Unhealthy",1,"carbonated water , high fructose syrup , citric acid","crush (orange)","Sweet"
2013-09-21 16:20:00,190,4,170,6,14,12,"Slightly healthy",1,"peanuts, corn syrup, honey","Nature valley","Salty"
2013-10-02 18:05:00,150,2,160,24,25,3,"Healthy",1,"0low-fat sugarcocoa process with alkali","nesquik","Sweet"
2013-10-03 09:53:00,200,0,65,55,55,0,"Slightly Unhealthy",1,"Water high fructose corn syrup caramel color","Coca cola","Sweet"
2013-10-10 10:02:00,160,2,250,0,13,11,"Unhealthy",1,"Enriched corn mealFerrous sulfateNiacin","Cheetos Flaming Hot crunchy","Salty"
2013-10-25 07:10:00,170,25,140,12,20,9,"Neither healthy nor unhealthy",2,"Roasted peanuts, corn syrup, high maltose, sugar ,","Nature valley","Salty"
2013-10-10 08:34:00,150,3,420,0,17,12,"Neither healthy nor unhealthy",4,"hot chili pepper,lime corn snack","takis","Salty"
2013-09-27 15:58:00,200,2,100,32,37,5,"Slightly Unhealthy",1,"brewed Starbucks coffee, reduced fat, milk","starbucks frappuccino","Sweet"
2013-11-01 23:06:00,8,0,35,27,27,0,"Slightly Unhealthy",1,"filtered water, high fructose corn syrup, apple juice concentrate","applelicious","Sweet"
2013-10-10 09:44:00,120,0,5,5,3,1,"Neither healthy nor unhealthy",1,"unions, rings, buttermilkbuttermilk","funyuns","Salty"
2013-10-10 09:57:00,170,2,370,1,21,70,"Unhealthy",1,"Enriched corn meal, vegetable oil, salt","Funyuns","Salty"
2013-10-08 20:16:00,140,1,210,0,16,8,"Unhealthy",9,"corn, vegetable oil , salt","Doritos","Salty"
2013-10-23 19:24:00,90,2,80,6,11,5,"Neither healthy nor unhealthy",4,"enriched wheat flower, niacin, reduced iron","chocolate chip cookies","Sweet"
2013-10-10 08:21:00,80,0,150,21,22,0,"Unhealthy",6,"Niacin vitamin B6 vitamin B12","Power radar","Salty"
2013-10-10 19:57:00,220,1,15,2,40,3,"Neither healthy nor unhealthy",1,"semolina, durum flour,  egg yolks","egg noodles","Sweet"
2013-10-10 09:12:00,120,0,15,30,0,0,"Neither healthy nor unhealthy",2,"Filtered waterGrapeSugar","Langer grape drink","Sweet"
2013-11-06 21:31:00,0,0,0,0,0,0,"Healthy",1,"Nothing","Water","Sweet"
2013-10-02 09:15:00,57,25,120,13,32,11,"Slightly Unhealthy",1,"Flour, wheat, reduced iron","Raspberry cookies","Sweet"
2013-10-08 18:47:00,200,20,0,1,1,31,"Unhealthy",1,"Vitamin A vitamin C calcium","Pecan","Salty"
2013-10-01 21:38:00,154,3,27,15,21,7,"Slightly healthy",2,"Sugar, Wheat Flour, Palm Oil","Biscotto","Sweet"
2013-11-04 16:24:00,162,1,0,1,6,14,"Healthy",1,"Almonds","Almonds","Sweet"
2013-09-18 19:24:00,130,1,95,8,20,35,"Slightly healthy",1,"whole wheat flour, enriched flour, thiamine","whole grain jungle crackers","Sweet"
2013-10-10 10:06:00,200,5,90,11,28,8,"Neither healthy nor unhealthy",2,"whole grain, brown sugar, canola oil","harvest crunch","Sweet"
2013-10-02 09:22:00,150,0,40,40,40,0,"Unhealthy",1,"Sugar, carbonated water , caramel color","Pepsi","Sweet"
2013-10-18 11:11:00,160,8,0,0,0,1,"Unhealthy",2,"0","Hot cheetes","Sweet"
2013-10-02 08:50:00,160,8,250,0,13,11,"Unhealthy",4,"Fat carbohydrate protein","Cheetos Crunchy Flamin Hot","Salty"
2013-10-10 08:40:00,130,1,65,10,28,35,"Neither healthy nor unhealthy",1,"Whole grain billed cars","Fiber one","Sweet"
2013-10-05 22:54:00,260,2,580,6,47,4,"Neither healthy nor unhealthy",1,"cheese sauce, milk fat, milk protein","macaroni and cheese","Sweet"
2013-10-02 09:16:00,50,0,0,13,13,0,"Neither healthy nor unhealthy",3,"water, lemon, sugar","vitamin water","Sweet"
2013-10-10 09:54:00,150,1,170,13,28,35,"Slightly Unhealthy",1,"Toasted rice cereal, marshmallow, corn syrup","Rice Krispies Treats","Sweet"
2013-10-27 13:39:00,170,2,110,1,4,16,"Slightly Unhealthy",1,"Sunflower seed kernels, oil, salt","Sun flower seeds","Salty"
2013-12-20 13:02:00,105,0,1,14,27,0,"Healthy",1,"banana","banana","Sweet"
2013-10-10 08:37:00,160,2,290,1,15,10,"Unhealthy",1,"Corn meal , sun flower oil  , cheddar cheese","Cheese Cheetos","Salty"
2013-10-23 21:34:00,80,1,50,9,20,5,"Healthy",1,"MarshmallowCorn SyrupRice","Cirspy Rice Treat","Sweet"
2013-10-15 15:58:00,130,0,10,29,31,0,"Neither healthy nor unhealthy",1,"Raisins","Raisins","Sweet"
2013-10-29 19:44:00,160,4,550,1,32,24,"Neither healthy nor unhealthy",1,"corn, vegtable oil, ferrous sulfate","cheetos xxxtra hot","Salty"
2013-10-24 17:53:00,68,0,45,39,39,58,"Slightly Unhealthy",6,"carbonated waterhigh fructose corn syrupcaramel color","Coca-Cola","Sweet"
2013-09-26 13:57:00,240,2,200,26,41,8,"Healthy",1,"Wheat flour, niacin, reduced iron","Banana cake","Sweet"
2013-10-03 22:44:00,130,0,240,0,19,5,"Neither healthy nor unhealthy",5,"Wheat flour, flour, niacin","La choy","Salty"
2013-09-17 19:58:00,160,15,260,0,13,9,"Unhealthy",1,"Enriched corn, vegetable oil, flamin hot seasoning","Hot cheetos","Sweet"
2013-10-30 06:55:00,420,4,350,30,69,14,"Slightly Unhealthy",1,"enriches flour , sugar , soybean","pop tarts brown sugar cinnamon","Sweet"
2013-10-09 08:43:00,150,0,20,19,34,0,"Unhealthy",1,"Vitamin A vitamin C calcium","Gummy bears","Salty"
2013-10-10 18:56:00,140,1,200,0,0,8,"Unhealthy",1,"Corn, vegetable oil, maltodextrin","Doritos flamas","Salty"
2013-10-21 16:35:00,28,2,0,0,0,11,"Slightly Unhealthy",20,"corn mealferrous suflavinniacin","cheetoscrunchyflaming hot and lemon","Sweet"
2013-11-01 23:25:00,100,0,10,26,27,0,"Unhealthy",1,"filtered water, high fructose corn syrup, pear juice from concentrate","Arizona","Sweet"
2013-11-01 07:06:00,190,4,830,1,26,7,"Slightly Unhealthy",1,"Enriched wheat flour, niacin, reduced iron","Maruchan Ramen Noodle Soup","Salty"
2013-10-02 18:25:00,210,8,15,21,26,13,"Neither healthy nor unhealthy",1,"Dark chocolate, sugar, unsweetened chocalate","Lamontagne dark chocolate bar","Sweet"
2013-09-26 11:48:00,170,2,370,1,21,9,"Neither healthy nor unhealthy",1,"Enriched Corn meal, ferrous sulfate, niacin","Funyuns","Salty"
2013-10-21 18:18:00,150,0,590,3,23,40,"Neither healthy nor unhealthy",4,"Rice, imitation crab, Water","Okami: California Roll","Sweet"
2013-10-10 10:11:00,150,1,200,0,15,9,"Slightly Unhealthy",1,"0whole corn, corn oil, sugar","turbos flamas","Salty"
2013-09-30 11:51:00,250,25,490,1,28,14,"Slightly Unhealthy",1,"Enriched corn meal, ferrous sulfate, niacin","Hot fries","Salty"
2013-10-10 09:47:00,140,2,280,0,16,8,"Unhealthy",1,"Corn meal, vegetable oil, buttermilk","Chester's","Salty"
2013-11-04 08:50:00,5,0,0,0,1,0,"Neither healthy nor unhealthy",1,"0","trident","Sweet"
2013-10-25 20:10:00,150,24,10,24,24,23,"Unhealthy",3,"chocolate cocoa","hostess","Sweet"
2013-09-23 06:43:00,170,3,125,13,25,70,"Healthy",1,"0whole grain oat flour,bittersweet chocolate cjip,sugar","quaker chocolate chip oatmeal cookies","Sweet"
2013-10-15 13:01:00,160,2,250,0,13,11,"Slightly Unhealthy",1,"enriched corn , niacin, vegetable oil","cheetos","Salty"
2013-09-24 09:35:00,250,2,280,21,46,6,"Neither healthy nor unhealthy",1,"Toasted rice cereal, marshmallow, fructose","Rice krispies treats","Sweet"
2013-11-26 14:27:00,130,1,180,2,20,5,"Slightly Unhealthy",1,"Cornmeal ,potato , salt","Baked Fries","Salty"
2013-10-08 08:41:00,140,2,170,0,16,8,"Slightly Unhealthy",1,"Maiz aceite vegeta","doritos tapatio","Salty"
2013-10-17 21:25:00,220,4,650,6,22,10,"Slightly Unhealthy",1,"cured white turkey, cream , salt","cracker crunchers","Salty"
2013-10-20 14:05:00,5,0,30,0,0,0,"Neither healthy nor unhealthy",2,"citric acid, maltodextrin, salt","cristal light","Salty"
2013-10-10 08:28:00,80,0,0,0,0,0,"Healthy",1,"CarbohydratesFiberSugars","Oranges","Sweet"
2013-09-24 20:54:00,140,3,150,11,20,50,"Unhealthy",7,"Enriched flour,ferrous sulfate,thiamin mononitrate","Giro cookies","Sweet"
2013-10-04 23:05:00,60,0,20,12,14,0,"Slightly Unhealthy",1,"water corn oil sodium citrate","Tampico","Sweet"
2013-10-03 22:12:00,25,0,50,4,6,0,"Slightly healthy",14,"Certified organic carrots,","Bunny luv","Salty"
2013-10-09 22:44:00,100,0,160,9,22,2,"Slightly healthy",3,"Whole grain oats sugar Burleigh","cheerios","Sweet"
2013-10-26 19:00:00,150,1,125,9,21,3,"Slightly Unhealthy",1,"whole grain corn, sugar,  soybean oil","Hershey's cookies and cream","Sweet"
2013-09-27 11:30:00,80,0,50,20,150,0,"Neither healthy nor unhealthy",1,"Water,corn syrup,citric acid","Powerade","Sweet"
2013-09-27 08:13:00,160,2,160,1,15,10,"Neither healthy nor unhealthy",1,"potatoes,vegetable oil,sour cream and onion","lays","Salty"
2013-10-20 14:09:00,130,2,150,0,17,60,"Neither healthy nor unhealthy",15,"corn, vegetable oil, sunflower","tortilla chips","Salty"
2013-09-29 11:25:00,130,5,180,2,20,5,"Slightly Unhealthy",1,"Cornmeal potato flakes sunflower oil","All natural baked fries hot & spicy","Salty"
2013-10-02 16:08:00,110,0,15,28,29,0,"Neither healthy nor unhealthy",1,"Pure filtered water, sweeteners fructose corn syrup, lemon juice from concentrate","Pink Lemonade","Sweet"
2013-10-10 08:21:00,200,2,260,19,35,5,"Unhealthy",1,"creme, bread, sugar","Pop tarts","Sweet"
2013-10-10 09:46:00,320,3,510,1,25,200,"Unhealthy",1,"Enriched corn meal, vegetable oil, flamin hot limon seasoning","Cheetos flamin hot limon crunchy","Salty"
2013-10-16 15:28:00,370,4,550,1,32,24,"Unhealthy",1,"enriched corn meal, niacin, thiamin mononitrate","xxtra hot cheetos","Salty"
2013-09-13 13:49:00,320,3,510,1,25,22,"Slightly Unhealthy",1,"enriched corn meal , ferrous sulfate , niacin","hot chettos","Salty"
2013-10-09 22:53:00,210,0,180,27,27,0,"Unhealthy",2,"carbon water, sugar glucose","monster","Sweet"
2013-10-10 12:03:00,100,0,2400,0,300,11,"Neither healthy nor unhealthy",1,"enriched corn meal, ferrous sulfate","hot cheetos","Salty"
2013-10-10 09:30:00,100,60,45,60,80,50,"Neither healthy nor unhealthy",1,"fruit snacks, sookie,  vitamin cc","scooby doo snacks","Sweet"
2013-10-01 12:15:00,70,0,15,19,19,0,"Neither healthy nor unhealthy",1,"water,high fructose corn syrup,contains less than 2% of ascorbic acid (vitamin c)","kool aid jammer","Sweet"
2013-10-23 20:27:00,150,1,200,0,15,9,"Unhealthy",1,"Whole corn, corn oil, turbo flamas seasoning","Turbo Flamas","Salty"
2013-10-06 10:56:00,300,0,75,80,80,0,"Unhealthy",1,"Carbonated water, high fructose corn syrup, citric acid","Fanta Soda","Sweet"
2013-10-06 17:18:00,150,2,300,1,13,10,"Neither healthy nor unhealthy",1,"enriched corn meal , vegetable oil, cheese seasoning","cheetos puffs","Sweet"
2013-10-22 09:42:00,100,1,20,200,400,0,"Unhealthy",1,"Enriched,corn meal,ferrous","Funnyuns","Salty"
2013-09-28 08:14:00,190,0,0,11,0,1,"Neither healthy nor unhealthy",5,"whole grain wheat, sugar, brown rice syrup","mini wheats","Sweet"
2013-09-29 17:44:00,80,1,105,1,10,4,"Slightly Unhealthy",1,"Wheat flour, vegtable oil, sugar","Ritz Crackers","Salty"
2013-10-04 16:59:00,110,0,5,28,28,0,"Healthy",2,"Filtered Water, Cranberry Juice, Cane Sugar","Cranberry Juice","Sweet"
2013-10-30 16:45:00,160,0,110,11,22,8,"Neither healthy nor unhealthy",1,"unbleached inriched flour, riboflavin, and semisweet chocolate chip","cookies","Sweet"
2013-10-30 16:37:00,90,0,15,20,23,0,"Healthy",1,"grapes","grapes","Sweet"
2013-10-05 11:46:00,90,0,10,14,22,0,"Healthy",20,"strawberry orange vanilla","bianchi marshmallows","Sweet"
2013-10-26 19:04:00,150,2,170,12,23,2,"Neither healthy nor unhealthy",1,"corn flour, sugar,  brown sugar","honey graham oh's","Sweet"
2013-10-10 09:23:00,130,0,1,2,20,5,"Slightly Unhealthy",1,"cornmeal,potatp,flakes.","baked fries","Salty"
2013-10-29 06:59:00,70,0,130,2,14,1,"Neither healthy nor unhealthy",1,"Unableached enriched flour, wheat flour, malted barely flour","Home pride bread","Sweet"
2013-10-14 14:21:00,15,2,40,12,18,5,"Unhealthy",2,"sugar wheat Flour","Pirouette","Sweet"
2013-10-17 17:21:00,110,0,160,9,22,2,"Healthy",1,"whole grain oats, sugar, oat bran","honey nut cheerios","Sweet"
2013-10-20 20:47:00,130,0,110,1,21,5,"Neither healthy nor unhealthy",1,"corn meal, rice flour, vegetable oil","bandits bounty","Salty"
2013-09-14 14:36:00,100,4,45,10,19,20,"Neither healthy nor unhealthy",1,"harina enriquecida,niacinamida,fumarato ferroso","arcoiris","Sweet"
2013-10-08 08:54:00,160,2,190,10,15,10,"Slightly Unhealthy",1,"papas","ruffles","Salty"
2013-10-10 08:23:00,130,5,65,10,28,4,"Slightly Unhealthy",1,"Vitamin A vitamin C calcim","Fiber one","Salty"
2013-10-10 08:27:00,130,5,85,11,14,7,"Unhealthy",1,"unsalted butter, sugar, eggs","madeleines","Sweet"
2013-10-04 22:59:00,190,1,160,12,29,6,"Neither healthy nor unhealthy",1,"Whole grain, oats, sugar","Nature valley","Salty"
2013-09-15 16:05:00,140,2,150,9,30,4,"Slightly healthy",1,"chicory root extract , whole grain oats , Carmel flavored drops","fiber one bars","Sweet"
2013-10-29 17:41:00,160,1,250,0,13,100,"Unhealthy",1,"enriched corn meal , vegtable oil , cheedar cheese","cheetos crunchy","Sweet"
2013-09-16 19:23:00,380,18,16,24,0,15,"Unhealthy",2,"Enriched Flour,Niacin, Reduced Iron","Pop Tart","Sweet"
2013-10-30 17:44:00,290,0,370,2,29,18,"Neither healthy nor unhealthy",1,"potatoes, vegtable oil, lemon","lays limon","Salty"
2013-10-08 08:38:00,160,11,250,0,13,17,"Unhealthy",1,"Vitamin C iron riboflavin","Flamin hot Cheetos","Salty"
2013-10-02 20:13:00,140,1,330,1,12,8,"Unhealthy",1,"Popcorn , vegetable oil, flamin hot seasoning","Chester's flaming hot popcorn","Salty"
2013-09-16 15:57:00,280,5,200,18,38,13,"Neither healthy nor unhealthy",1,"Enriched flour, molasses, salt","Famous Amos chocolate chip cookies","Sweet"
2013-09-25 22:32:00,110,0,160,9,22,2,"Neither healthy nor unhealthy",1,"Whole grain oats, sugar, oat bran","Cereal","Sweet"
2013-10-10 09:42:00,290,6,1190,2,39,12,"Neither healthy nor unhealthy",1,"Enriched wheat flour vegetable oil salt","Maruchan instant lunch","Salty"
2013-09-29 17:16:00,100,0,150,27,28,0,"Neither healthy nor unhealthy",1,"Water, high fructose corn syrup, citrus acid","Lipton Green Tea","Sweet"
2013-10-26 17:01:00,80,3,280,0,0,7,"Slightly Unhealthy",1,"Water,salt,smoke flavor","Sliced Bacon smoked","Salty"
2013-09-15 22:08:00,140,1,190,0,16,8,"Unhealthy",1,"corn , vegetable oil , maltodextrin","Doritos spicy nacho","Salty"
2013-10-10 08:12:00,50,0,0,13,13,0,"Slightly healthy",2,"vitamins A.B.C","vitamins water","Sweet"
2013-10-29 22:09:00,80,0,150,21,21,0,"Slightly healthy",12,"water, fructose corn syrup, citric acid","powerade","Sweet"
2013-09-14 14:39:00,130,0,135,6,26,20,"Healthy",1,"corn,whole grain wheat,sugar","honey bunche  of oats","Sweet"
2013-11-01 07:03:00,370,9,430,26,48,18,"Slightly Unhealthy",1,"bleaches wheat flour , water , sugar","sugar donuts","Sweet"
2013-10-10 10:25:00,200,2,390,1,29,7,"Unhealthy",1,"whole wheat flourriboflavincheddar cheese","goldfish","Salty"
2013-10-10 09:33:00,100,99,10,20,50,50,"Neither healthy nor unhealthy",6,"tortilla, chips,cool ranchranch","cool ranch","Sweet"
2013-10-17 17:51:00,140,1,15,19,31,15,"Unhealthy",1,"Sugar, Corn Syrup, Maltodextrin","AIRHEADS","Sweet"
2013-10-21 17:53:00,110,0,170,7,24,1,"Neither healthy nor unhealthy",11,"harina de trigo, hierro, azucar morena","animalitos galletas","Sweet"
2013-10-10 09:33:00,150,0,25,26,37,0,"Slightly Unhealthy",6,"sugar, invert sugar, and corn syrup","sour patch","Sweet"
2013-10-12 13:27:00,90,1,50,15,17,2,"Neither healthy nor unhealthy",1,"water, sugar, gelatin","vanilla gelatin","Sweet"
2013-09-15 22:44:00,170,0,300,3,29,0,"Neither healthy nor unhealthy",1,"rice , sugar , salt","crispy rice cereal","Sweet"
2013-10-08 19:04:00,160,8,160,1,15,15,"Unhealthy",1,"Vitamin A vitamin C iron","Lays sour cream and onion","Salty"
2013-09-17 20:38:00,70,0,0,15,18,0,"Neither healthy nor unhealthy",1,NA,"Herbert's lemonade","Sweet"
2013-10-13 16:20:00,160,2,160,1,15,10,"Slightly Unhealthy",1,"Corn,Corn Oil, Flamin' Hot Seasoning","Fritos Flamin' Hot","Salty"
2013-10-30 11:52:00,210,6,60,25,30,9,"Neither healthy nor unhealthy",1,"Milk chocolate , sugar , cocoa butter","Crisp","Sweet"
2013-09-29 17:41:00,80,1,105,1,10,4,"Slightly Unhealthy",1,"Wheat flour, vegtable oil, sugar","Ritz Crackers","Salty"
2013-10-21 15:45:00,150,1,180,1,18,8,"Slightly Unhealthy",1,"Corn, Vegetable Oil, Maltodextrin","Doritos Cool Ranch","Salty"
2013-09-24 21:00:00,190,0,0,11,46,10,"Slightly healthy",15,"Whole grain wheat,sugar,brown rice syrup","Mini wheats","Sweet"
2013-10-27 16:21:00,60,0,25,16,16,0,"Healthy",1,"sugar, fructose, citric acid","country time lemonade","Sweet"
2013-10-08 08:57:00,70,3,490,1,20,10,"Slightly Unhealthy",2,"corn,flour hydrogenated soybean and or canola","takis","Salty"
2013-10-24 21:31:00,140,1,240,1,20,5,"Neither healthy nor unhealthy",1,"0Unbleached EnrichedWheatFlour, Riboflavin, CheddarCheese","Goldfish Baked Snack Crackers","Salty"
2013-11-26 14:48:00,80,0,160,21,21,0,"Slightly Unhealthy",1,"Water, sucrose, dextrose","Gatorade lemon lime","Sweet"
2013-10-09 12:38:00,120,0,200,2,21,3,"Slightly Unhealthy",1,"Dehydrated potatoes Modified food starchCorn oil","Baked ruffles","Salty"
2013-09-30 00:19:00,220,5,20,15,17,16,"Slightly Unhealthy",2,"Milk chocolate, sugar, cocoa butter","Ferrero rocher","Sweet"
2013-09-13 13:35:00,320,3,500,1,30,22,"Slightly Unhealthy",1,"enriched corn meal, vegetable oil, flamin' hot seasoning","hot cheetos","Sweet"
2013-10-26 12:25:00,150,0,200,1,15,9,"Slightly Unhealthy",1,"dried potatoes , vegetabel oil , corn oil","pringels","Sweet"
2013-10-21 16:47:00,150,2,420,0,17,8,"Slightly Unhealthy",1,"Corn,masa,flour","Takis","Salty"
2013-10-02 18:26:00,130,30,6,0,16,11,"Unhealthy",2,"Vitamin A vitMin c calcium","Popcorn","Salty"
2013-10-04 06:58:00,100,0,5,20,24,0,"Slightly healthy",1,"water, concentrated orange juice,","orange juice","Sweet"
2013-09-27 16:01:00,130,0,270,34,34,0,"Neither healthy nor unhealthy",1,"water,sugar,dextrose","Gatorade","Sweet"
2013-10-22 09:45:00,90,5,105,8,17,2,"Neither healthy nor unhealthy",1,"Tosted rice, sugar, salt","Rice Krispies Treats","Sweet"
2013-10-03 15:55:00,190,1,160,12,29,6,"Slightly healthy",2,"Whole grain oats , sugar , canola oil","Nature valley crunchy oats n honey granola bar","Sweet"
2013-09-28 08:08:00,250,0,930,2,51,1,"Slightly healthy",1,"rice, wheat flour, durum wheat semolina","rice a roni","Sweet"
2013-10-10 10:05:00,220,7,100,19,26,100,"Slightly Unhealthy",1,"Sugar Vegetable oilCocoa butter","Hershey's cookies n creme","Sweet"
2013-10-10 09:17:00,200,2,390,1,29,7,"Neither healthy nor unhealthy",1,"smiles,whole weat flour,unbleached enriched wheat flour.","goldfish","Salty"
2013-10-02 21:11:00,100,1,220,1,12,5,"Unhealthy",1,"Enriched corn meal, vegetable oil ,salt","Funyuns flamin hot","Salty"
2013-09-18 17:33:00,180,2,290,0,14,12,"Unhealthy",2,"Enriched corn meal, vegetable oil, limin seasoning","Cheetos","Salty"
2013-10-10 09:10:00,130,0,160,12,10,0,"Neither healthy nor unhealthy",1,"Milled cornSugarSalt","Frosted flakes","Sweet"
2013-10-13 12:28:00,20,0,400,2,4,0,"Slightly healthy",4,"beans,water,salt","green gaint","Sweet"
2013-10-18 11:42:00,70,0,15,16,0,0,"Healthy",1,"0","v8 splash","Sweet"
2013-09-17 09:04:00,0,2,150,13,23,7,"Slightly healthy",1,"almonds , whole grain oats , high maltose corn syrup","nature valley","Sweet"
2013-10-25 16:19:00,60,0,0,16,16,0,"Neither healthy nor unhealthy",1,"sugar,fructose,citric","kool-aid drink mix","Sweet"
2013-10-02 19:30:00,140,15,30,12,10,1,"Unhealthy",2,"Vitamin A vitamin C calcium","Ranch","Salty"
2013-09-28 08:18:00,160,2,150,2,15,10,"Neither healthy nor unhealthy",20,"potatoes, vegetable oil, bbq seasoning","barbecue lays","Salty"
2013-09-14 09:52:00,110,1,130,12,25,1,"Neither healthy nor unhealthy",2,"Sugar, corn flour blend, wheat flour","Apple jacks","Salty"
2013-09-15 15:44:00,140,3,390,0,16,8,"Unhealthy",20,"Corn Flour , Hydrogenated Soybean And / Or Canola","Takis","Salty"
2013-10-21 17:56:00,160,4,140,11,24,6,"Neither healthy nor unhealthy",5,"enriched flour, sugar, vegetable oil blend","surtido rico gamesa","Sweet"
2013-10-17 17:17:00,120,1,85,9,25,2,"Unhealthy",1,"Salt.sugar.folic niacin","Cats cookies","Salty"
2013-09-24 21:02:00,120,0,130,12,27,5,"Neither healthy nor unhealthy",20,"Rice,Sugar,cocoa","Cocoa Krispies","Sweet"
2013-10-03 16:28:00,80,0,5,13,19,0,"Healthy",2,"corn syrup sugar water","fruity snack","Sweet"
2013-10-27 18:29:00,90,0,105,8,17,2,"Unhealthy",1,"Toated rice, corn syurp, milk","Rice krispies treats","Sweet"
2013-10-10 08:14:00,117,0,7,27,0,0,"Slightly Unhealthy",8,NA,"Apple juice","Salty"
2013-10-02 09:12:00,90,0,80,10,16,0,"Neither healthy nor unhealthy",1,"cultured pasteurized grade A nonfat milk, raspberry, modified corn starch","yoplait","Sweet"
2013-10-10 09:43:00,140,1,210,0,16,8,"Neither healthy nor unhealthy",2,"corn, vegetable oil, salt","doritos nacho cheese","Salty"
2013-10-25 16:26:00,140,1,210,0,16,8,"Neither healthy nor unhealthy",1,"corn, vegtable oil, buttermilk","doritos","Salty"
2013-10-30 17:46:00,210,7,115,18,25,11,"Neither healthy nor unhealthy",5,"sugar, peanuts, choclate","butterfinger","Sweet"
2013-10-09 21:14:00,190,3,135,14,27,8,"Unhealthy",2,"Enriched flourVegetable shorteningSugar","Grandmas chocolate brown cookies","Sweet"
2013-10-02 20:01:00,320,3,510,1,25,22,"Unhealthy",1,"Enriched corn meal, riboflavin, folic acid","Hot Cheetos","Salty"
2013-10-21 17:44:00,60,4,70,1,4,5,"Neither healthy nor unhealthy",1,"milk, cream, water","cream cheese","Salty"
2013-10-10 08:51:00,0,0,70,7,16,0,"Neither healthy nor unhealthy",1,"Col tired pasteurized nonfat milk","Yoplait","Sweet"
2013-10-26 16:48:00,200,6,35,27,29,9,"Slightly Unhealthy",1,"Suger,cocoa,unsweetened chocolate","Milk chocolate with caramel","Sweet"
2013-09-27 16:18:00,90,0,80,10,16,0,"Slightly healthy",1,"cultured pasteurized grade a, peaches, modified corn starch","yoplait","Sweet"
2013-09-25 19:18:00,140,5,75,10,20,5,"Slightly Unhealthy",1,"Wheat flour, sugar, hydrogenated vegetable fat","Milky Knots","Sweet"
2013-10-10 08:34:00,170,2,120,12,25,7,"Neither healthy nor unhealthy",1,"Flour wheat iron","Golden Oreos","Sweet"
2013-10-17 17:23:00,160,2,140,14,25,7,"Neither healthy nor unhealthy",1,"sugar, unbleached enriched flour (wheat flour, niacin, reduced iron","oreo","Sweet"
2013-10-03 11:18:00,160,15,230,1,32,24,"Unhealthy",1,"corn oil and salt","hot cheetos","Salty"
2013-10-10 09:21:00,90,60,70,50,80,50,"Neither healthy nor unhealthy",20,"corn salt sugarsugar","rice krispies treats","Sweet"
2013-11-04 08:45:00,200,6,45,23,25,10,"Slightly Unhealthy",1,"milk chocolate vanillincrisped rice","world's finest chocolate","Sweet"
2013-10-06 18:43:00,130,1,300,1,17,7,"Slightly Unhealthy",1,"enriched corn meal, vegetable oil, corn starch","funyuns","Salty"
2013-10-03 22:23:00,5,0,210,0,0,0,"Neither healthy nor unhealthy",1,"Cucumbers, water, vinegar","Kosher spears","Salty"
2013-10-29 07:03:00,120,1,160,10,22,3,"Neither healthy nor unhealthy",1,"Whole grain corn sugar resses peanut butter","Reese's puffs cereal","Sweet"
2013-09-29 21:35:00,100,2,100,8,18,3,"Slightly Unhealthy",1,"whole grain wheat, rice flour, sugar,","cinnamon toast crunch treats","Sweet"
2013-11-07 18:18:00,160,1,260,0,13,11,"Unhealthy",1,"Enriched corn meal, vegetable oil, flaming'hot limon seasoning","Hot Cheetos","Salty"
2013-10-17 21:19:00,10,0,45,0,0,0,"Neither healthy nor unhealthy",1,"water, gellatin, sodium citrate","jello strawberry","Sweet"
2013-09-24 21:07:00,110,0,130,12,25,10,"Slightly Unhealthy",1,"Sugar,corn flour blend,corn flour","Apple Jacks","Sweet"
2013-09-15 22:51:00,150,0,190,9,27,0,"Slightly healthy",1,"rice , whole grain wheat,  sugar","special k red berries","Sweet"
2013-10-10 08:13:00,90,0,80,10,16,0,"Neither healthy nor unhealthy",1,"cultured pasteurized grade a nonfat milk, raspberry, modified corn starch","yoplait","Sweet"
2013-10-10 08:12:00,200,2,170,15,27,10,"Slightly Unhealthy",1,"Sugar,enriched bleached flour, water","Blueberry muffins","Sweet"
2013-10-10 10:13:00,220,2,200,20,37,7,"Neither healthy nor unhealthy",1,"0enriched flour, sugar,water","chocolate chip cookie","Sweet"
2013-10-10 10:17:00,160,2,250,0,13,11,"Neither healthy nor unhealthy",1,"enriched corn meal, vegetable oil, flamin' hot seasoning","cheetos","Salty"
2013-10-02 21:43:00,100,1,70,9,13,5,"Slightly Unhealthy",9,"enriched flour, sugar, high fructose corn syrup","oreo's","Sweet"
2013-10-27 17:25:00,290,6,1190,2,39,12,"Unhealthy",1,"Enriched wheat flour , salt , vegetable oil","Cup of noddles","Salty"
2013-09-27 17:22:00,80,0,15,21,21,0,"Neither healthy nor unhealthy",1,"not a significant source of calories from fat, saturated fat, teams fatfat","powerade","Sweet"
2013-10-21 17:41:00,260,6,630,3,21,14,"Neither healthy nor unhealthy",2,"mozzarela, cheese,skim milk","lunchables","Salty"
2013-10-07 09:05:00,50,50,50,50,50,50,"Healthy",1,"apple","apple","Sweet"
2013-10-02 17:37:00,180,4,120,15,29,60,"Neither healthy nor unhealthy",1,NA,"Strawberry parfait","Sweet"
2013-10-08 23:11:00,250,5,140,21,36,90,"Unhealthy",2,"sugar, wheat flour, water","bimbolete","Sweet"
2013-10-17 17:33:00,180,2,140,25,29,3,"Slightly Unhealthy",3,"Low fat milk,vanilla,fructose","Mountain,high yogurt","Sweet"
2013-11-26 14:36:00,140,1,210,0,16,8,"Unhealthy",1,"Corn, vegetable oil ,salt","Doritos","Salty"
2013-10-10 15:23:00,160,2,230,1,0,10,"Slightly Unhealthy",1,"enriched corn mealvegetable oilxxtra flamin hot seasoning","hot cheetos","Salty"
2013-09-27 12:16:00,200,0,0,28,51,1,"Slightly healthy",1,"banana","bananas","Sweet"
2013-10-23 21:48:00,300,7,1060,2,38,13,"Slightly Unhealthy",1,"Enriched Wheat Flour NiacinReduced Iron","Cup Noodles","Salty"
2013-10-08 08:33:00,120,4,250,0,19,4,"Slightly healthy",1,"popcorn palm oil salt","popscorn actII","Salty"
2013-10-03 07:16:00,160,2,115,1,5,14,"Neither healthy nor unhealthy",1,"PenutsSea saltCottonseed oil","Planters","Salty"
2013-10-02 19:41:00,80,1,105,1,10,5,"Neither healthy nor unhealthy",3,"Unbleached enriched flour,folic acid, soybean oil","Ritz crackers","Salty"
2013-10-10 08:08:00,160,1,200,1,20,8,"Unhealthy",1,"Corn, vegetable oil, maltodextrin","Doritos cool ranch","Salty"
2013-10-10 08:31:00,250,3,250,23,36,12,"Unhealthy",3,"sugar, enriched unbleached,bleached flour","Oreo cakesters","Sweet"
2013-10-10 10:04:00,130,2,135,11,20,50,"Slightly Unhealthy",1,"Unbleached enriched flour, riboflavin, sugar","Mini oreo","Sweet"
2013-10-10 10:07:00,250,3,260,23,36,12,"Unhealthy",3,"sugar, flour, wheat flour","oreo","Sweet"
2013-09-29 20:34:00,460,5,460,2,44,29,"Unhealthy",1,"corn, corn oil, flamin hot seasoning","fritos flamin hot","Salty"
2013-10-10 08:36:00,926,0,56,216,0,0,"Slightly healthy",1,"organic apple juice","apple","Sweet"
2013-10-10 09:27:00,270,4,240,23,41,11,"Slightly Unhealthy",1,"sugar.soybean oil.cocoa","oreos","Sweet"
2013-10-23 21:44:00,140,0,45,39,39,0,"Unhealthy",1,"Carbonated WaterHigh Fructose Corn SyrupCaramel Color","Coca Cola Drink","Sweet"
2013-10-03 22:35:00,130,0,260,1,19,5,"Neither healthy nor unhealthy",5,"Wheat flour, niacin, reduced iron","Stacy's pita chips","Salty"
2013-09-26 20:49:00,180,6,60,15,18,11,"Unhealthy",1,"Skim milk, cream, sugar","Snickers","Sweet"
2013-10-10 08:26:00,130,1,85,10,28,140,"Slightly healthy",1,"Trail mix, chocolate, granola","Fiber One Chewy Bars","Sweet"
2013-10-17 21:28:00,50,0,150,9,9,1,"Slightly Unhealthy",1,"water, sugar, whole milk powder","jelly brown","Sweet"
2013-10-13 18:35:00,200,2,350,1,30,8,"Neither healthy nor unhealthy",1,"Enriched corn meal, vegetable oil, whey","Baked cheetos","Salty"
2013-10-26 17:46:00,150,24,24,200,24,24,"Healthy",1,"coffee caramel whip cream","starbucks","Sweet"
2013-10-21 16:42:00,16,1,200,0,15,9,"Slightly Unhealthy",1,"Whole corn,corn oil,turbos flamas seasoning","Turbos flamas","Salty"
2013-10-10 09:33:00,240,4,150,15,34,11,"Neither healthy nor unhealthy",2,"Enriched Flour, (Unbleached and Bleached Wheat Flour, Niacin","Grandma's Mini Sandwich Cremes","Sweet"
2013-10-02 12:28:00,120,1,170,0,28,4,"Unhealthy",1,"corn masa flour, soybean/canda oil, iodized salt","Takis","Salty"
2013-10-08 19:10:00,160,1,170,1,15,8,"Unhealthy",1,"Vitamin A vitamin C iron","Lays classic","Salty"
2013-10-08 19:39:00,130,1,260,1,15,7,"Slightly healthy",1,"Potato Flour, Sunflower, Safflower","Fresh Finds Veggie Chips","Salty"
2013-10-25 16:13:00,35,0,0,8,8,0,"Slightly Unhealthy",1,"sugar,dextrose,corn syrup","rain-blo bubble gum","Sweet"
2013-10-02 09:01:00,350,2,230,18,45,11,"Healthy",1,"Water, corn matodxtre sugar","ensure","Sweet"
2013-10-25 18:03:00,220,7,100,19,26,12,"Slightly Unhealthy",1,"Sugar , vegetable oil , nonfat milk","Hersheys cookies'n'creme","Sweet"
2013-10-03 16:21:00,110,0,0,22,30,0,"Neither healthy nor unhealthy",1,"California raisins, canola, palm oil","Natural raisins","Sweet"
2013-10-30 13:23:00,280,13,200,18,38,13,"Slightly Unhealthy",3,"enriched flour , reduced iron , artificial flavor","famous amos , chocolate chip","Sweet"
2013-09-30 13:14:00,150,1,170,13,28,4,"Unhealthy",1,"toasted rice cereal, niacinamide, fructose","Rice Krispies Treats","Sweet"
2013-10-02 07:05:00,86,0,1,15,23,0,"Healthy",1,"0","pear","Sweet"
2013-10-29 22:33:00,190,10,0,30,32,10,"Neither healthy nor unhealthy",1,"Milk choclate, sugar, choclate","Raisinets","Sweet"
2013-10-10 08:34:00,160,2,250,0,13,11,"Slightly Unhealthy",1,"Enriched corn meal,ferrous,niacin","Cheetos","Salty"
2013-10-10 09:45:00,160,1,55,4,8,14,"Neither healthy nor unhealthy",1,"Non-gmo sunflower kernels, sugar, sunflower oil","Sun flower seeds","Salty"
2013-10-05 22:56:00,160,0,140,14,32,2,"Neither healthy nor unhealthy",1,"rolled oats, sugar, salt","maple and brown sugar","Sweet"
2013-09-27 09:42:00,190,0,4,17,41,0,"Neither healthy nor unhealthy",1,"Corn syrup,sugar,inulin","Sour Worms","Sweet"
2013-09-28 08:23:00,270,3,240,0,0,0,"Slightly Unhealthy",1,"Sugar unbleached enriched flour niacin","Oreo","Sweet"
2013-11-03 22:45:00,50,0,55,7,12,1,"Slightly Unhealthy",1,"Pears from concentrate, corn syrup, dried corn syrup","Fruit rollups","Sweet"
2013-09-26 19:41:00,59,0,0,13,15,0,"Healthy",1,"Peach","Peach","Sweet"
2013-10-10 10:08:00,130,2,135,11,20,5,"Slightly Unhealthy",1,"Un bleached Enriched Flour,RiboFlavin,Folic Acid","Mini Oreo","Sweet"
2013-10-10 10:26:00,150,10,0,12,8,60,"Slightly Unhealthy",1,"Enriched flour,niacin,reduced iron","Grandmas cookie","Sweet"
2013-10-10 08:22:00,250,5,150,18,33,12,"Unhealthy",1,"Enriched flour,milk chocolate,cocoa butter","M&M cookies","Sweet"
2013-09-19 20:53:00,210,1,180,3,28,90,"Slightly healthy",1,"whole corn , sunflower , oil","sun chips","Salty"
2013-10-04 16:31:00,5,0,100,1,1,0,"Slightly healthy",1,"Chili, Sugar, Salt","Spiracha Sauce","Salty"
2013-12-04 19:23:00,170,0,85,26,33,2,"Healthy",1,"Cultured pasteurized grade A low fat milk, sugar, blueberries","Yoplait","Sweet"
2013-10-13 12:35:00,150,0,330,4,29,2,"Slightly Unhealthy",12,"wheets,grain,bread","bimbo","Sweet"
2013-10-12 10:50:00,150,3,200,1,20,9,"Slightly Unhealthy",1,"dried potatoes, vegetable oil, corn flour","pringles","Salty"
2013-10-21 18:07:00,30,0,10,0,14,0,"Neither healthy nor unhealthy",3,"isomalt, flavors, potassium","sweetn low","Sweet"
2013-10-26 19:36:00,80,2,180,12,14,3,"Neither healthy nor unhealthy",1,"sugar, corn syrup solids, vegtable oil","nestel hot choclate","Sweet"
2013-10-26 11:51:00,150,0,30,12,13,25,"Neither healthy nor unhealthy",1,"sugar, water, cocoa processed with alkali","choclate nesquick","Sweet"
2013-09-15 21:57:00,50,0,110,14,14,0,"Slightly healthy",1,"water, sucrose , dextrose","Gatorade fruit punch","Sweet"
2013-09-15 22:35:00,80,0,30,12,19,0,"Slightly Unhealthy",1,"fruit juice blend , corn syrup , sugar","flavored fruit snacks","Sweet"
2013-09-27 08:16:00,170,3,125,13,25,70,"Healthy",1,"whole grian oat flour,chocolate chip,chocolate liquor","quaker cookies","Sweet"
2013-10-25 16:28:00,140,0,45,39,39,0,"Neither healthy nor unhealthy",1,"carbonated water, high fructose corn syrup, caramel color","coca cola","Sweet"
2013-10-17 15:17:00,42,0,180,0,28,1,"Healthy",1,"vitamin aironvitamin c","nature valleycrunchy granola barspeanut butter","Sweet"
2013-10-14 20:21:00,60,0,0,15,15,0,"Neither healthy nor unhealthy",1,"Sugar, artificial flavors, citric acid","Nesquik","Sweet"
2013-10-02 17:34:00,5,0,0,0,1,0,"Neither healthy nor unhealthy",1,NA,"Orbit","Sweet"
2013-10-29 21:16:00,80,0,150,21,21,0,"Slightly healthy",12,"water, fructose corn syrup, 0.5 citric acid","powerade","Sweet"
2013-11-26 14:39:00,220,2,200,20,37,7,"Slightly Unhealthy",1,"Enriched flour, sugar , water","Chocolate chip cookie","Sweet"
2013-10-16 16:28:00,80,0,320,13,23,0,"Unhealthy",1,"Surgar,Gum Base,corn Syrup","Rockaleta","Sweet"
2013-10-28 06:49:00,190,2,210,16,30,8,"Slightly Unhealthy",1,"flour , sugur , cocoa","mini oreo bite size","Sweet"
2013-09-14 10:02:00,250,2,280,21,46,6,"Neither healthy nor unhealthy",1,"Toasted rice cereal, marshmallow, fructose","Rice krispies","Salty"
2013-10-10 08:12:00,220,2,200,20,37,7,"Slightly healthy",1,"Enriched flour,malted barely flour,niacin","Chocolate chip cookie","Sweet"
2013-10-07 18:01:00,250,0,50,63,63,0,"Unhealthy",1,"Carbonated water, High fructose corn syrup, Red 40","Big Red","Sweet"
2013-09-27 12:20:00,65,0,1,13,17,0,"Healthy",1,"Apple","apples","Sweet"
2013-10-10 10:17:00,130,1,180,2,20,5,"Slightly Unhealthy",1,"0cornmeal,potato flakes, sunflower oil","baked fries","Salty"
2013-09-29 11:11:00,90,0,10,2,25,0,"Slightly healthy",1,"Premium brewed tea, high fructose corn syrup, citric acid","Arizona","Sweet"
2013-10-10 10:06:00,36,3,220,22,44,17,"Slightly Unhealthy",1,"enriched flour,  semi-sweet chocolate chips,  vegetable shortening","grandma's chocolate chip","Sweet"
2013-10-10 09:49:00,160,1,55,4,8,14,"Slightly healthy",1,"Non-GMO sunflower kernels, sugar, sunflower oil","Sun flower","Sweet"
2013-10-10 09:14:00,160,2,250,0,13,11,"Unhealthy",1,"eriched corn meal, ferrous sulfate,niacin.","flamin hot cheetos","Salty"
2013-09-26 23:21:00,50,0,0,11,13,0,"Neither healthy nor unhealthy",1,"Apples, Water, Natural Flavors","Apple Sauce","Sweet"
2013-12-23 13:41:00,45,0,0,9,11,0,"Healthy",1,"orange","orange","Sweet"
2013-10-24 10:13:00,4,0,0,1,0,0,"Healthy",8,"strawberry , strawberry, strawberry","strawberries","Sweet"
2013-10-12 22:49:00,90,0,10,24,25,0,"Neither healthy nor unhealthy",8,"Premium brewed tea using filtered water, high fructose corn syrup, and Citric acid.","Arizona Iced Tea","Sweet"
2013-10-20 14:03:00,5,0,15,8,1,0,"Neither healthy nor unhealthy",1,"citric acid, maltodextrin, flavor","hawaiian punch","Sweet"
2013-10-10 09:42:00,150,0,25,46,37,0,"Neither healthy nor unhealthy",6,"surgar,invert surgar,corn syrup","sour patch watermelon","Sweet"
2013-10-06 22:25:00,80,0,150,21,21,0,"Neither healthy nor unhealthy",1,"Corn syrup, water food coloring","powerade","Sweet"
2013-11-03 22:35:00,190,1,160,12,29,6,"Slightly healthy",1,"Whole grain oats, sugar, canola oil","Nature Valley granola bars","Sweet"
2013-10-30 06:51:00,570,20,350,25,58,35,"Slightly Unhealthy",1,"sugar , cinnamon , titanium","hunny bun","Sweet"
2013-09-27 16:20:00,50,0,7,14,5,0,"Neither healthy nor unhealthy",2,"water,corn syrup, apple","sunny d","Sweet"
2013-10-05 15:59:00,60,0,15,14,15,0,"Slightly Unhealthy",1,"Apple juice, malic acid, citric acid","Apple berry","Sweet"
2013-10-09 22:42:00,260,2,15,6,47,4,"Neither healthy nor unhealthy",3,"enriched wheat flour","Macaroni and cheese","Sweet"
2013-10-25 17:23:00,220,7,100,19,26,100,"Neither healthy nor unhealthy",1,"Sugar , vegetable oil , nonfat milk","Hershey's cookies'n'creme","Sweet"
2013-09-19 21:34:00,100,0,160,1,20,2,"Slightly healthy",1,"Whole grain oats, modified corn starch, sugar","Cheerios","Sweet"
2013-10-13 12:05:00,100,0,140,1,20,2,"Healthy",14,"grain,oat,wheets","cheerios","Sweet"
2013-09-28 12:52:00,140,0,45,39,39,0,"Unhealthy",1,"carbonated waterhigh fructose corn syrupcaramel color","coca cola","Sweet"
2013-09-30 18:28:00,140,2,90,10,29,4,"Healthy",1,"Chicory root extract, semi sweet chocolate chip, whole grain oats","Fiber one","Salty"
2013-10-02 17:41:00,70,0,25,18,19,0,"Slightly Unhealthy",1,NA,"Black tea","Sweet"
2013-10-16 17:01:00,140,1,210,0,16,8,"Slightly Unhealthy",2,"corn, vegetable oil, cheese cultures","doritos","Salty"
2013-10-02 08:55:00,240,4,40,25,0,11,"Slightly healthy",2,"milk chocolate suger corn syrup","rocky road candy bar","Sweet"
2013-10-02 09:08:00,90,0,80,10,16,0,"Neither healthy nor unhealthy",1,"Vitamin A vitamin D caicum","Yoplait","Sweet"
2013-09-30 20:15:00,190,0,4,17,41,0,"Slightly Unhealthy",1,"Corn syruo,sugar,inulin","Sour worms","Salty"
2013-10-10 08:32:00,130,0,120,8,2,4,"Neither healthy nor unhealthy",1,"whole wheat flour and niacin","whole grain belly bears","Salty"
2013-09-27 13:06:00,190,0,4,17,41,0,"Slightly Unhealthy",1,"Corn syrup,sugar,inulin","Sour worms","Salty"
2013-09-29 16:09:00,130,0,30,21,31,0,"Neither healthy nor unhealthy",5,"Corn syrup, sugar, fruit juice from concentrate","Gummi bear & friends","Sweet"
2013-10-10 08:33:00,5,17,4,66,66,1,"Unhealthy",1,"unsalted nutssugar","trail mix","Sweet"
2013-10-08 08:44:00,140,8,170,0,16,12,"Unhealthy",1,"Vitamin A vitamin C calcio","Doritos","Salty"
2013-10-26 19:07:00,150,0,190,9,27,0,"Neither healthy nor unhealthy",1,"rice, whole grain, wheat","special k red berries","Sweet"
2013-10-17 17:52:00,300,3,350,2,29,19,"Neither healthy nor unhealthy",2,"Potatoes vegetable oil sunflower","Ruffles","Salty"
2013-10-10 08:17:00,190,3,350,5,23,10,"Slightly Unhealthy",1,"Enriched flour, reduced iron, wheat flour","Austin cheese crackers","Salty"
2013-10-26 20:48:00,120,0,140,6,25,2,"Healthy",1,"corn, whole grain wheat, sugar","honey bunches","Sweet"
2013-10-27 19:24:00,110,0,160,9,22,2,"Neither healthy nor unhealthy",2,"whole grain oatssugaroat bran","honey nut cheerios","Sweet"
2013-10-18 11:35:00,130,6,8,3,24,30,"Neither healthy nor unhealthy",1,"dried potatoescorn starchcorn oil","baked lays","Salty"
2013-10-26 19:11:00,180,3,830,2,20,9,"Neither healthy nor unhealthy",1,"chicken broth, potatoes, celery","rich & hearty","Salty"
2013-10-10 08:54:00,160,2,290,1,15,10,"Unhealthy",1,"Corn meal , cheddar cheese , Sun flower oil","Cheese Cheetos","Salty"
2013-10-09 22:46:00,250,1,200,23,40,6,"Healthy",1,"0 water sugar corn Metrodome","ensure","Sweet"
2013-10-02 08:56:00,350,0,580,18,350,450,"Slightly healthy",1,"Water,corn maltodextrin,sugar (sucrose)","Ensure","Sweet"
2013-09-30 20:53:00,170,4,290,0,3,15,"Slightly Unhealthy",1,"Chicken broth, water, pork","Vienna Sausage","Salty"
2013-10-04 10:23:00,2,5,0,5,0,4,"Slightly Unhealthy",1,"calories 200 total fat 11 grams 17% cholesterol 0%","I ate nutella with bread and milk and a mint candy","Sweet"
2013-09-30 08:48:00,6,16,30,10,10,4,"Slightly healthy",1,"milk chocolate, sugar, enriched wheat flour","Twix","Sweet"
2013-10-17 17:14:00,0,0,0,0,0,0,"Neither healthy nor unhealthy",1,"carbonated mountain spring water, natural flavors,  blackberry juice concentrate, malic acid,","sparkling ice","Sweet"
2013-10-10 08:37:00,0,0,20,0,0,0,"Slightly Unhealthy",2,"0","7 up diet","Sweet"
2013-10-20 20:40:00,170,6,4,13,15,11,"Slightly Unhealthy",1,"cocoa mass, sugar, fat reduced cocoa powder","choklad mí_rk","Sweet"
2013-10-26 11:16:00,90,0,10,23,24,0,"Neither healthy nor unhealthy",1,"high fructose corn syrup, water, sugar","strawberry syrup","Sweet"
2013-09-28 16:35:00,100,0,125,0,7,4,"Slightly Unhealthy",1,"soy beans, sun flower, oil","soy nuts","Salty"
2013-10-29 06:55:00,230,0,350,4,47,1,"Neither healthy nor unhealthy",1,NA,"Bagels","Sweet"
2013-11-11 19:14:00,400,3,480,13,55,13,"Neither healthy nor unhealthy",1,"chicken breast with rib meat, water breader, soybean oil","kid cuisine chicken nuggets","Salty"
2013-10-10 08:35:00,90,0,80,10,16,0,"Neither healthy nor unhealthy",1,"Cultured pastourized grade a nonfat milk","Yoplait light","Sweet"
2013-10-05 22:59:00,190,4,830,1,26,7,"Neither healthy nor unhealthy",2,"enriched wheat flour, vegetable oil, salt","ramen noodle soup","Sweet"
2013-10-10 10:14:00,200,1,330,1,30,8,"Slightly Unhealthy",1,"Enriched corn meal,sulfate,niacin","Baked Cheetos","Salty"
2013-10-01 14:36:00,130,1,190,3,24,4,"Neither healthy nor unhealthy",1,"Dried potatoes , corn starch , corn oil","Baked lays sour cream and onion chips","Salty"
2013-10-11 12:52:00,140,1,190,0,16,8,"Slightly Unhealthy",1,"corn, vegatable oil, maltodextrin","doritos spicy nacho","Salty"
2013-09-27 09:53:00,110,60,60,34,41,5,"Slightly Unhealthy",2,"Spelt flour non-hydrogenated expeller-pressed oils palm fruit canola olive soy protein soy lechin","Chocolate chip cookies","Sweet"
2013-10-25 19:44:00,100,0,10,26,27,0,"Slightly Unhealthy",2,"WaterHigh fructose corn syrup Pear juice","Arizona tea","Sweet"
2013-10-25 07:00:00,90,2,130,8,18,10,"Neither healthy nor unhealthy",1,"whole grain oats, sugar, oat bran","Honey Nut Cheerios","Sweet"
2013-09-27 16:13:00,360,4,870,4,49,12,"Slightly healthy",1,"enriched macaroni , niacin, ferrous sulfate","velveeta","Salty"
2013-10-25 19:49:00,230,4,115,27,32,11,"Unhealthy",1,"Milk chocolate SugarCocoa butter","Snickers almond","Sweet"
2013-10-24 18:43:00,80,1,65,9,17,2,"Slightly Unhealthy",1,"corn.sugar.water","crispy rice","Sweet"
2013-10-02 21:04:00,190,4,42,1,26,7,"Neither healthy nor unhealthy",1,"enriched wheat flour, niacin, reduced iron","maruchan instant lunch","Salty"
2013-10-02 20:40:00,160,2,260,0,13,11,"Unhealthy",1,"Corn meal, vegetable oil, flamin hot limon seasoning","Flamin hot limon Cheetos","Salty"
2013-10-05 17:53:00,140,0,45,39,39,0,"Unhealthy",1,"carbonated water high fructose corn syrup caramel color","Coke","Sweet"
2013-09-30 20:40:00,120,2,180,0,19,5,"Neither healthy nor unhealthy",2,"Popping corn, palm oil, salt","Popcorn","Salty"
2013-10-22 21:44:00,140,1,120,0,19,7,"Slightly Unhealthy",1,"Corn, Vegetable Oil, salt","Tostitos","Salty"
2013-10-08 08:43:00,170,5,250,0,20,90,"Slightly Unhealthy",3,"poopping corn palm oil sallt","Orville redenbacher","Salty"
2013-10-22 10:07:00,80,0,160,21,0,0,"Slightly healthy",1,"Water,sucrose,dextrose","Gatorade","Sweet"
2013-10-22 21:49:00,90,5,104,8,17,0,"Slightly Unhealthy",2,"Sugar, toasted rice, salt","Rice krispies","Sweet"
2013-10-21 19:35:00,160,2,250,0,13,11,"Slightly Unhealthy",3,"Corn Meal,Ferrous Sulfate and Niacin","Hot Cheetos","Salty"
2013-09-24 09:28:00,210,2,420,1,18,120,"Unhealthy",20,"Enriched corn meal, vegetable oil, flamin hot seasoning","Hot Cheetos puffs","Salty"
2013-10-10 09:48:00,546,4,1,4,21,50,"Slightly Unhealthy",2,"nuts almonds salt","nuts, almonds","Salty"
2013-10-04 07:46:00,140,0,110,3,23,4,"Healthy",1,"Enriched Yellow Corn, Sunflower Oil, and Sugar","Popcorners","Salty"
2013-10-12 14:34:00,130,0,120,8,21,4,"Slightly healthy",1,"Whole wheat flour, enriched flour, sugar","Belly Bears graham crackers","Sweet"
2013-10-08 23:25:00,70,10,75,10,15,10,"Neither healthy nor unhealthy",1,"Wheat flour,niacin,iron","Strawberry bars","Sweet"
2013-10-10 10:23:00,320,3,500,1,30,22,"Unhealthy",1,"enriched corn mealvegetable oilflamin hot seasoning","cheetos flamin hot","Salty"
2013-10-07 08:29:00,120,2,150,14,14,3,"Healthy",1,"fat free milk, milk, non fat milk solid","driftwood lowfat milk","Sweet"
2013-10-10 08:33:00,86,0,0,15,0,0,"Healthy",1,"grows on trees","Pears","Sweet"
2013-10-10 19:48:00,120,0,15,27,28,0,"Healthy",1,"appe juice , vitamin C , water","apple juice","Sweet"
2013-10-10 10:11:00,213,27,53,12,0,120,"Slightly Unhealthy",1,"nuts,legemes, dried fruit","trail mix","Sweet"
2013-10-10 20:00:00,70,0,65,19,19,0,"Neither healthy nor unhealthy",1,"water, high fructose corn syrup, citric acid","brisk","Sweet"
2013-10-16 16:59:00,28,2,260,1,30,26,"Slightly Unhealthy",10,". enriched corn. vegetable oil. flaming hot Limon","cheetos crunchy flaming hot Limon","Salty"
2013-10-09 15:42:00,240,0,20,56,58,0,"Neither healthy nor unhealthy",1,"filtered water, sugar, kiwi juice concentrate","snapple","Sweet"
2013-10-08 08:56:00,125,2,250,0,19,6,"Slightly Unhealthy",3,"Iron","Act 2 butter lovers","Salty"
2013-09-27 13:02:00,290,2,370,2,36,0,"Neither healthy nor unhealthy",1,"Corn,vegetable oil,salt","Munchies","Salty"
2013-10-06 15:44:00,140,2,270,1,15,9,"Unhealthy",1,"Enriched corn meal, vegetable oil, cheddar cheese","Fiesta mix","Salty"
2013-10-08 08:48:00,160,2,250,1,13,2,"Slightly Unhealthy",1,"corn ferrous sulfate naciln","cheetos","Salty"
2013-10-08 17:56:00,3,0,0,0,9,4,"Slightly healthy",1,"Chicken Lettuce and tomatoes","McDonalds Chicken Wrap","Salty"
2013-10-08 08:37:00,2,1,210,0,16,8,"Slightly healthy",2,"corn vegetable oil sunflower canola","doritos","Salty"
2013-10-17 21:22:00,130,2,170,19,27,3,"Slightly Unhealthy",1,"skim milk, oreo cooke crums, water","jello oreo","Sweet"
2013-10-10 10:21:00,160,2,310,1,18,9,"Unhealthy",1,"enriched corn mealvegetable oildried potatoes","chesters fries","Salty"
2013-10-10 08:04:00,130,1,85,10,28,30,"Neither healthy nor unhealthy",1,"nuts, caramels,bread","Fiber one","Sweet"
2013-10-18 11:04:00,60,0,0,0,0,70,"Slightly healthy",1,"0","Apples","Sweet"
2013-10-21 19:42:00,50,0,5,11,12,0,"Neither healthy nor unhealthy",3,"Water,Natural and Artificial flavors","Jolly Rancher","Sweet"
2013-09-29 11:28:00,160,2,100,4,7,13,"Unhealthy",1,"Peanuts sugar honey","Planters honey roasted peanuts","Sweet"
2013-10-07 07:34:00,240,4,150,15,34,11,"Healthy",3,"enriched flour, bleached wheat flour,  niacin","grandma's mini sandwich cremes","Sweet"
2013-09-24 09:34:00,170,2,370,1,21,9,"Slightly Unhealthy",1,"Enriched corn mean, Vegetable Oil, Salt","Funyuns flaming hot","Salty"
2013-10-02 20:02:00,320,3,0,1,25,22,"Unhealthy",1,"Enriched corn meal , riboflavin, folic acid","Hot Cheetos","Salty"
2013-10-02 09:21:00,160,1,150,2,15,90,"Unhealthy",1,"potato, vegetable oil corn, andior canola on","Lay's barbecue","Salty"
2013-10-10 10:20:00,170,2,280,1,15,12,"Unhealthy",1,"enriched corn mealvegetable oilcheese seasoning","cheetos","Salty"
2013-09-29 20:31:00,230,7,35,24,25,13,"Unhealthy",1,"Milk chocolate, vanillin, and roasted almond","Worlds finest chocolate","Sweet"
2013-10-02 17:23:00,100,1,60,7,19,20,"Neither healthy nor unhealthy",1,NA,"Chewy granola bars","Sweet"
2013-10-06 11:23:00,120,0,140,6,25,2,"Healthy",20,"corn, whole grain wheat, sugar","honey bunches of oats","Sweet"
2013-10-25 18:19:00,170,4,290,0,3,0,"Healthy",1,"Water, beef, pork","Vienna sausage","Salty"
2013-10-23 18:12:00,160,4,610,0,30,380,"Slightly Unhealthy",20,"enriched corn mealcorn mealvegetable oil","cheetos crunchy flaming hot Limon","Salty"
2013-10-02 09:12:00,2,0,160,21,21,0,"Neither healthy nor unhealthy",12,"Vitamin A vitamin C calcium","Gatorade","Salty"
2013-10-04 17:05:00,160,1,160,0,15,10,"Unhealthy",1,"patatoes , vegtable oil, chile lemon seasoning","chile lemon","Salty"
2013-10-27 08:41:00,120,0,140,6,25,2,"Neither healthy nor unhealthy",1,"Corn whole grain wheat sugar","Honey bunches of oats","Sweet"
2013-10-27 16:28:00,10,0,0,1,2,0,"Neither healthy nor unhealthy",1,"cherries, water, corn syrup","cherries","Sweet"
2013-11-06 21:51:00,160,3,210,18,26,50,"Unhealthy",1,"sugar , water,  enriched bleached wheat flour","Hostess cup cakes","Sweet"
2013-10-10 08:28:00,420,5,120,31,69,14,"Unhealthy",1,"enriched flour, vitamin b, sugar","poptarts brown sugar cinnamon","Sweet"
2013-10-10 09:42:00,60,1,16,8,12,1,"Healthy",3,"Glucose,Sugar, and Vegetable oil","Coffee Candy","Sweet"
2013-10-23 20:55:00,220,7,70,26,28,11,"Unhealthy",1,"Milk chocolate, vanilla and vanillin, caramel","Candy","Sweet"
2013-09-27 13:11:00,300,5,820,2,37,12,"Slightly healthy",1,"Corn,cheese,ham","Hot pocket","Salty"
2013-10-18 15:47:00,200,0,65,55,55,0,"Slightly Unhealthy",1,"Carbonated water, high fructose corn syrup, Carmel color","Soda","Sweet"
2013-10-27 16:37:00,160,15,300,78,49,171,"Slightly Unhealthy",2,"Corn meal,ferrous,sulfate","Hot Cheetos","Sweet"
2013-10-10 12:03:00,140,2,280,1,16,70,"Unhealthy",1,"Enriched corn meal ferrous sulfate","Chesters fries flamin hot","Salty"
2013-10-02 09:18:00,200,4,15,20,20,15,"Slightly Unhealthy",2,"Suger plam oil hazelnuts","Nutella","Sweet"
2013-09-30 08:48:00,70,2,15,19,6,0,"Neither healthy nor unhealthy",3,"water, high fructose corn syrup, vitamin c","Kool-Aid Jammers(Tropical Punch)","Sweet"
2013-10-25 18:06:00,210,8,35,24,26,13,"Neither healthy nor unhealthy",2,"Milk chocolate , sugar , milk","Hersheys milk chocolate","Sweet"
2013-10-23 21:34:00,210,2,450,0,24,0,"Unhealthy",1,"Corn, soybean, sunflower, acid, chili, salt","Senor snacks","Salty"
2013-10-20 14:53:00,100,0,10,25,26,0,"Neither healthy nor unhealthy",1,"Water, high fructose corn syrup, pear juice","Arizona","Sweet"
2013-10-19 21:37:00,50,0,10,10,13,0,"Healthy",15,"64% fruit ingredients, pear purí©e, strawberry juice","Sour nuggets","Sweet"
2013-10-10 09:53:00,320,3,500,1,30,22,"Neither healthy nor unhealthy",1,"Enriched Corn Meal (Corn Meal, Ferrous Sulfate, Niacin","Cheetos Flamin' Hot","Salty"
2013-10-29 21:53:00,15,0,78,3,3,0,"Slightly healthy",12,"water, fructose corn syrup, citric acid","Powerade Zero","Sweet"
2013-10-10 10:11:00,200,2,350,1,30,8,"Neither healthy nor unhealthy",1,"enriched corn mealvegetable oilwhey","baked cheetos","Salty"
2013-10-10 18:43:00,70,0,10,11,17,0,"Unhealthy",3,"Corn syrup, sugar, maltic acid","Jolly Rancher","Sweet"
2013-10-10 09:43:00,160,2,250,0,13,100,"Unhealthy",4,"Enriched corn meal, ferrous sulfate, thiamin mononitrate","Cheetos","Salty"
2013-10-07 11:57:00,1,10,470,5,33,240,"Slightly Unhealthy",2,"unbleached flower,reduced iron,surger","toasted chips","Salty"
2013-10-23 12:58:00,160,1,70,26,0,5,"Unhealthy",1,"Milk fat, nonfat milk sugar, corn syrup","Sunday crunch ice cream","Sweet"
2013-10-27 14:36:00,180,2,150,15,32,6,"Slightly Unhealthy",1,"straberry .sugar.water","poaster pastry","Sweet"
2013-10-20 20:37:00,150,3,150,1,15,9,"Unhealthy",2,"dried potatoes, vegetabl oil, rice flour","pringles","Salty"
2013-10-03 22:46:00,150,0,0,1,27,3,"Neither healthy nor unhealthy",1,"Whole grain Irish oats","Irish oatmeal","Sweet"
2013-10-10 08:29:00,200,2,260,19,35,5,"Slightly healthy",1,NA,"Pop tarts cookies and cream","Sweet"
2013-09-27 15:14:00,40,0,80,11,11,0,"Slightly Unhealthy",1,"Water, high fructose corn syrup, citric acid","Brisk","Sweet"
2013-10-17 17:17:00,60,0,0,14,16,0,"Neither healthy nor unhealthy",1,"pure flitered water,  cane sugar, natural lemon jucie","raspberry lemonade","Sweet"
2013-09-27 11:32:00,320,3,500,1,30,22,"Neither healthy nor unhealthy",1,"Enriched corn meal, ferrous sulfate, niacin","Hot Cheetos","Salty"
2013-10-26 20:44:00,60,0,0,16,17,0,"Neither healthy nor unhealthy",1,"honey,sugar,water","honey","Sweet"
2013-10-10 09:59:00,70,0,10,11,17,0,"Unhealthy",1,"Corn syrup, sugar, maltic acid","Jolly rancher","Sweet"
2013-10-10 08:39:00,0,0,0,0,0,0,"Unhealthy",1,"carbonated water, preservative, cara","Coke Zero","Sweet"
2013-09-27 16:21:00,180,3,80,23,28,5,"Slightly healthy",1,"nonfat milk, water,  sugar","milo","Sweet"
2013-09-29 20:28:00,160,2,250,0,13,11,"Unhealthy",1,"Enriched corn meal, vegetable oil, and Flamin' Hot Seasoning","Flamin' Hot Cheetos","Salty"
2013-10-23 06:47:00,240,25,120,13,32,11,"Slightly Unhealthy",1,"Enriched flour (wheat flour, niacin, reduced iron, thiamine ..","Knotts berry farm premium cookies","Sweet"
2013-10-09 15:44:00,290,6,1120,2,39,12,"Neither healthy nor unhealthy",1,"enriched wheat flour, reduced iron, vegetable oil","instant lunch with shrimp","Salty"
2013-10-10 09:24:00,150,2,420,0,17,70,"Unhealthy",1,"Corn masa flour","Takis","Salty"
2013-09-24 20:19:00,70,0,40,16,17,0,"Slightly Unhealthy",1,"Water, high fructose corn syrup, sugar","JELL-O","Sweet"
2013-10-27 17:37:00,160,25,100,16,26,6,"Unhealthy",1,"Sugar, enriched bleached wheat flour, margarine","Frosted sugar cookies","Sweet"
2013-10-21 19:28:00,24,12,2,32,14,12,"Neither healthy nor unhealthy",1,"water food color suger","gelatin","Sweet"
2013-09-14 09:41:00,160,1,110,12,32,2,"Slightly healthy",1,"Whole grain, roalled oats, sugar","Chris nutrition facts","Salty"
2013-10-20 14:18:00,90,2,55,6,8,5,"Neither healthy nor unhealthy",2,"peanuts, peanut better, sugar","toffe peanut perfection","Sweet"
2013-09-16 21:52:00,160,2,150,2,15,10,"Slightly Unhealthy",1,"potatoes , vegetable oil , bbq seasoning","barbecue lays chips","Salty"
2013-11-01 20:19:00,75,5,120,2,13,1,"Slightly healthy",1,"what flower, water, corn syrup","toasted bread","Salty"
2013-09-26 11:34:00,140,2,90,10,29,4,"Slightly Unhealthy",1,"Chicory root extract, semi sweetener, & chocolates chips","Fiber one","Sweet"
2013-10-02 08:45:00,160,2,250,0,13,11,"Slightly Unhealthy",4,"enriched corn meal, ferrous sulfate, thiamin","cheetos","Salty"
2013-10-20 15:06:00,130,0,100,8,20,4,"Slightly healthy",1,"Whole wheat flour, enriched flour, niacin","Belly bears honey graham crackers","Sweet"
2013-09-25 17:50:00,80,0,0,21,22,0,"Neither healthy nor unhealthy",12,"water,high fructose corn syrup , citric acid","powerade","Sweet"
2013-09-15 21:55:00,50,0,110,14,14,0,"Slightly healthy",1,"water, sugar , dextrose","Gatorade orange","Sweet"
2013-10-07 17:23:00,100,0,125,0,23,2,"Neither healthy nor unhealthy",1,"whole grain popping corn,canola oil,hydrogenated palm","kettle popcorn","Sweet"
2013-10-01 20:47:00,410,3,330,33,75,10,"Neither healthy nor unhealthy",1,"Enriched flour, corn syrup, high fructose corn syrup","Pop-Tarts","Sweet"
2013-10-02 17:30:00,120,1,110,11,24,3,"Slightly healthy",1,NA,"Nutri grain","Sweet"
2013-10-02 11:02:00,290,2,370,2,36,14,"Slightly Unhealthy",1,"Corn, vegetable oil, sonflower","Munchies","Salty"
2013-10-02 18:44:00,120,0,35,10,30,0,"Unhealthy",2,"Vitamin C phosphorus magnesium","Cranberry premium juice","Sweet"
2013-10-16 17:59:00,160,2,250,1,15,26,"Unhealthy",7,"Enriched Corn MealVegetable OilCheddar Cheese","Hot Cheetos","Salty"
2013-09-27 13:57:00,170,1,85,26,33,2,"Healthy",1,"cultured pasteurized grade a low fat milk,mangos,modified corn starch","yoplait","Sweet"
2013-10-02 12:14:00,200,12,120,1,30,8,"Slightly Unhealthy",20,"Enriched corn mealVegetable oilSalt","Baked hot cheetos","Sweet"
2013-10-20 14:15:00,130,0,170,1,28,2,"Neither healthy nor unhealthy",1,"whole grain rolled oats, rolled barley whole grain","maple brown sugar","Sweet"
2013-10-14 10:04:00,180,2,280,1,17,12,"Neither healthy nor unhealthy",1,"enriched cor meal, sulfate, niacim","cheetos","Salty"
2013-10-08 08:41:00,150,0,140,40,0,0,"Unhealthy",1,"Vitamin C","All sport body quencher","Salty"
2013-10-03 21:29:00,160,2,250,0,13,11,"Slightly Unhealthy",1,"Enriched corn meal, niacin, vegetable oil","Hot Cheetos","Salty"
2013-09-17 18:19:00,160,2,250,0,13,11,"Unhealthy",1,"0 enriched corn meal, vegetable oil hot seasoning","Cheetos","Salty"
2013-10-29 12:21:00,120,0,15,26,28,0,"Neither healthy nor unhealthy",1,"apple juice, water, sugar","apple juice","Sweet"
2013-11-01 23:19:00,120,1,650,0,18,0,"Unhealthy",1,"wheat flour, corn starch,  soybean","rielitos picosos","Salty"
2013-10-22 21:40:00,110,0,6,9,0,0,"Slightly Unhealthy",2,"Milled corn, sugar, salt","Frosted Flakes","Sweet"
2013-10-24 19:11:00,200,1,330,1,30,8,"Unhealthy",1,"enriched corn meal, vegetable oil, salt","baked cheetos","Salty"
2013-10-10 15:56:00,2,0,0,0,0,8,"Unhealthy",1,"Made with 100% fire-grilled and topped with crisp fresh ingredients","Whopper sandwich","Salty"
2013-10-10 09:48:00,160,11,250,0,13,100,"Unhealthy",1,"Enriched corn mealFerrous sulfateNiacin","Cheetos Flaming Hot crunchy","Salty"
2013-10-22 11:22:00,140,2,280,1,16,8,"Slightly Unhealthy",1,"Corn milk , cheese , sugar","Hot Cheeto Fries","Salty"
2013-10-27 19:19:00,140,3,60,9,0,5,"Slightly Unhealthy",1,"granola sugarcoconut","subnet bakery","Sweet"
2013-10-01 12:04:00,160,3,110,11,22,8,"Unhealthy",1,"Unbleached Enriched FlourRiboflavinSemi-Sweet Chocolate Chips","Chips ahoy","Sweet"
2013-10-28 11:53:00,120,1,110,12,24,3,"Neither healthy nor unhealthy",1,"Wheat, milk and soy ingredients","Nutri grain","Sweet"
2013-10-07 06:40:00,100,0,150,10,23,15,"Slightly healthy",1,"whole grain corn, sugar, corn meal","cocoa puffs","Sweet"
2013-09-24 21:26:00,280,10,230,18,32,140,"Unhealthy",1,"Wheat flour,malted barley flour,niacin","Mini frosted donuts","Sweet"
2013-10-29 19:03:00,80,45,160,21,21,0,"Slightly healthy",1,"water, dextrose,  sugar","gatorade","Sweet"
2013-10-16 14:33:00,150,0,40,40,40,0,"Unhealthy",4,"I don't know","Pepsi","Sweet"
2013-10-22 19:04:00,160,2,250,0,13,11,"Slightly Unhealthy",1,"Enriched corn meal,ferrous sulfate,Naicin","Cheetos flaming hot","Salty"
2013-10-10 09:39:00,250,5,120,27,32,12,"Slightly Unhealthy",1,"Sugar chocolate cocoa","Snickers","Sweet"
2013-10-29 21:13:00,80,0,150,21,21,0,"Slightly healthy",12,"water, fructose corn syrup, 0.5 citric acid","powerade","Sweet"
2013-09-30 08:47:00,80,0,10,11,19,0,"Slightly Unhealthy",1,"Juice concentrates, corn syrup, sugar","Fruit snacks","Sweet"
2013-09-29 17:38:00,65,0,1,13,17,0,"Healthy",1,"Apple","Apple","Sweet"
2013-10-26 20:12:00,150,2,90,12,23,6,"Slightly Unhealthy",1,"Enriched flour,wheat flour,niacin","Assortedcrama cookies","Sweet"
2013-09-30 13:01:00,210,7,30,21,27,11,"Neither healthy nor unhealthy",1,"Sugar, wheat flour, non fat milk","Kit Kat","Sweet"
2013-10-10 09:45:00,150,2,300,1,13,10,"Neither healthy nor unhealthy",3,"enriched corn meal, sulfate, niacin","cheetos puffs flamin hot","Salty"
2013-10-05 15:03:00,110,3,75,11,12,6,"Neither healthy nor unhealthy",2,"milk chocolate (sugar cocoa butter;chocolate;nonfat milkmilk","reese's","Sweet"
2013-10-23 19:27:00,150,0,30,41,41,0,"Slightly Unhealthy",2,"Carbonated water,high fructose,corn syrup","Pepsi","Sweet"
2013-11-05 17:32:00,130,1,270,0,17,7,"Unhealthy",1,"Corn, vegetable oil, and maltodextrin.","Doritos jacked","Salty"
2013-10-02 09:24:00,80,160,160,21,21,0,"Neither healthy nor unhealthy",2,"Water, sugar, dextrose","Gateraid","Sweet"
2013-10-22 16:19:00,110,0,300,1,23,1,"Slightly Unhealthy",1,"Enriched wheat flourSaltMalt","Pretzels","Salty"
2013-10-04 09:48:00,170,1,85,26,33,2,"Slightly healthy",1,"cultured pasteurized grade a low fat milk, sugar, peaches","Yoplait Harvest Peach yougurt","Sweet"
2013-10-08 09:00:00,250,12,120,27,0,110,"Unhealthy",1,"Vitamin A vitamin C calcium","Snickers","Salty"
2013-10-08 14:47:00,140,2,280,2,16,8,"Unhealthy",2,"enriched corn meal,thiamin mononitrate,riboflavin,","chesters fries","Sweet"
2013-10-10 09:35:00,210,1,510,2,34,4,"Neither healthy nor unhealthy",1,"Water, tomato paste, textured vegetable protein","Burrito","Salty"
2013-10-10 09:18:00,150,1,200,0,15,9,"Slightly Unhealthy",3,"Whole corn , corn oil l, turbos flamas seasoning","Turbos flamas","Salty"
2013-10-23 19:29:00,0,0,590,0,0,0,"Slightly Unhealthy",1,"Salt,dextrose potassium,iodide","Iodized salt","Salty"
2013-10-10 10:13:00,120,2,380,0,3,7,"Slightly Unhealthy",1,"chicken,oil, sesoning","KFC chicken leg","Salty"
2013-09-16 22:52:00,130,0,280,35,35,0,"Neither healthy nor unhealthy",3,"Water, Sucrose, dextrose","Gatorade","Sweet"
2013-10-25 19:48:00,70,1,34,0,25,2,"Healthy",1,"vitamin cvitamin adietary fiber","nature valleycrunchy granola barfruit& Nut","Sweet"
2013-10-02 17:26:00,120,1,110,11,24,3,"Slightly healthy",1,NA,"Nutri grain","Sweet"
2013-10-04 09:48:00,250,25,10,18,30,150,"Unhealthy",1,"sugar oil and color food","skittles wild cherry","Sweet"
2013-11-05 14:05:00,190,1,830,2,37,2,"Slightly Unhealthy",1,"Wheat Flour, Durum wheat semolina, salt","Pasta Roni","Salty"
2013-10-15 20:46:00,140,1,140,11,26,3,"Slightly healthy",1,"Rolled oats sugar blueberry flavored fruit pieces","Kroger instant oatmeal","Sweet"
2013-10-21 18:26:00,110,3,105,6,9,4,"Slightly healthy",1,"Soymilk, cane sugar, sea salt","Silk Soymilk","Sweet"
2013-10-22 11:26:00,140,1,280,1,15,13,"Unhealthy",1,"sugar , corn milk , salt","chetttos fries","Salty"
2013-11-04 08:32:00,120,2,180,0,19,5,"Slightly Unhealthy",1,"popping corn palm oilless than 2% salt","Act 2","Sweet"
2013-10-20 14:59:00,160,2,140,14,25,7,"Slightly Unhealthy",3,"Sugar, unbleached enriched flour, niacin","Oreos","Sweet"
2013-10-21 18:21:00,140,4,120,4,15,7,"Slightly Unhealthy",3,"Enriched Wheat Flour, Cream Cheese Filling, water","Mini Cream Cheese Croissants","Sweet"
2013-10-10 08:25:00,50,0,60,10,5,0,"Unhealthy",1,"Vitamin A vitamin D calcium","Yoplait","Salty"
2013-10-10 09:30:00,160,2,250,0,13,11,"Slightly Unhealthy",1,"enriched corn meal, niacin, vegetable oil","cheetos flaming hot crunchy","Salty"
2013-09-16 13:39:00,320,3,510,1,25,22,"Slightly Unhealthy",1,"enriched corn meal , ferrous sulfate ,niacin","hot chettos","Salty"
2013-10-29 06:51:00,200,2,16,16,38,5,"Slightly Unhealthy",2,"Enriched flour, wheat, reduced iron","Pop tarts blueberry","Sweet"
2013-09-30 18:13:00,160,2,140,14,25,7,"Neither healthy nor unhealthy",1,"Sugar , un bleached enriched flour , canola oil","Oreos","Sweet"
2013-10-03 09:42:00,200,0,150,18,10,12,"Neither healthy nor unhealthy",4,"Flour enriched niacin","mnm bit size cookies","Sweet"
2013-10-17 17:20:00,110,0,160,9,22,2,"Slightly Unhealthy",1,"Whole grain,sugar,modified corn.","Honey nut cheerios","Sweet"
2013-10-10 08:39:00,240,1,150,21,43,5,"Neither healthy nor unhealthy",1,"Organic brown rice syrup, organic rolled oats, soy rice crisps","Clif bar","Salty"
2013-10-23 17:05:00,150,1,200,0,15,9,"Slightly Unhealthy",1,"whole corn, corn oil, turbos flamas seasoning","Turbos Flames","Salty"
2013-10-17 17:11:00,200,4,15,21,21,12,"Neither healthy nor unhealthy",2,"sugar, plam oil, hazelnuts","nutella","Sweet"
2013-09-15 10:27:00,370,9,430,26,48,18,"Slightly Unhealthy",4,"enriched bleached wheat flour , malted barley flour , niacin","powdered mini donuts","Sweet"
2013-10-09 12:38:00,120,0,200,2,210,30,"Neither healthy nor unhealthy",2,"dehydrated, potatoes, modified food","Baked Ruffles","Salty"
2013-10-27 17:30:00,0,1,310,0,20,5,"Neither healthy nor unhealthy",2,"Potatoe flour, expeller pressed salt flour oil, rice flour","Veggie sticks","Salty"
2013-10-02 10:34:00,110,0,160,8,22,3,"Neither healthy nor unhealthy",1,"Whole grain wheat, sugar, & rice flour","Cinnamon Toast Crunch Crisps","Sweet"
2013-09-26 18:36:00,120,0,0,2,21,4,"Neither healthy nor unhealthy",3,"Yellow corn, sunflower, oil","Popped corn chips kettle","Sweet"
2013-10-24 11:13:00,200,6,35,27,29,9,"Slightly Unhealthy",1,"1.milk 2.caramel 3.butter","chocolate","Sweet"
2013-10-04 17:00:00,130,4,35,9,16,7,"Unhealthy",2,"unbleached enriched wheat flour , sugar , vegetable oils","milanos mint chocolate","Sweet"
2013-10-13 18:33:00,200,2,170,16,38,5,"Unhealthy",1,"Enriched flour, corn syrup, high fructose corn syrup","pop tart","Sweet"
2013-10-14 07:49:00,190,6,25,19,21,12,"Neither healthy nor unhealthy",1,"milk chocolate, sugar,  almonds","Hershey","Sweet"
2013-09-26 17:56:00,140,0,65,38,38,0,"Slightly Unhealthy",1,"Carbonated water, high fructose, corn syrup","Sprite","Sweet"
2013-10-24 19:31:00,0,0,55,0,0,0,"Slightly Unhealthy",3,"Distilled vinegar,water,salt","French's classic yellow mustard","Salty"
2013-10-10 09:37:00,200,2,350,1,30,8,"Neither healthy nor unhealthy",1,"enriched corn meal, niacin, thiamin mononitrate","baked cheetos crunchy cheese","Salty"
2013-10-08 08:25:00,160,10,160,0,16,15,"Slightly Unhealthy",2,"Vitamin A vitamin C calcium","Fritos","Salty"
2013-10-26 16:45:00,160,0,40,30,38,2,"Slightly Unhealthy",1,"Suger,corn syrup,invert suger","Suger babies","Sweet"
2013-10-02 17:15:00,290,2,370,2,36,14,"Slightly Unhealthy",1,"Corn, vegetable oil , maltodextrin","Munchies","Salty"
2013-10-24 19:01:00,250,1,280,21,46,6,"Slightly Unhealthy",1,"toasted rice cereal, marshmallow, sugar","rise krispies treats","Sweet"
2013-09-30 07:39:00,220,1,130,29,35,2,"Healthy",1,"apple juice, banana puree,strawberry puree","naked","Sweet"
2013-10-10 10:09:00,110,2,50,6,13,6,"Neither healthy nor unhealthy",1,"Wheat flourSugar Vegetable oil","Hello panda Chocolate creme filled cookies","Sweet"
2013-10-01 14:50:00,140,2,280,1,16,8,"Slightly Unhealthy",1,"Enriched corn meal, Vegetable oil, Dried potatoes","Hot Cheetos Fries","Salty"
2013-10-22 09:47:00,130,1,190,3,24,4,"Neither healthy nor unhealthy",1,"Dried potatoes , corn starch , and corn oil","Baked lay's sour cream & onion","Salty"
2013-09-15 10:47:00,100,0,15,22,23,0,"Healthy",1,"water , oncentrated apple juice ,  calcium citrate","minute maid apple juice","Sweet"
2013-10-07 17:13:00,90,1,90,7,18,2,"Healthy",1,"cereal,wheat brain,soluble wheat fiber","chocolate strawberry granola bars","Sweet"
2013-10-10 08:47:00,200,0,90,0,0,0,"Neither healthy nor unhealthy",1,"Fold cons beacons a grains","Croque nature","Sweet"
2013-10-25 09:44:00,210,299,300,0,234,12,"Slightly Unhealthy",2,"Sugar coca better milk","Chocolate","Sweet"
2013-10-02 21:52:00,250,0,75,63,63,0,"Unhealthy",1,"Not listed. =(","Baja Blast Freeze","Sweet"
2013-09-18 18:27:00,4,15,2350,22,300,9,"Unhealthy",2,"corn syrup,sucrose,gelatin,","sourgummy glo-worms","Sweet"
2013-10-10 08:42:00,160,3,85,17,21,8,"Neither healthy nor unhealthy",9,"chocolate,butter,peanuts","snickers","Sweet"
2013-10-10 15:33:00,70,0,105,17,17,0,"Slightly Unhealthy",1,"water,high fructose corn syrup,passionfruit,","hawaiian punch","Sweet"
2013-10-08 08:45:00,160,2,250,1,13,10,"Slightly Unhealthy",1,"corn ferrous sulfate naicle","cheetos","Salty"
2013-09-30 08:37:00,140,1,190,0,190,70,"Neither healthy nor unhealthy",1,"Corn , Vegetable Oil , Maltodextrin","Doritos","Salty"
2013-10-10 08:08:00,100,0,35,27,27,0,"Slightly Unhealthy",12,"carbon water suchan Carmen color","Coca-Cola","Sweet"
2013-10-16 12:37:00,60,0,0,12,15,0,"Healthy",1,"Apple, Apple Juice Concentrate","GoGo Squeeze","Sweet"
2013-11-11 19:17:00,420,4,470,25,69,11,"Neither healthy nor unhealthy",1,"coocked maccaroni, cheese , soybean oil","kid cuisine mac and cheese","Salty"
2013-10-06 13:38:00,356,25,15,5,36,20,"Slightly Unhealthy",2,"Wheat bread, eggs, cinnamon","Fench Toast","Sweet"
2013-10-29 21:44:00,80,0,150,21,21,0,"Slightly healthy",12,"water, fructose corn syrup,0.5 citric acid","powerade","Sweet"
2013-10-10 08:25:00,390,4,770,2,44,23,"Unhealthy",1,"Corn meal, ferrous sulfate, naicin","Chester's Fries","Salty"
2013-10-10 10:05:00,240,4,150,15,34,11,"Neither healthy nor unhealthy",1,"0enriched flour, powered sugar, vegetable shortening","grandma`s cookies","Sweet"
2013-10-02 09:05:00,150,1,18,0,16,10,"Unhealthy",1,"potatoes sunflower oil andor corn oil, and salt.","Lay's classic","Salty"
2013-10-03 18:13:00,160,1,55,4,8,14,"Slightly Unhealthy",1,"Kernels, sugar, sunflower oil","Sun flower seeds","Salty"
2013-09-27 16:17:00,220,2,200,20,37,7,"Neither healthy nor unhealthy",1,"Enriched flourSugarWater","Chocolate chip cookie","Sweet"
2013-10-24 10:40:00,160,2,150,13,23,7,"Neither healthy nor unhealthy",1,"Almonds, whole grains, high maltose","Nature valley","Salty"
2013-10-08 08:53:00,250,5,120,27,32,12,"Slightly healthy",2,"sugar chocolate,cocoa butter,skim milk chocolate","snickers","Sweet"
2013-09-25 21:35:00,120,1,60,7,16,5,"Neither healthy nor unhealthy",5,"enriched flour, margarine, sugar","strawberry shortbread cookies","Sweet"
2013-10-13 18:51:00,140,1,0,0,26,25,"Neither healthy nor unhealthy",1,"whole grain rolled oats","Quick oats","Sweet"
2013-10-21 18:14:00,120,0,200,9,11,0,"Healthy",2,"Tomato Purí©e, orange juice, celery purí©e","Naked: Power Garden","Sweet"
2013-10-26 13:49:00,130,2,140,11,21,6,"Slightly Unhealthy",1,"Enriched corn flour, reduced iron, thiamine mononitrate","Mini Oreos","Sweet"
2013-10-19 21:32:00,220,2,200,20,37,7,"Neither healthy nor unhealthy",1,"Enriched flour, wheat flour, malted barley flour","Chocolate cookie","Sweet"
2013-10-09 13:26:00,160,2,260,1,13,10,"Slightly healthy",1,"enriched corn ferrous sulfate niacin","cheetos","Salty"
2013-10-10 09:36:00,120,50,60,10,90,45,"Neither healthy nor unhealthy",1,"cheddar &sour cream, ruffles","cheddar chips","Salty"
2013-10-02 20:37:00,100,0,5,16,23,0,"Neither healthy nor unhealthy",2,"Corn syrup,sugar, apple purí©e concentrate","Kellogg's fruity snacks","Sweet"
2013-10-02 09:29:00,150,12,160,1,15,1,"Unhealthy",3,"Corn vegetable oil","Doritos","Salty"
2013-09-19 19:15:00,170,2,30,10,0,11,"Slightly healthy",3,"Walnuts, dark chocolate, cranberries","Omega-3 mix","Sweet"
2013-10-11 22:02:00,270,5,120,23,33,13,"Slightly Unhealthy",1,"sugar, palm oil, hazelnuts","nutella","Sweet"
2013-10-10 08:15:00,90,0,60,40,26,0,"Slightly healthy",3,"milk raspberry corn starch","yoplait","Sweet"
2013-09-17 20:35:00,120,0,160,0,20,4,"Neither healthy nor unhealthy",15,"Whole grain soft white wheat, soybean, and oil","Triscuits","Salty"
2013-10-05 11:22:00,170,3,490,1,20,10,"Unhealthy",1,"corn flour,hydrogenated soybean and/or canolacanola","takis","Salty"
2013-10-03 21:49:00,160,15,230,1,14,10,"Neither healthy nor unhealthy",4,"Enriched corn meal, vegetable oil, and xxtra flamin hot seasoning","Cheetos - xxtra flamin hot","Salty"
2013-11-01 20:13:00,130,0,135,6,26,2,"Healthy",1,"corn, whole grain wheat, sugar","honey bunches of oats","Sweet"
2013-11-11 19:07:00,160,3,290,10,22,6,"Neither healthy nor unhealthy",1,"bleached flour, nacin reduced iron, sugar","cinnabon","Sweet"
2013-09-29 20:21:00,0,0,0,0,0,0,"Neither healthy nor unhealthy",1,"K","Cranberry juice","Sweet"
2013-10-29 21:41:00,180,1,210,1,17,11,"Slightly Unhealthy",1,"potatoes, vegetable oil, cheddar and sour cream seasoning","Ruffles","Salty"
2013-10-21 18:03:00,160,2,250,0,13,11,"Unhealthy",2,"ferrous sulfate, enriched corn, niacin","cheetos flamin hot","Salty"
2013-09-26 18:16:00,420,45,490,35,72,12,"Neither healthy nor unhealthy",1,"Enriched flour, wheat flour, niacin","Pop tarts chocolate chip","Sweet"
2013-09-16 22:29:00,450,4,650,0,44,28,"Unhealthy",1,"Potatoes, Vegtable Oil, Queso Seasoning","Ruffles Queso","Salty"
2013-10-21 17:48:00,60,1,190,0,14,1,"Neither healthy nor unhealthy",2,"water, xylitol, cream","jello milk chocolate","Sweet"
2013-10-17 16:43:00,150,1,270,16,32,5,"Slightly healthy",1,"corn floursugaroat flourBrown sugar","capn crunches","Sweet"
2013-10-10 09:59:00,150,1,170,13,28,4,"Neither healthy nor unhealthy",1,"toasted rice cereal, marshmallow,  fructose","rice krispies treats","Sweet"
2013-10-08 08:33:00,170,10,490,1,20,15,"Unhealthy",1,"Vitamin A vitamin C calcium","Takis","Salty"
2013-10-10 10:27:00,270,4,240,23,41,11,"Neither healthy nor unhealthy",1,"sugar, unbleached enriched flour, high oleic","oreos","Salty"
2013-10-10 08:39:00,10,5,1,14,14,3,"Neither healthy nor unhealthy",1,"sugar glucose syrup and vegetable oil","kopiko coffee candy","Sweet"
2013-10-01 17:30:00,60,0,120,2,12,1,"Neither healthy nor unhealthy",1,"Whole wheat flour, water, sugar","Whole wheat bread","Sweet"
2013-10-10 19:53:00,120,0,140,6,25,2,"Neither healthy nor unhealthy",1,"corn, whole grain  wheat, sugar","honey bunches of oats","Sweet"
2013-11-11 18:56:00,160,2,160,1,15,10,"Neither healthy nor unhealthy",1,"corn, corn oil, hot seasoning","fritos falmin hot","Salty"
2013-10-10 10:12:00,240,4,150,15,34,11,"Slightly Unhealthy",1,"enriched flourpowdered sugarvegetable shortening","grandmas mini sandwich cremes","Sweet"
2013-10-24 09:50:00,160,60,10,0,6,100,"Unhealthy",2,"Enriched corn,ferrous,sulfate.","Hot Cheetos","Salty"
2013-10-10 08:37:00,110,3,75,11,12,6,"Neither healthy nor unhealthy",14,"milk,peanuts,butter","reeses","Sweet"
2013-10-03 09:56:00,120,1,260,0,14,6,"Slightly Unhealthy",1,"Enrich corn meal ferrous sulfate naicin","Funyuns onion flavored rings","Salty"
2013-09-17 18:24:00,140,4,770,2,44,390,"Unhealthy",2,"enriched corn , thiamin cheese","chesters fries","Salty"
2013-10-09 21:21:00,160,2,250,0,13,11,"Unhealthy",1,"Enriched corn mealVegetable oilFlamin' hot seasoning","Cheetos flamin hot","Salty"
2013-10-11 12:46:00,230,3,3,38,43,3,"Healthy",1,"milk, stawberrys,oil","yogurt","Sweet"
2013-10-10 09:30:00,130,0,100,8,20,4,"Neither healthy nor unhealthy",1,"whole wheat,flour,niacin","honey graham crackers","Sweet"
2013-10-17 17:23:00,110,0,5,17,25,0,"Slightly Unhealthy",1,"Dried plums,medium chain,triglycerides","Prunes with pits","Sweet"
2013-10-22 09:44:00,50,0,110,14,14,0,"Slightly Unhealthy",3,"Water SucroseDextrose","Gatorade","Sweet"
2013-10-19 00:20:00,190,0,15,45,46,0,"Healthy",1,"filtered water, sugar, citric acid","raspberry tea Snapple","Sweet"
2013-10-10 10:18:00,220,7,100,19,26,0,"Unhealthy",1,"Sugar vegetable oil corn syrup","Hershey's","Sweet"
2013-10-25 18:49:00,160,2,160,0,17,10,"Unhealthy",1,"Corn, vegetable oil, salt","Fritos","Salty"
2013-10-10 12:08:00,160,2,180,1,15,10,"Slightly Unhealthy",16,"patatos,vegetable oil,sunflower","ruffles","Salty"
2013-10-15 13:06:00,240,2,470,5,33,10,"Slightly Unhealthy",1,"unbleached flour,soybean oil ,corn syrup","tosted chips","Salty"
2013-10-04 16:35:00,170,2,170,12,26,2,"Neither healthy nor unhealthy",1,"Corn Syrup, Wheat Flour, Barley Malt","Oatmeal Pies","Sweet"
2013-09-15 22:05:00,150,1,180,1,18,8,"Slightly Unhealthy",1,"corn,  vegetable oil , maltodextrin","Doritos cool ranch","Salty"
2013-10-11 18:07:00,210,1,220,4,27,9,"Neither healthy nor unhealthy",1,"whole corn, sunflower, canola oil","sun chips","Salty"
2013-10-17 21:35:00,140,0,55,38,0,0,"Slightly Unhealthy",1,"waterhigh fructose corn syrupnatural flavor","squirt","Sweet"
2013-10-10 08:22:00,1,1,3,8,17,2,"Unhealthy",1,"tosted rice cereal, salt,sugar","rice krispies treats","Sweet"
2013-10-10 09:50:00,80,0,160,21,21,0,"Neither healthy nor unhealthy",1,"Water, sugar, dextrose","Gatorade","Sweet"
2013-10-10 10:29:00,140,0,15,25,34,0,"Neither healthy nor unhealthy",1,"sugar, corn syrup, corn starch","sour chewy cubes","Sweet"
2013-10-22 10:02:00,160,2,250,0,13,11,"Slightly Unhealthy",1,"Enriched corn meal (corn meal,ferrous sulfate","Hot Cheetos","Salty"
2013-09-24 09:29:00,140,2,90,10,29,4,"Unhealthy",1,"Chicory root extract, semisweet chocolate chips, & whole grain oats.","Fiber 1 bar","Sweet"
2013-10-09 15:56:00,85,0,3,7,11,0,"Slightly healthy",1,"fruit puree, apple, banana puree","mixed fruit launch","Sweet"
2013-09-16 20:45:00,160,2,150,13,23,7,"Slightly healthy",1,"Almonds, whole grain oats, high maltose corn syrup","Nature Valley Almond Bar","Sweet"
2013-10-08 09:02:00,70,0,80,19,19,0,"Unhealthy",12,NA,"Brisk iced tea","Salty"
2013-10-25 18:15:00,190,7,100,19,31,7,"Unhealthy",3,"Sugar, corn syurp, milk","Whoppers","Sweet"
2013-10-10 10:15:00,170,2,280,1,15,12,"Slightly Unhealthy",1,"0enriched corn meal,vegetable oil, cheese seasoning","cheese cheetos","Salty"
2013-10-10 08:20:00,390,2,0,1,280,8,"Slightly Unhealthy",3,"Enriched corn meal, vegetable oil, dried potatoes","Chester's hot fries","Salty"
2013-11-06 21:19:00,140,1,210,0,16,8,"Slightly Unhealthy",1,"Corn,vegetable oil, sunflower","Doritos","Salty"
2013-10-29 22:07:00,80,0,150,21,21,0,"Slightly healthy",12,"water, fructose corn syrup, citric acid","powerade","Sweet"
2013-09-16 19:33:00,140,1,2400,1,16,8,"Unhealthy",1,"Enriched Corn Meal, Sulfate, Niacin","Hot Cheetos","Salty"
2013-10-13 18:48:00,110,0,140,11,27,0,"Neither healthy nor unhealthy",1,"Milled corn, sugar, malt flavoring","Frosted flakes","Sweet"
2013-11-04 08:47:00,60,0,4,5,2,4,"Slightly Unhealthy",1,"sugar corn syrupmalic acid","jolly rancher","Sweet"
2013-10-26 18:04:00,140,1,210,0,16,8,"Unhealthy",1,"Corn, vegetable oil, salt","Doritos","Salty"
2013-11-01 23:14:00,27,0,0,9,13,0,"Slightly Unhealthy",2,"sugar, strawberry juice, fruit pectin","strawberry ( fruit spread)","Sweet"
2013-10-21 18:29:00,100,6,105,1,1,9,"Neither healthy nor unhealthy",1,"Pasteurized milk and cream, whey protein concentrate, salt","Philadelphia cream cheese","Sweet"
2013-10-02 18:25:00,130,0,120,8,21,4,"Unhealthy",1,"Whole wheat flour, enriched flour, sugar","Belly bears","Sweet"
2013-10-28 16:23:00,312,7,560,1,37,16,"Unhealthy",1,"Corn, vegetable oil, spices","Tostitos salsa verde","Salty"
2013-11-01 23:37:00,60,0,25,12,14,0,"Slightly Unhealthy",2,"water, fructose corn syrup, citric acid","tampico citrus punch","Sweet"
2013-10-03 21:42:00,180,4,150,1,17,6,"Neither healthy nor unhealthy",1,"Protein blend, Carmel , non fat milk","Revolution","Sweet"
2013-10-26 15:19:00,250,0,70,61,64,0,"Healthy",1,"Water, orange, pear","Mistic orange carrot","Sweet"
2013-10-16 16:47:00,150,1,200,0,15,29,"Unhealthy",1,NA,"Turbos","Salty"
2013-10-25 18:08:00,190,7,30,21,23,11,"Neither healthy nor unhealthy",2,"Milk chocolate , sugar , milk","Hersheys milk chocolate","Sweet"
2013-10-10 09:14:00,5,0,0,0,2,0,"Neither healthy nor unhealthy",14,"Gum baseMalititol syrupSorbitol","Trident layers","Sweet"
2013-10-10 21:05:00,130,0,16,18,31,0,"Neither healthy nor unhealthy",2,"Juice from concentrates, corn syrup, sugar","Fruit snaks","Sweet"
2013-10-01 17:10:00,320,3,500,1,30,22,"Unhealthy",1,"enriched corn mealferrous sulfateniacin","hot cheetos","Sweet"
2013-10-13 20:55:00,160,2,270,0,18,9,"Slightly Unhealthy",3,"Corn flour, vegetable oil, idolized salt","Entre-2 extreme","Salty"
2013-09-30 20:18:00,200,1,330,1,30,8,"Slightly Unhealthy",1,"Enriched corn meal,sulfate,niacin","Baked cheetos","Salty"
2013-10-20 15:14:00,110,0,0,22,30,0,"Neither healthy nor unhealthy",1,"Raisins, canola/palm oil","Raisins","Sweet"
2013-09-26 21:13:00,130,0,19,4,29,0,"Healthy",1,"rice, sugar, and salt","rice crispies","Sweet"
2013-09-24 21:12:00,110,0,140,11,27,0,"Slightly Unhealthy",1,"Milled corn,sugar,malt flavoring","Frosted flakes","Sweet"
2013-10-10 15:43:00,70,0,20,17,18,0,"Neither healthy nor unhealthy",1,"filtered water, pure cane sugar, coconut water concentrated","bodyarmor","Sweet"
2013-10-10 10:16:00,140,1,200,0,16,8,"Unhealthy",4,"cornvegetable oilmaltodextrin","doritos dinamita","Salty"
2013-10-03 08:49:00,320,3,500,0,30,22,"Unhealthy",1,"Enriched corn meal, ferrous sulfate, niacin","Flamin Hot Cheetos","Salty"
2013-10-25 18:29:00,140,2,120,12,25,4,"Neither healthy nor unhealthy",4,"Eggs, corn syurp, iron","Vanilla wafers","Sweet"
2013-10-04 17:02:00,140,3,240,3,18,7,"Unhealthy",2,"enriched flour, palm oil , water","honey mustard pretzels","Salty"
2013-10-26 18:55:00,140,1,210,0,16,8,"Unhealthy",1,"Corn, vegetable oil, cheese","Doritos","Salty"
2013-10-10 08:41:00,140,2,280,1,16,23,"Unhealthy",1,"Enriched corn meal, ferrous sulfate, niacin","Chesters fries flamin hot","Salty"
2013-10-29 20:57:00,80,0,150,21,21,0,"Slightly healthy",12,"water,fructose corn syrup, 0.5 citric acid","powerade","Sweet"
2013-10-03 19:09:00,110,0,0,22,30,0,"Slightly healthy",1,"raisins","natural raisin","Sweet"
2013-09-26 18:19:00,200,2,170,16,38,5,"Slightly Unhealthy",1,"Enriched flour, wheat flour, niacin","Pop tarts strawberry","Sweet"
2013-10-10 18:48:00,290,6,1190,2,39,110,"Slightly Unhealthy",1,"enriched wheat flour, vegatable oil, preserved by TBHQ","Maruchan Instant Lunch","Salty"
2013-09-29 20:20:00,0,0,0,0,0,0,"Neither healthy nor unhealthy",1,"K","Gronola bar","Salty"
2013-10-10 10:12:00,130,0,120,8,21,35,"Slightly Unhealthy",1,"Whole weat flour, enriched flour, sugar","Belly bears","Sweet"
2013-11-01 23:11:00,160,2,260,0,13,11,"Unhealthy",1,"enriched corn meal, niacin, vegetable oil","cheetos","Salty"
2013-10-04 23:01:00,270,5,360,33,46,9,"Slightly Unhealthy",1,"water, corn syrup, sugar","Twinkies","Sweet"
2013-10-10 10:10:00,220,2,200,20,37,7,"Slightly Unhealthy",1,"Enriched Flour,wheat,Niacin","Chocolate chip Cookies","Sweet"
2013-10-08 08:29:00,140,8,210,210,5,12,"Unhealthy",2,"Vitamin A vitamin C thiamin","Doritos","Salty"
2013-10-27 13:45:00,25,400,0,4,500,200,"Healthy",1,"Sucrose ,corn syrup,water","Centrum","Sweet"
2013-10-29 22:04:00,15,0,78,3,3,0,"Slightly healthy",12,"water, fructose corn syrup, citric acid","powerade zero","Sweet"
2013-10-20 15:22:00,110,0,160,9,22,2,"Slightly healthy",1,"Whole grain oats, sugar, oat bran","Honey nut Cheerios","Sweet"
2013-10-10 09:32:00,190,5,160,12,29,6,"Neither healthy nor unhealthy",2,"Whole grain oats sugar honey","Nature valley","Sweet"
2013-10-27 18:43:00,160,1,260,0,13,11,"Slightly Unhealthy",1,"Enriched corn meal,cheddar chesse, milk","Hot Chettohs","Salty"
2013-10-10 09:59:00,65,0,1,13,17,0,"Healthy",1,"apple","raw apples","Sweet"
2013-10-02 17:42:00,170,3,490,1,0,90,"Unhealthy",1,NA,"Takis","Salty"
2013-10-20 13:56:00,100,1,60,10,20,15,"Neither healthy nor unhealthy",2,"corn syrup, enriched bleached, unbleached","fruit and pastry","Sweet"
2013-10-03 21:52:00,120,0,0,0,210,3,"Neither healthy nor unhealthy",8,"Whole wheat, high oleic, safflower oil","Woven wheat wafers","Salty"
2013-10-25 18:21:00,200,3,140,3,6,16,"Healthy",2,"Peanuts, salt, vegetable oil","Peanut Butter","Sweet"
2013-10-05 15:17:00,170,10,170,12,26,7,"Neither healthy nor unhealthy",1,"0corn syrup,enriched bleached flour,flourflour","oatmeal creme pie","Sweet"
2013-11-01 20:08:00,180,0,0,0,14,0,"Unhealthy",1,"enriched corn meal, niacin, thaimin mononitriate","small bag hot Cheetos","Salty"
2013-09-26 09:12:00,170,2,370,1,21,9,"Neither healthy nor unhealthy",1,"Enriched corn meal, ferrous sulfate, niacin","Funyuns","Salty"
2013-09-15 21:52:00,50,0,110,14,14,0,"Slightly healthy",1,"water, sucrose , dextrose","Gatorade lemon-lime","Sweet"
2013-09-24 20:19:00,140,20,210,300,0,65,"Neither healthy nor unhealthy",3,"Corn vegetable oil sunflowercanola","Doritos","Salty"
2013-09-26 19:38:00,190,1,160,29,0,6,"Neither healthy nor unhealthy",1,"Whole grain oatsSugarConola oil","Nature valley  crunchy granola bar","Sweet"
2013-10-10 09:09:00,150,3,420,0,17,8,"Unhealthy",4,"corn masa flour, soybean and palm,canola oil","Takis","Salty"
2013-10-10 08:06:00,180,0,35,44,44,0,"Unhealthy",12,"Vitamin A vitamin C calcium","Root beer","Salty"
2013-09-15 22:25:00,140,0,200,3,24,0,"Neither healthy nor unhealthy",1,"milled corn , sugar , malt flavor","corn flakes cereal","Salty"
2013-10-02 20:22:00,200,2,230,0,37,5,"Unhealthy",2,"Enriched flour,vitamin b2,sugar","Pop tarts frosted chocolate fudge","Sweet"
2013-10-10 08:43:00,200,8,90,11,28,8,"Neither healthy nor unhealthy",1,"Whole grain billed cars","Harvest crunch","Sweet"
2013-10-13 18:43:00,160,2,250,0,13,11,"Unhealthy",1,"Enriched corn meal, vegetable oil, flamin' hot seasoning","Hot cheetos","Salty"
2013-10-07 17:04:00,300,7,1060,2,38,13,"Slightly healthy",1,"enriched wheat flour,niacin,reduced iron","cup of noodle","Salty"
2013-10-09 20:13:00,130,0,75,8,25,2,"Neither healthy nor unhealthy",1,"Enriched flour niacin, reduced iron, thiamin mononirate","Zoo animal crackers","Sweet"
2013-09-29 20:24:00,0,0,0,0,0,0,"Neither healthy nor unhealthy",1,NA,"Little brownie cookie","Sweet"
2013-10-10 10:18:00,130,0,100,8,20,4,"Slightly Unhealthy",1,"Whole wheat flour,enriched flour,sugar","Honey Graham Crackers","Sweet"
2013-10-02 20:34:00,160,2,250,0,13,11,"Unhealthy",1,"Enriched corn meal, vegetable oil, flaming hot seasoning","Flaming hot cheetos","Salty"
2013-10-10 08:33:00,440,9,350,29,49,25,"Slightly Unhealthy",3,"Granulated sugar,bleach wheat flour, eggs","Banana Bread","Sweet"
2013-10-23 10:55:00,250,7,100,24,34,12,"Unhealthy",2,"Milk chocolate, sugar, cocoa butter chocolate","Twix","Sweet"
2013-10-08 09:06:00,0,2,280,3,16,2,"Healthy",2,"enriched corn meal","hot fries","Salty"
2013-10-10 08:16:00,130,0,120,8,21,4,"Slightly healthy",1,"Whole wheat,flour,sugar","Cinnamon graham crackers","Sweet"
2013-10-13 13:49:00,160,2,290,1,13,10,"Neither healthy nor unhealthy",1,"Enriched corn meal,niacin,thiamin","Cheetos Cheddar jalapeí±o","Salty"
2013-09-15 10:24:00,160,2,200,0,15,90,"Slightly healthy",1,"potatoes,vegetable oil , limon seasoning","lays's limon","Salty"
2013-10-08 18:56:00,150,10,150,1,13,16,"Unhealthy",1,"Vitamin C iron riboflavin","Cheetos","Salty"
2013-10-25 18:43:00,50,0,15,13,13,0,"Neither healthy nor unhealthy",2,"Grapes, corn syurp, fruit fructose","Concord Grape Jelly","Sweet"
2013-11-01 23:40:00,160,1,325,0,18,9,"Slightly Unhealthy",1,"corn flour, water, vegetable oil","maizada corn tostadas","Salty"
2013-10-11 12:41:00,120,3,200,2,21,3,"Slightly healthy",1,"dehydrated potatoes,modified food starch, corn oil","baked ruffles","Salty"
2013-10-25 18:45:00,160,2,170,0,16,10,"Unhealthy",1,"Potatoes, vegetable oil, salt","Lays Classic","Salty"
2013-09-15 22:13:00,150,2,250,1,13,10,"Unhealthy",1,"corn meal, thiamin mononitrate , riboflavin","cheetos crunchy cheese","Salty"
2013-10-24 16:12:00,120,0,0,32,33,0,"Slightly healthy",1,"Reverse osomosis water crystalline fructose and cane sugar","Vitamin water","Sweet"
2013-09-19 21:41:00,170,3,120,10,19,8,"Slightly Unhealthy",1,"Peanuts, peanut flavor coating, salt","Granola bars","Sweet"
2013-10-10 08:36:00,100,0,1,13,8,0,"Neither healthy nor unhealthy",1,"fruit pectin citric acid dextrose","scooby_doo fruit flavored snacks","Sweet"
2013-10-17 17:26:00,140,1,10,0,22,5,"Slightly Unhealthy",1,"Corn,water,sea salt","El paraiso, tostadas caseras","Sweet"
2013-10-29 06:53:00,100,0,140,1,20,2,"Slightly healthy",1,"Whole grain oats, corn starch, sugar","Cheerios","Sweet"
2013-10-10 12:22:00,387,3,180,37,65,9,"Unhealthy",1,"buter, choclate, penuts","recces","Sweet"
2013-11-11 19:01:00,210,2,430,6,280,9,"Slightly healthy",5,"enriched wheat flour, whey, water","choclate chip waffles","Sweet"
2013-10-19 21:42:00,130,1,300,1,17,7,"Slightly Unhealthy",13,"Enriched corn meal, corn meal, ferrous sulfate","Funyuns","Salty"
2013-10-10 08:17:00,210,0,180,3,28,10,"Slightly Unhealthy",1,"Whole corn, sunflower and/or Canola oil, Whole wheat","Sun chips","Salty"
2013-10-10 10:14:00,150,1,200,0,15,9,"Unhealthy",4,"whole corncorn oilturbo flamas seasoning","turbos flamas","Salty"
2013-10-28 21:49:00,160,15,250,0,13,11,"Slightly Unhealthy",1,"corn meal, ferrous sulfate, niacin","cheetos","Salty"
2013-10-25 10:18:00,210,6,20,28,29,10,"Slightly Unhealthy",1,"Sugar, coco butter, unsweetened chocolate, skim milk","Milk chocolate","Sweet"
