"timestamp","activity","compost_bins","recycle_bins","trash_bins","photo","disposal_bin","trash_type","trash_name","where","latitude","longitude"
"2014-05-22 16:53:23","eating/cooking",0,0,1,"fe750101-25d0-4df3-8eb8-f4b2efb3825f","trash","recyclable","Lots of In-N-Out trash","in transit",34.01,-118.34
"2014-05-23 12:41:16","eating/cooking",0,2,2,"e5db3fde-9dbc-46d0-8487-f71db83314fa","trash","landfill","chips","school",33.96,-118.42
"2014-05-11 14:54:08","eating/cooking",0,1,1,"72de603a-fb7f-4f47-a2b4-e7b9dc1f69c2","trash","landfill","Wrapper","work",34.05,-118.28
"2014-05-18 16:59:38","drinking",1,0,0,"69da7a7c-4128-4636-a524-77e34b525281","recyclable","recyclable","empty water bottle","home",34.27,-118.59
"2014-05-12 07:43:55","eating/cooking",0,0,1,"79e8c60d-d230-45c5-8372-44ab8e3d9370","trash","landfill","Mcdonalds burger wrapper and hash brown wrapper","restaurants",33.97,-118.42
"2014-05-08 10:48:29","I found it",0,0,0,"3989bb13-e1fc-49df-a29c-2978bc7b7a52","recyclable","landfill","Soda","school",34.07,-118.25
"2014-05-14 21:42:47","cleaning",0,0,1,"c96b4b16-236e-40eb-869e-c9cdb670c814","trash","recyclable","Paper","home",34.19,-118.6
"2014-05-21 14:14:46","eating/cooking",0,0,0,"6f7c25e1-763b-45af-a7ed-d0ddb98966a3","trash","landfill","A bag of two blueberry poptarts","school",34.26,-118.58
"2014-05-21 09:20:39","drinking",1,1,1,"8249d36c-4188-4951-85eb-04dc31feb824","recyclable","recyclable","Plastic Juice Pouch","stores/malls",33.96,-118.42
"2014-05-14 18:30:07","eating/cooking",0,1,1,"c7775f9e-90f4-4378-9f8c-1f635be601ff","trash","recyclable","paper","home",33.98,-118.36
"2014-04-30 18:36:42","eating/cooking",0,0,1,"1f6e88e2-14a9-4f5c-9a4b-4bd9cc70a71c","trash","landfill","small candy wrapper","home",33.84,-118.24
"2014-05-20 15:35:07","drinking",5,5,5,"9edc7ce2-b06f-4560-8dc9-b491a75e3d55","recyclable","recyclable","20 May, 2014
Bottle","school",34.26,-118.56
"2014-05-13 11:42:02","cleaning",0,0,2,"0db2d3e8-199d-41cd-b2e2-f399073f2f8f","trash","recyclable","Paper napkin","school",34.21,-118.59
"2014-05-08 09:54:10","eating/cooking",0,0,2,"eef99825-532b-484c-a5a7-d7b6676ee8e5","trash","recyclable","Plastic tray","school",34.07,-118.26
"2014-05-19 17:22:41","other",1,1,2,"b69ea4f7-aefe-40c6-90f5-1d58b57e3c04","trash","landfill","","home",34.04,-118.32
"2014-05-05 07:35:49","eating/cooking",0,1,1,"55d7ce1a-2e79-4ff5-a0c3-23391a30cdd5","recyclable","recyclable","pack of gum","home",34.01,-118.25
"2014-05-28 09:53:10","eating/cooking",0,2,3,"366c72f4-3d21-4609-b2c4-60811189c567","trash","recyclable","Gum","school",34.11,-118.3
"2014-05-01 12:21:05","other",0,2,2,"7f994adc-e02b-4284-a65f-c8d0bd6f0f67","recyclable","recyclable","sticky note from Tiffany","school",34.2,-118.59
"2014-05-27 07:13:48","drinking",0,0,1,"590c44af-7ee7-4681-9e06-e432480312de","trash","recyclable","Bottle","home",33.99,-118.36
"2014-05-27 09:17:05","eating/cooking",0,1,0,"5f3e5099-b70b-425a-a0f2-6a34734ea9d4","trash","landfill","A lot of trash , chips , bottles","school",33.81,-118.29
"2014-05-25 08:27:48","eating/cooking",1,1,3,"c1cef823-32eb-48c9-8222-18b6403a25b3","trash","landfill","Potpie bowl","home",34,-118.29
"2014-05-10 11:49:49","drinking",1,1,1,"38896913-d936-492a-80f4-6d1a02f79cf5","recyclable","recyclable","cleaning up my room","home",34,-118.34
"2014-05-06 20:21:18","cleaning",1,1,2,"9726d50e-1b2e-466f-95e9-dede0abda7ff","recyclable","recyclable","Plastic","home",34.26,-118.49
"2014-05-15 15:16:56","other",0,0,3,"511110e4-199a-4906-8baa-5bf983d61b97","trash","landfill","Plastic bag","school",34.2,-118.59
"2014-05-20 09:30:03","I found it",0,1,2,"17809941-99d2-46fc-869b-48cb9491bacd","recyclable","recyclable","Bowl","school",33.97,-118.41
"2014-05-12 12:38:29","drinking",0,0,1,"8428b3a2-6fb4-4739-8e9c-39861b40ff58","recyclable","recyclable","Gatorade bottle.","school",33.97,-118.43
"2014-05-15 11:51:14","eating/cooking",0,1,2,"2bf4c05e-f6f0-4868-a8c6-6bb8f9fbc85f","trash","landfill","Wrapper","school",33.97,-118.41
"2014-04-29 11:27:56","eating/cooking",2,2,2,"819e3d81-ee7a-41ca-98c6-b70bacbfdb06","trash","landfill","Finished bag of chipps","school",34.02,-118.25
"2014-04-30 10:37:15","eating/cooking",0,0,1,"ff0ef7ed-2cbd-478c-b18d-bf9e85cee9c8","recyclable","recyclable","plastic","school",34.02,-118.25
"2014-05-08 10:03:19","school work",0,1,1,"1a82a881-945b-4d5e-8637-c56ff533a18c","recyclable","recyclable","lunch tray","school",34.07,-118.25
"2014-05-16 17:17:43","eating/cooking",0,3,4,"ee932b8f-dece-429b-8f0f-d3f5c6a04119","trash","landfill","Chip bag","home",33.9,-118.21
"2014-05-09 21:01:52","drinking",0,0,1,"e4f769fb-1909-42c1-8722-448ac7cc9dc3","trash","recyclable","Cardboard","home",34.19,-118.6
"2014-05-03 17:56:13","shopping",0,0,1,"80bb5b15-9b4c-45a9-8bda-ac9f108b4192","trash","landfill","Plastic wrappers","home",34.17,-118.42
"2014-05-08 10:07:50","eating/cooking",0,0,1,"4e9d03b1-6e2c-4696-ba91-c89f9d6ca7b0","trash","landfill","Bag of chips","school",34.07,-118.25
"2014-05-05 13:02:55","eating/cooking",0,10,1,"5d83f639-585c-40a2-a8b3-47c697e23d29","trash","landfill","carton. tray. container. food. napkin. wrapper. fork","school",34.21,-118.59
"2014-05-07 13:26:51","eating/cooking",0,2,1,"d20b58ae-93c6-4421-96a9-446dfd2e66bf","trash","compost","Food","school",34.2,-118.6
"2014-05-02 20:10:28","eating/cooking",0,1,3,"86a9110c-6774-467a-9c2f-f6f016068298","trash","recyclable","paper plate","home",34.26,-118.48
"2014-05-25 23:36:45","drinking",1,1,2,"d74673a8-2f1a-4bf5-b012-a1da08350f0a","trash","landfill","plastic cup","home",33.98,-118.38
"2014-05-08 09:53:51","cleaning",0,1,1,"9725b83d-1b2d-4c98-bfd7-da922125d3d7","compost/green waste","compost","leaves and peanuts","school",34.08,-118.25
"2014-05-14 09:03:26","eating/cooking",1,1,0,"da879394-859e-408b-b933-6595814891dd","trash","landfill","plastic","school",33.95,-118.42
"2014-05-08 10:04:40","eating/cooking",0,0,1,"f8101237-19c8-43be-a6a6-de8d15f0b14c","trash","landfill","orange peel","others",34.07,-118.25
"2014-05-09 11:18:55","eating/cooking",0,2,2,"42d6e04a-8a25-4849-a067-2adf53d19ba6","trash","landfill","Food","school",34.2,-118.6
"2014-05-20 07:17:13","cleaning",0,1,1,"5a7a01d5-d704-4c3d-8466-c8e28bfff600","trash","landfill","cardboard","home",33.98,-118.36
"2014-05-14 09:19:03","eating/cooking",0,1,1,"38da4f6f-f861-4eac-ae8f-b7d84555f9e4","recyclable","recyclable","Finished Hot fries","school",33.97,-118.42
"2014-05-21 12:45:29","eating/cooking",0,2,2,"178893c9-c00b-447c-91d1-d2a223aba84f","litter","recyclable","Sanwhich paper","school",33.97,-118.42
"2014-05-04 13:50:39","eating/cooking",0,0,1,"ec557c5b-6c76-43e7-bf5f-41251d055e80","trash","recyclable","Food Box","home",33.85,-118.26
"2014-05-08 08:57:36","school work",0,2,2,"0a8d832c-bfe0-457b-8df7-353551ddfb25","trash","recyclable","Paper","school",33.99,-118.28
"2014-05-12 20:16:26","eating/cooking",1,1,1,"890b1b1d-294a-45c0-a600-22370aa27936","trash","landfill","Goldfish crackers","school",33.83,-118.27
"2014-05-27 14:29:44","drinking",0,1,9,"62c4f6be-15d8-4498-8707-04fb18602b60","recyclable","recyclable","drink","school",34.26,-118.58
"2014-05-15 11:03:11","drinking",0,1,2,"212ca0dc-91fc-4ce8-8c98-3f0ad592102a","trash","recyclable","Plastic bottle","school",33.96,-118.42
"2014-05-25 16:52:32","drinking",0,0,1,"60ef3def-3827-492e-98cb-9dde7ca020c3","trash","recyclable","Starbucks","stores/malls",34.11,-118.33
"2014-05-09 15:54:51","eating/cooking",0,1,1,"b615f48a-134b-4de6-950c-7805c57b5c0b","trash","landfill","Paper cup","home",33.87,-118.25
"2014-05-16 10:36:36","drinking",0,1,3,"3b34344f-2535-4cd1-99cb-a11dacad8e19","recyclable","recyclable","Trash that you could recycle","others",34.1,-118.31
"2014-05-12 07:05:20","eating/cooking",1,0,0,"c8ae7748-92fd-499e-aec6-f9d1a383afff","compost/green waste","compost","Old orange","home",33.99,-118.29
"2014-05-16 07:16:37","eating/cooking",0,1,1,"2e812510-f6b3-4c31-9f32-b6e59f58a5c4","recyclable","recyclable","Pizza Box","home",33.97,-118.3
"2014-05-27 12:38:07","cleaning",0,1,3,"02f7bd21-f32d-4655-882d-bd09302b90f4","trash","landfill","Tray","school",33.96,-118.43
"2014-05-10 12:01:36","I found it",0,1,0,"fbdd1efa-155e-4dad-8555-39ada0f53c2e","trash","recyclable","paper","home",33.82,-118.26
"2014-05-22 12:41:20","eating/cooking",0,0,2,"08889393-70e9-435c-8f18-4c3d8d344a52","trash","landfill","Tin foil","school",33.96,-118.42
"2014-04-02 12:17:22","cleaning",1,3,2,"ffbfb51f-75a2-4a61-900d-c674cb5f40db","trash","landfill","Paper towel","work",34.07,-118.25
"2014-05-07 08:38:26","school work",0,1,2,"ce6666f6-5cf1-4c93-8bdb-063affc101fc","trash","landfill","Paper","school",33.97,-118.41
"2014-05-12 11:27:08","eating/cooking",0,0,1,"85adb152-6cdd-4e22-8619-6d2ebe4732b1","trash","landfill","paper gum wrapper","school",34.2,-118.6
"2014-05-15 09:13:14","school work",0,1,2,"a4931eac-3846-4109-8417-85b8d85ca280","recyclable","recyclable","Paper","school",33.97,-118.41
"2014-05-23 11:23:04","eating/cooking",1,1,1,"059615ee-6674-4d2f-8941-af0ccbea3c38","litter","compost","It's dirty and it's a plastic bag","school",34.27,-118.58
"2014-05-20 07:07:01","eating/cooking",1,1,2,"af4f9c05-1f19-48d7-8f1b-4a47af7f65bb","recyclable","recyclable","1 used napkin","home",33.97,-118.37
"2014-05-07 22:31:46","eating/cooking",0,1,3,"940681fc-ab83-4ae2-9d5f-755a4daf925c","trash","landfill","Receipt","restaurants",33.84,-118.24
"2014-05-02 14:59:03","shopping",0,2,2,"018afb4b-b8db-4e1c-bf97-95f17e1c76b4","trash","landfill","Receipt","stores/malls",34.2,-118.6
"2014-05-06 10:48:27","shopping",0,1,1,"876e6478-f048-4578-807e-fa08a8fa605e","trash","landfill","recipt","stores/malls",34.2,-118.6
"2014-05-31 12:47:52","drinking",0,2,1,"8544110b-2090-4d08-ad23-6f6df9a845d2","recyclable","recyclable","plastic","home",34.1,-118.32
"2014-05-28 09:14:39","school work",0,2,1,"5e0b1bc9-a9e7-4213-8e1a-014f6b01caae","trash","compost","paper","school",34.1,-118.3
"2014-05-11 17:13:05","drinking",0,0,4,"06490829-d5ef-4a7f-a693-c44664d2f953","trash","recyclable","Plastic water bottle","others",34.09,-117.81
"2014-05-20 09:22:52","eating/cooking",1,1,1,"baf1b50b-a6b2-4999-847a-bfad054efd1d","recyclable","recyclable","Multiple pieces of plastic trash items","stores/malls",33.97,-118.43
"2014-05-22 16:52:00","eating/cooking",0,0,1,"b6e8553b-193d-46d3-9f09-65709c8b6136","trash","recyclable","Lots of In-N-Out trash","in transit",34.01,-118.33
"2014-05-11 19:04:56","eating/cooking",0,1,1,"573bd1a7-1dca-46e9-8a25-01512bb63ec8","trash","landfill","Packaging","home",33.84,-118.21
"2014-05-24 11:49:24","drinking",1,2,2,"1c9342e8-2638-4aab-a8cd-5de7a71ef9ac","recyclable","recyclable","glass bottle","home",33.97,-118.4
"2014-05-12 07:19:49","drinking",5,6,6,"a043a403-28e9-42d9-bf88-c284f0581280","recyclable","recyclable","Chocoate milk packet","home",34.07,-118.25
"2014-05-18 15:19:29","cleaning",1,1,1,"e33d44ca-a50a-414c-af00-b92018f312e3","trash","recyclable","Empty deodorant can","home",33.96,-118.36
"2014-05-02 12:08:56","school work",0,1,2,"0c6a415c-80ba-4d5c-b324-606f923ef51a","recyclable","recyclable","piece of paper","school",33.97,-118.42
"2014-05-05 17:53:45","drinking",0,1,1,"9c4b5aa8-e1cc-481e-9070-5ecf2ab53218","recyclable","recyclable","Pepsi can","home",34.22,-118.59
"2014-05-19 10:39:14","eating/cooking",0,2,2,"0869fee7-1613-41a4-80e6-e71e4b5a6ba4","trash","landfill","Lollipop stick","school",34.1,-118.3
"2014-04-30 12:52:18","eating/cooking",0,2,1,"5f5b488c-b07a-429e-8c8c-5b78a0e49b4b","trash","landfill","a peice of gum","school",33.83,-118.27
"2014-05-02 12:04:09","eating/cooking",0,1,2,"e35a8938-5f41-4f48-96cd-0ad3c3fb8a67","trash","landfill","Doritos chip bag","school",33.96,-118.43
"2014-05-05 18:42:24","drinking",0,1,1,"ee191758-d5ca-443b-85e8-049222b12026","recyclable","recyclable","Bottle","home",33.86,-118.26
"2014-04-30 13:21:51","eating/cooking",0,2,1,"07b8ba75-ba79-4c1a-8a9e-b94322b72709","trash","recyclable","empty juice cup","school",33.83,-118.27
"2014-05-15 08:37:15","school work",0,0,3,"67e8c385-aeeb-42b0-8ed4-b693f987300f","trash","landfill","Paper","school",33.97,-118.42
"2014-05-22 17:00:40","eating/cooking",0,0,1,"e28eb5b4-ca24-4a14-a49d-c25c8302a7ae","trash","landfill","Lots of In-N-Out trash","in transit",34.01,-118.33
"2014-05-27 12:06:37","cleaning",1,1,1,"4236a823-4184-452d-8dea-ef882c63dbcd","recyclable","recyclable","foil","home",33.96,-118.42
"2014-05-27 17:37:37","eating/cooking",0,1,1,"adee9899-6e5c-4094-97f1-17fb347e27dc","recyclable","recyclable","Resealable Bag","school",33.96,-118.43
"2014-05-08 22:10:45","drinking",0,1,1,"ca2d26c6-1686-425a-8d5d-9f6239c0bd15","recyclable","recyclable","Water bottle","home",33.86,-118.26
"2014-05-19 18:40:11","eating/cooking",0,1,1,"7ffccb02-c17e-480a-a28a-b883d48e5ce8","trash","compost","Banana","home",34.14,-118.35
"2014-05-09 13:18:03","eating/cooking",0,2,2,"a01735e9-f9ee-4dd8-83c5-dde0a68aca82","trash","compost","Food","school",34.21,-118.6
"2014-05-23 08:15:04","I found it",0,1,2,"eb37bbfa-8250-49f1-8880-e1dab6125253","trash","landfill","Bubble Gum Wrapper","school",33.97,-118.41
"2014-05-21 09:14:56","eating/cooking",0,0,2,"b4987579-475f-48c5-9090-d3ab268141dd","trash","landfill","Chip bag","school",33.96,-118.42
"2014-05-12 19:24:01","drinking",0,1,0,"25926295-a964-4c3e-a991-dd75149e47e6","recyclable","recyclable","Caprisun box","home",33.8,-118.26
"2014-05-10 07:55:05","eating/cooking",0,1,1,"f27c804d-204d-483e-97b9-7a2e77b74c34","trash","landfill","Paper box","home",33.87,-118.25
"2014-05-13 14:30:54","eating/cooking",0,0,1,"6d1c6092-d6d9-4652-8888-823a1fb686f0","trash","recyclable","Plastic","stores/malls",34.2,-118.59
"2014-05-06 17:19:22","eating/cooking",0,0,1,"348b1410-088b-40d9-8c07-69b3f863996e","trash","landfill","Chocolate wrap","home",34.07,-118.28
"2014-05-31 20:22:20","eating/cooking",0,0,1,"5ace81d6-a749-4b22-bca8-b37cf832adb5","trash","compost","Onion skin","home",34.23,-118.58
"2014-05-24 14:16:38","drinking",3,6,6,"96d8e574-2b69-4a60-a8ad-bf5f5f11d701","recyclable","recyclable","5 used water bottles","home",34.09,-118.31
"2014-05-21 12:54:48","eating/cooking",0,1,2,"718e5379-2b59-4d16-b48b-464e4e483bc8","trash","landfill","tin foil","school",33.96,-118.41
"2014-05-13 15:54:33","eating/cooking",1,0,1,"aa6d71d0-38fc-4e9b-82e9-05ac528ca425","compost/green waste","compost","Mango peels","in transit",33.96,-118.36
"2014-05-10 11:59:35","drinking",1,1,1,"b90daef9-ee70-4800-9df2-2b8cc741f358","recyclable","recyclable","empty water bottle with label still attached","home",34,-118.33
"2014-05-12 20:33:02","I found it",0,0,3,"1b52235a-eab5-456f-9643-84917973d619","trash","recyclable","Furniture magazine catalog, paper","home",34.02,-118.35
"2014-05-07 09:51:39","eating/cooking",0,2,2,"2ae82f32-7766-4807-ae2e-6d7c763957e2","recyclable","recyclable","A sandwich bag that had cake pops","school",33.82,-118.26
"2014-05-14 09:11:54","cleaning",0,1,1,"9a697e69-7b76-46ba-b482-47e4d51d3a5a","trash","landfill","Pencils box","school",33.96,-118.41
"2014-05-06 20:52:52","cleaning",1,2,2,"c8d86e17-d252-4e92-83c9-2c87b485eda6","recyclable","recyclable","Plastic wrappers","home",34.27,-118.49
"2014-05-16 10:28:57","drinking",0,0,1,"4702fbbf-f3b8-4eed-ae5e-41067d3bef0e","trash","recyclable","Can","school",33.96,-118.43
"2014-05-07 13:22:43","eating/cooking",0,0,2,"b581bdbf-b183-4e45-8c28-701d7429ec6e","trash","landfill","Plastic chocolate muffing wrapper bag","school",34.2,-118.6
"2014-05-05 21:09:07","drinking",1,1,1,"7c1cb201-5417-4dba-8209-e3ff6e61df8b","recyclable","recyclable","It's a can of Arizona","home",33.76,-118.26
"2014-05-10 08:29:00","eating/cooking",0,1,1,"f9f5c4e0-53d9-41bd-a46a-842264044c62","trash","landfill","aluminum plastic lid","home",34.23,-118.35
"2014-05-26 21:14:58","I found it",0,0,1,"02772585-c912-4174-8c9a-d94a82f06b84","trash","landfill","Wrapper","home",34.01,-118.33
"2014-05-27 12:30:40","I found it",0,1,3,"b718a41d-66e9-41ef-b499-5d82aed87a09","trash","landfill","Paper","school",33.96,-118.41
"2014-05-21 10:59:06","school work",0,1,2,"406d7737-70a6-499c-9cc1-c679e5e61c0d","trash","landfill","Pencil shavings","school",34.11,-118.31
"2014-05-19 08:42:42","other",0,1,1,"38b28d34-6d7f-4c85-8b78-0ac6d4a596d6","recyclable","recyclable","Carmax","home",33.97,-118.43
"2014-05-15 21:36:36","shopping",0,1,1,"df186c00-bf52-4213-a86b-3f023b986269","trash","landfill","clothing tag and plastic from torn bag","stores/malls",34,-118.34
"2014-05-13 18:38:05","drinking",0,0,1,"5a54039f-e14b-4056-8206-6935f1d878a8","recyclable","recyclable","Water bottle","school",33.97,-118.31
"2014-05-14 21:00:21","drinking",0,0,1,"fd291268-35ee-4bbb-91ea-6be8442d9e3e","trash","recyclable","Plastic","stores/malls",34.19,-118.6
"2014-05-26 21:02:48","eating/cooking",0,0,1,"ea3e6431-e176-41a9-8d16-567bf2d83c78","trash","landfill","Wrapper","home",34.02,-118.34
"2014-05-21 11:30:58","eating/cooking",1,2,2,"461c5625-d691-4da2-8035-5be6ba814869","trash","landfill","Candy wrapper","school",33.96,-118.42
"2014-05-08 10:10:28","cleaning",0,0,2,"49ff0d00-5e57-4594-8ea9-817afa511625","trash","recyclable","trident gum packet","home",34.07,-118.25
"2014-05-09 13:03:21","drinking",0,0,1,"bbea3205-1891-4957-93fd-c5f739050f21","trash","recyclable","caprisun juice pouch","school",33.96,-118.42
"2014-05-08 09:58:47","school work",0,1,1,"7984185b-a34f-44ab-8b90-293a9029af51","recyclable","recyclable","paper and wrapper","school",34.07,-118.25
"2014-05-07 11:14:54","school work",0,0,2,"1a08e71a-6b4a-4c67-8f0d-acef308614ae","recyclable","recyclable","Lined paper","school",33.97,-118.41
"2014-05-19 07:42:32","eating/cooking",0,1,1,"36d93c13-d329-41bd-bc5c-dc23918cd35a","trash","landfill","Yogurt","home",34.1,-118.31
"2014-05-25 16:44:00","eating/cooking",0,0,1,"30c3b87f-7b3f-4580-884f-e6725310c118","trash","landfill","Napkins & a paper spoon","home",33.97,-118.3
"2014-05-21 10:38:47","I found it",0,0,1,"f0d19be0-39f5-45c8-9b37-15acf41b779f","trash","recyclable","it looks like a piece of cardboard","school",34.11,-118.31
"2014-05-21 16:00:30","drinking",0,0,0,"2aa4c67f-bb61-4e6b-b7bf-5ffd35830efe","recyclable","recyclable","lemonade","in transit",33.96,-118.38
"2014-05-15 08:31:21","eating/cooking",2,2,7,"d5d4a984-1fc4-482e-9293-00594dc6d76f","trash","landfill","Chip bags,trash bags,paper","school",33.81,-118.3
"2014-05-06 12:24:32","eating/cooking",0,0,1,"17150c76-d1ee-4745-86cb-fbf287644879","trash","landfill","chip bags","school",34.21,-118.59
"2014-05-11 21:50:13","eating/cooking",0,1,1,"17ec88ec-e459-4fdb-8b42-75b11054f7a8","trash","landfill","Napkin","home",33.82,-118.3
"2014-05-08 07:28:15","eating/cooking",0,0,1,"3a08d9bd-bdfc-4a6c-833c-9d6d1db31029","trash","compost","Food","stores/malls",34.2,-118.58
"2014-05-03 15:52:53","drinking",0,0,6,"c8d3e16b-f503-4fd2-981b-1b1e2faa61f2","trash","recyclable","plastic bottle","work",33.96,-118.34
"2014-05-05 09:41:45","other",0,0,2,"3ce81cbd-94b8-4b5b-8662-a9d808cf958b","trash","recyclable","Plastic wrappers","work",34.19,-118.59
"2014-05-11 19:31:36","eating/cooking",0,0,1,"6beeff28-25de-4a5d-835c-1ea730390fca","trash","landfill","plastic plate","home",33.85,-118.27
"2014-05-06 11:08:57","I found it",0,1,0,"1ee39cba-b714-4928-984f-e20c8e82c8fd","recyclable","recyclable","Wrapper","school",34.19,-118.59
"2014-04-27 12:33:25","eating/cooking",3,3,3,"ce16b27f-e140-428d-86d6-e43015a86ef8","recyclable","recyclable","It's a box of CHEEZ-IT white cheddar .","home",34.02,-118.25
"2014-05-07 13:15:52","drinking",0,2,2,"1c313f0f-527d-47e2-b61a-c3ed1412f7a8","trash","landfill","Milk","school",34.21,-118.59
"2014-05-02 18:23:58","eating/cooking",0,1,1,"be96a4ec-9d11-4c77-b3f7-5bbce9c47fb6","trash","landfill","Cupcake wrapper","home",33.83,-118.25
"2014-05-12 09:44:55","drinking",1,0,1,"0d2fe1fa-19cb-4f0a-af49-83ef21f3e157","recyclable","recyclable","A finished water bottle which will be recycled","others",33.96,-118.42
"2014-05-08 13:15:24","eating/cooking",0,0,2,"39a00637-7d7d-491d-83a8-c363d367ff4d","trash","recyclable","Plastic bag","school",34.2,-118.59
"2014-05-05 13:23:39","eating/cooking",0,2,1,"9f38141e-94a6-4825-b4ba-0624ecf1ded2","trash","compost","Food","school",34.21,-118.59
"2014-05-11 21:48:37","shopping",0,1,1,"998e7b28-837c-449f-84fe-c352d8bb55ab","trash","landfill","Plastic bag","home",33.83,-118.29
"2014-05-24 09:55:18","eating/cooking",1,1,2,"565b1612-c1e8-4e12-b94a-0c0712555c53","trash","landfill","used plastic plate","home",33.97,-118.36
"2014-05-07 20:13:21","eating/cooking",0,1,1,"a7b5ea20-219e-4c65-a072-d82d90cb2aa0","trash","recyclable","Plastic cover","home",33.84,-118.2
"2014-05-11 23:02:40","drinking",0,0,1,"49971765-1ef7-4350-8e41-c56fb6ef2609","trash","landfill","Plastic cup","home",34.2,-118.56
"2014-05-04 13:01:55","eating/cooking",0,0,1,"70e0c6f4-eee5-44b2-890f-a605325cf0e5","trash","landfill","Container","home",34.19,-118.61
"2014-05-05 15:22:28","eating/cooking",0,3,7,"999c052d-588c-4d01-92dd-79157d1c3ba2","trash","landfill","Strawberry Sundae Crunch","school",33.97,-118.42
"2014-05-04 15:38:02","drinking",0,1,1,"05b240c0-4146-4af0-a91a-1243dfcb450c","trash","recyclable","Plastic Drink Cup","home",34.05,-118.28
"2014-05-10 13:34:03","eating/cooking",0,0,1,"2f4dd03f-d9ca-4696-8a1e-c3f5c8ffce36","trash","recyclable","Paper","home",34.59,-118.08
"2014-05-01 19:08:03","eating/cooking",0,2,2,"d574de12-320b-4a6e-9ea5-e150ed0abca8","trash","landfill","Chips bag","work",34.21,-118.59
"2014-05-22 10:21:48","eating/cooking",0,2,1,"6f6aec74-5f1c-42d1-8bb0-2b7f4d133fba","trash","compost","Chip bag","school",33.97,-118.41
"2014-05-27 06:43:38","cleaning",1,1,2,"9a91c458-9e6e-42b2-9a1b-161a902bc7d5","trash","landfill","paper towel used","home",33.98,-118.38
"2014-05-12 07:23:24","drinking",5,6,6,"1e1706b0-8408-4072-8adf-6040b2c3e8d3","recyclable","recyclable","Chocolate milk packet","home",34.07,-118.24
"2014-05-13 12:19:21","eating/cooking",0,0,2,"3017dcb4-9c26-46ee-b795-afa00b3ac4c6","recyclable","recyclable","Plastic wrapper","school",34.2,-118.59
"2014-05-07 13:22:37","I found it",1,0,1,"99369377-3cce-4359-a22c-cce1e5310bfc","trash","landfill","Food trash","school",34.2,-118.6
"2014-05-19 09:16:15","school work",0,1,2,"d8efc103-b637-418b-832e-9b2a6e428045","trash","landfill","Old warm up paper","school",34.1,-118.31
"2014-05-12 11:26:27","drinking",0,1,1,"9d8440d2-e6d6-41a4-8b86-b4b89daeab04","recyclable","recyclable","vitamin water bottle","home",33.97,-118.42
"2014-05-08 09:25:02","I found it",0,2,2,"11c8d32b-e1de-4b1d-96ae-18d9fd03410a","trash","landfill","Wrapper","school",33.99,-118.29
"2014-05-11 14:58:27","eating/cooking",0,0,4,"8be45276-0b85-4c6c-a4c9-95b389e57471","trash","compost","corn cob","others",34.08,-117.79
"2014-05-02 18:20:20","eating/cooking",0,0,1,"04f2f1c7-4e3f-4162-ba0d-6a7356cb9039","trash","landfill","paper-like things. napkin and ice cream cone thing.","restaurants",33.8,-118.33
"2014-05-12 12:14:18","I found it",0,0,1,"7d6a31d2-5ab4-4c4a-8f4a-0bbf5d0f656b","litter","compost","Pencil on Ms. Igus counter","school",33.97,-118.42
"2014-05-16 15:58:02","eating/cooking",1,0,3,"fe8a407d-2050-4920-85e4-6d2f0eb143be","recyclable","recyclable","Tin can","home",34.01,-118.45
"2014-05-02 17:05:11","drinking",0,1,2,"8a0f10e5-effd-4a10-8451-32eb30c65ab8","recyclable","recyclable","Plastic water bottle","home",34.2,-118.59
"2014-05-03 07:37:25","eating/cooking",0,0,0,"33d84162-b86f-4ee9-aec1-dffe9b4b4fed","trash","landfill","Foil candy wrapper","stores/malls",33.84,-118.27
"2014-05-14 13:29:55","drinking",0,0,2,"aec01d3c-e14f-41c9-81eb-6fff946ce344","trash","recyclable","plastic bottle","school",33.97,-118.42
"2014-05-14 19:12:24","eating/cooking",0,3,4,"3022ed37-fa6b-4298-831f-a23b6792df4f","recyclable","recyclable","bag of chips","others",33.96,-118.38
"2014-05-21 08:00:05","eating/cooking",0,0,1,"004efed5-dc68-41c0-a42a-8a3e76f36233","trash","recyclable","Yogurt","school",33.96,-118.42
"2014-05-12 15:17:18","eating/cooking",0,0,0,"3d315a47-711a-4729-9060-9e44e5b713e4","litter","recyclable","funyuns chip bag","school",41.39,-81.78
"2014-05-05 13:25:22","eating/cooking",0,2,2,"f1b5e58b-2309-4d82-853d-5b4f2cf4cf24","trash","landfill","Plastic fork","work",34.19,-118.59
"2014-05-23 21:29:42","eating/cooking",0,0,1,"483095cd-91b5-48e7-843d-a43f7e6f3fdf","trash","recyclable","Plastic Wrapper","home",34.08,-118.28
"2014-05-10 12:04:35","drinking",0,1,0,"448f8261-27e3-43fd-b90c-182bc1de2fb2","trash","landfill","fast food","restaurants",33.82,-118.26
"2014-05-23 22:25:56","eating/cooking",0,0,1,"dfb26877-a800-4609-a88b-407e71a72da5","trash","landfill","Napkin","home",34.07,-118.26
"2014-05-03 13:16:27","eating/cooking",0,0,0,"6396d59f-9e20-4ec9-a374-3b428c7a2a34","trash","landfill","Takeout styrofoam box","restaurants",35.31,-120.65
"2014-05-08 19:38:33","eating/cooking",0,2,5,"4092e225-ac1a-4bc5-a01f-78634037600b","trash","landfill","Plastic 
Paper","others",34.19,-118.5
"2014-05-09 08:09:22","eating/cooking",0,0,1,"3d2e9a1a-74dc-4120-88ae-d1d3a21a302f","trash","landfill","candy wrapper","school",34.07,-118.26
"2014-05-08 13:49:24","school work",0,1,2,"9b78d93f-5699-482c-b18f-0449eb368119","recyclable","recyclable","Paper","school",34.21,-118.59
"2014-05-09 10:01:12","eating/cooking",0,0,1,"2777d6b8-0e31-4cc3-b472-ece14a79d500","trash","landfill","Paper box","others",34.07,-118.27
"2014-05-07 20:55:42","drinking",0,1,1,"b568c3ed-c51b-49bb-8a2f-32013b21ab09","recyclable","recyclable","Snapper bottle","home",33.86,-118.25
"2014-05-22 09:29:12","other",0,0,0,"b2ff459e-1e50-462c-a110-1ffaff67d0fc","trash","recyclable","Band aid","school",33.97,-118.42
"2014-05-16 12:32:42","eating/cooking",0,0,1,"63623f3b-4a6a-4a44-a539-31a2d8eaa3a2","litter","landfill","Chips","school",33.96,-118.43
"2014-05-07 18:31:47","eating/cooking",0,1,1,"7795961a-9ceb-4f4e-aa15-03e1e0789fb3","compost/green waste","compost","banana peel","home",33.83,-118.29
"2014-05-05 15:43:08","eating/cooking",0,0,1,"ace2a752-42eb-4e93-8e8a-bfd7cb0b6973","trash","landfill","Paper cup from yogolicipus","restaurants",33.96,-118.41
"2014-05-22 16:44:09","eating/cooking",0,0,0,"baf81227-ff5c-4714-a5ad-7c3ee0b3b0d5","trash","landfill","bag","in transit",33.99,-118.34
"2014-05-20 08:56:35","other",0,1,2,"0f9c735c-c44f-400b-8400-527b82f1bca0","trash","landfill","Napkin","school",33.96,-118.42
"2014-05-19 09:09:04","I found it",0,1,1,"460350b6-d64e-4d41-8a4f-7280bb101ba3","trash","compost","Paper","school",33.97,-118.43
"2014-05-21 19:41:39","eating/cooking",0,1,1,"7fecea17-7cf9-4044-9151-e72f82350ca6","recyclable","recyclable","Sauce container","restaurants",33.98,-118.38
"2014-05-22 20:24:26","school work",0,0,4,"ae6a3f5a-db28-4f03-82f4-4c3282f72750","recyclable","recyclable","Used Homework Paper","home",33.97,-118.38
"2014-05-12 10:18:28","eating/cooking",1,1,1,"294fda85-497c-4f42-824c-75983555d299","trash","landfill","Chips","school",33.96,-118.42
"2014-05-25 23:38:48","drinking",1,1,2,"842765b5-e492-4032-8dd9-62756b7d3dc0","recyclable","recyclable","Paper cup","home",33.98,-118.37
"2014-05-21 12:45:22","eating/cooking",0,2,2,"cbefc406-a0e8-4d42-9bfb-93ca2e4234d2","trash","landfill","chips","school",33.96,-118.43
"2014-05-19 19:01:16","drinking",1,1,2,"2968f09f-6ac0-49ce-8c1d-6ff88b1cd823","recyclable","recyclable","Soda","home",34.04,-118.34
"2014-05-29 10:16:27","I found it",0,2,3,"5dc15443-c4eb-4299-96d7-9735ab22bc97","recyclable","recyclable","its a gatorade bottle","school",34.11,-118.3
"2014-05-28 11:10:07","drinking",0,1,2,"14117a42-4768-41e3-98c6-5356ade59374","trash","recyclable","Bottoe","school",33.96,-118.42
"2014-05-14 12:34:17","eating/cooking",0,1,2,"6c0d46eb-f76f-446a-a006-0f18ef25d00a","trash","landfill","Granola bar","school",33.96,-118.41
"2014-04-30 15:52:04","school work",0,0,1,"d4ac7638-0bfd-4f4e-8c40-5e84fd8cee04","trash","landfill","Pen box","home",33.84,-118.25
"2014-05-03 18:02:41","drinking",0,1,1,"2cd30729-a534-4949-8a54-74f3cc59b28d","recyclable","recyclable","Two plastic water bottles","home",34.17,-118.42
"2014-05-08 15:43:20","drinking",0,0,2,"c0a90f4e-5004-4417-88e6-36e4d008a3dd","trash","recyclable","Plastic cup","restaurants",34.2,-118.6
"2014-05-09 11:33:55","school work",0,2,2,"9bc634b1-66dc-476b-970c-027f8c1ad926","trash","landfill","Plastic wrapping","home",33.97,-118.43
"2014-05-20 12:39:54","eating/cooking",0,0,2,"b3375daa-3f17-45f3-a352-5733b0cef96e","trash","recyclable","Paper bag","school",33.97,-118.43
"2014-05-20 12:22:18","eating/cooking",0,0,1,"a6a0ff71-89f0-4ead-8602-42a54ed4311f","trash","landfill","Chocolate wrapper","school",33.97,-118.42
"2014-05-05 20:04:37","eating/cooking",0,0,1,"77d97d85-53dc-4749-88d4-bdc9f68519e0","trash","landfill","Yogurt wrapper container","home",34.19,-118.58
"2014-05-07 16:53:43","school work",0,0,1,"6ab10d35-5940-47cf-a6cd-895241e3f211","recyclable","recyclable","Used paper","home",34.23,-118.59
"2014-05-29 09:10:37","eating/cooking",0,1,1,"f3f1c11d-f4fe-4eaf-a965-8b5fe8a57be8","trash","landfill","this is a fortune cookie rapper","school",34.11,-118.31
"2014-05-07 13:25:37","drinking",0,1,2,"0c857bc0-8cd0-4fcb-9972-b5c8e96116b6","recyclable","recyclable","water ballon","school",33.83,-118.27
"2014-05-23 10:40:34","drinking",0,0,1,"ba1717a6-2202-4b2e-8e83-d5ac38a45e7e","trash","recyclable","A can","school",33.96,-118.42
"2014-05-26 21:06:48","I found it",0,0,1,"dc2243d6-ee60-41ae-8c92-a6b8b10dcc00","trash","landfill","Candy wrapper","stores/malls",34.03,-118.33
"2014-05-27 12:44:10","eating/cooking",0,0,3,"0433870f-112b-4f71-872f-1f30b3d4f9cb","trash","compost","Wrapper","school",33.96,-118.42
"2014-05-08 09:49:30","eating/cooking",0,0,2,"0c9b7400-7567-44dd-86cf-19cdf4572c15","trash","recyclable","Wrapper on the floor","school",34.07,-118.26
"2014-05-08 10:02:16","school work",0,1,1,"e08b9130-4a15-4b39-baee-910f71aa17b9","recyclable","recyclable","juice box","school",34.07,-118.25
"2014-05-26 01:06:17","drinking",0,1,1,"ec21f3df-06df-4fdb-b7f2-9ddf721c0dd6","recyclable","recyclable","3 bottles. 1 can.","home",33.98,-118.32
"2014-05-18 21:06:15","drinking",0,1,1,"d49f2b16-6051-4024-b24d-55ca90b397d4","recyclable","recyclable","water bottle","home",34.02,-118.34
"2014-05-20 20:03:14","cleaning",0,0,1,"19def027-01c4-46a2-8c8b-f49378cb1183","trash","recyclable","Used paper towel","home",34.01,-118.33
"2014-05-16 08:41:31","cleaning",0,2,1,"0c684625-d8f1-4ad6-9f50-d4e65706ecb1","trash","landfill","Paper towel found on the ground.","school",34.11,-118.31
"2014-05-01 13:50:15","I found it",0,0,0,"d5ea3c05-42ff-4981-a71b-426fc9f42f28","trash","landfill","dirty shoe","home",34.02,-118.24
"2014-05-08 09:44:46","eating/cooking",0,1,1,"b3dc0aa6-a283-40ff-8aba-cfee4a8df9ce","trash","recyclable","bag of chips","school",34.07,-118.26
"2014-05-06 07:56:53","drinking",0,1,2,"6ab5457a-f405-465a-8723-e3828cb91032","recyclable","recyclable","A bottle a","school",34.2,-118.6
"2014-05-23 16:52:58","drinking",2,6,6,"ddb4dafa-c5d5-428c-86c4-6d57ae2e0d0e","recyclable","recyclable","A milk carton and a water bottle","home",34.1,-118.3
"2014-05-15 09:59:23","eating/cooking",2,2,1,"0e1e2199-1b14-47e4-ae05-3192a86d4399","trash","recyclable","a raper","school",33.95,-118.42
"2014-05-24 09:48:59","eating/cooking",1,1,3,"56a1bafb-2cb9-4fb7-8eb0-1402e7c0d31f","trash","landfill","Napkin","home",33.99,-118.3
"2014-05-29 10:32:22","eating/cooking",0,1,0,"434ecefb-e753-4b69-8105-e79a0be306fb","recyclable","recyclable","a p","school",33.95,-118.43
"2014-05-14 21:49:07","I found it",0,0,1,"57aef7ca-bd0a-4867-8da4-69908958715b","trash","recyclable","Plastic bottle cap","school",34.2,-118.6
"2014-05-21 09:07:44","eating/cooking",0,1,1,"ceb539e6-3353-4897-83a9-feca52be5f8e","trash","landfill","plastic","school",33.96,-118.43
"2014-05-05 18:42:53","drinking",0,0,1,"afa94f6c-3b62-4323-8bd1-34510946a5c6","recyclable","recyclable","Paper Starbucks cup w/ sleeve","home",33.96,-118.41
"2014-05-23 15:19:46","drinking",0,1,1,"ba80dd7a-20cd-4e5a-9f4a-f4ed004c42a7","recyclable","recyclable","Juice box","home",33.94,-118.36
"2014-05-05 10:04:49","school work",0,0,2,"786ed56b-a422-4a32-89e1-08b53f3b9d41","litter","recyclable","Paper","school",34.2,-118.59
"2014-05-02 11:38:25","eating/cooking",0,0,0,"fceb280d-8a2d-406e-9534-9ca1bcfaa45b","trash","landfill","small candy wrapper","in transit",34.02,-118.41
"2014-05-21 09:43:59","eating/cooking",0,2,0,"5dcc3d11-eaa7-480e-87b7-cd68f491144f","trash","landfill","Chip bag","school",33.97,-118.43
"2014-04-30 13:05:22","eating/cooking",0,2,2,"b339f023-3bcc-42c2-8c58-87525a89fb36","trash","landfill","Plastic bag from 85 degrees","school",33.82,-118.27
"2014-05-03 18:44:01","eating/cooking",0,0,1,"38bd8b4a-b37c-41c9-8ed6-75a7b7524704","trash","landfill","Styrofoam takeout box","in transit",34.35,-119.39
"2014-05-01 19:09:21","drinking",0,2,2,"30666b6c-7db5-4d61-9f46-85fd532f5710","trash","landfill","Paper cup","work",34.21,-118.6
"2014-05-03 13:32:42","drinking",0,1,1,"91240f61-8ec6-40a9-8bf6-a3365e00a7b2","recyclable","recyclable","Plastic water bottle","home",34.2,-118.59
"2014-05-08 16:58:37","eating/cooking",0,1,1,"b66fa22c-a396-45de-b421-4f67f912ebed","trash","landfill","Cheeseburger wrapper","home",33.83,-118.24
"2014-05-09 13:17:35","eating/cooking",0,0,3,"57850683-3d20-4f14-8b27-026de7f6b405","trash","recyclable","Plastic cookie wrapper","school",34.2,-118.59
"2014-05-06 15:02:41","drinking",0,1,1,"6ca03a21-09c5-4a35-82a6-73bbb6266f74","trash","landfill","soda carton","home",34.21,-118.59
"2014-05-09 15:10:09","eating/cooking",0,2,2,"77991ecc-e117-4b10-8f73-c83984b92a76","trash","landfill","Candy wrapper","school",33.83,-118.26
"2014-05-11 10:51:08","eating/cooking",0,1,1,"cc2fa441-b4ef-4e24-835c-9e44493da380","trash","recyclable","Paper napkin","home",34.29,-118.85
"2014-05-19 07:33:53","drinking",0,0,1,"be22ec55-ce21-4451-8689-7384ac35e0b7","trash","recyclable","","stores/malls",34.19,-118.6
"2014-05-02 20:43:15","eating/cooking",0,0,1,"22f696fe-0a22-4d47-869f-818679a600da","trash","landfill","Wrapper","school",34.2,-118.61
"2014-05-18 23:17:37","I found it",0,0,1,"df8c78be-79de-4c4c-8322-7babc7b7b678","trash","recyclable","Chapstick","home",33.95,-118.3
"2014-05-14 09:03:59","cleaning",0,1,1,"a76f66c2-e628-464d-8787-c456f23ea9e6","trash","landfill","Plastic cup","school",33.96,-118.42
"2014-05-15 08:37:38","drinking",1,2,3,"979167ff-3c66-4868-9dc0-6c539b28cbce","recyclable","recyclable","The following trash us an empty glass bottle. It is of small size.","stores/malls",34.1,-118.31
"2014-05-08 19:17:32","eating/cooking",0,0,1,"fefad31c-698b-41bd-86af-5b000d202d2b","trash","landfill","Paper cup","restaurants",33.84,-118.29
"2014-05-10 12:15:06","cleaning",1,1,1,"c849472f-f2f6-41c5-beca-d1c0ae7ee000","recyclable","recyclable","Paper towel","home",34.24,-118.64
"2014-05-01 12:22:56","I found it",0,2,2,"d3c1606e-e82a-4bce-847f-e626683b97be","trash","recyclable","Paper","school",34.21,-118.59
"2014-05-20 14:52:31","drinking",0,0,0,"b068a2e8-8f4f-4039-8a87-82b40f093f1c","recyclable","recyclable","Plastic ziplock bag & plastic water bottle","stores/malls",33.97,-118.41
"2014-05-05 09:46:34","eating/cooking",0,0,2,"c92f07f5-411e-427a-ac6f-6ee68dc20080","trash","landfill","Packaging","home",34.21,-118.6
"2014-05-14 13:33:15","eating/cooking",0,0,2,"510b371f-75a5-4212-9933-e100b5ca600c","trash","recyclable","wrapper","school",33.96,-118.41
"2014-05-11 21:48:01","eating/cooking",0,1,1,"90c3fdde-288b-49b3-8b1c-c312c9c0663f","trash","landfill","Plastic straw wrap","home",33.83,-118.3
"2014-05-05 21:29:21","eating/cooking",0,0,0,"5238837c-5a86-48e9-939d-36619a144b8b","trash","compost","Food","home",34.19,-118.6
"2014-05-09 11:04:57","eating/cooking",0,1,2,"216113d9-a0c1-4190-87b6-559167e93be8","trash","landfill","IHOP container","restaurants",33.82,-118.27
"2014-05-12 11:06:23","eating/cooking",0,1,2,"18541363-4d7c-4ac8-b53f-b3364defbfb7","trash","landfill","Chip bag","school",33.97,-118.42
"2014-05-01 20:20:30","eating/cooking",0,1,2,"5d760b83-6347-4779-881e-8bc250741768","recyclable","recyclable","Glass bottle","home",33.84,-118.2
"2014-05-14 09:04:45","drinking",0,1,2,"8c18c59b-e771-48d1-9437-dbfce837dce0","trash","recyclable","plastic cup","restaurants",33.96,-118.42
"2014-05-01 13:13:54","drinking",0,2,1,"41eb5725-6227-4936-8380-b641753fe909","recyclable","recyclable","Can","school",34.2,-118.59
"2014-05-21 10:10:03","I found it",0,1,1,"79b1c32c-6441-4736-908a-5e3285a7b27f","recyclable","recyclable","plastic water bottle","school",34.11,-118.31
"2014-05-15 16:24:14","eating/cooking",0,1,2,"d832b7d9-55cc-49d2-85be-d1e1413218e0","trash","recyclable","Candy wrapper","school",34.2,-118.6
"2014-05-16 08:55:17","I found it",0,1,2,"fcb0b1c3-7f36-4b30-b4a1-79715d9f908b","trash","landfill","tissue . paper. water bottle","school",33.96,-118.42
"2014-05-20 09:04:43","eating/cooking",0,1,1,"b1105558-9ec2-4bad-b4f3-983e48cd4bfe","trash","landfill","Candy wrapper","school",33.96,-118.42
"2014-05-03 16:31:38","drinking",0,0,1,"36bdaebd-4c7b-4a3d-8635-da798e53a263","recyclable","recyclable","Plastic water bottle","in transit",35.26,-120.66
"2014-05-26 15:56:14","drinking",0,1,1,"b197ed76-be8b-49b0-a1fe-04c2299d6a59","recyclable","recyclable","plastic bottle","home",34.17,-118.75
"2014-05-05 15:52:21","eating/cooking",0,1,1,"3a97f0b5-4ab7-44e0-8778-dbee4598103f","trash","landfill","Ice cream box","home",33.84,-118.25
"2014-04-30 12:32:27","cleaning",0,1,1,"e8eed250-dda1-477a-b2f5-c643db1ad177","trash","landfill","Snack wrapper","stores/malls",34.07,-118.26
"2014-05-09 10:04:07","eating/cooking",0,0,1,"af035dd6-0a8c-497a-a636-0adeff03daa0","trash","recyclable","Plastic utensil","school",34.2,-118.59
"2014-05-20 12:57:45","eating/cooking",0,2,2,"0ccb337c-fc70-49e3-8dd7-a7729329a6be","trash","compost","grapefruit","school",33.96,-118.42
"2014-05-06 12:39:12","I found it",0,1,1,"58734c2a-4a92-42e1-9fab-5744c5d79002","trash","landfill","chip big","school",34.2,-118.6
"2014-05-25 15:49:35","drinking",0,0,1,"5d3ea821-aab8-4c34-b51d-a8100cadac40","trash","recyclable","soda can","work",34.26,-118.57
"2014-05-27 19:01:33","shopping",0,1,1,"3b603dce-fd73-4677-90c1-77444e50e5a4","trash","landfill","Shirt Stickers","home",33.97,-118.44
"2014-05-16 13:28:19","eating/cooking",0,0,1,"899b6024-e23a-4005-ba8a-c05e5f5addc9","trash","landfill","Plastic wraper","school",34.21,-118.6
"2014-05-08 21:22:25","cleaning",1,1,1,"f7a4348f-2783-4556-a9f9-cb815ae306e8","recyclable","recyclable","Paper","home",33.83,-118.27
"2014-05-01 12:20:30","cleaning",0,2,1,"a0452014-5aa1-4b5e-8f6d-1fac60d3d0e3","recyclable","recyclable","Post it's","school",34.21,-118.6
"2014-05-19 08:47:39","eating/cooking",0,1,1,"b2e4e23e-4be6-458d-adcf-ba106d27030f","recyclable","recyclable","Sting water water bottle","school",33.96,-118.42
"2014-05-14 09:08:53","I found it",0,1,1,"f22eadbe-6537-4808-9e49-d294eb1c4655","litter","landfill","Soup cap","school",33.97,-118.43
"2014-05-22 09:11:20","other",0,0,0,"8c9051c3-8705-4399-890c-7b3462014fe4","trash","recyclable","Empty lip stick","school",33.97,-118.42
"2014-05-23 12:39:46","eating/cooking",0,0,0,"38388797-4f70-42ef-8648-fadbd3da8d42","litter","recyclable","Plastic rap","school",33.96,-118.43
"2014-05-08 10:03:34","eating/cooking",0,0,2,"d7cd9dbd-5440-4bc1-bd97-52289215464f","recyclable","recyclable","plastic","school",34.07,-118.25
"2014-05-22 10:56:19","eating/cooking",0,0,2,"cb5aeb25-3bbd-4a79-8813-c001d2c2d7c3","trash","landfill","Food wrapper","school",33.96,-118.42
"2014-05-07 14:39:04","eating/cooking",0,2,2,"1dd67dff-0c72-44d6-973c-1688cc390a8a","trash","landfill","A gourmet lollipop wrapper","school",33.83,-118.25
"2014-05-10 07:56:14","eating/cooking",0,1,1,"7baeb8e7-a26d-45e2-8ffe-ee85cdf2c9d2","trash","landfill","Paper bag","home",33.87,-118.25
"2014-05-19 22:56:27","eating/cooking",0,0,1,"d00c66cb-2058-4c56-a9f6-b4286d265034","trash","landfill","Churro Wrapper","in transit",34,-118.36
"2014-05-24 09:48:10","drinking",1,1,3,"72791e8e-17f7-4968-87e0-350f4aca4138","recyclable","recyclable","Water bottle","home",33.98,-118.3
"2014-05-11 11:22:14","cleaning",0,0,2,"68a378bc-8529-4d31-981d-532f9b4db741","trash","recyclable","paper","home",34.08,-118.26
"2014-05-28 08:02:56","eating/cooking",0,0,1,"64cccd3b-1c3d-49fa-8b8c-bfdbe0310264","trash","recyclable","Yogurt","school",33.96,-118.43
"2014-05-06 07:10:49","I found it",0,1,1,"3e7d532c-12e3-4a1c-b5ef-833f0bb0143f","trash","landfill","Styrofoam cup","in transit",34.21,-118.59
"2014-05-08 10:07:21","school work",0,1,1,"5dbd3b8e-8357-4e13-932e-23c528d5563e","trash","recyclable","hot cheeto bag","school",34.08,-118.26
"2014-05-15 08:48:57","I found it",0,0,2,"2f8e2f0c-ca92-42c1-8b96-f2a52763c0d0","trash","landfill","Index card","school",33.81,-118.3
"2014-05-12 20:59:15","eating/cooking",1,1,1,"f8e31849-c1cd-41a8-855e-cbd542ed948f","trash","landfill","Wrapper","school",33.83,-118.28
"2014-05-24 13:01:14","other",1,1,2,"7858f213-1fbb-4be2-933f-234959876857","trash","landfill","robot kit plastic mold","home",33.98,-118.37
"2014-05-28 18:14:22","drinking",3,6,6,"e08904b0-b3ee-49f7-8093-90e4871e9573","recyclable","recyclable","Four empty plastic bottles","home",34.09,-118.3
"2014-05-20 12:51:31","eating/cooking",2,1,1,"07ee1e6d-1142-43ee-bbb0-77f25dd1cfd0","recyclable","recyclable","a plastic bag","school",33.96,-118.42
"2014-05-21 11:57:30","eating/cooking",0,1,2,"5939ca40-4f5c-4d91-8bc9-43c4a85b7760","trash","landfill","Bottle cap wrapper","school",34.11,-118.3
"2014-05-23 15:04:38","school work",1,0,0,"a740c3d4-be66-4be8-adec-ce5a6a2643a7","trash","recyclable","trash","school",33.96,-118.42
"2014-05-21 12:52:54","eating/cooking",0,2,2,"d557f242-6893-4c17-8dd0-00125b8609e3","litter","recyclable","Gum paper","school",33.97,-118.43
"2014-05-20 20:40:46","eating/cooking",0,1,1,"c315779c-2882-4214-9264-9874d8bac2e2","trash","landfill","plastic
landfill","school",33.97,-118.37
"2014-05-23 09:48:51","eating/cooking",0,2,0,"5af15cfd-b15e-4fa7-acd1-2a1784778f07","recyclable","recyclable","Subway wrapper","school",33.96,-118.42
"2014-05-15 06:39:34","drinking",0,1,1,"b3c05833-2ca4-41e4-96c7-a5e8ed1c1e26","recyclable","recyclable","another water bottle","home",34.01,-118.34
"2014-05-21 12:42:12","drinking",1,1,1,"2ae6b932-3a55-47f3-a2c9-1a259ccd112f","recyclable","recyclable","Plastic Can","stores/malls",33.96,-118.42
"2014-05-09 13:29:16","I found it",0,1,2,"869001f8-ceba-416d-88af-775f7d37e7af","trash","landfill","Cut up pieces of trash","school",33.82,-118.25
"2014-05-23 21:17:19","drinking",0,1,1,"4dc07192-b00b-45fc-9e51-f4c83fed0be2","recyclable","recyclable","Juice bottle","home",33.92,-118.28
"2014-05-23 18:11:55","eating/cooking",0,2,3,"7a0fb2bf-2fcd-4389-9131-997d9735677b","recyclable","recyclable","plastic","home",34.09,-118.31
"2014-05-22 15:51:22","eating/cooking",0,1,1,"888aa059-bcae-4353-8992-1679378cffe7","recyclable","recyclable","Juice bottle","home",33.93,-118.28
"2014-05-08 22:54:10","eating/cooking",1,1,3,"ce4c68a1-a0ed-453a-88a6-460de764d2f2","trash","landfill","bag of chips","home",33.83,-118.26
"2014-05-13 14:27:02","eating/cooking",0,0,1,"fec3baba-95a3-45e3-8042-43830a846646","trash","landfill","Paper","school",34.2,-118.58
"2014-05-01 10:22:19","school work",0,2,1,"cda3c174-60c4-4877-8c55-c07728a34d22","recyclable","recyclable","Its paper thrown on the floor","school",34.07,-118.24
"2014-05-05 18:40:44","eating/cooking",1,0,1,"4640cfdc-aaad-4a2f-9f64-b93bc323ac21","trash","compost","Orange peel","home",33.84,-118.27
"2014-05-08 15:28:18","drinking",0,0,2,"7ca69976-2227-44c8-b34a-41fc4e1d7415","trash","recyclable","Plastic","restaurants",34.2,-118.6
"2014-05-22 12:39:29","eating/cooking",0,0,1,"758837cc-62be-4411-83bd-78f1f279755e","trash","landfill","Candy Wrapper","school",33.96,-118.43
"2014-05-07 17:20:54","eating/cooking",1,0,1,"4feb9620-8fb4-45f6-a1ed-d518083aefea","trash","landfill","Bag for cheese","home",33.85,-118.27
"2014-05-13 19:13:25","drinking",0,1,2,"8a91c6ad-64d2-4d79-977c-9faba16edd8e","recyclable","recyclable","Plastic cover","home",34.2,-118.57
"2014-05-10 07:55:42","eating/cooking",0,1,1,"b0fe6e76-2c2c-44fe-a12f-69643d609221","trash","landfill","Paper cup","home",33.87,-118.27
"2014-05-20 09:23:56","school work",0,0,2,"118edc65-b471-4b8c-ad3f-f9c1d3e52f96","trash","recyclable","Paper","school",33.96,-118.43
"2014-05-08 13:26:40","drinking",0,2,2,"a2c16f09-3603-4585-8b56-9b20c51faec0","recyclable","recyclable","Arizona can","school",33.83,-118.26
"2014-05-12 21:00:02","other",1,1,1,"76c1cac9-f6f7-46ff-87cf-f6ada410e890","trash","landfill","Napkin","school",33.84,-118.28
"2014-05-15 11:31:13","drinking",0,1,1,"76dd8622-b740-4b56-875d-a6d1b3599f5d","recyclable","recyclable","A can","school",33.96,-118.42
"2014-05-02 09:07:50","school work",0,1,2,"8dc9cad7-f4ff-48de-b1a0-b0d4740921ac","trash","recyclable","Sheet of paper","school",33.97,-118.42
"2014-05-16 20:00:21","drinking",0,0,1,"b97e26cf-e968-4205-a4e0-1f4874253bc8","recyclable","recyclable","Hawaiian punch juice","home",34.02,-118.34
"2014-05-12 09:45:08","eating/cooking",0,1,1,"679e4d4d-59e3-4e5f-b1e7-efa58b307129","recyclable","recyclable","A plastic sandwhich bag","school",33.96,-118.43
"2014-05-07 21:24:53","other",0,1,3,"64f558f1-348f-4593-8747-a2cb3d10ff68","recyclable","recyclable","water bottle","others",34.27,-118.49
"2014-05-07 13:14:49","drinking",0,2,2,"899a4600-5bdf-4359-9199-ff2a2460a19e","recyclable","recyclable","Bottle","school",34.2,-118.59
"2014-05-06 12:26:03","eating/cooking",0,0,1,"0aa80b74-aebf-451d-82b8-7a1d284db48d","trash","landfill","Cookie bad wrapper","school",34.2,-118.6
"2014-05-09 16:45:31","eating/cooking",0,0,2,"9ce85cdd-6ace-485d-8fff-8a53eef84822","trash","recyclable","Paper placemat","restaurants",34.2,-118.6
"2014-05-02 12:41:28","eating/cooking",0,2,2,"105a02a7-9d3e-48a8-af58-92c23742a8e5","trash","landfill","mini rice krispie wrapper","school",33.82,-118.27
"2014-05-07 16:26:20","eating/cooking",0,0,1,"c9cf190e-e44f-46c9-8565-c13804493b2d","trash","landfill","Sandwich wrapper","school",34.25,-118.53
"2014-05-12 11:26:08","I found it",0,0,1,"681b1535-25e9-42c0-ba43-fd149f6ab8b3","trash","landfill","plastic wrapper","school",34.2,-118.6
"2014-05-06 12:08:05","drinking",0,0,1,"e70a50a8-5c5f-4d63-b338-fc5a883dfe11","trash","landfill","milk carton","school",34.21,-118.59
"2014-05-02 12:10:26","I found it",0,0,2,"cc264622-9006-4da4-a030-9132444e7e84","recyclable","recyclable","Crumpled up paper towel","school",33.97,-118.42
"2014-05-06 15:05:39","eating/cooking",0,1,1,"143dcfb4-eb84-409c-94df-6c88f4f1e94f","trash","landfill","chip plastic wrapper","home",34.21,-118.6
"2014-05-06 20:52:12","drinking",1,2,2,"c3f1bf8d-496b-4344-9ae2-e8c9d86e04a9","trash","landfill","Caprisun pouch packaging","home",34.27,-118.48
"2014-05-23 08:59:20","eating/cooking",0,0,1,"f8514350-0022-4e94-a48d-60a028d6409b","trash","recyclable","School, no recycling","school",33.97,-118.42
"2014-05-23 15:40:42","eating/cooking",0,0,0,"a32d9703-f919-45a6-b903-cefdbd3e2ff8","trash","landfill","napkin","in transit",33.98,-118.34
"2014-05-08 09:47:49","cleaning",0,1,1,"b9721865-0bd7-4d16-94a2-28007ecaff63","recyclable","recyclable","a piece of plastic","school",34.08,-118.26
"2014-05-22 11:37:01","school work",0,2,1,"9916c563-22ac-4787-9051-1c620bd2cb08","trash","recyclable","Paper","school",33.96,-118.43
"2014-05-21 09:24:29","eating/cooking",0,0,0,"74bd46c4-8093-49a5-8020-07c398dbf74b","trash","landfill","Burrito","school",33.97,-118.42
"2014-05-06 22:06:05","eating/cooking",0,0,1,"005bd725-814b-423a-8a45-be6a431cba19","trash","recyclable","Plastic","school",34.18,-118.61
"2014-05-08 16:04:50","eating/cooking",0,1,1,"f3c853bf-5515-4051-879c-00c0b1e01613","trash","landfill","Paper plate","home",33.87,-118.26
"2014-05-14 08:25:12","drinking",0,0,1,"d0e9375d-8431-4de0-9086-984d5541e31a","trash","recyclable","Bottle","school",33.97,-118.42
"2014-05-10 08:39:14","eating/cooking",2,2,2,"fd70d2a8-1b9f-4489-8c84-5b7df1235796","recyclable","recyclable","The box of cup noodles","home",33.78,-118.25
"2014-05-10 08:29:21","eating/cooking",0,1,1,"bc826083-866e-4479-9181-624c534e5703","trash","recyclable","plastic spoon","home",34.22,-118.35
"2014-05-21 12:42:58","eating/cooking",1,1,1,"477d3eba-bd3c-48b6-a83f-515c452d8a8d","trash","landfill","McDonalds paper food wrap","restaurants",33.97,-118.43
"2014-05-06 10:49:35","cleaning",0,2,2,"4ca13133-b3ab-4cc7-aff5-8a811bd03ff8","trash","landfill","Plastic wrapping","work",34.2,-118.6
"2014-05-07 09:48:40","eating/cooking",0,1,2,"bf79d8f1-cc2f-464f-8ada-25d6777ecda6","trash","landfill","Candy wrapper","school",34.2,-118.6
"2014-05-22 08:54:52","school work",0,2,3,"ad6289dc-0bd0-4580-b33f-3a60bae3853f","trash","recyclable","Broken plastic tubes.","school",34.11,-118.31
"2014-05-14 21:11:55","eating/cooking",0,1,1,"40f0848d-1cdf-483d-b80a-fbdbb6c327fc","trash","landfill","plastic candy straw","home",34.21,-118.59
"2014-05-19 13:08:40","I found it",0,0,0,"928e61a7-ef87-4932-ac08-9756255759c3","compost/green waste","compost","Noodle bowl","school",33.96,-118.43
"2014-05-27 13:06:57","school work",0,0,1,"7432e045-2003-445e-87d6-3a8189072a2f","trash","recyclable","Paper","school",33.96,-118.42
"2014-05-25 17:49:44","eating/cooking",0,0,0,"d9a25439-2156-4d1d-833e-64a68da69974","trash","landfill","Trash","home",34.22,-118.59
"2014-05-08 10:45:58","eating/cooking",0,0,2,"098072b7-0221-4292-a5bd-eb90dfc7956e","trash","landfill","Wrapper","school",33.98,-118.39
"2014-05-08 10:01:06","drinking",0,0,1,"6e070309-a01e-43e3-88ed-8cb6689b6af5","trash","recyclable","coke can","school",34.07,-118.25
"2014-05-12 17:39:27","eating/cooking",0,1,2,"38378e23-3a7c-4691-8e5f-cd4f0971d924","litter","landfill","Candy wrapper","home",34.21,-118.59
"2014-05-01 13:16:43","eating/cooking",2,2,1,"fbe93ff4-8988-42db-846e-1351308ca55c","trash","landfill","Bag of chips","school",33.83,-118.26
"2014-05-08 17:59:47","eating/cooking",0,0,1,"e53df4c2-3ff2-442c-9ac3-ea5220bcf2f2","trash","landfill","Spoon","restaurants",34.15,-118.33
"2014-05-23 08:06:20","I found it",0,0,1,"0291a0fe-1144-41e0-a3f4-ffe85248d57c","trash","landfill","paper and a bad of chips","school",34.1,-118.3
"2014-05-18 11:15:46","cleaning",0,0,1,"79bb669c-0162-4fc0-b4b1-1865e2334cee","trash","landfill","expired chicken wrap","home",34,-118.34
"2014-05-20 19:52:09","drinking",1,1,2,"359fe899-3116-43aa-8152-dd42db2a17d1","trash","recyclable","paper water cup","home",33.98,-118.36
"2014-05-27 12:00:11","eating/cooking",0,0,6,"6ce30728-8e00-411a-854d-3053249679ce","trash","landfill","27 May, 2014","home",34.26,-118.57
"2014-05-24 11:43:08","drinking",1,2,2,"ab4cb551-5891-4a75-8390-bfaa9dcc1bef","recyclable","recyclable","plastic bottle","home",33.97,-118.39
"2014-05-17 21:22:32","eating/cooking",0,0,1,"2f5862a0-7ef6-4ff6-8e74-e6ca55e801f3","trash","landfill","Fruit snack","home",34.1,-118.3
"2014-05-09 21:03:46","drinking",0,0,1,"8454e6b1-e4e5-46ec-bbe9-05e0b4df929a","trash","recyclable","Plastic","home",34.19,-118.6
"2014-05-21 11:10:09","eating/cooking",0,1,2,"86342ad7-7f9b-4668-852b-4e6edc3e1175","trash","landfill","Skittles Wrapper","school",33.96,-118.42
"2014-05-18 15:18:06","drinking",1,1,1,"525bf150-7bfb-4db1-8572-485c495fd420","recyclable","recyclable","Gatorade bottle","home",33.97,-118.36
"2014-05-02 19:01:41","eating/cooking",0,0,0,"f068e381-326e-4fbf-9cf4-a29238beb4b8","trash","compost","Chopsticks","restaurants",34.45,-119.82
"2014-05-15 21:54:31","school work",0,0,1,"17e37c4f-d39d-4f63-8ed4-9a8395c1e02d","trash","recyclable","Magazine paper","home",33.97,-118.3
"2014-05-03 08:35:35","eating/cooking",0,0,3,"884e40ca-a3c8-4251-a63d-7bac03cc839b","trash","recyclable","paper plate","home",34.27,-118.48
"2014-04-29 10:40:23","school work",0,0,2,"b45980b4-8fb4-4b8d-81f1-c0c992671322","recyclable","recyclable","Paper trash","school",34.07,-118.25
"2014-05-07 19:27:31","eating/cooking",2,2,2,"88a1e8f7-4029-49db-886b-fc30b41265dc","trash","landfill","Canned cat food","home",33.79,-118.26
"2014-05-12 20:58:23","drinking",1,1,1,"cd60153b-8bca-455c-bc00-95cf4fd0d98d","recyclable","recyclable","Can","home",33.84,-118.27
"2014-05-11 17:01:59","shopping",0,0,0,"a94164c9-1b80-4d57-a551-5696a5f458ca","trash","recyclable","receipt","stores/malls",33.82,-118.27
"2014-05-06 12:32:58","school work",0,1,1,"6117c806-1fbf-432b-8180-bdb27d4c3c3e","recyclable","recyclable","Paper","school",34.2,-118.6
"2014-05-10 16:01:54","other",0,0,1,"786ad1fb-c636-4fc6-a049-236891eb83c0","trash","recyclable","Paper","home",33.83,-118.3
"2014-05-15 10:59:22","eating/cooking",0,1,2,"185e9775-c515-4fa6-b694-a1675469e5e7","trash","recyclable","Chip bag","school",33.97,-118.42
"2014-05-26 21:18:29","I found it",0,0,1,"9681a9c3-09ae-4fdc-8da0-56b4ab0da9d3","trash","recyclable","Paper","home",34.02,-118.33
"2014-05-16 23:02:06","eating/cooking",1,1,1,"9e2c83c3-ee99-407d-8fb2-211a416407ce","trash","landfill","Tin foil","home",34.24,-118.63
"2014-05-27 18:26:32","eating/cooking",1,1,2,"adbbeca5-5fb2-4738-9a14-aaee306015a5","trash","compost","Food","home",33.96,-118.3
"2014-05-23 16:41:01","drinking",0,1,1,"f3e13ebc-4933-4e17-94a8-dd72739edaf3","recyclable","recyclable","Juice bottle","home",33.92,-118.27
"2014-05-22 21:45:15","eating/cooking",0,1,1,"44f67f8a-bff1-47be-8586-5d928279071a","trash","landfill","Styrafoam bowl","home",33.92,-118.28
"2014-05-02 14:24:15","eating/cooking",0,1,1,"d6c53a0e-8364-4d26-8bc8-7fa0a49224bf","trash","landfill","Wrapper","home",33.87,-118.26
"2014-05-11 18:44:26","cleaning",1,1,3,"e7e32970-1f62-4178-8b76-741f98868698","recyclable","recyclable","papers","home",33.83,-118.28
"2014-05-08 09:34:48","eating/cooking",0,2,1,"a22bbb7f-a0af-49aa-bc10-1741b8f12dbf","trash","landfill","Plastic packaging","school",34.2,-118.59
"2014-05-07 09:48:38","I found it",0,1,1,"3bba7162-f59f-41da-8cd1-92f2131b5237","trash","landfill","Gatorade rapper","school",33.83,-118.27
"2014-05-07 12:02:01","other",0,0,1,"583de28a-0411-414b-9ed3-679267d3ebae","trash","recyclable","Paper","others",34.07,-118.25
"2014-05-15 08:44:51","eating/cooking",0,2,2,"ead7f7d9-cd21-4c6c-ada7-8257fe4d9298","trash","recyclable","Plastic cup","school",34.11,-118.31
"2014-05-07 13:36:10","eating/cooking",0,2,1,"a6c8733c-719b-4b53-8aba-bdb006253cf7","trash","compost","Orange peels food","school",34.2,-118.6
"2014-05-23 11:15:17","drinking",0,2,2,"b50c2827-454e-4c51-85ab-7375c6220cd0","recyclable","recyclable","Bottle","school",33.97,-118.41
"2014-05-05 13:26:00","drinking",0,2,1,"0cb07180-047d-4db9-9f22-f390e782e8b8","trash","landfill","Container","school",34.2,-118.59
"2014-05-20 09:26:18","school work",0,0,2,"a008a13f-7186-4080-9e9c-af358bc0f0c2","trash","recyclable","Reduce","school",33.96,-118.42
"2014-05-08 18:27:49","shopping",1,1,3,"79bd52b5-b4be-4d11-a01d-64cf7a29f83f","trash","landfill","Baseball card rapper","stores/malls",33.97,-118.35
"2014-05-21 10:35:38","drinking",0,1,3,"d91c8036-dc49-4e14-9c6b-95ef38558d7a","recyclable","recyclable","Arizona Can","school",34.1,-118.31
"2014-05-11 21:00:39","eating/cooking",0,0,2,"0824dece-caae-4bec-bca3-e522975aab13","trash","compost","organic","home",34.08,-118.26
"2014-05-25 18:11:24","drinking",0,1,3,"4c8e26a8-2949-4322-9c05-303559bceac9","recyclable","recyclable","milk gallon","home",34.24,-118.59
"2014-05-03 14:58:39","drinking",0,1,0,"e987d8af-8614-4665-a72d-8b2cfbef4fdb","recyclable","recyclable","plastic soda bottle","home",34.22,-118.56
"2014-05-27 18:59:34","school work",0,1,1,"8351f8b0-767a-4d31-8ae8-2ab2d9c465a7","recyclable","recyclable","Junk Paper, Lots","school",33.96,-118.42
"2014-05-19 07:14:07","drinking",0,1,1,"f6a8de1c-4c91-4445-81f2-86043fa9a4ee","recyclable","recyclable","plastic bottle","home",34.22,-118.6
"2014-05-14 13:59:50","I found it",0,1,2,"aeb12c34-a18c-4caa-a2f1-9a44ad1d17f3","trash","recyclable","Plastic","school",33.97,-118.41
"2014-05-12 11:42:47","eating/cooking",0,1,1,"6be57a78-3058-4d9f-8007-693f601706b3","trash","recyclable","Honey bun wrapper","school",33.96,-118.42
"2014-05-05 15:57:22","drinking",0,1,1,"6dd42997-b642-4ba2-8055-7e6f83ea820a","trash","recyclable","Gatorade Bottle","home",34.05,-118.27
"2014-04-30 18:57:27","eating/cooking",0,0,1,"3a930f17-06d9-4a68-86e6-e000fd4b593e","trash","landfill","Fast food","restaurants",33.82,-118.26
"2014-02-09 10:17:31","drinking",0,1,2,"4d9b9087-8746-4c85-84fa-78f77217b7d0","recyclable","recyclable","Water bottle","school",33.96,-118.41
"2014-05-09 20:58:44","eating/cooking",0,1,1,"59f6e33c-7aeb-4d1a-8702-0d6eb352ea09","trash","landfill","Paper plate","home",33.86,-118.26
"2014-05-04 18:05:10","eating/cooking",0,0,0,"8f1f1825-7623-475e-aa67-65c4dc477747","trash","landfill","empty bag of chips","home",33.84,-118.3
"2014-05-15 12:01:22","school work",1,2,2,"ebe4c54d-d139-4503-820e-36c6b7e15c01","trash","landfill","Broken pencil","school",33.98,-118.41
"2014-04-30 12:37:15","school work",0,1,8,"90ef0d6e-3fcc-424c-8885-b5edb4a13539","recyclable","recyclable","small piece of paper","school",33.82,-118.26
"2014-05-19 19:47:53","eating/cooking",0,0,1,"ee06ca7d-b821-4e52-8854-c03160ff6ce7","trash","recyclable","Pizza box","home",33.98,-118.37
"2014-05-01 13:22:52","drinking",0,1,2,"cbf36db9-402c-4b1c-8472-e5e34107cce3","recyclable","recyclable","Plastic water bottl","school",33.84,-118.25
"2014-05-19 23:15:06","eating/cooking",0,0,1,"6582e4d1-76b4-49fc-a707-b3af7db2cdef","trash","landfill","Paper Towel","home",33.99,-118.35
"2014-05-07 13:29:10","drinking",0,2,1,"d59349d3-157f-43d5-990b-614b3587be05","trash","landfill","Food cardboard","school",34.21,-118.59
"2014-05-07 13:12:55","eating/cooking",0,1,2,"cfd323d9-0076-4c36-8a5e-83ac24dd5aac","trash","landfill","Left over food scraps","school",34.21,-118.6
"2014-05-09 17:34:27","drinking",1,1,2,"c23fa5ba-5bb4-4d77-bb63-6d59e1dd922b","recyclable","recyclable","water bottle","home",33.84,-118.27
"2014-05-22 19:14:46","school work",0,0,4,"820eb6ac-630d-4707-b00a-81cbc84b7dc5","recyclable","recyclable","Used construction paper","home",33.97,-118.38
"2014-05-22 19:11:10","eating/cooking",0,0,2,"7c844b87-f8f8-49ca-8df2-4212d351988a","trash","landfill","popsicle","home",33.99,-118.34
"2014-05-09 22:58:40","cleaning",1,1,1,"cf941667-bb85-495d-8853-96ed4475b39a","recyclable","recyclable","Box","home",33.83,-118.28
"2014-05-12 15:07:54","eating/cooking",0,0,3,"30d78c98-5aed-482a-9771-1b2dd81a7970","trash","landfill","Fudge Bar","school",33.96,-118.42
"2014-05-15 08:23:10","drinking",0,0,3,"d2dc183d-ad96-4c65-891e-0700f3f5f488","recyclable","recyclable","Water bottle in a gate","school",33.81,-118.29
"2014-05-15 10:50:56","school work",0,1,3,"9aa86758-da3f-4e42-9568-e93c4d5e4a1c","trash","landfill","useless paper","school",34.27,-118.28
"2014-05-11 10:52:31","eating/cooking",0,1,1,"15767f4c-cc65-46e8-811a-8e7ad64f143c","trash","recyclable","Paper plate","home",34.3,-118.85
"2014-05-08 09:53:26","eating/cooking",0,0,1,"709cd858-cb6a-479b-833a-c7cec3c97017","trash","recyclable","a cup","home",34.07,-118.25
"2014-05-01 12:24:34","I found it",0,2,1,"7bec8929-360c-45ca-84c2-2171e630a5a5","recyclable","recyclable","Paper airplane","school",34.2,-118.59
"2014-05-14 10:26:36","I found it",0,1,2,"4756ac64-a2ce-4a02-89d3-36099248e3eb","trash","recyclable","paper napkin","school",33.96,-118.42
"2014-05-20 09:36:33","eating/cooking",0,0,0,"2da21595-ad15-467b-87ce-3ff9afaf915e","trash","recyclable","Ritz","school",33.96,-118.42
"2014-05-12 19:21:31","drinking",1,1,2,"07f2acb6-363c-4907-8690-7bcface2f3b6","recyclable","recyclable","Coffee mate","home",33.8,-118.25
"2014-05-01 16:26:43","eating/cooking",1,2,3,"bc3af891-0ac5-4081-82fd-3c300fa2fcd3","trash","landfill","a doritos chip bag","home",34.06,-118.24
"2014-05-05 15:15:35","eating/cooking",0,3,7,"d5389ef4-abdf-4d3f-8868-7c026b71de4c","trash","landfill","Plastic chocolate ice cream wrapper","school",33.96,-118.42
"2014-04-03 19:27:16","cleaning",1,1,1,"2ef23551-dfc2-454f-85d1-5030b801f29e","litter","landfill","Tissue paper","home",34.05,-118.31
"2014-05-06 12:27:39","eating/cooking",1,0,1,"761e2fbb-7f8f-45db-b840-5856cf110947","compost/green waste","compost","Orange peel compost","school",34.2,-118.6
"2014-05-04 18:34:35","eating/cooking",0,1,2,"61029fb0-367e-41a3-8b0f-51f05794e1aa","trash","landfill","Rapper
Plastic bag 
Water bottle 
Paper","home",34.21,-118.59
"2014-05-11 11:46:38","eating/cooking",0,1,1,"1d66ac6c-51d1-4141-82f4-71c753ad61c0","recyclable","recyclable","plastic spoon","home",34.22,-118.35
"2014-05-27 21:24:05","drinking",3,6,6,"5df118c6-aea8-438f-a445-6f459247feb0","recyclable","recyclable","Empty can of juice","home",34.09,-118.3
"2014-05-23 11:30:51","eating/cooking",0,1,2,"bad7b779-99ce-4312-be65-91b186a9f12e","trash","recyclable","Nature valley wrapper","school",34.11,-118.31
"2014-05-08 21:30:31","eating/cooking",0,0,0,"73b2ff8e-7dec-49d4-9c22-118b5288e85a","trash","recyclable","paper towel and plate","home",33.97,-118.32
"2014-05-08 11:31:00","eating/cooking",1,2,2,"7895ee0d-eb46-4d22-9707-f41f01a39a01","trash","landfill","Napkin after I ate","restaurants",33.82,-118.27
"2014-05-27 17:02:38","eating/cooking",2,2,2,"17f5e3e5-9ca2-4d82-91cd-a589d462e466","trash","landfill","chips","home",34.21,-118.54
"2014-05-13 19:14:49","drinking",0,1,2,"4da8bdca-daf7-4ec1-8df9-1fca62ef1f8f","recyclable","recyclable","Plastic bottle","home",34.21,-118.59
"2014-05-27 11:53:22","drinking",0,1,1,"37826585-48ab-473b-8a48-d20c7859d5fc","recyclable","recyclable","Bottle","school",33.97,-118.42
"2014-05-16 15:56:47","eating/cooking",0,1,1,"2cf78892-1ad9-4941-959f-7027d7a13ba3","recyclable","recyclable","Plastic container","home",34.2,-118.55
"2014-05-14 21:46:08","drinking",0,0,0,"0b4e8918-12b7-460f-8a6f-cffa96859988","trash","recyclable","Paper","stores/malls",34.2,-118.6
"2014-05-15 11:48:24","eating/cooking",0,2,2,"41b965ba-d0c8-433a-850a-d3ed13c451af","recyclable","recyclable","Candy wrapper and water bottle","school",33.96,-118.42
"2014-05-09 15:46:12","eating/cooking",0,5,5,"3eaa49ca-3761-405a-8ce3-8163e2e8235e","trash","landfill","Candy wrapper","school",33.82,-118.26
"2014-05-26 22:21:37","drinking",0,1,1,"3f23accc-5d53-4901-9d38-c4614867f379","recyclable","recyclable","Soda can","home",33.95,-118.3
"2014-05-21 09:22:36","drinking",0,2,2,"00a3e9f7-b06c-4f15-8aee-e27ec73eebbb","recyclable","recyclable","Water bottle","school",33.97,-118.42
"2014-05-02 12:56:37","eating/cooking",0,2,2,"5180cf21-9e53-48e9-9f14-f8748f20376b","trash","landfill","Subway sandwich wrapper","work",34.2,-118.6
"2014-05-05 09:48:25","eating/cooking",0,1,1,"08bacfcc-d6a0-4195-9ef8-2c428ee3ed6e","trash","landfill","plastic wrapper","school",34.2,-118.6
"2014-05-19 10:03:33","school work",0,1,3,"0f0176fe-3de1-48ea-95c9-ca6b3ad9c70a","trash","recyclable","Paper","school",34.09,-118.31
"2014-05-19 12:38:29","eating/cooking",0,0,1,"0bb20ee2-9f41-49eb-85e3-1bdfeed9f796","compost/green waste","compost","Plastic bag nasty oranges","school",33.96,-118.41
"2014-05-06 13:59:54","I found it",0,0,1,"fa42b8d3-1de0-40d6-9542-8b0f7f45ecfc","trash","landfill","plastic bag of chips","school",34.2,-118.6
"2014-05-12 19:37:02","I found it",0,5,1,"b629c4ec-75b9-4a37-8db3-38fb2fe49907","trash","landfill","Pen","school",33.81,-118.26
"2014-05-08 13:19:18","drinking",0,0,2,"863469ce-3860-4edb-8c19-4fd2900e06cc","trash","recyclable","Can","school",34.2,-118.59
"2014-05-11 19:02:44","drinking",0,0,1,"d043e586-15d5-447a-8625-f14a9ed46c30","trash","recyclable","Plastic/paper","home",34.2,-118.6
"2014-05-20 09:25:47","drinking",0,1,2,"83b25c96-5da1-412f-9830-9a9b49b3ef75","trash","landfill","Juice","school",33.97,-118.43
"2014-05-08 10:05:20","eating/cooking",0,0,1,"aa8007db-d6a0-4ebd-9ba4-836e64587281","recyclable","recyclable","bag of chips","school",34.07,-118.26
"2014-05-19 13:50:34","cleaning",0,1,3,"461c535f-aa0c-4dc9-8be4-503a238ad7a1","trash","recyclable","Paper napkin","school",34.09,-118.3
"2014-05-19 12:21:30","other",0,1,1,"40df89c2-6d06-4996-8619-a944c71a592d","trash","landfill","Chapstick cap","school",33.96,-118.42
"2014-05-16 13:27:31","school work",0,0,1,"4617e782-f2f4-4eb6-868a-e2dd57e8c21e","trash","recyclable","Paper","school",34.2,-118.59
"2014-05-09 11:31:08","drinking",0,2,1,"18223c2f-7436-404c-8837-d8c0929a2961","recyclable","recyclable","The top of a plastic two liter bottle.","home",33.97,-118.42
"2014-05-18 12:04:27","drinking",0,1,1,"6d4e95d5-566d-497f-8f7a-ebc645cb8554","trash","landfill","plastic cup","home",34.22,-118.6
"2014-05-05 10:05:37","school work",0,0,2,"b35ff8a0-75c3-4423-95d0-827ce71cd68f","trash","recyclable","Paper","school",34.21,-118.6
"2014-05-19 10:03:48","eating/cooking",0,1,1,"0d4289de-5168-4a66-a017-16ed6ca909ee","trash","landfill","plastic wrapper","school",34.2,-118.6
"2014-05-08 19:06:34","eating/cooking",0,1,2,"a051408a-048d-4473-bfc4-84c7c6111ab3","trash","landfill","styrofoam takeout container","home",33.83,-118.24
"2014-05-25 08:29:26","I found it",1,1,1,"6582a746-72be-450e-8519-ecb44860f889","trash","landfill","Card","work",33.98,-118.29
"2014-05-14 09:06:05","I found it",0,1,2,"33276efc-f137-47e7-9b90-2acf24ff6bd4","trash","recyclable","used chap stick","school",33.96,-118.41
"2014-05-17 14:29:29","eating/cooking",0,0,0,"2cf68a2f-9243-424d-867f-e6b9439b0d71","trash","compost","Banana peel","in transit",33.97,-118.36
"2014-05-15 08:49:59","school work",0,0,1,"93f65507-5750-4c0b-bb7f-fae84956a4c3","trash","recyclable","paper","school",33.97,-118.43
"2014-05-12 13:13:16","eating/cooking",0,1,2,"a1ac9b33-d636-48f9-87a0-ea5e42666dab","trash","landfill","Tin foil","school",34.2,-118.6
"2014-05-08 15:41:45","drinking",0,0,2,"28fb0b37-0122-43cc-9989-11092070bdb0","trash","recyclable","Plastic straw","restaurants",34.19,-118.6
"2014-05-11 21:02:01","drinking",0,0,2,"77a64732-5791-4f1e-89af-6fc4302aa956","trash","landfill","gallon","home",34.08,-118.26
"2014-05-11 21:11:29","school work",0,0,1,"63917d4b-bf9e-4567-8cf5-dc6ac387cd9d","trash","recyclable","Paper","home",34.19,-118.61
"2014-05-10 20:23:19","drinking",0,1,1,"3534292c-a4a1-49d2-a555-4ade6450623a","recyclable","recyclable","water bottle","home",33.81,-118.25
"2014-05-11 21:50:42","school work",0,0,1,"1ecb1f79-b4e7-4244-96da-2fca3326524d","trash","landfill","paper","home",34.22,-118.59
"2014-05-24 11:43:47","drinking",1,2,2,"3f52c6dd-ea76-4a59-bf85-3fa36f648e11","recyclable","recyclable","aluminum bottle","home",33.97,-118.4
"2014-05-21 19:44:12","eating/cooking",0,1,1,"427d0cca-2e5f-4354-b6b2-38e99435cec3","recyclable","recyclable","Cup","restaurants",33.98,-118.38
"2014-05-13 20:13:49","drinking",0,1,2,"a0d80e63-7d22-43f1-ac7c-e9cda3fa0782","recyclable","recyclable","Plastic bottle","others",34.22,-118.44
"2014-05-12 10:59:31","I found it",0,1,1,"180ab603-8853-4380-8d51-46b850b70520","litter","landfill","Bag of Munchies","school",33.96,-118.42
"2014-05-08 09:57:33","school work",0,0,2,"5a7b64d7-1793-4250-ad95-7eaba072df89","trash","recyclable","Paper everywhere","school",34.07,-118.26
"2014-05-27 19:11:18","eating/cooking",0,1,1,"03693bae-4b92-4fd2-aaed-2ac8188b20c2","trash","landfill","Gum Wrapper","home",33.96,-118.43
"2014-05-20 00:28:20","eating/cooking",0,0,1,"c2b743dc-613f-4591-9c05-2d9e3d673a6a","trash","compost","Orange pillings","home",34.1,-118.13
"2014-05-03 18:01:51","shopping",0,0,1,"248bb2a2-fd61-4e58-b348-b97bf7f6c65e","trash","landfill","Cardboard shipping box","home",34.16,-118.41
"2014-05-31 20:25:32","drinking",0,0,1,"11f1cf18-e14d-435b-ae1a-69e8ffe72773","trash","recyclable","Water Bottle","home",34.24,-118.59
"2014-05-22 20:43:00","drinking",0,0,1,"13c8841f-0205-476a-891a-b1427ccf6fac","trash","recyclable","Cup","home",34.07,-118.28
"2014-05-01 20:12:36","eating/cooking",0,0,3,"e4398448-83ec-4407-a3f7-9b80ea9afd1d","trash","recyclable","paper trash; napkin","home",34.27,-118.5
"2014-05-22 09:09:48","school work",0,0,0,"f5ada548-97e7-496c-9336-02c8966ba267","trash","recyclable","Piece of paper","school",33.96,-118.41
"2014-05-08 21:53:15","cleaning",0,1,1,"e9162ce7-efff-491f-b7ed-1a14c97ed6ce","trash","landfill","Broken necklace","home",33.82,-118.29
"2014-05-20 12:50:50","eating/cooking",0,2,2,"2ee2ec69-4ca4-4793-a05e-18748c5eeacd","trash","landfill","lays bag","school",33.96,-118.41
"2014-05-01 13:09:51","eating/cooking",0,0,2,"3d1ac98b-7a37-449c-8b04-b94253a8b09d","trash","landfill","wrappers","school",34.19,-118.59
"2014-05-11 19:05:35","eating/cooking",0,1,1,"e24cf0fa-8157-46eb-8e46-7a63ed922e6b","trash","recyclable","Plastic cover","home",33.84,-118.22
"2014-05-07 18:44:01","eating/cooking",0,0,2,"cd27be9b-0067-43df-9da6-9a2c15a35c41","trash","landfill","chocolate box","home",33.83,-118.27
"2014-05-07 13:21:57","eating/cooking",0,1,2,"a7b4063a-d9e8-46ef-9b69-581578b7a974","trash","landfill","cup noodles","school",33.83,-118.26
"2014-05-01 20:10:12","eating/cooking",0,1,3,"9ab66b7e-500b-4ce0-b16b-5671ab049f0f","trash","landfill","Food leftovers","home",34.27,-118.49
"2014-05-08 15:29:29","drinking",0,0,2,"d122eed1-44b1-4a2c-9a79-4c15d0f7a6d1","trash","recyclable","Plastic","restaurants",34.21,-118.6
"2014-05-05 10:03:36","school work",0,0,2,"f567eaa3-586b-4a58-89c8-4916987ab7d3","trash","recyclable","Paper","school",34.21,-118.6
"2014-05-12 08:55:42","school work",0,1,1,"609e0524-4ae2-47ee-8def-e3a3973bd20a","trash","recyclable","Piece of paper","school",33.82,-118.27
"2014-05-15 07:46:50","eating/cooking",0,0,1,"9f74e9c0-cabf-4f17-8757-3db728c8a860","trash","landfill","hot cheetos","school",33.96,-118.42
"2014-04-30 19:17:50","drinking",0,0,0,"1c40ec6b-6f72-464f-898d-b9cabda6d87e","recyclable","recyclable","Water bottle","home",33.84,-118.24
"2014-05-23 12:28:16","eating/cooking",0,0,1,"cb2079f8-7c89-49e5-8da6-4af02400379b","trash","landfill","snickers wraper","school",34.1,-118.3
"2014-05-01 12:41:34","cleaning",0,2,1,"8dcb6bfa-7678-4a2b-9831-ecc41d5db880","recyclable","recyclable","Paper","school",34.2,-118.6
"2014-05-09 12:24:48","school work",0,2,2,"7ca786b9-8bb0-4463-8e2c-123c319293bf","trash","landfill","Open lamdfill","school",33.96,-118.42
"2014-05-11 21:30:52","drinking",0,0,1,"c6a81f2f-5ca2-4505-8dad-c6c9159ce5bd","recyclable","recyclable","Empty bottle","home",33.85,-118.29
"2014-05-22 12:44:59","drinking",1,1,1,"15ee290d-cfd2-41bc-8ac7-f53cb73c5225","recyclable","recyclable","Starbucks cup","school",34.11,-118.3
"2014-05-21 08:41:59","eating/cooking",0,1,1,"7252d5e2-d24d-4cb9-9d89-c35867e12d99","trash","landfill","Plastic bag","school",33.97,-118.43
"2014-05-15 13:16:45","eating/cooking",0,1,4,"b2d5374a-4b9a-4a98-b2fd-f66ff89c430a","trash","landfill","Plastic wrapper","school",34.21,-118.6
"2014-05-08 08:53:51","school work",0,0,2,"7e911d9b-6259-47d9-baa6-0e68364df399","trash","recyclable","Paper","school",33.99,-118.28
"2014-05-21 16:43:45","eating/cooking",0,0,0,"0f710ed9-b6e1-4e75-878c-ffd88f1dc3d3","trash","recyclable","Small Cardboard Box","restaurants",34.21,-118.58
"2014-05-06 14:31:28","drinking",0,0,0,"a173080b-0bce-434a-8d16-24d44ca1ff98","recyclable","recyclable","Plastic","stores/malls",34.2,-118.6
"2014-05-19 23:11:50","cleaning",1,1,1,"459112f5-cfa1-4459-8c61-1c12ed544817","recyclable","recyclable","White used paper","home",33.98,-118.29
"2014-05-22 09:16:17","school work",0,1,2,"c2d94fbe-097e-46b9-849f-6b78aca729a0","trash","recyclable","Paper","school",33.97,-118.42
"2014-05-20 10:47:50","school work",0,2,2,"b03fe49c-b9a2-4b74-9a88-246ee555b5c3","recyclable","recyclable","Manila folder","school",33.96,-118.43
"2014-05-24 14:08:02","drinking",3,6,6,"f38ec3bb-b383-4f80-8d40-b621597687d1","trash","landfill","Finish caprisun","home",34.09,-118.31
"2014-05-08 17:38:12","eating/cooking",1,1,2,"8d22eaf3-1548-41a8-8206-90538b3ca90c","trash","landfill","paper plate","home",33.83,-118.27
"2014-05-07 21:19:58","eating/cooking",0,0,3,"5611ec82-6cb9-435c-b689-6cf876afc44b","trash","landfill","food trash","home",34.27,-118.49
"2014-05-05 10:01:24","school work",0,0,2,"15686869-59ed-4a5f-b731-6564a3b57a0a","trash","recyclable","Paper","school",34.21,-118.59
"2014-05-10 13:26:01","eating/cooking",0,2,3,"3f78dc1e-5a68-4522-8b39-0ff17b2b8314","compost/green waste","compost","Fruit peel","others",34.27,-118.77
"2014-05-04 22:46:21","drinking",0,0,1,"1a11ae94-ca1e-4549-b898-299449a70f9f","recyclable","recyclable","Juice plastic bottle","work",34.26,-118.48
"2014-05-07 22:13:02","eating/cooking",0,0,2,"4df29a94-679d-4429-84c3-6762d8bb8f91","trash","landfill","Candy warper","home",34.23,-118.44
"2014-05-06 15:06:47","eating/cooking",0,1,1,"a888b884-97c5-4866-b0c2-264dfe5c7869","trash","landfill","cookie plastic wrapper","home",34.22,-118.59
"2014-05-07 13:27:19","eating/cooking",0,2,1,"01de1fb9-370b-4bc0-b798-28694332c9c1","trash","compost","Food","school",34.2,-118.6
"2014-05-16 08:38:33","school work",0,1,3,"87d30b3e-8833-4184-b7cd-140599522989","trash","recyclable","piece of paper","school",34.1,-118.3
"2014-05-08 11:15:40","eating/cooking",0,1,9,"5b429191-3a0b-4aee-a6a5-0178b70bb0be","trash","landfill","Granola Bar Wrapper","school",33.83,-118.27
"2014-05-10 20:45:07","drinking",0,1,1,"860cd68f-dfa3-41c8-89a6-8e9fbdd36585","recyclable","recyclable","Bottle","stores/malls",33.87,-118.25
"2014-05-11 19:06:50","eating/cooking",0,1,1,"249a812e-3ad6-4b62-8c21-62dcaf22d892","trash","landfill","Packaging","home",33.85,-118.21
"2014-05-12 10:57:43","I found it",0,1,2,"a4568ffc-864e-48d3-a3a6-5089742e4a10","recyclable","recyclable","Wrigley's gum wrapper","school",33.97,-118.43
"2014-05-10 19:34:27","eating/cooking",0,1,1,"048ec465-2fef-4576-bc24-4a9010f61c03","trash","landfill","cupcake wrapper","stores/malls",34.01,-118.33
"2014-05-19 16:28:37","eating/cooking",0,1,1,"7a14f508-d9e3-4a2a-80aa-3f8d45841d1e","trash","recyclable","Popsicle","home",34.1,-118.33
"2014-05-03 07:16:30","drinking",0,1,2,"4a98411f-63dc-4617-8a95-0a5804509e17","trash","landfill","Juice box","home",34.21,-118.6
"2014-05-14 21:09:35","eating/cooking",0,1,1,"a7f34474-825c-4788-a0cb-e138eb284198","trash","landfill","Styrofoam cup","in transit",34.22,-118.6
"2014-05-11 20:19:06","eating/cooking",0,0,1,"4b623633-d483-4f1b-8c49-510bd5694e2b","trash","recyclable","Sour patch wrapper","home",33.85,-118.29
"2014-05-08 10:09:32","I found it",0,0,1,"f2f434ea-d5b6-431d-a67c-07116cd04926","recyclable","recyclable","paper towel","school",34.07,-118.25
"2014-05-20 10:24:59","drinking",1,1,2,"22bcf430-2133-46db-af1a-51ba798f8b0e","recyclable","recyclable","Plastic bottle","school",34.26,-118.58
"2014-05-08 22:18:49","eating/cooking",2,2,2,"1f262264-64aa-40b1-8fc7-e39503a50c16","trash","landfill","Cup noodles cup","home",33.78,-118.25
"2014-05-04 15:47:59","eating/cooking",0,1,1,"69181241-ab40-4ab8-854e-e33415aaee19","trash","recyclable","Watter bottle","home",33.83,-118.29
"2014-05-24 11:50:51","drinking",1,2,2,"b828620c-a5a1-4c0e-9289-a134edf2ab74","recyclable","recyclable","glass bottle","home",33.97,-118.39
"2014-05-13 10:00:48","I found it",0,1,2,"464a3c7d-a8d0-48db-a4da-a0d1451c7eab","recyclable","recyclable","Can","school",33.97,-118.41
"2014-05-20 12:41:36","eating/cooking",0,0,1,"049d1e15-8156-4db3-86ac-12218a16bfee","trash","recyclable","Plastic Wrapper","school",33.97,-118.43
"2014-05-08 11:11:39","eating/cooking",0,2,1,"2b91fb3a-7f99-40d3-aeaa-204ec3588e10","trash","landfill","its full if many different wrappers and bags","school",33.97,-118.41
"2014-05-12 10:51:54","eating/cooking",0,0,2,"60269c94-ca7d-406b-991d-0e653ff067a6","trash","landfill","Food wrappers","school",33.97,-118.43
"2014-05-12 12:06:09","drinking",0,1,1,"2df5fc6d-0cfe-4b7c-9efc-624dbc95e2c2","recyclable","recyclable","A Caprisun Pouch","school",33.97,-118.42
"2014-05-15 10:18:22","eating/cooking",0,1,2,"803e01e5-6afd-463a-b64a-8fdbee4dde85","trash","recyclable","gum wrapper","school",33.96,-118.43
"2014-05-16 12:58:02","I found it",0,2,2,"1fbd406c-2752-4bfe-b204-748ac67e0f54","recyclable","recyclable","Cupcake thing","school",33.97,-118.42
"2014-05-06 12:09:31","eating/cooking",0,0,1,"a5c63722-ad91-469e-84b3-b5a28cd2f9f4","trash","landfill","Cheez it bag wrapper","school",34.2,-118.6
"2014-05-02 12:10:11","school work",0,2,2,"46c7f437-2d13-4f9a-86ec-9c8e036ef78e","recyclable","recyclable","Lined college ruled paper","school",33.97,-118.43
"2014-05-14 09:01:56","school work",0,1,2,"1f32669a-a7b8-4135-bd0e-21285a0a1b9e","recyclable","recyclable","stack of paper used","school",33.97,-118.41
"2014-05-27 12:04:29","school work",1,1,1,"ec4c7eb8-00be-4f55-8ac3-fa6e952191cc","trash","landfill","old pencle","school",33.97,-118.42
"2014-05-22 11:11:01","eating/cooking",0,2,3,"c1f4f35f-0864-4747-871f-7e34f7be8320","trash","compost","Lays","school",33.96,-118.41
"2014-05-01 16:44:20","drinking",1,2,1,"ecf3ecd4-404e-426e-bbed-d6f6664b2e43","recyclable","recyclable","glass bottle of snapple","home",34,-118.25
"2014-05-16 08:46:50","other",0,0,1,"39d9048d-fd94-40f0-82c3-17421e2c19a6","trash","landfill","Gum container","school",33.96,-118.41
"2014-05-22 09:56:34","drinking",2,9,4,"4bf29956-8d6e-4f47-888b-5780da9e398f","recyclable","recyclable","It's a paper that is already used and needs to be recycle","school",34.1,-118.31
"2014-05-21 16:34:16","I found it",1,1,2,"2fab474d-2745-4d42-8bca-e1e16b6cdb55","recyclable","recyclable","Card board box","home",34.02,-118.29
"2014-05-09 12:19:44","cleaning",0,2,2,"e42feb70-98b3-48a0-9d0b-e40ecea3745f","recyclable","recyclable","Plastic","school",33.97,-118.42
"2014-05-21 10:09:22","eating/cooking",0,1,3,"ccc52df5-3c3e-4e52-b5b0-547314d816f0","trash","compost","Breakfast","restaurants",34.1,-118.31
"2014-05-21 11:21:40","eating/cooking",0,0,1,"32aec2d1-4c97-4576-9543-dad4e5ced1a5","trash","landfill","unrecycable","school",34.26,-118.57
"2014-05-11 19:09:11","eating/cooking",0,1,1,"02d8550d-a035-4eb2-87d0-d8af86ba4096","trash","landfill","Packaging","home",33.85,-118.21
"2014-05-08 13:35:37","eating/cooking",0,2,2,"f4979018-cef1-4ead-9028-b6b79ff1397e","trash","landfill","85 degrees wrapper","school",33.83,-118.27
"2014-05-22 16:48:41","eating/cooking",0,0,1,"3db47632-15b5-494b-8ec2-12b9fcd80a61","trash","landfill","Lots of In-N-Out trash","in transit",34.01,-118.35
"2014-05-02 09:00:25","drinking",0,1,1,"4e1f842a-03fb-4e7b-97f4-ffc9ad79411a","recyclable","recyclable","Arizona fruit punch","school",34.02,-118.24
"2014-05-06 12:07:23","eating/cooking",0,1,1,"bb2910db-117a-4b18-9c0e-949c5fef8582","recyclable","recyclable","Chip wrapper bag","school",34.2,-118.6
"2014-05-07 13:38:03","eating/cooking",0,2,1,"0ee8b502-edab-401a-909e-a3e1c5ca6445","trash","landfill","Food","school",34.19,-118.6
"2014-05-09 08:55:31","school work",0,1,1,"fc55d7c8-e5f9-41b9-8afc-302a4c4d4cc2","trash","recyclable","It is white paper","school",33.97,-118.43
"2014-05-15 09:14:25","eating/cooking",0,1,2,"bb1d549c-86e4-4a26-bec7-615963ec4362","trash","compost","Bananna Peel","school",33.97,-118.41
"2014-05-01 20:19:12","eating/cooking",0,1,2,"66bdf3f4-1d0f-4350-969e-12773bd30889","recyclable","recyclable","Cans","home",33.84,-118.22
"2014-05-02 20:42:25","eating/cooking",0,0,2,"87037977-cd37-4cf3-9e42-ff8a1035a1fa","trash","landfill","Wrapper","school",34.2,-118.6
"2014-05-26 21:19:34","I found it",0,0,1,"56b72222-c9e8-4357-8f64-c84c1dc43482","trash","landfill","Blunt wrap","home",34.02,-118.34
"2014-05-10 21:56:31","eating/cooking",0,0,1,"3b0a5d33-ba90-48b7-bd9b-0bcb1577bf2e","trash","recyclable","Paper","home",34.58,-118.07
"2014-05-09 12:19:19","school work",0,2,1,"24648b18-b0c8-4d10-8c26-3d0afd183de1","trash","recyclable","Paper","school",33.97,-118.42
"2014-05-22 11:19:37","drinking",0,1,1,"f31c395d-f6d9-4ea1-800b-c28166aa70d0","recyclable","recyclable","Can","school",33.97,-118.43
"2014-05-23 16:50:17","eating/cooking",0,6,6,"2818959e-63ea-4641-b064-fc1bf1e92cd9","trash","landfill","some used napkins and a hot pockets box","home",34.1,-118.3
"2014-05-08 09:44:00","school work",0,1,0,"c2ad775c-dab2-49f1-b33a-dc9f5c17f8f7","recyclable","recyclable","a gum wrapper and papers","school",34.07,-118.25
"2014-05-16 20:11:44","shopping",0,1,1,"2d18cdc4-fed3-416f-85a9-3a900bee1e6c","trash","landfill","earring holder","stores/malls",33.97,-118.36
"2014-05-01 09:53:08","school work",0,1,2,"532a15dc-5924-4912-975c-6176817c010a","trash","recyclable","Price of paper","school",33.96,-118.43
"2014-05-08 19:50:14","drinking",1,1,2,"f8aeb4ba-6f28-469a-8d5f-8f94013dab74","recyclable","recyclable","water bottles","home",33.84,-118.26
"2014-05-09 10:40:37","eating/cooking",0,0,1,"adb255a2-f1ef-47d3-8d0c-9e1c87f12db4","trash","landfill","Cheese wrap","home",34.07,-118.28
"2014-05-22 16:52:31","eating/cooking",0,0,1,"ece10d09-1d92-454f-8c25-75f27c527a30","trash","landfill","Lots of In-N-Out trash","in transit",34.01,-118.34
"2014-05-07 17:22:54","other",1,0,1,"4d5cc06a-20fa-4824-8199-6da521e70d7b","trash","recyclable","Paper wrap","home",33.85,-118.27
"2014-04-30 19:19:29","drinking",0,0,0,"a5df56a0-dfbd-477f-9b66-9a52b5d2e215","trash","compost","a small used tea bag","home",33.82,-118.25
"2014-05-09 11:06:19","eating/cooking",0,1,2,"f3bdc630-ce6a-4d52-8e42-eea313c8955a","trash","landfill","chips bag","school",33.83,-118.27
"2014-05-17 15:20:00","cleaning",0,1,1,"15a3587b-a30d-46cb-848e-a64cf7a02d6d","trash","recyclable","Magazine page","home",33.97,-118.31
"2014-05-16 16:08:55","eating/cooking",0,1,1,"ac81ee3a-69dd-4419-8622-127c7b5291a2","trash","compost","Apple core","home",34.2,-118.54
"2014-05-22 09:59:25","I found it",0,1,3,"6296ba43-239d-4c1e-9622-014300bfcd95","recyclable","recyclable","Bottle of water","school",34.1,-118.31
"2014-05-14 12:13:47","eating/cooking",2,2,2,"b54e1b8c-1719-4c3a-8d6b-2e006c25beda","trash","recyclable","a bag of cheetos","school",33.96,-118.42
"2014-05-09 09:32:35","eating/cooking",0,2,1,"33a0fa2c-c4c1-486b-a6fb-efe5c262d22a","trash","landfill","Paper wrapper","restaurants",34.2,-118.59
"2014-05-05 09:40:03","eating/cooking",0,2,1,"f87f2451-7f6b-4412-aa21-52680c589e09","trash","recyclable","Plastic utensil","school",34.21,-118.59
"2014-05-20 09:11:57","school work",0,2,2,"055c833e-58bb-4c20-8ddc-22cf4e7bcfac","recyclable","recyclable","Construction Paper","school",33.96,-118.41
"2014-05-03 18:36:44","eating/cooking",0,0,1,"eaf66134-a28e-423f-9a77-94c901d9a38f","trash","landfill","Plastic gum wrapper","in transit",34.35,-119.4
"2014-05-10 13:51:17","eating/cooking",0,0,1,"00a7eea7-7656-4ff2-903e-a4388894f55a","trash","landfill","Catboats/container","home",34.19,-118.61
"2014-05-24 14:05:13","cleaning",3,6,6,"bf9f422b-44ea-4fc3-a934-71dc5724365d","recyclable","recyclable","A empty paper roll","home",34.1,-118.3
"2014-05-25 23:36:04","cleaning",1,1,2,"698aef75-8ec6-4646-adb0-ab669b35d3aa","trash","landfill","used paper towel","home",33.98,-118.37
"2014-05-09 23:16:14","cleaning",0,1,3,"4942f6be-9801-48e5-9e1b-8f74443c1f5f","trash","landfill","Napkin","home",33.83,-118.26
"2014-04-02 12:11:48","eating/cooking",1,3,2,"04fd0ec3-c098-419c-a2c0-893c0decce8b","compost/green waste","compost","Dried banana leaves","work",34.07,-118.25
"2014-05-07 22:28:53","drinking",0,1,3,"7b000cd0-74ae-4bdf-985e-7acc00248005","trash","recyclable","Cup holder","restaurants",33.84,-118.23
"2014-05-09 22:55:42","cleaning",1,1,1,"c9353161-e292-40bc-ac68-e3e255f4dd6a","recyclable","recyclable","Paper","home",33.83,-118.27
"2014-05-02 12:24:49","eating/cooking",0,1,1,"0349fb5a-e0ae-4916-80ed-8dcdfc1ed4c8","trash","recyclable","Gum wrapper","school",33.96,-118.41
"2014-05-21 07:25:45","drinking",0,1,1,"fdee583a-66e8-43f0-84f4-421e5601d6f1","recyclable","recyclable","Can of monster","stores/malls",34.01,-118.25
"2014-05-20 09:20:40","school work",0,0,2,"f0f03ed2-d75e-4c5b-81d0-97fcee57fc83","trash","recyclable","Litter bug","school",33.97,-118.42
"2014-05-20 10:52:42","eating/cooking",0,2,2,"5b5c1dda-c762-4b1a-b326-5323706c8ec3","recyclable","recyclable","Plastic bag","school",33.95,-118.4
"2014-05-08 21:23:28","I found it",1,1,1,"d950bb2e-311d-432f-8a59-c9e01f696e86","trash","landfill","Candy","home",33.83,-118.27
"2014-05-14 09:10:09","eating/cooking",0,1,2,"4bd779f1-4540-48f5-9f9c-4c6e3c2a604d","trash","recyclable","cough drop wrapper","school",33.97,-118.42
"2014-05-20 10:59:43","school work",0,1,3,"6aef3c5a-1945-446b-8273-3856cc4a19f9","recyclable","recyclable","Paper","school",33.97,-118.43
"2014-05-27 19:05:40","eating/cooking",0,1,1,"b0bf43ee-b41f-4b81-8218-eaf014c7d6c6","trash","landfill","Gum","home",33.96,-118.43
"2014-05-10 11:54:17","other",1,1,1,"ab92a31a-fee3-4ee1-a466-59252993b3c9","trash","landfill","used tissue","home",34.01,-118.34
"2014-05-16 10:15:40","drinking",0,2,2,"2c4640e6-8a30-4450-8025-159e73482936","recyclable","recyclable","Bottle plastic","school",33.97,-118.42
"2014-05-07 20:12:32","eating/cooking",0,1,1,"1a7188f6-824c-4423-b594-b93e742c7bf8","trash","recyclable","Paper packaging","home",33.84,-118.2
"2014-05-16 11:45:34","eating/cooking",0,0,1,"01a15a10-f11c-4a1d-8d17-cade6fbefc10","recyclable","recyclable","Wrapper","school",33.97,-118.43
"2014-05-17 14:15:13","eating/cooking",0,1,1,"2bfda931-96fa-4065-951f-1529d8301e1d","trash","landfill","another candy wrapper...","home",33.97,-118.36
"2014-05-07 20:26:41","eating/cooking",0,2,1,"2fb35c36-7ee4-443a-a283-02998e813463","recyclable","recyclable","Cardboard Box","home",34.06,-118.28
"2014-05-01 13:12:14","drinking",0,0,1,"beef3f24-0833-4434-b2be-ee28bc002221","trash","recyclable","Cans","school",34.2,-118.59
"2014-05-05 15:03:31","I found it",0,0,0,"8e6ef4b0-c236-4382-9a00-86818502799f","trash","recyclable","Paper","school",34.2,-118.6
"2014-05-15 10:38:33","drinking",0,0,1,"925ba26f-23a9-44a3-96cc-3a1788ebf709","recyclable","recyclable","bottles","school",33.96,-118.41
"2014-05-09 20:59:13","eating/cooking",0,1,1,"f9b11318-9d11-4818-a09d-fdc7c092add9","recyclable","recyclable","Soda can","home",33.86,-118.26
"2014-05-23 16:05:07","drinking",1,2,0,"6accf9be-949b-4074-b395-1d3bc47519e1","recyclable","recyclable","Starbucks cup","restaurants",34.27,-118.59
"2014-05-05 15:35:53","eating/cooking",1,0,1,"c14b9acb-054d-4aab-9d27-bbf6e6044b5f","trash","landfill","Mcdonalds paper coffee cup","work",33.85,-118.26
"2014-05-26 10:31:00","school work",1,1,3,"5f3e670b-ec6f-45a2-9bac-752711540b84","trash","landfill","Paper","home",33.98,-118.29
"2014-05-08 11:26:53","drinking",0,0,2,"e4a7b4ae-221e-47a7-bc23-33138528bb72","trash","recyclable","Sprite can","school",33.96,-118.42
"2014-05-11 19:01:55","drinking",0,0,1,"ab1572be-0549-461c-8646-8e204af59071","trash","recyclable","Plastic","home",34.19,-118.6
"2014-05-05 09:49:45","eating/cooking",0,0,2,"2b86dad2-109d-4cbc-882b-882fee35b335","trash","recyclable","Packaging","home",34.2,-118.6
"2014-05-14 08:12:38","eating/cooking",0,3,2,"cb879935-1039-4ae8-9c8e-a518e08c5002","trash","landfill","Chip bag","school",33.96,-118.42
"2014-05-09 08:22:03","school work",0,0,2,"905a2f9a-7a86-4a64-a743-6be1b9bef306","trash","landfill","Plastic laminate","school",34.2,-118.59
"2014-05-21 12:42:50","eating/cooking",0,2,2,"f691a773-9ead-4cf6-8b47-0a4808513a1f","trash","landfill","Zip loc bag","school",33.96,-118.43
"2014-05-15 19:30:57","I found it",2,1,3,"d3032379-79f2-4020-952f-c16beb516d4a","trash","compost","The trash everybody makes","home",33.83,-118.3
"2014-05-05 18:39:51","drinking",1,0,1,"6cb66912-e09d-4a5b-854b-e505aec8ba03","trash","landfill","Mcdonalds styrofoam cup","home",33.84,-118.27
"2014-05-28 08:40:11","school work",0,2,3,"705de541-8e81-4e19-840f-2c9c0426b849","trash","landfill","Pen","school",33.96,-118.43
"2014-05-23 09:30:39","drinking",0,2,0,"98da9294-e6d0-4e48-99dd-681c17f2d6c6","recyclable","recyclable","Orange juice bottle","school",33.97,-118.41
"2014-04-30 08:48:46","other",0,2,1,"2ff9c8d7-387c-4cd6-8bef-5a329dc9f936","recyclable","recyclable","Paper","school",34.02,-118.24
"2014-05-08 07:27:50","eating/cooking",0,0,1,"aeb23e7b-c2fa-4a10-a0f6-c64c1dc56d3e","trash","recyclable","Plastic utensil","stores/malls",34.21,-118.6
"2014-04-29 21:30:38","eating/cooking",1,2,1,"b399048f-39a5-45be-ad7f-163016cc870a","trash","landfill","throwing away my candy wrapper","home",34.01,-118.24
"2014-05-27 12:04:39","eating/cooking",1,1,1,"eac860b7-7409-47f9-8f6e-6f02ded2fca7","trash","landfill","Box of gum","school",34.11,-118.31
"2014-05-22 16:54:07","eating/cooking",0,0,1,"bda6c5e6-6728-49c2-8c8a-442bfbb8773e","trash","recyclable","Lots of In-N-Out trash","in transit",34.02,-118.34
"2014-05-29 13:57:00","I found it",0,2,2,"af456a19-0c9c-4558-9423-e4f056375d8c","recyclable","recyclable","plastic","school",34.11,-118.3
"2014-05-16 11:42:32","drinking",0,0,1,"6084d9cf-4e3f-47c5-8460-393ee3619aeb","trash","recyclable","A juice can","school",33.97,-118.42
"2014-05-19 09:11:39","drinking",0,1,1,"77c4694d-d503-4ca9-a559-852458d63afc","recyclable","recyclable","Bottle cap","school",33.96,-118.41
"2014-05-23 12:48:41","eating/cooking",0,2,3,"0c1b367d-04cc-43b4-9e91-9538335c1746","trash","landfill","Chips bag","school",33.95,-118.42
"2014-05-02 09:11:04","school work",0,1,3,"4035f62c-a15c-4f05-8101-184444f94aaa","trash","recyclable","Recyclable","school",33.96,-118.42
"2014-05-24 11:57:45","eating/cooking",1,2,2,"e32e5fb9-652f-48f6-89a5-3bb2c76a14c3","trash","recyclable","plastic chips bag","home",33.96,-118.4
"2014-05-03 17:53:14","eating/cooking",0,0,1,"d0d7664b-c84a-4f0f-9bae-57d41405ff5f","trash","landfill","Paper ""Jack in a Box"" taco wrapper","home",34.16,-118.42
"2014-05-16 09:41:36","drinking",1,2,2,"71e74040-0033-4815-8666-f7f3fd1e9622","recyclable","recyclable","Starbucks cup","school",34.1,-118.3
"2014-05-01 21:37:48","eating/cooking",0,1,1,"6a5052d4-e246-489f-ae6b-644acc948dd1","trash","landfill","Paper plate","home",33.87,-118.27
"2014-05-10 12:05:54","drinking",0,1,0,"d25393b8-5b19-49f9-8033-5efd82103e27","trash","landfill","protein","home",33.82,-118.26
"2014-05-20 07:15:06","cleaning",0,1,1,"3f8e225b-1a28-4cf3-9e5f-17951fb6cbcf","trash","landfill","paper","home",33.98,-118.36
"2014-05-16 10:39:31","eating/cooking",0,2,2,"65084076-8986-44fd-9afc-d9318fe0267a","trash","landfill","Trash .","stores/malls",34.1,-118.3
"2014-05-01 12:23:23","cleaning",0,2,1,"966f656d-9580-4157-a428-b1bb4a03cf25","recyclable","recyclable","Paper","school",34.2,-118.59
"2014-05-07 22:10:54","eating/cooking",0,0,2,"2c394b11-db1b-4c49-a48d-79a976ee70a7","trash","landfill","Gun warper","home",34.23,-118.44
"2014-05-10 12:03:18","cleaning",1,1,1,"1135080d-c9cc-4404-9ca3-55a1d5a30242","recyclable","recyclable","3 water bottle caps that I'll recycle and one dropped pill that I will put in the trash for landfill","home",34,-118.33
"2014-05-08 19:36:29","drinking",0,2,5,"c591a621-819d-414c-9456-502109469278","trash","landfill","Paper container","others",34.19,-118.49
"2014-05-03 15:41:42","eating/cooking",0,0,1,"bfe41c26-1a4d-4adc-84ce-2b9686b1f78f","trash","landfill","Food","home",34.2,-118.6
"2014-05-06 10:07:02","school work",0,0,2,"337349ba-c820-45d1-9daf-8a780200d49e","trash","recyclable","Paper","school",34.2,-118.59
"2014-05-30 07:45:25","eating/cooking",1,2,3,"3ea1dc0f-c704-4f35-bc5e-ee66673263a3","trash","landfill","Gum wrapper","stores/malls",34.27,-118.58
"2014-05-08 17:06:19","eating/cooking",0,1,3,"a7a3b29e-f351-4194-8441-96e3e937f9a8","recyclable","recyclable","Cookie container","home",33.83,-118.25
"2014-05-20 12:46:02","eating/cooking",0,2,4,"45f4cd58-c61d-4f64-9c06-40cd531cbb3e","trash","landfill","Cheez it bag","school",33.97,-118.42
"2014-05-19 11:01:36","school work",0,1,1,"342db59b-30f8-41a7-9ab8-d2d83b00df49","trash","recyclable","Sticky note paper","school",33.96,-118.42
"2014-05-22 12:37:18","eating/cooking",0,0,1,"73e48a47-ef0a-474b-882b-2c3bee9732dd","trash","landfill","Candy Wrapper","school",33.97,-118.41
"2014-05-16 07:46:39","eating/cooking",0,0,7,"80965109-106d-4d9b-ac13-ea9bda435e7a","trash","recyclable","Plastic","school",33.96,-118.43
"2014-05-08 17:17:57","I found it",0,0,2,"ceb3ab47-cd86-4055-81bb-cbc7c186bee2","litter","recyclable","paper","school",34.06,-118.26
"2014-05-09 08:09:50","drinking",0,1,1,"93071129-10f4-4124-97c1-551da4807f17","recyclable","recyclable","Gatorade bottle","school",33.97,-118.42
"2014-05-12 17:16:29","eating/cooking",1,1,2,"405aa169-31ea-4e30-910f-656a097b5c0c","trash","landfill","Cookie wrapper","home",34.01,-118.25
"2014-05-21 12:57:52","drinking",0,0,2,"7bd78af4-1008-4c03-84ad-490d6c0d3fa1","trash","recyclable","Juice bottle","school",33.96,-118.42
"2014-05-12 17:38:05","eating/cooking",0,1,2,"b1a60cfc-f912-4227-823d-a3f31f43386d","trash","landfill","Ice cream container","home",34.2,-118.59
"2014-05-01 20:28:52","eating/cooking",0,1,2,"b4d62094-335e-4c61-8adf-b144df4bc9ed","recyclable","recyclable","Paper
Plastic water bottle","home",34.21,-118.59
"2014-05-08 14:23:31","school work",0,2,2,"21ffec68-5035-4f8f-8152-279b2ce932a5","trash","landfill","Plastic wrap","school",34.2,-118.6
"2014-05-09 16:14:07","I found it",0,1,8,"18ae9fd3-9f28-42c1-a2f0-f3a21d88c47f","trash","landfill","Plastic wrapper","school",33.82,-118.26
"2014-05-03 16:53:23","eating/cooking",1,1,1,"dc7c5001-b60d-40e5-99e6-d7c22e4a96a9","trash","landfill","wrapper","home",34.2,-118.61
"2014-05-11 19:04:33","drinking",0,1,1,"22902941-f43d-472e-8a4f-d79966b5facb","recyclable","recyclable","Bottle","home",33.87,-118.26
"2014-04-30 15:59:57","eating/cooking",0,0,1,"81fa5764-fe78-4444-9691-a8a0d6838dcb","trash","landfill","Ice cream sandwich cover","home",33.84,-118.24
"2014-05-10 12:01:48","I found it",1,1,1,"be595be5-1f85-47cd-99e1-f975cd007444","trash","landfill","bottle cap (I will recycle)  then a piece of a piece of paper and a old straw","home",34,-118.33
"2014-05-14 09:36:33","eating/cooking",0,1,1,"2f2a7854-05fe-4fe8-8492-f54b937d22ed","trash","landfill","halls","home",33.97,-118.42
"2014-05-15 08:32:25","eating/cooking",1,1,6,"6cf2b5cb-a8e4-4058-90c1-da510e9a0d70","recyclable","recyclable","Food tray","school",33.81,-118.29
"2014-05-02 09:42:04","drinking",0,2,2,"a2697787-915b-4a60-897d-dfd9c712286e","recyclable","recyclable","Plastic bottle","work",34.2,-118.59
"2014-05-19 10:25:22","eating/cooking",1,1,2,"c2c16df8-16f6-4004-8e97-73581572bbdf","trash","recyclable","Chip bag","school",33.96,-118.41
"2014-05-01 10:07:38","drinking",0,1,1,"a918cb6b-8709-4b79-af4c-f952551220ff","recyclable","recyclable","aluminum can","school",34.02,-118.24
"2014-05-06 13:33:45","drinking",0,2,2,"0a9d4f20-d014-469f-894f-f4cebe6666f4","recyclable","recyclable","Arizona Grapeade Can","school",33.83,-118.26
"2014-04-30 12:40:09","school work",0,1,5,"3d0abb18-0768-422b-9aa5-d53e13aca32b","recyclable","recyclable","it a scrap peice of paper","school",33.83,-118.26
"2014-05-11 10:51:27","eating/cooking",0,1,1,"c9a9dfc3-d148-4f6d-aaf4-0a2f35b75ce0","recyclable","recyclable","Chinese food box","home",33.84,-118.25
"2014-05-08 10:06:55","school work",0,1,1,"47ca3070-b902-4222-9d70-76f2b348650f","recyclable","recyclable","water bottle","school",34.07,-118.26
"2014-05-21 08:32:06","I found it",0,1,2,"8aab5fd8-1dfa-4a19-8fa3-874d6a57e576","trash","landfill","wrapers","school",34.1,-118.31
"2014-05-04 19:05:37","eating/cooking",0,0,3,"8cb8716c-e258-4fd4-a3a0-93ec52c057c9","trash","recyclable","Pop-Secret Butter Box","home",33.96,-118.34
"2014-05-13 18:16:50","other",0,0,1,"f39373cb-a615-4d30-915c-3e2ac8b76109","trash","recyclable","Bag","home",33.97,-118.3
"2014-05-02 18:24:54","drinking",0,1,1,"5a209899-4f25-4776-b926-e6b3b43c9ea5","trash","landfill","Milk carton","home",33.83,-118.25
"2014-05-19 09:16:28","I found it",0,2,2,"45f0c77f-6a8d-4d67-85e3-91f5ed0ed8cb","trash","recyclable","Cardboard","school",33.96,-118.43
"2014-05-03 18:05:02","shopping",0,0,1,"263cdeb4-fea3-4181-8478-4c6626a9b333","trash","landfill","Plastic bubble wrap envelope.","home",34.17,-118.41
"2014-05-08 12:44:12","eating/cooking",0,0,4,"13f92085-c097-4881-8a51-67ef7a2cc07d","recyclable","recyclable","Paper bag","school",33.97,-118.42
"2014-05-14 11:04:21","drinking",0,2,2,"05bb38cc-c34d-4248-9046-819d0401bcb5","recyclable","recyclable","One aluminum can, two plastic bottles, and one plastic bag","school",33.95,-118.41
"2014-05-08 13:48:22","I found it",0,1,2,"ff306017-a7b1-4545-81bf-57005c26f23b","trash","landfill","Sandwich","school",34.2,-118.6
"2014-05-20 23:31:52","drinking",0,1,2,"237f2299-763f-480e-8bda-f132973690d8","recyclable","recyclable","Water bottle","home",33.98,-118.3
"2014-05-04 13:19:14","eating/cooking",0,1,1,"5effe68b-6f12-4425-8b49-5f287b831a5b","trash","landfill","plastic candy wrapper","home",34.21,-118.6
"2014-05-08 13:15:09","eating/cooking",0,2,5,"9edfcfae-093e-48ec-9904-dc3cc0f28dfc","trash","landfill","cardboard Milk carton. plastic baggy. cardboard tray. fruit peel.

aluminum wrapper. ketchup packets. mustard packets. napkind . carrots","school",34.21,-118.6
"2014-05-23 08:31:47","cleaning",0,0,2,"3217188a-e368-4c11-9dd4-fb9a1db3de30","trash","recyclable","paper","school",34.1,-118.3
"2014-05-22 23:01:04","eating/cooking",0,0,1,"0c41fedc-aee5-4ecd-bc90-39ce484da1f3","trash","landfill","Hot Pocket Cover","home",34.08,-118.27
"2014-05-19 09:45:37","I found it",0,1,2,"3422dc70-78f1-4d16-8858-cb2e656de809","trash","landfill","Paper","school",33.97,-118.43
"2014-05-24 11:50:18","drinking",1,2,2,"5799b53e-7c96-4f1d-9d40-78df00f81764","recyclable","recyclable","glass bottle","home",33.96,-118.39
"2014-05-23 15:19:00","eating/cooking",0,0,1,"3dac98a9-d475-4273-a809-39ad52907c26","trash","recyclable","To go box","restaurants",33.94,-118.38
"2014-05-17 16:29:43","drinking",4,5,5,"fcb7288d-badd-479a-b045-d5724078cbe7","recyclable","recyclable","17 May, 2014
Water Bottle","school",34.27,-118.57
"2014-05-10 18:39:09","drinking",0,1,2,"ae6e14d1-d4c0-418e-bbed-518fde74c520","recyclable","recyclable","empty 16.9 oz bottle","home",33.84,-118.24
"2014-05-10 12:15:02","cleaning",1,1,1,"e31649bf-fcd0-4a17-a854-f876bdfd6f90","trash","landfill","wrapper from exfoliating gloves","home",34,-118.33
"2014-05-27 12:45:15","eating/cooking",0,0,3,"f1daf25a-5b1d-49f8-8e39-7d08d735bdb4","trash","landfill","Plastic bag","school",33.96,-118.41
"2014-05-07 21:22:58","drinking",0,1,3,"1c82a225-83cc-40f9-a46f-3b6044c0f846","recyclable","recyclable","plastic soda bottle","home",34.26,-118.48
"2014-05-19 09:03:35","I found it",0,1,2,"e3630127-873b-4c12-944a-d211a2af160d","trash","compost","Paper","home",33.97,-118.42
"2014-05-03 12:15:20","eating/cooking",0,0,5,"9cc0b71d-5927-4070-8e6e-d6b1224e4cdf","trash","landfill","dropped food","work",33.97,-118.35
"2014-05-15 21:10:41","drinking",0,1,1,"3764425b-0d89-47f3-98ff-501238b81a26","recyclable","recyclable","plastic bottle","others",34.05,-118.34
"2014-05-14 10:59:26","eating/cooking",0,1,2,"0847e5e2-2443-4833-9fe2-dc83a848f1b2","trash","recyclable","Plastic","school",33.97,-118.42
"2014-05-22 16:50:57","eating/cooking",0,0,1,"b2350b6b-eb5a-472f-813e-5bf691a8adf8","trash","recyclable","Lots of In-N-Out trash","in transit",34.01,-118.34
"2014-05-04 17:47:13","eating/cooking",0,1,1,"67ef4e6a-d7d0-469d-b4a1-035786d7004a","trash","recyclable","wrapper","home",34.23,-118.34
"2014-05-24 09:47:08","eating/cooking",1,1,1,"eb7956f7-6d72-4360-95e4-2d8a54691ea4","trash","landfill","Bag of chips","home",33.98,-118.29
"2014-05-11 19:06:13","eating/cooking",0,1,1,"3e15baa7-ec06-48a7-8da8-e73dde8ae8c2","trash","recyclable","Plastic","home",33.84,-118.21
"2014-05-15 10:53:00","eating/cooking",0,1,3,"0131863a-80f6-404d-a451-cdfd9dc6166b","trash","recyclable","candy","school",34.27,-118.29
"2014-05-10 21:58:58","eating/cooking",0,0,1,"e3f24e67-0459-4354-986e-28ca54aba84f","trash","compost","Food","home",34.58,-118.07
"2014-05-16 08:57:21","drinking",0,0,0,"b507539a-b8b3-40d5-9c28-8efd8f708569","recyclable","recyclable","empty sprite bottle","school",33.96,-118.41
"2014-05-14 12:15:05","drinking",0,1,1,"ffd1f875-d50a-47b5-87af-b6a061cfade9","recyclable","recyclable","this boy left this next to vending machine I picked it up and brought it to class to recycle","others",33.96,-118.42
"2014-05-08 16:19:09","drinking",0,0,7,"96c1dea5-76b1-457f-8275-1f65318765b6","trash","recyclable","Plastic bottle","school",34.17,-118.43
"2014-05-27 07:55:35","eating/cooking",0,0,0,"9d7f5879-a46a-4131-b779-ee503e3a625d","compost/green waste","compost","Seed","home",34.1,-118.31
"2014-05-08 22:30:45","eating/cooking",0,0,0,"e8c6fc2a-4f2c-4825-b06d-5bf7c8c6f854","trash","landfill","Cardboard","home",34.2,-118.61
"2014-05-01 18:10:21","drinking",0,0,1,"a605e1ef-03eb-4d01-b576-234d2ed0eb13","trash","recyclable","Empty Venti Starbucks Cup","restaurants",33.86,-118.29
"2014-05-12 08:56:39","school work",0,0,1,"a5ee1dfb-07b3-4768-8f58-42e48631e3cc","trash","recyclable","paper","school",34.07,-118.25
"2014-05-18 14:43:57","eating/cooking",0,0,1,"05587d31-1e76-41cb-b9ea-7a3e09a962b4","trash","landfill","Ice cream bar","stores/malls",33.97,-118.36
"2014-05-02 11:48:46","drinking",0,2,2,"5aa7fbb3-2bbc-4138-8f1d-6c0d1717c110","recyclable","recyclable","Plastic water bottle","school",33.82,-118.27
"2014-05-12 10:20:43","eating/cooking",0,0,1,"243a8f4d-6d93-4595-99da-6eb607ce6f6e","trash","landfill","Jolly rancher wrapper","school",33.96,-118.41
"2014-05-09 23:16:05","eating/cooking",0,0,1,"484f55d9-d6cb-4a2e-82fa-1358e6361292","trash","landfill","Paper plate","home",34.19,-118.61
"2014-05-12 19:41:00","I found it",0,0,3,"a4dd155f-43e6-462e-8f28-ed89ff3b2f49","trash","landfill","Necklace","home",33.8,-118.27
"2014-04-30 16:51:52","drinking",0,0,0,"07a96f4d-e432-45f5-8db7-a9fdd7ba560f","recyclable","recyclable","Water bottle","home",33.84,-118.24
"2014-05-15 08:24:10","eating/cooking",1,1,5,"107e48d1-7b2b-42c9-8eb7-e5be9980efb2","trash","landfill","Frozfruit","school",33.81,-118.29
"2014-05-16 23:04:54","cleaning",1,1,1,"cbea2bff-0b4a-4f8d-9ddd-ddb27d8d6d20","trash","landfill","Paper napkin","home",34.24,-118.63
"2014-05-19 09:54:43","shopping",2,2,2,"19e1af82-9009-4c07-8374-cf262e9b7514","trash","landfill","I bought a Pringles and now am going to throw it to the trash.","stores/malls",34.11,-118.31
"2014-05-22 10:58:55","drinking",0,1,2,"1b990264-64fd-43a2-9bad-4aef56e34f81","recyclable","recyclable","aluminum can","school",33.97,-118.42
"2014-05-02 19:00:23","eating/cooking",0,0,0,"dacb17e9-7e19-4aae-8e2c-b66649018586","trash","recyclable","Chopsticks wrapper","restaurants",34.45,-119.82
"2014-05-08 09:55:49","school work",0,1,1,"3611341e-27d7-4da8-86f1-3d0488d3d515","recyclable","recyclable","coffee cup","school",34.08,-118.25
"2014-05-27 12:36:14","drinking",0,1,3,"00d35f52-d41b-47d5-952b-b6d7343039e6","trash","landfill","Milk Carton","school",33.96,-118.42
"2014-05-06 06:57:17","drinking",0,1,1,"ba3403f9-9e1f-4224-8732-673d3130807a","recyclable","recyclable","water bottle","home",34.22,-118.59
"2014-05-15 11:35:46","eating/cooking",0,1,1,"adb1412b-fb9f-4989-90a9-ddf6b832dee8","recyclable","recyclable","PopTart rapper","school",33.97,-118.43
"2014-05-10 19:03:43","drinking",0,1,1,"85682310-0003-44b0-a6fd-174f119ee9a4","recyclable","recyclable","finished drinking water","home",34.01,-118.33
"2014-05-20 11:10:33","eating/cooking",0,1,3,"8efd2134-841f-4ae1-8f12-a4ad5e9cef05","trash","landfill","Plastic bag","school",33.97,-118.42
"2014-05-08 10:00:29","eating/cooking",0,0,1,"87c356d5-554c-49b2-9483-b038d6ab91be","trash","recyclable","crumbled napkin","school",34.07,-118.26
"2014-05-15 08:28:49","I found it",0,0,5,"74af1496-fd53-4ddd-8f85-2f101fa8463b","compost/green waste","compost","Palm tree","school",33.81,-118.3
"2014-05-19 08:49:41","school work",0,0,1,"fb33356e-9a9b-4b14-9473-86e42816919d","trash","recyclable","paper","school",33.96,-118.42
"2014-05-15 10:04:51","school work",0,2,2,"df4131c9-ba08-4b0c-b21e-edc01885eff7","recyclable","recyclable","Balled up paper..","school",33.96,-118.43
"2014-05-08 10:07:46","school work",0,1,1,"ffedd3d1-2003-43b9-8ed1-b09c3a798ab1","trash","landfill","tray","school",34.07,-118.24
"2014-04-28 18:36:48","eating/cooking",0,0,0,"dee137a4-e518-45e9-b916-a40001936ae9","trash","landfill","small","in transit",34.02,-118.27
"2014-05-19 20:52:36","eating/cooking",0,0,1,"f2299717-4f5e-4011-8526-465f5336e3bb","trash","landfill","Paper towel","home",33.97,-118.4
"2014-05-11 11:46:09","eating/cooking",0,1,1,"106c6df1-325a-48b5-9b51-17fbd43b4437","recyclable","recyclable","plastic pudding cup","home",34.23,-118.35
"2014-04-29 17:39:57","eating/cooking",0,1,1,"0516aae9-c298-4d41-94b2-0673a6cb4e1f","trash","landfill","Orange peel","home",34.07,-118.28
"2014-05-22 22:24:07","school work",0,0,1,"26225007-d3cb-445b-9291-6ef124438447","trash","recyclable","Paper","home",34.06,-118.27
"2014-05-15 11:02:12","eating/cooking",0,1,2,"54913d3e-5954-421c-8033-bad00cf9bf88","trash","recyclable","Plastic","school",33.97,-118.42
"2014-05-05 13:05:17","school work",0,1,2,"7cdafe55-9460-4205-bbf0-0cd15379f343","recyclable","recyclable","Cardboard packaging","work",34.2,-118.6
"2014-05-15 08:05:12","eating/cooking",0,1,1,"954eeb80-78a1-4adc-8ff6-7b07b165daca","trash","landfill","Candy wrapper","school",33.96,-118.42
"2014-05-27 22:41:40","I found it",0,1,1,"9813e55b-1c4d-4013-8d59-0f9f26dd1a66","recyclable","recyclable","Notecard","home",34.08,-118.28
"2014-05-08 08:59:47","eating/cooking",0,2,2,"6716f05b-266a-4d4c-9011-84333eb06f48","trash","compost","Fruit","school",33.99,-118.28
"2014-05-23 09:57:47","eating/cooking",0,2,0,"27c0fa82-2703-4a76-9fc6-987b2f629069","trash","recyclable","Gum wrapper","school",33.96,-118.42
"2014-05-01 13:53:58","eating/cooking",1,1,1,"e790704f-a7b9-44e4-8ef8-f6001a7a0c1d","trash","landfill","Food","school",34.01,-118.26
"2014-05-07 17:25:21","drinking",0,1,3,"30b94f84-c196-4a71-a33a-8442ae994235","trash","landfill","Kool-aid pouch","home",33.84,-118.24
"2014-05-21 09:23:30","eating/cooking",0,2,2,"35f103b2-739e-49d4-acd4-77856f51d62d","trash","landfill","Empty Chips Bag","school",33.96,-118.42
"2014-05-03 13:32:47","eating/cooking",2,3,4,"053640cd-e6c6-4984-b0ec-3f86fd4074e0","trash","landfill","Plastic pasta bag","stores/malls",33.96,-118.3
"2014-04-28 14:05:07","drinking",0,1,1,"c04807ba-3376-45cd-b4dd-5ac5e07b59fc","recyclable","recyclable","recycable","school",34.02,-118.24
"2014-05-14 09:26:25","drinking",0,1,1,"0557310f-01b5-46e2-82f8-8aa196636a73","recyclable","recyclable","Water bottle","school",33.97,-118.43
"2014-05-08 15:27:06","drinking",0,0,2,"b1f0986d-59ff-42c7-8e16-c55c3421c913","trash","recyclable","Paper","restaurants",34.21,-118.59
"2014-05-15 13:05:38","drinking",0,0,1,"f741f22b-bc56-423e-a286-15eca7abffe9","trash","landfill","milk carton","school",34.2,-118.6
"2014-04-30 17:36:17","drinking",0,1,1,"f0874805-8e51-42ef-bf61-babef4f351b2","recyclable","recyclable","Water bottle","home",33.83,-118.29
"2014-05-15 09:42:04","drinking",0,1,2,"198ebb87-8e52-40bc-856a-9e5fb328c667","recyclable","recyclable","Bottle","school",33.96,-118.43
"2014-05-07 13:23:26","eating/cooking",0,1,2,"89537fab-7778-4c49-8749-55a22105c80c","trash","landfill","napkin","school",33.83,-118.26
"2014-05-07 19:12:07","eating/cooking",0,1,1,"c1cefbf7-fdb0-461a-a532-35f0afe67e50","trash","landfill","Wrapper","home",33.84,-118.21
"2014-05-24 11:52:44","drinking",1,2,2,"7b26d7f5-d6a5-41f9-9b58-89207c0cb294","recyclable","recyclable","plastic bottle","home",33.97,-118.39
"2014-04-29 09:58:15","eating/cooking",0,1,1,"3f69af6b-b932-4679-abfc-b2719ad6206f","trash","recyclable","recycable","school",34.02,-118.25
"2014-05-20 11:10:55","I found it",0,2,2,"faea7b37-3f92-40bc-a586-059d07db77c9","trash","landfill","Gum wrapper","school",33.96,-118.42
"2014-05-08 13:23:18","eating/cooking",0,0,2,"9e0272e8-a224-4704-b125-63346af6b7cb","trash","recyclable","Plastic wrapper","school",34.2,-118.59
"2014-05-02 12:46:34","eating/cooking",0,0,6,"3813e211-e605-4833-b86c-a1b1d43bd5b4","trash","landfill","Lays Classic Potato Chips","school",33.96,-118.43
"2014-05-27 17:35:26","eating/cooking",0,1,1,"e450178d-f88c-488a-890f-ff54fdc9083c","trash","landfill","Oatmeal Square","school",33.96,-118.43
"2014-05-25 16:44:46","drinking",0,1,1,"d74d9928-379b-46f7-8fe9-e4ea33def9ab","recyclable","recyclable","Can & paper cup","home",33.98,-118.31
"2014-05-08 22:14:58","other",2,2,2,"77f38e9c-1c64-440b-85af-5b28a6b0d296","trash","landfill","Plastic holder for hair tighs","home",33.79,-118.25
"2014-04-02 12:19:50","eating/cooking",1,3,2,"f2b9c32d-8a6c-4765-a1e1-a4e227f71547","trash","landfill","Aluminum foil","school",34.07,-118.26
"2014-05-20 11:31:04","I found it",0,2,2,"35e8012a-3672-4aa2-abc8-5b8c21ffd9f5","trash","landfill","Gum wrapper","school",33.97,-118.42
"2014-05-31 20:26:14","eating/cooking",0,0,1,"96f3d5af-bbf1-4dcf-a4f2-69ad3410c8de","trash","recyclable","Used Ziploc bag","home",34.25,-118.59
"2014-05-26 21:21:42","eating/cooking",0,0,1,"aa73b121-5f12-4332-bc9a-06825325cf13","trash","landfill","Ice cream wrap","home",34.02,-118.34
"2014-05-02 14:08:44","drinking",0,1,1,"50ad997b-0941-4f7b-8278-c6637cce4979","recyclable","recyclable","Water bottle","school",33.84,-118.25
"2014-05-10 12:10:33","cleaning",1,1,1,"c3f4e8d8-6d44-49e4-81a1-5163415810a0","trash","landfill","thing that is attached to clothes","home",34,-118.34
"2014-05-08 16:22:39","eating/cooking",0,0,2,"1a11db07-d22b-4a00-8a64-d20a012f1429","trash","landfill","Jack In The Box fries","restaurants",33.82,-118.26
"2014-05-21 11:30:22","eating/cooking",0,0,0,"a515ff8a-b255-4d2c-b2e7-da0c6f2968ee","trash","recyclable","My friends  trash","school",34.11,-118.31
"2014-05-22 15:25:15","other",0,0,0,"a725aa2b-972e-40fa-8299-bb9a0ae527b7","recyclable","recyclable","A water bottle","others",34.1,-118.31
"2014-05-18 17:58:44","eating/cooking",1,1,2,"84ec6aac-e0c8-496d-b14a-707c272d1db0","trash","recyclable","Paper plate","home",34.04,-118.33
"2014-05-14 09:08:53","I found it",0,1,2,"d68676b1-fcb2-438f-8bb9-b9384288d8a4","trash","recyclable","paper","school",33.96,-118.42
"2014-05-19 13:40:51","eating/cooking",0,1,3,"ca1ff721-e9a1-405c-9c13-8a5b00df47ff","trash","landfill","Nature valley wrapper","school",34.1,-118.32
"2014-05-04 21:53:09","eating/cooking",0,0,2,"4b0cf8c7-7169-42d6-89ce-4e72f55a445b","trash","landfill","Starbucks takeout bag","home",33.96,-118.2
"2014-05-16 12:11:13","eating/cooking",0,1,1,"022f155f-cfc0-47d6-955e-d9c1a5e6ef52","trash","landfill","Granola wrapper","school",33.97,-118.42
"2014-05-08 21:34:53","eating/cooking",0,0,4,"ac31ab0d-d6e5-41df-9956-1e07f7f1aa68","trash","landfill","Bag of chips","home",33.98,-118.29
"2014-05-11 16:56:54","school work",0,0,0,"aed71b9a-8ce1-43a8-b68f-e37d367f8842","recyclable","recyclable","paper","home",33.82,-118.26
"2014-05-09 07:19:51","cleaning",1,1,3,"f1ed792c-31c4-40ab-8148-f35de81e226d","trash","landfill","Old toothbrush","home",33.96,-118.37
"2014-05-15 21:38:55","eating/cooking",0,1,1,"14b89db3-09ed-49db-ae92-13340019e3f8","trash","landfill","reeses wrapper","others",34,-118.34
"2014-05-27 20:43:12","eating/cooking",0,0,1,"7db4b76e-1732-40b3-a981-adaf267971b9","trash","recyclable","Empty parfait container","stores/malls",34.23,-118.59
"2014-05-16 19:58:52","eating/cooking",0,0,1,"0569796d-6b8c-4432-bb26-20da0408720d","trash","landfill","napkin","home",34.03,-118.35
"2014-05-13 15:38:22","eating/cooking",0,1,3,"db30ad98-9d51-4a1a-80dc-d2073c8c1ba0","trash","landfill","Chips bag","others",33.98,-118.41
"2014-05-21 09:23:54","eating/cooking",0,0,0,"5bf03ab7-8d15-4942-a220-3f9220f85e6d","trash","landfill","Burrito","school",33.97,-118.42
"2014-05-19 10:22:07","eating/cooking",0,0,1,"e38e6f97-5a3a-4669-985a-326781196a67","trash","landfill","Cansy","school",33.97,-118.41
"2014-05-05 15:50:57","school work",0,2,1,"7b6b8e14-ff23-4f10-8322-b202e1591d7a","recyclable","recyclable","Paper","school",33.83,-118.3
"2014-05-02 12:54:19","eating/cooking",0,0,2,"17b42cf9-61e6-4a50-9f80-7c652ad5988a","trash","recyclable","Subway bag","work",34.2,-118.59
"2014-05-12 11:13:02","eating/cooking",0,1,2,"3734b207-a013-45b1-83dc-aa13e94ba7e8","trash","landfill","Four bags of chips","school",33.97,-118.43
"2014-05-20 19:53:42","eating/cooking",1,1,2,"ac6512ca-fa5c-448b-8e0a-0474ca1a86b5","trash","landfill","bag of chips","home",33.98,-118.38
"2014-05-23 09:36:06","school work",0,0,1,"c66f8cf9-2b65-4a4c-8031-c3d539ad78af","trash","recyclable","Curled-up Paper","school",33.96,-118.41
"2014-05-08 09:35:50","eating/cooking",0,2,1,"c32e714f-a335-4d2a-8dcc-70ae4fcc02c7","trash","recyclable","Plastic","school",34.2,-118.59
"2014-05-20 23:32:38","drinking",0,1,2,"a70509a2-712c-411b-bd63-9aef96a4d9fc","recyclable","recyclable","Water bottle","home",33.98,-118.31
"2014-05-01 12:14:41","eating/cooking",0,2,1,"a4c27fe1-4953-441b-813b-ea55d441dc82","trash","recyclable","Gum wrapper","school",34.2,-118.6
"2014-05-09 16:13:39","eating/cooking",0,1,8,"4315fd0f-ec7a-43c5-82f8-a0bf4aa27d63","recyclable","recyclable","Sour punch straw wrapper","school",33.83,-118.27
"2014-05-05 13:25:15","eating/cooking",0,2,1,"6b947880-fb27-44c0-9911-a40fee1d196b","trash","recyclable","Packaging","school",34.2,-118.59
"2014-05-16 08:40:52","drinking",0,1,3,"c445cb1f-874a-4330-86b2-f953b248bd63","trash","landfill","Its not reycable because it contains animal fat.","restaurants",34.1,-118.31
"2014-05-18 15:14:26","shopping",0,0,2,"b829a02d-15f2-40d8-aa29-70684ddb1301","trash","landfill","Baseball card box and wrapping","stores/malls",33.96,-118.36
"2014-05-12 19:29:24","drinking",0,0,1,"424b1a5d-f377-4bf1-968a-50226cb0e961","trash","recyclable","Plastic cup","home",33.97,-118.3
"2014-05-12 20:18:47","cleaning",0,0,2,"cb9e5379-848e-4156-8632-f3f77b7510bd","trash","landfill","Paper napkin","restaurants",34.21,-118.61
"2014-05-07 22:27:24","shopping",0,1,3,"48f742cc-b5b0-496f-81cb-b3addc8f8d6f","trash","landfill","Receipt","stores/malls",33.84,-118.24
"2014-05-21 09:22:36","drinking",0,0,0,"874e427b-de02-46ca-8095-e9901abe494b","trash","landfill","Juuuuice","school",33.97,-118.42
"2014-05-20 20:37:14","school work",1,1,1,"c045fcf6-ef0f-49a9-8576-304ab77083f4","trash","recyclable","paper","school",33.97,-118.32
"2014-05-09 18:42:32","drinking",0,1,1,"e1b61de7-af71-4de5-84d9-a9fa39875771","recyclable","recyclable","Water bottle","home",33.84,-118.24
"2014-05-14 10:28:29","eating/cooking",0,0,4,"69603fcd-77a9-47a5-bd8f-bb3860a752f4","trash","landfill","raper","school",33.97,-118.42
"2014-04-30 15:34:38","eating/cooking",0,1,1,"951115e7-bc39-4546-8663-129be74b0a52","trash","landfill","Microwave burger wrapper","home",33.87,-118.26
"2014-05-27 12:08:25","drinking",1,1,2,"d65d4b6f-96cf-4a59-a663-4426d2c52cd3","recyclable","recyclable","water bottle","school",33.97,-118.43
"2014-05-04 13:53:47","eating/cooking",0,0,1,"afddaeeb-fc8e-4db4-a417-38a06012f8c5","trash","recyclable","paper McDonald's bag","home",33.84,-118.26
"2014-05-07 16:59:43","eating/cooking",0,1,1,"1eaffa69-db19-4a0f-80ec-799b7120fab0","trash","landfill","Vitamin wrapper","school",33.82,-118.3
"2014-05-27 06:52:49","cleaning",1,1,2,"bb27e65c-4190-4518-8ce4-cbb27198481b","trash","landfill","tissues","home",33.97,-118.37
"2014-05-20 10:56:36","eating/cooking",0,3,2,"11eb1857-2229-4113-912f-f6b3ede9dbfc","trash","landfill","Cheetos","school",33.97,-118.42
"2014-05-23 10:44:47","eating/cooking",0,2,2,"d2828de5-c026-4820-aff7-4d1c5dc9dfc1","compost/green waste","compost","Eaten Apple","school",33.96,-118.42
"2014-05-17 20:23:36","drinking",0,1,2,"7414d83d-582b-45e0-b2b4-d46d41530e5c","recyclable","recyclable","Can of Pepsi soda","home",34.09,-118.29
"2014-05-20 11:37:59","eating/cooking",0,2,2,"67d43dda-46c2-47ed-959d-1b535c04fdce","trash","landfill","Gum","school",33.96,-118.41
"2014-05-18 02:22:04","eating/cooking",0,0,1,"576f37c5-6794-4ce1-88ff-5dfd1d589caa","trash","landfill","Cardboard container","home",34.19,-118.61
"2014-05-03 19:29:22","drinking",0,0,1,"fe6945e8-255f-4d5f-8cbc-0b72da6040ae","trash","recyclable","Cardboard","home",34.19,-118.6
"2014-05-02 12:53:28","eating/cooking",0,2,2,"f7405048-e4e7-4755-87e7-d83ac21f1a54","trash","landfill","Chips bag packaging","work",34.2,-118.6
"2014-04-25 13:30:23","drinking",0,1,1,"5b287f65-0b30-490b-a9f0-18ac63ca7f8d","recyclable","recyclable","Its a bottle with a cap & wrapper","school",34.01,-118.23
"2014-05-12 11:00:30","eating/cooking",0,2,2,"72b302e4-9903-4363-85e0-998b9c582389","trash","landfill","Chip bags","school",33.97,-118.42
"2014-05-17 14:33:59","eating/cooking",1,0,4,"248961af-bf4d-4ee2-b944-32347c455661","trash","landfill","Corn bread","home",33.98,-118.37
"2014-05-08 11:20:43","I found it",0,0,1,"eec4cd2c-9353-4ae1-8fcc-8b5027ae08ec","trash","landfill","Wrapper","school",34.06,-118.25
"2014-05-01 16:27:42","drinking",1,2,3,"6e0eb3b5-70ac-44cd-987a-5d556388270d","recyclable","recyclable","a plastic juice bottle","school",34.06,-118.23
"2014-05-19 11:27:09","eating/cooking",0,0,3,"98621a43-b1d8-4c3f-8a72-699a1cf10907","trash","landfill","Gum wrapper","home",33.96,-118.43
"2014-05-09 15:53:39","eating/cooking",0,1,1,"50640909-7129-43f6-87bd-606c4fee362c","trash","landfill","Paper frenchfry holder","home",33.87,-118.26
"2014-05-15 08:33:03","I found it",0,0,5,"cad67bad-9f1e-4c7e-976a-dbe75fe64068","trash","landfill","Plastic","school",33.81,-118.29
"2014-05-19 12:06:09","drinking",0,0,2,"7b417cbc-9c21-47dd-9d2f-9b0d6abfed7a","trash","recyclable","Bottle","school",33.96,-118.43
"2014-05-14 21:47:28","school work",0,0,1,"264eff83-830a-4dab-8cf7-f877465f4f50","recyclable","recyclable","Paper","school",34.19,-118.6
"2014-05-01 12:37:46","school work",0,1,1,"af5f9b8d-4b55-4222-91aa-af0cb6eb09d3","trash","recyclable","Piece of paper","school",34.2,-118.58
"2014-05-14 13:10:51","eating/cooking",0,0,1,"c251e9e2-9475-4692-86dd-c9cdb40c26c4","trash","landfill","Plastic bag","school",34.2,-118.6
"2014-05-14 13:28:43","eating/cooking",0,0,2,"573ea097-712d-4a52-881e-6e3535aa2089","trash","recyclable","Ziploc bag","school",33.97,-118.41
"2014-05-10 13:27:15","cleaning",0,2,3,"60e4b6a3-200a-4132-84f7-c8c1e4072641","trash","landfill","Napkins","others",34.27,-118.77
"2014-05-02 12:10:16","school work",0,2,2,"6a277bea-4886-479a-af57-d6e86f79f82d","recyclable","recyclable","6 inch thin sliver of paper","school",33.96,-118.42
"2014-05-07 13:23:58","eating/cooking",0,1,2,"6cc644e2-dc52-4eef-b951-234d363bd31a","trash","landfill","caprisun","school",33.84,-118.27
"2014-05-07 20:25:53","drinking",0,1,2,"1b4bd6bd-678a-4415-9eed-17f9fc66f254","recyclable","recyclable","bottle","home",34.05,-118.27
"2014-05-26 19:52:00","eating/cooking",0,0,1,"ec57218d-eef3-490d-83d3-760a1dd3a493","trash","recyclable","Candy wrappers","home",33.94,-118.31
"2014-05-24 11:51:20","drinking",1,2,2,"09ebe503-415a-41a1-a8aa-6eb1746746ce","recyclable","recyclable","glass bottle","home",33.96,-118.39
"2014-05-12 20:17:14","school work",1,1,1,"81211cdf-39cf-48ed-83fa-83d1f3897522","recyclable","recyclable","Paper","school",33.83,-118.28
"2014-05-28 10:04:49","other",1,1,2,"a870d36a-c9d6-4f06-bb82-c51548eec809","trash","landfill","paper wrappers candy bars etc","school",33.97,-118.42
"2014-05-10 19:27:43","eating/cooking",0,1,2,"b137b179-1617-40ca-82e0-9912bcc8e400","trash","landfill","Napkins","home",34.2,-118.58
"2014-05-26 13:01:38","I found it",1,1,2,"bb4ddfd9-74fd-4f7b-b490-d09a923dee6d","recyclable","recyclable","Coffee bottle","home",34.02,-118.3
"2014-05-23 12:48:01","eating/cooking",1,2,1,"e07aaa76-f233-4ac2-a1e5-42c44a2797aa","recyclable","recyclable","a plastic bag of chips","school",33.96,-118.42
"2014-05-08 09:14:00","drinking",0,0,2,"75526ceb-7b27-4a25-b0bf-2ceba7817eb5","trash","landfill","Caprisun","school",33.99,-118.28
"2014-05-01 21:06:07","other",0,0,1,"e12dbf22-8aec-4883-8bdc-fcfa2587d54f","trash","landfill","Envelope with plastic","home",34.27,-118.48
"2014-05-08 12:55:25","cleaning",0,1,2,"6cc57746-7a79-43b5-afbf-b1f226904097","trash","recyclable","paper","school",34.06,-118.26
"2014-05-19 10:50:49","drinking",0,1,2,"932c4199-eee1-42c2-b808-2019b288ef97","trash","landfill","juice pouch","school",33.96,-118.43
"2014-05-06 10:05:21","drinking",0,2,2,"b4dcd7cd-a327-494e-9862-3a03d2c2adee","trash","recyclable","Empty cup","school",34.07,-118.25
"2014-05-10 12:06:03","cleaning",1,0,1,"0dfb8a7d-81e3-4d10-80ad-6a1f58c27f6c","trash","landfill","piece of a wrapper from a bad and a old tissue","home",34,-118.34
"2014-05-19 08:55:52","cleaning",0,1,3,"3313d2fc-28f8-405f-9510-27df21375a3b","trash","landfill","paper towel, wrapers, and a plastic cap","others",34.11,-118.3
"2014-05-23 08:23:06","eating/cooking",1,3,1,"c1cacc38-d10d-4594-86c6-1b36978ff627","recyclable","recyclable","It's a plastic bag of  ritz","stores/malls",34.11,-118.3
"2014-05-06 17:31:03","eating/cooking",1,1,1,"04e645b9-cee4-4963-8a57-825703008332","trash","landfill","A sandwich bag","home",33.78,-118.26
"2014-05-12 22:52:41","eating/cooking",0,0,1,"487e9286-c0e3-4953-94da-f362c1450a2d","trash","recyclable","A fry box 
A chicken box","home",33.92,-118.34
"2014-05-20 17:46:29","eating/cooking",0,2,0,"2d67634b-b2c0-460f-aa89-631522b6de07","trash","landfill","Ramen noodles","home",34.21,-118.53
"2014-05-08 07:30:00","eating/cooking",0,1,3,"fba24e15-962c-41c5-a6bb-b6442bfcf4a7","recyclable","recyclable","Yogurt cup","home",33.84,-118.25
"2014-05-22 19:39:17","cleaning",0,0,1,"aa7c1a4b-d0c4-4f8b-b122-5bcf6df91643","trash","recyclable","Napkin","home",34.08,-118.27
"2014-05-06 15:44:15","cleaning",0,1,3,"21bbb45b-069f-4c2e-8584-89d0fd215a87","trash","landfill","White, wet napkin","home",33.83,-118.24
"2014-05-22 16:51:27","eating/cooking",0,0,1,"33aba715-6b66-49bc-912e-ba390829da17","trash","recyclable","Lots of In-N-Out trash","in transit",34.01,-118.35
"2014-05-01 19:11:55","eating/cooking",0,2,2,"e2bc9b62-d93a-4cbc-95d1-06c67633efef","trash","landfill","Paper plate","work",34.2,-118.59
"2014-05-20 12:33:54","eating/cooking",0,0,1,"9c1648fe-f3c6-40d7-8640-d36ef31ed8b3","trash","landfill","ice cream wrapper","school",34.21,-118.6
"2014-05-24 14:14:41","drinking",1,2,2,"5099ceca-7fb7-4f0c-bf40-9755322f231d","recyclable","recyclable","plastic bottle","home",33.96,-118.4
"2014-05-27 17:19:41","eating/cooking",0,0,2,"580ece8c-fe9f-44ab-971e-a67dabb2b995","trash","landfill","Wrapper","home",34.06,-118.26
"2014-05-09 10:24:58","eating/cooking",1,1,2,"c5ca8d43-c9ef-4a2e-8537-6883a6a41b95","trash","landfill","Chocolate wrapper","school",33.97,-118.41
"2014-05-08 12:15:48","school work",0,2,2,"2de93043-c01b-41f8-87ff-957b6f950fc5","compost/green waste","recyclable","Paper","school",33.97,-118.42
"2014-05-27 12:46:49","eating/cooking",0,0,1,"b816d918-3f01-4785-8957-722e6d5e8805","trash","landfill","Chip bag","school",33.97,-118.42
"2014-05-08 16:22:21","eating/cooking",0,0,7,"0a511014-ddc6-44c4-861b-b94cbca97ab7","trash","landfill","Plastic bag","school",34.17,-118.43
"2014-05-16 22:33:51","other",0,1,1,"3ffde20c-366b-48bf-b0e3-2d38fb1af69f","trash","landfill","Tissue","home",34.01,-118.45
"2014-05-12 09:44:17","cleaning",0,1,1,"c5f9023e-761b-48d9-b795-92e34a52de71","trash","recyclable","It's an old photo","school",33.96,-118.42
"2014-05-08 11:18:56","eating/cooking",0,1,2,"de3f0d87-1f9e-4d08-8766-8da55e80e8e3","trash","landfill","Candy","school",33.82,-118.27
"2014-05-08 17:03:02","I found it",0,1,3,"23466314-9396-4e66-9510-be371685f40a","trash","landfill","Napkins","home",33.85,-118.25
"2014-05-06 10:50:09","cleaning",0,1,2,"955d3fe3-909a-47f3-8421-5e02f52ccef4","recyclable","recyclable","Paper and cardboard","work",34.2,-118.6
"2014-05-12 13:14:48","eating/cooking",0,2,2,"a10092b7-62c0-47f2-bab8-68643afc0759","trash","recyclable","Paper bag","work",34.2,-118.6
"2014-05-23 13:14:07","drinking",0,1,1,"82da5def-15f9-4ff1-8591-bec7650e1010","recyclable","recyclable","Jamba juice","stores/malls",34,-118.38
"2014-05-08 11:09:11","eating/cooking",0,1,2,"06bc3890-8f23-415e-8995-0282cd41bd6a","trash","landfill","Another bag of Funnyuns.","school",33.97,-118.42
"2014-05-26 21:08:01","eating/cooking",0,0,1,"79391b99-a6d2-49b5-8a96-ece63b3c64be","trash","landfill","Paper","stores/malls",34.02,-118.34
"2014-05-23 12:42:05","eating/cooking",0,2,2,"63a5bd58-9b7f-468c-bfcc-6a46968bddd7","trash","landfill","sandwich bag","school",33.97,-118.42
"2014-05-28 10:31:07","I found it",1,1,0,"371b684a-a49a-400f-9fe5-266dcffb227b","litter","recyclable","box full of paper and bottle","school",34.1,-118.31
"2014-05-16 09:38:58","drinking",0,1,3,"ca30c3a9-ca83-4e80-83e9-abfb0a50aad0","recyclable","recyclable","It is a Gatorade fruit punch Gatorade bottle 16fl oZ","school",34.1,-118.3
"2014-05-27 12:39:18","eating/cooking",0,1,3,"afd2cffa-05ee-4a82-8839-0b9a518cca32","trash","landfill","Tray","school",33.97,-118.41
"2014-05-10 21:52:32","I found it",1,1,4,"8c53ef22-a298-45c5-9805-940ea18a6aa7","trash","recyclable","paper","home",33.83,-118.26
"2014-05-28 21:59:02","drinking",0,1,0,"8e30af0c-d140-43e8-bd28-c30c8146f981","trash","landfill","naked","home",34.09,-118.28
"2014-05-10 22:17:58","drinking",1,1,1,"7cec51a7-d938-4eda-8fcc-3a480aa5f422","litter","compost","Caprisun Pouch Of Juice","home",33.99,-118.29
"2014-05-08 10:09:12","school work",0,1,1,"74ec55ce-f6cf-4611-bc9f-d1923bee15a0","recyclable","landfill","hot cheeto wrapper","school",34.07,-118.25
"2014-05-19 14:08:55","eating/cooking",0,0,0,"f66d413f-070f-4e5f-835a-bf387a4f1832","litter","landfill","Airhead wrapper","school",33.95,-118.41
"2014-05-05 13:27:05","eating/cooking",0,2,1,"6644d451-db0d-4f29-ac14-b02af7d9fd19","trash","landfill","Plastic utensil","school",34.2,-118.59
"2014-05-08 21:42:31","eating/cooking",1,1,3,"e4bc3879-8e59-414a-abeb-54eece503f65","trash","recyclable","Dinner trash","home",33.96,-118.29
"2014-05-12 20:17:55","eating/cooking",0,0,2,"b0063763-d909-4136-a06c-9a30d4e0c756","trash","landfill","Paper plate","restaurants",34.21,-118.61
"2014-05-05 17:46:42","eating/cooking",0,1,1,"a62a9b10-a008-4487-a17c-b08f9dc5021e","trash","landfill","bread sides","home",34.22,-118.6
"2014-05-22 09:25:27","other",0,1,1,"faa9fc18-8521-4284-ae9a-6784c0e1d2f6","recyclable","recyclable","paper","school",33.96,-118.42
"2014-05-03 17:56:58","shopping",0,0,1,"d969bd78-4449-4287-8d06-a339c25f5dce","trash","landfill","4 small cardboard boxes","home",34.17,-118.42
"2014-05-04 15:48:57","eating/cooking",0,1,1,"b395eadf-4c3e-4050-92ad-859d63762b01","trash","recyclable","Sour cream bucket","home",33.83,-118.3
"2014-05-12 09:57:54","eating/cooking",0,1,0,"8cf2b495-e57c-4bb4-8128-20ba8c1a2462","recyclable","recyclable","Gum wrapper & plastic can in classroom setting.","school",33.97,-118.42
"2014-05-13 21:34:24","drinking",0,1,1,"5822cc92-d7ef-4b64-8129-634012b4ef0b","recyclable","recyclable","Bottle","home",33.99,-118.28
"2014-05-04 16:47:17","eating/cooking",0,0,3,"d877ad75-2667-4937-8827-8b341b24ee42","trash","recyclable","paper plate","home",34.27,-118.49
"2014-05-08 09:59:31","school work",0,1,1,"7442f14b-199a-4005-93e2-7105b19912a3","recyclable","recyclable","bottle cap","school",34.07,-118.25
"2014-04-30 19:18:08","drinking",0,0,0,"f2def0e9-5a76-4070-85ad-e2a084a10ab4","trash","recyclable","small paper tea bag envelope","home",33.82,-118.26
"2014-05-22 22:23:20","eating/cooking",0,0,1,"ee40448e-ebb6-493a-8a99-600f18f01d0a","trash","landfill","Cookie Wrapper","home",34.08,-118.28
"2014-05-07 17:25:03","eating/cooking",1,0,2,"238ada2b-388c-466e-86c3-1545fcadc1e9","trash","recyclable","Fortune cookie wrapper","home",33.85,-118.27
"2014-05-09 12:50:49","eating/cooking",0,1,1,"b44a0f92-1d5a-4630-97b7-1bd054ccac70","litter","landfill","Cookie rapper","school",33.97,-118.42
"2014-05-16 08:32:18","school work",0,2,2,"9d61250f-1192-4576-9b16-5af19e8331a3","recyclable","recyclable","Paper","school",34.11,-118.3
"2014-05-22 12:06:57","I found it",0,1,4,"2a2a1a4a-cdf1-472f-8e80-93e06e5c955f","recyclable","recyclable","A bottle of hand sanitizer","school",34.26,-118.59
"2014-05-09 15:08:11","eating/cooking",0,2,2,"b7afae68-82f0-4cfc-9889-d826c29cf6b8","trash","landfill","Lollipop stick","school",33.84,-118.26
"2014-05-13 11:42:15","drinking",0,1,1,"5dd1ca42-b829-4abd-b9fd-9610f2a89ce4","recyclable","recyclable","empty vitamin water bottle","home",33.97,-118.42
"2014-05-16 20:03:01","eating/cooking",0,0,1,"8940d109-4de6-4daa-ade3-9ad15959c06e","trash","landfill","cookies","home",34.03,-118.35
"2014-05-04 17:33:57","eating/cooking",0,1,1,"6453c0c9-fd9a-45cb-9409-0cd7d079c67c","recyclable","recyclable","Chocolate box","home",33.84,-118.24
"2014-05-20 11:49:25","eating/cooking",0,0,0,"69ab86dc-2cd8-443a-a14f-5b823f716768","trash","landfill","doritos bag","home",34.25,-118.57
"2014-05-18 15:16:55","cleaning",0,0,2,"a40d67f6-6e4e-425f-9fe9-8e0dd95dc9b3","trash","recyclable","Soap bar wrapper","home",33.97,-118.35
"2014-05-01 16:03:08","eating/cooking",0,0,4,"12cb4a19-4759-48eb-ba54-fdb58866f506","trash","landfill","Paper 
Container 
Plastic
Rapper","restaurants",34.23,-118.57
"2014-05-15 12:21:43","I found it",0,1,2,"6890b33d-9759-4cf0-b135-ddfc7552584f","trash","landfill","Napkin","school",33.97,-118.42
"2014-05-20 11:02:04","I found it",0,1,2,"b56a49d7-bf32-4826-bad2-1bfd2fb7d733","recyclable","recyclable","Zip lock bag","school",33.96,-118.41
"2014-05-21 09:33:47","drinking",0,0,1,"d422f61f-490a-4b43-ada5-68e657e42947","trash","recyclable","Water","school",33.97,-118.43
"2014-05-23 21:16:43","eating/cooking",0,1,1,"60c7c36d-3b50-4dac-9bad-2d8e83f3e41c","trash","recyclable","Food container","home",33.93,-118.29
"2014-05-23 10:45:34","eating/cooking",0,2,2,"f07e2c70-1c28-4559-836f-9d886c848f1c","trash","landfill","Orange Flavored Pixy Stix","school",33.96,-118.42
"2014-05-19 22:57:47","eating/cooking",0,0,1,"86c802c2-a21e-4bf0-98cb-718eac8ab45e","trash","landfill","Burger Wrapper","in transit",34,-118.34
"2014-05-08 13:27:23","I found it",0,0,3,"0e655673-bfe5-42ca-8926-7a165ad22013","trash","compost","Carrots","school",34.21,-118.59
"2014-05-27 12:47:43","eating/cooking",0,0,3,"10222e16-7d05-4b62-90bc-ddbab2f8ca3e","trash","landfill","Wrapper","school",33.96,-118.42
"2014-05-02 14:46:03","eating/cooking",0,1,1,"a456b5bc-d30f-42b3-85c1-c981728b9303","trash","landfill","Cupcake wrapper","home",33.84,-118.25
"2014-05-16 08:14:25","drinking",0,1,1,"34af9677-5fa6-4809-84c4-0f907a999251","recyclable","recyclable","Vitamin water","school",33.97,-118.43
"2014-05-03 15:39:32","eating/cooking",1,0,1,"5d75aa30-3ceb-4c8e-8dda-7d6a2d0dd7cd","trash","recyclable","Cardboard","home",34.19,-118.6
"2014-05-18 10:05:26","eating/cooking",0,0,1,"551c7b1e-e552-4e5d-81ca-408a56b887f2","trash","landfill","Rapper","restaurants",34,-118.25
"2014-05-19 08:06:32","eating/cooking",0,1,3,"7223b922-7011-4b87-b6c3-1e709512bfce","trash","compost","banana peel","school",34.1,-118.31
"2014-05-16 15:00:28","drinking",0,0,1,"f9625ac7-517a-4828-994f-6a8108484624","recyclable","recyclable","Water bottle","school",33.96,-118.42
"2014-05-01 16:30:40","drinking",1,2,3,"9e996fde-6ef8-4059-8741-24a0830d0719","recyclable","recyclable","a coca cola can","home",34.06,-118.23
"2014-05-15 16:53:13","I found it",0,0,1,"6c054ca0-1136-4e0a-958a-0e507e87e3bc","trash","landfill","Crushed paper","others",33.97,-118.4
"2014-05-19 14:10:31","eating/cooking",0,0,3,"b08b00e2-08e1-48e3-8efd-cad68f5b96db","trash","landfill","Aluminum wrapper","school",33.97,-118.42
"2014-05-09 16:47:22","eating/cooking",0,0,2,"1663d88d-2e67-4d2f-8461-611fd63eee5b","trash","recyclable","Paper container","restaurants",34.21,-118.59
"2014-05-08 15:46:51","drinking",0,0,2,"8e82f310-422f-4318-9bd7-134d2addb435","litter","recyclable","Plastic utensil","restaurants",34.2,-118.6
"2014-05-15 12:35:59","drinking",0,0,0,"c1954fe6-2a01-44cd-841c-f52a42df4bc8","litter","landfill","Koolaid","school",33.96,-118.42
"2014-05-20 21:31:25","drinking",0,1,1,"b4715f2a-eb8e-4042-a9df-ba1eefa97ffb","recyclable","recyclable","sprite bottle","home",34.27,-118.55
"2014-05-22 09:26:35","eating/cooking",0,0,0,"a1a5d207-01f1-4cbd-9c6c-86ed420eaed4","trash","landfill","Chips","school",33.97,-118.42
"2014-05-26 13:37:55","drinking",0,1,1,"4702c466-ddf5-40c6-8bea-125fb72b2ab6","recyclable","recyclable","Bottle","home",33.98,-118.3
"2014-05-02 18:06:31","eating/cooking",0,0,1,"dd8e175a-a83b-46d9-9138-0da747c6cb68","trash","recyclable","Paper bag","in transit",33.97,-118.4
"2014-05-23 10:50:39","eating/cooking",0,1,1,"ca48b809-d16d-4833-afd3-24fdf9ed45c8","trash","landfill","Chip bag","school",33.96,-118.41
"2014-04-30 12:24:18","eating/cooking",0,1,1,"58424705-dba5-4ae3-bcb6-3eeb91312e2d","compost/green waste","compost","Avocado peel","school",34.07,-118.25
"2014-05-26 13:02:50","cleaning",1,1,2,"f8f70520-a1f8-4891-8787-db66d2b08d36","litter","landfill","Man body spray","home",34.02,-118.28
"2014-05-20 11:25:24","eating/cooking",0,1,2,"458fdd4d-1686-45cf-89c8-c08c4c15e1f2","trash","landfill","Brownie wrapper","school",33.96,-118.42
"2014-05-01 20:11:35","drinking",0,1,3,"0ff2aa8e-766d-4b72-ae78-94fd9a83de65","trash","landfill","plastic trash","home",34.27,-118.49
"2014-05-23 11:48:43","eating/cooking",0,1,2,"c9270058-ee62-4baf-bb68-0a29ca3d109f","trash","landfill","Sour punch wrap","school",34.1,-118.3
"2014-05-18 12:05:09","drinking",0,1,1,"0568ff14-8cf6-41d8-bfd3-937341b8f992","trash","landfill","plastic straw","home",34.22,-118.59
"2014-05-11 19:03:55","eating/cooking",0,1,1,"4a57c982-eabb-46dc-81f7-1c29503b5fa9","trash","landfill","Packaging","home",33.85,-118.21
"2014-05-01 21:47:54","cleaning",0,1,4,"0975b7a0-0a84-4ac2-8874-a844fe63ddc2","trash","landfill","Coca cola box","home",33.84,-118.24
"2014-05-24 14:03:27","cleaning",3,6,6,"223eb328-c564-4330-ac93-fe1904ae874c","compost/green waste","compost","A dead flower","home",34.09,-118.31
"2014-05-24 13:34:04","drinking",0,1,3,"a4fd443b-3229-41df-afab-6bc6d523c2a9","trash","recyclable","aluminum can","stores/malls",33.92,-118.39
"2014-05-20 14:19:57","drinking",0,0,0,"3b5a543f-5394-4656-b21d-62d4c931279c","trash","recyclable","","home",34.09,-118.29
"2014-05-23 18:33:42","drinking",1,1,2,"92a80101-c7a7-4caa-9103-55bddf748050","recyclable","recyclable","glass lemonade bottle","home",33.97,-118.37
"2014-05-06 10:55:04","eating/cooking",0,2,2,"1c59dcca-797a-48a7-bc78-9e4a9d692e4a","trash","landfill","Pop tarts plastic wrapper","work",34.2,-118.59
"2014-05-09 11:27:25","school work",0,2,2,"9cbfcded-17a4-47db-a045-722000d615ae","recyclable","recyclable","Neck of 2 liter plastic bottle","home",33.97,-118.42
"2014-05-15 08:27:05","I found it",0,0,6,"f7cdf6a5-a962-46b1-bc8e-bc057800724a","trash","compost","Thrown on the floor plastic","school",33.82,-118.3
"2014-05-08 10:00:18","eating/cooking",0,0,2,"e7cb9118-0ad9-4ff8-8ae4-51fedb8135f7","trash","compost","Tomato","school",34.07,-118.25
"2014-05-28 17:38:53","other",1,1,1,"b4915129-3891-4dfa-a2a9-14301f9c2e47","recyclable","recyclable","bottles","others",34.1,-118.31
"2014-05-02 12:24:11","eating/cooking",0,2,1,"90ad5da5-3714-4f57-bd95-7ae7a94419bc","recyclable","recyclable","small bag of chips","school",33.96,-118.41
"2014-05-12 09:44:43","school work",0,1,2,"67c45578-82bc-428f-82c2-0b1074c3712a","recyclable","recyclable","Paper.","school",33.96,-118.42
"2014-05-02 19:04:16","eating/cooking",0,0,0,"26961614-8bd9-46e4-a645-81cfe30b40c2","trash","landfill","Napkin","restaurants",34.44,-119.82
"2014-05-22 07:08:04","cleaning",0,0,1,"6ab6d6e4-446e-42c9-9eb3-6c9567abd57f","trash","recyclable","Paper","home",33.98,-118.29
"2014-06-02 18:51:35","cleaning",0,0,1,"c1497f66-fcfc-4076-91fe-10a1eb125be3","trash","landfill","napkins waste","home",33.97,-118.27
"2014-05-07 20:16:01","eating/cooking",0,1,1,"0e18ec73-ed0c-4f19-b6c7-2aa3df8b29e3","trash","recyclable","Plastic container","home",33.85,-118.21
"2014-05-19 10:38:50","eating/cooking",0,0,1,"f80fb7c3-9a70-44f1-a5c8-312772821029","trash","compost","Pistachios","school",33.96,-118.42
"2014-05-20 12:50:56","eating/cooking",0,2,2,"b67f9e31-0bdb-40e6-84ce-7051975ded87","trash","landfill","Ritz paper","school",33.96,-118.42
"2014-05-21 08:07:10","eating/cooking",0,3,3,"45a765cd-52cc-42d3-b3b0-8c1a76f7838b","trash","landfill","Food basically.","school",34.1,-118.31
"2014-05-23 11:29:53","drinking",1,1,1,"bc7cf552-3b5f-4ace-80e8-9526e8bf71a6","recyclable","recyclable","Bottle","school",33.97,-118.42
"2014-05-16 17:18:37","eating/cooking",0,3,3,"9008a016-621e-454e-85ca-7413635ea748","trash","landfill","Hot popcorn","home",33.9,-118.2
"2014-05-01 20:07:40","eating/cooking",0,0,1,"80506eb7-4fe7-40b7-8fae-b529f3e950cc","trash","landfill","Cupcake wrapper","home",33.84,-118.24
"2014-05-17 22:50:51","drinking",0,1,1,"8c780e69-2876-4ee9-b184-fd008dac8db0","recyclable","recyclable","brisk","home",34.03,-118.34
"2014-05-05 19:05:52","eating/cooking",0,0,1,"1226e507-9eee-4938-8350-b305701a96bf","trash","recyclable","Packaging","home",33.84,-118.2
"2014-05-27 12:05:34","eating/cooking",1,1,1,"aa4841a0-1e9e-42ee-b97a-9c548297f40b","trash","landfill","big hot funniun bag","home",33.96,-118.42
"2014-05-14 18:33:26","other",0,1,1,"6308b65a-4508-47ce-a11a-ec34ce6c6060","trash","landfill","paper
tissue","home",33.97,-118.35
"2014-05-05 10:09:02","eating/cooking",0,2,2,"f1a53c38-3a4e-4c55-b4ce-025e6210e6fd","trash","landfill","Cookie wrapper","work",34.2,-118.59
"2014-05-08 10:53:16","drinking",0,0,0,"87074457-2946-46fa-8214-292337f6dcc7","recyclable","recyclable","Bottle","school",34.07,-118.25
"2014-06-01 21:06:25","other",3,6,6,"588155e8-5992-4a38-b1b6-fbc70a2a670e","recyclable","recyclable","two used ink carriage","home",34.09,-118.3
"2014-05-16 10:23:36","drinking",0,0,1,"c09d5372-955c-4b3f-afb0-d18b88662f2c","trash","landfill","kool aid","school",33.96,-118.42
"2014-05-15 07:14:12","eating/cooking",0,0,0,"087b473b-3c64-4aa6-a5b3-36b85e186d16","trash","landfill","Chip bag","in transit",33.98,-118.34
"2014-05-20 11:43:26","drinking",0,1,1,"174d2661-75cc-4817-a54f-401986da5ffa","recyclable","recyclable","vitamin water bottle","home",33.96,-118.42
"2014-05-08 07:20:20","eating/cooking",0,0,1,"af2300eb-4658-4b89-bd8f-dd4b3f07223b","trash","landfill","Paper packaging","stores/malls",34.2,-118.59
"2014-05-27 22:47:31","school work",0,1,1,"8dddc7bd-e52d-4b83-9cfe-96ffc8e7b3a0","recyclable","recyclable","Paper","home",34.08,-118.28
"2014-05-14 09:11:37","school work",0,1,0,"78bc5307-a6c4-4e66-8d31-26b56a6274c6","recyclable","recyclable","Used Notebook Paper","school",33.97,-118.42
"2014-05-04 19:01:45","drinking",0,1,1,"cf50d80c-ccb0-44cc-b315-eda047ab445d","recyclable","recyclable","Plastic water bottle container","home",34.2,-118.58
"2014-04-02 12:18:47","eating/cooking",1,3,2,"c17b0536-702e-4bdc-ac76-2c6a14e510eb","compost/green waste","compost","Banana peelings","work",34.06,-118.25
"2014-05-05 09:45:02","eating/cooking",0,0,1,"f8d9c597-1d4a-4229-815e-9615c69ee279","trash","recyclable","Paper","school",34.21,-118.59
"2014-05-08 19:18:16","eating/cooking",0,0,1,"dbc67cea-e20a-4808-8d6a-90d3d143a807","trash","landfill","Napkin","restaurants",33.84,-118.29
"2014-05-13 11:38:48","cleaning",0,0,2,"02831cfb-458f-49fc-8c24-53497a8b5ec5","trash","recyclable","Paper napkin","school",34.2,-118.6
"2014-05-11 22:02:28","cleaning",0,1,2,"4d8c209e-c117-4fcb-87ce-0729db7a8d03","trash","landfill","Paper napkins","home",34.21,-118.58
"2014-05-16 09:49:18","eating/cooking",3,2,3,"21b675b3-f15d-41b1-964a-05df8dc8b753","recyclable","recyclable","I had a plastic bag and now am going to throw it before it goes around","home",34.11,-118.3
"2014-05-14 13:02:15","cleaning",0,1,2,"d8303f76-b32d-46ab-8775-66aa57102d17","recyclable","recyclable","Water bottle","school",33.96,-118.42
"2014-05-19 12:20:16","eating/cooking",0,1,1,"49822a52-af2f-4c5d-8a74-e09ffcd4030d","trash","landfill","Cheetos bag","school",33.96,-118.43
"2014-05-20 11:05:17","eating/cooking",0,1,1,"aa1c6ad6-89c8-4570-8141-e40c3d393aed","trash","landfill","Green plastic wrapper","school",33.96,-118.43
"2014-05-01 19:36:47","drinking",0,0,3,"85ddbfe4-c1f1-45e4-8946-fb356b46d413","recyclable","recyclable","Bottle's","home",34.24,-118.43
"2014-05-20 12:50:21","eating/cooking",0,2,2,"6a7a38b9-c50e-47b5-9451-eb6065830d51","trash","recyclable","Plastic knife","school",33.97,-118.43
"2014-04-03 19:29:16","eating/cooking",1,1,1,"afe5422f-e4b7-4335-8b6d-99d0271976f7","trash","landfill","Raised box","school",34.05,-118.32
"2014-05-19 10:59:58","eating/cooking",0,1,2,"6fefae81-58db-4bbb-b04a-e2a5e73ec975","trash","recyclable","Styrofoam bowl","school",33.97,-118.41
"2014-05-05 13:22:45","eating/cooking",0,2,1,"a4e8a532-67d0-433a-89e6-18c0d58740f8","trash","compost","Food","school",34.19,-118.59
"2014-05-07 10:30:07","school work",0,1,2,"d6fc3fa0-85a2-4b9c-90ab-98184eedfac2","recyclable","recyclable","Playdoh cardboard packaging","work",34.21,-118.59
"2014-05-24 14:18:32","other",3,6,6,"85b04530-4e0b-4503-9bde-ef5d8cfa2f61","recyclable","recyclable","Finish sunscreen lotion","home",34.1,-118.3
"2014-05-20 12:26:43","eating/cooking",0,1,1,"2f1cf5e7-6d5b-4690-a46a-590befc101fa","trash","landfill","Cheetos bag","school",33.96,-118.42
"2014-04-30 12:45:32","school work",0,2,8,"63985c91-4cf3-4f01-8dc0-126f7543b11b","recyclable","recyclable","Pieces of paper","school",33.84,-118.29
"2014-05-08 16:57:48","eating/cooking",0,1,1,"5a388bac-8f60-4131-b9da-b90dfdb45d82","trash","landfill","Cheeseburger wrapper","home",33.83,-118.25
"2014-05-13 18:30:38","cleaning",0,0,1,"a03a8b47-c852-42ac-baa7-ab615183737a","trash","recyclable","Paper","school",33.97,-118.3
"2014-05-11 20:59:34","eating/cooking",0,0,2,"a2e15fd4-cb97-4e10-b7b0-bf4442264003","trash","recyclable","paper","home",34.08,-118.26
"2014-05-25 17:59:08","I found it",0,0,0,"0354b8af-47e1-4c58-a659-775a29e08c50","recyclable","recyclable","Soda","in transit",34,-118.31
"2014-05-08 09:55:03","school work",0,1,1,"f1e555fa-d206-4bcf-9192-b1fd96e75b53","recyclable","recyclable","plastic bag","school",34.08,-118.25
"2014-05-15 06:23:15","cleaning",0,1,1,"34397dc8-4e5f-4b51-8989-ca17079ecbf8","recyclable","recyclable","water bottle","home",34,-118.33
"2014-05-15 11:37:47","eating/cooking",0,1,1,"b7ed434e-013f-476a-8080-e98f355f5071","trash","landfill","Candy rapper","school",33.96,-118.42
"2014-05-17 18:59:34","eating/cooking",1,2,2,"b7e29692-f818-4b84-ac90-3e84d61a608e","trash","landfill","Paper plate","home",33.87,-118.2
"2014-05-25 08:24:29","drinking",1,1,3,"78977af7-1bcf-4039-8dc1-878295bbbbfd","recyclable","recyclable","Bottle","home",33.98,-118.29
"2014-05-07 13:18:33","I found it",0,1,1,"82239834-ad02-4d4e-a96d-4c2b3281b9ba","trash","recyclable","Platsic wrapper","school",34.21,-118.6
"2014-05-19 10:09:35","school work",0,0,2,"3f1aba30-77f7-401f-87b9-687c31960a5c","trash","recyclable","paper that has been drawn on","school",34.02,-118.39
"2014-05-16 17:43:38","other",0,0,1,"16600c5e-d716-4572-b4d7-50adad42e475","trash","recyclable","Cardboard Box","home",33.96,-118.36
"2014-05-22 12:56:06","eating/cooking",0,2,1,"94eb1ae1-8756-46ab-8cbf-1c5f715f37a9","recyclable","recyclable","Powerade bottle","school",33.96,-118.42
"2014-05-22 09:25:40","eating/cooking",0,0,0,"8f9fc032-4de7-4f5a-ac74-9febfefef2de","trash","recyclable","Gum wrapper","school",33.96,-118.42
"2014-05-08 09:04:52","school work",0,0,2,"afbe0149-b43e-45bc-854d-8ff905215158","trash","recyclable","Paper","school",34,-118.28
"2014-05-11 11:47:04","eating/cooking",0,1,1,"5b299ded-1b4e-4bfb-aec7-e93d38515096","trash","landfill","plastic aluminum lid","home",34.22,-118.35
"2014-05-25 08:26:25","cleaning",1,1,3,"d2d69975-5c9c-4f63-9530-31e5ac52b69d","trash","landfill","Diaper","home",33.99,-118.29
"2014-05-08 11:08:22","drinking",0,1,2,"ca437215-5815-4449-8beb-366b2de8ddd9","trash","recyclable","It's a Caprisun","school",33.97,-118.42
"2014-05-23 12:48:46","eating/cooking",0,2,2,"20499f5e-1624-4f01-9eaa-a56924e25758","trash","landfill","Cookie Wrapper","school",33.96,-118.4
"2014-05-15 11:28:56","eating/cooking",0,1,1,"ccab21ee-c25f-4e13-b543-1439cde41a36","trash","landfill","candy wrapper","home",33.96,-118.41
"2014-05-21 09:06:03","eating/cooking",0,2,2,"66ced615-0d24-4e52-8ee4-b1d019c60003","recyclable","recyclable","Plastic wrapper","school",33.96,-118.42
"2014-05-19 11:07:19","eating/cooking",0,1,1,"b94706bd-a45a-4294-9d32-91e91c84d83d","trash","landfill","plastic bag of chips","school",34.21,-118.59
"2014-05-21 15:54:21","eating/cooking",0,0,1,"bdcfae7d-5081-4ac3-8300-3e7fc313dc43","trash","landfill","Empty paper plate of food.","home",33.98,-118.31
"2014-05-21 09:58:56","cleaning",0,1,2,"6812ddf4-0302-417d-9dcb-1587d7453d9e","recyclable","recyclable","gum box","school",33.97,-118.43
"2014-05-10 08:29:45","eating/cooking",0,1,1,"2d618804-a886-4153-b781-cb0c406132ef","trash","recyclable","plastic pudding cup","home",34.22,-118.34
"2014-05-27 19:52:52","drinking",0,0,0,"9af6dd2c-323c-4595-9d67-8d1df07cb681","recyclable","recyclable","Soda can","home",34.22,-118.59
"2014-05-12 11:02:43","I found it",0,1,2,"c7adae79-4787-4288-9459-f74614721399","trash","recyclable","unhealthy chip snack","school",33.97,-118.42
"2014-05-19 11:03:05","eating/cooking",0,1,2,"b479a1bb-de49-4c48-ac04-9ce6c8ea0790","trash","landfill","Good Twix Wrapper","school",33.96,-118.43
"2014-05-08 17:09:24","eating/cooking",1,1,2,"e4e12b0c-abf2-4d81-a7af-670463289b05","trash","landfill","pizza box","home",33.83,-118.27
"2014-05-23 23:14:43","eating/cooking",0,0,3,"25388c5c-7634-41f5-9c22-df18df9414a3","trash","compost","Cucumber peels","home",34.24,-118.58
"2014-05-23 14:29:06","eating/cooking",0,4,2,"8c5c4d4b-6db2-4cb4-90d3-587e940fc645","trash","landfill","Gum wrapper","school",34.11,-118.3
"2014-05-08 09:48:59","school work",0,1,1,"e3598a4d-0a60-4c5c-a354-156a40126ea4","compost/green waste","compost","tamale wrap","school",34.07,-118.26
"2014-05-23 08:04:38","school work",0,0,1,"d1791546-180f-4295-9c5a-6974f3280ad7","trash","recyclable","paper","school",34.11,-118.3
"2014-05-10 12:07:52","cleaning",1,1,1,"1f9d4151-bd7b-4fd6-abac-c5818629551b","trash","landfill","strings from fringe of a kimono and a used tissue","home",34,-118.34
"2014-05-22 18:47:02","eating/cooking",0,6,6,"f5f33193-027c-438a-9670-8c4d5a04b081","trash","landfill","-A tray 
-sauce container 
-napkin 
-lottery paper","home",34.1,-118.31
"2014-05-11 19:05:56","eating/cooking",0,0,0,"38ea1460-db28-48ad-bbea-7bf44e55c456","trash","recyclable","Packaging","home",34.2,-118.6
"2014-05-09 16:46:39","eating/cooking",0,0,2,"cb39f6ef-9d0a-47e3-9cf8-fc5dc87acd24","trash","landfill","Paper container","restaurants",34.21,-118.6
"2014-05-21 12:09:41","eating/cooking",0,0,1,"396cdf19-fa7e-4a9d-b590-1bf639c5016c","trash","recyclable","Nature Valley","school",33.97,-118.42
"2014-05-11 19:21:16","shopping",0,1,0,"923c6351-d27d-46cd-8a5b-31badd24a69c","trash","landfill","receipt","stores/malls",33.84,-118.34
"2014-05-16 16:30:45","school work",0,0,1,"9e32c0c9-b281-4efe-8639-105bd88aa336","trash","recyclable","Paper Strip","school",33.97,-118.36
"2014-05-19 12:41:12","drinking",0,0,1,"a082c28a-f46e-4d95-9663-8891baf3d03b","trash","landfill","sunkist","school",33.96,-118.41
"2014-05-12 19:31:33","other",0,0,4,"8c0fa967-1552-41ac-8779-23cdbfcb3005","trash","landfill","Bandage","school",33.79,-118.26
"2014-05-12 06:10:06","drinking",2,2,2,"f6258032-7e47-426a-a74a-ad3fad47de77","recyclable","recyclable","Glass bottle","others",33.95,-118.31
"2014-05-13 21:33:52","eating/cooking",0,0,1,"ac6e56ba-255c-490e-a9c3-e05eb54fe51d","trash","recyclable","Paper towels","school",33.99,-118.28
"2014-05-07 17:15:12","eating/cooking",0,1,1,"8b1baf9e-8170-42b1-9f49-ddf6f718f590","recyclable","recyclable","Plastic knife","home",33.84,-118.25
"2014-05-27 08:02:35","eating/cooking",0,0,2,"f65ecc70-2e34-4750-afd6-96bafcc4f8f2","trash","landfill","ziploc","home",34.26,-118.58
"2014-05-24 18:38:45","I found it",0,0,0,"99c7eadd-300b-4621-ace2-a3030229bb3b","recyclable","recyclable","soda cap","others",34.07,-118.26
"2014-05-08 09:52:26","I found it",0,2,1,"de91f9ea-9fff-4073-90ed-09fdccab784f","trash","compost","banana peel","school",34.07,-118.26
"2014-05-20 13:53:01","drinking",0,1,2,"6cd5d50c-6ae1-448c-886c-345a4b285454","recyclable","recyclable","Water bottle.","school",33.97,-118.41
"2014-05-15 08:39:31","drinking",0,0,1,"035784cb-b9b5-4961-b81a-0b8313c6080c","recyclable","recyclable","Bottle","home",33.96,-118.43
"2014-05-15 08:30:31","eating/cooking",0,0,6,"23a25b32-f861-45de-89bd-0e30a05f8906","trash","landfill","Food stuck in alley","school",33.81,-118.29
"2014-05-21 09:56:06","drinking",0,1,0,"68c305ac-a531-4ec9-840f-1b54acd35dbc","recyclable","recyclable","Bottle","stores/malls",34.1,-118.31
"2014-05-05 15:49:05","eating/cooking",0,1,1,"ee388407-4159-47de-b9e5-293cc08db888","trash","landfill","yogurt Wrapper","home",34.05,-118.28
"2014-05-08 09:53:05","school work",0,1,1,"db0e19dd-86c1-4bb9-94f0-89be13d51809","recyclable","recyclable","candy wrapper","school",34.07,-118.25
"2014-05-22 11:47:44","eating/cooking",0,1,3,"9890c83a-85e4-4afa-99bb-ecb711d743ed","trash","recyclable","Gum wrapper","school",34.1,-118.3
"2014-05-21 15:51:52","eating/cooking",1,1,2,"05972a4b-0ad0-4359-917e-151eb55e6d5d","trash","landfill","napkins","home",33.97,-118.38
"2014-05-21 07:01:37","cleaning",0,1,1,"ad3e024c-1fa1-4117-96ac-3917b336a09d","trash","landfill","cardboard and plastic","home",33.98,-118.35
"2014-05-08 09:50:26","cleaning",0,1,1,"38901a77-dca9-4760-a31f-b66cbed7534d","recyclable","recyclable","bottle cap","school",34.07,-118.25
"2014-05-16 22:31:36","drinking",0,1,1,"db4de540-cccb-4e3d-8923-cbc41be9317d","trash","landfill","Plastic cup","home",34.01,-118.46
"2014-05-12 10:19:57","eating/cooking",0,0,1,"044e4376-bfe6-49a9-8d23-55561f06baa9","trash","landfill","Chips bag","school",33.97,-118.43
"2014-05-25 23:34:37","drinking",0,1,1,"be5252bc-1df3-449f-9798-8b10f6a7f95f","recyclable","recyclable","Can","home",33.92,-118.28
"2014-05-16 10:40:04","eating/cooking",0,2,1,"3bec08aa-dad3-405e-aebc-24fe89991ea8","trash","landfill","its an empty bag of funyuns","school",34.1,-118.3
"2014-05-02 16:59:20","eating/cooking",0,0,2,"cdfcf1ea-94f8-4cb6-addc-d5a25cffcc17","trash","landfill","food wrapper","restaurants",33.82,-118.3
"2014-05-15 11:03:58","drinking",0,1,2,"7a42d075-0a52-4189-8aa2-cf5e6596a909","trash","recyclable","Plastic bottle","school",33.97,-118.43
"2014-05-02 09:26:00","other",0,1,2,"f3268e75-2f1f-402a-88a9-b6512fce9ffb","trash","compost","Paper","school",33.96,-118.43
"2014-05-15 06:21:58","cleaning",0,1,1,"6fde71c9-aecf-4db2-898c-19f9ad56aed5","recyclable","recyclable","water bottle","home",34,-118.33
"2014-05-03 19:04:11","drinking",0,0,1,"5add19a8-e876-4248-93a5-6c033ec74783","trash","recyclable","Sierra mist soda can","home",33.97,-118.27
"2014-05-01 12:51:51","eating/cooking",0,2,3,"92eecb73-5d22-44a4-8ca0-2fcda89a088d","trash","landfill","ice cream wrapper","school",33.83,-118.27
"2014-05-04 18:24:09","eating/cooking",0,0,1,"41d200bd-de68-47ae-862f-6170fd09a922","trash","landfill","Apple paper","home",34.07,-118.28
"2014-05-09 21:06:37","school work",0,1,2,"27c56674-c467-49cc-a787-04fcbece1fa6","recyclable","recyclable","Several pieces of paper","home",34.2,-118.58
"2014-05-24 12:14:43","drinking",1,2,2,"ee0b123f-c8fc-4212-acd2-33b976b0d6ac","recyclable","recyclable","aluminum can","home",33.97,-118.4
"2014-05-15 06:19:37","cleaning",0,1,1,"dfd18996-03ca-4206-a1d1-65cd21b98901","trash","landfill","wrapping paper","others",34.01,-118.34
"2014-05-21 19:39:45","eating/cooking",0,1,1,"5ee1247f-0150-408a-8ba1-a719e19d3312","recyclable","recyclable","KFC to go cup","restaurants",33.97,-118.38
"2014-05-13 12:20:21","eating/cooking",0,0,2,"b4042fe7-dcf5-45a9-81c9-8d5d37c3c69b","trash","landfill","Plastic bag","school",34.2,-118.6
"2014-05-07 17:26:15","eating/cooking",0,1,3,"1b704d00-8b83-472d-93ac-ca728766eff5","trash","landfill","Food","home",33.83,-118.23
"2014-05-11 09:54:24","eating/cooking",0,1,1,"b2e74393-2147-4825-945b-03ae1c90b918","trash","landfill","cupcake wrapper","stores/malls",34.01,-118.33
"2014-05-03 13:31:05","eating/cooking",0,0,1,"8cc9062f-6257-4155-a7d9-aa017486e954","trash","landfill","Hot Cheeto Wrapper bag","home",34.2,-118.57
"2014-05-19 15:14:02","I found it",0,1,3,"2b354789-9d2d-47de-844c-548c3ef6fae4","trash","compost","Wrapper","school",34.1,-118.31
"2014-05-02 09:54:09","eating/cooking",2,0,1,"10ba78ed-8277-4384-855a-6de42d34f90b","litter","compost","Food","school",34.2,-118.6
"2014-05-02 12:05:25","drinking",0,1,2,"f86df7da-2709-4dd8-8eee-64ebb8e91e1f","recyclable","recyclable","Gatorade bottle","school",33.95,-118.42
"2014-05-08 12:06:42","eating/cooking",0,2,1,"e84444c2-5965-4b9b-8946-0de4d94f9636","trash","landfill","Plastic wrapper","work",34.2,-118.6
"2014-05-14 09:04:15","eating/cooking",1,1,1,"f2ec6917-6253-465d-9aec-c214e1bba2b2","trash","landfill","plastic","school",33.96,-118.42
"2014-05-09 17:32:55","eating/cooking",1,1,2,"323dc698-a6b7-4f10-8b4b-3263a7b613a1","trash","landfill","gum wrapper","home",33.8,-118.28
"2014-05-10 21:32:23","eating/cooking",1,1,3,"97b4963a-f898-40d6-9a0e-59f33a7dec10","trash","landfill","chips","home",33.83,-118.27
"2014-04-28 14:02:20","drinking",0,0,0,"6494961c-0409-4f43-9a4a-9831006d38a1","recyclable","recyclable","waterbottle","school",34.01,-118.24
"2014-05-13 18:00:12","eating/cooking",0,2,2,"5aae5b1e-741e-4f34-8137-4ece82adaf5c","recyclable","recyclable","Icee FREEZE Blue Rasberry","others",33.96,-118.38
"2014-05-07 20:19:55","drinking",0,1,1,"e5a6c1c9-a06e-40f9-bd56-570587a9f37f","recyclable","recyclable","Glass container","home",33.84,-118.2
"2014-05-27 11:12:57","eating/cooking",0,2,2,"b6457b31-bdf9-48b1-8b6f-1cb5c399dbbc","trash","landfill","27 May, 2014 
Gum wrapper","school",34.26,-118.58
"2014-05-03 12:15:26","school work",0,1,2,"8ae1f530-f913-43b2-9a02-463fc28fdab0","recyclable","recyclable","Plastic water bottle","others",34.27,-118.65
"2014-05-17 14:14:32","eating/cooking",0,1,1,"0a4b1bc5-694d-4d4a-9295-0994b7a3055c","trash","landfill","another candy wrapper","home",33.98,-118.36
"2014-05-12 16:07:40","eating/cooking",0,0,2,"856d858b-afdf-460e-91a3-9c8786c6b59b","trash","landfill","Yogolicious large cup","restaurants",33.97,-118.41
"2014-05-15 11:30:41","cleaning",0,1,1,"c7ac7bbc-944a-4a35-ae26-c54059417967","trash","landfill","tissue found in my backpack","home",33.97,-118.43
"2014-05-15 21:11:25","school work",0,0,1,"447184c6-0c11-4873-9950-492f9c5ec45e","trash","recyclable","Piece of paper.","home",33.98,-118.31
"2014-05-10 19:07:20","drinking",0,1,1,"be6c78e8-3bc6-4bb6-8418-3444b902fd07","trash","landfill","drink container not recyclable I think","restaurants",34,-118.34
"2014-05-21 12:39:06","cleaning",0,0,1,"d3c22f21-716a-4528-9a7d-9fcfa0fd3a99","trash","recyclable","paper that i dont need anymore","school",34.1,-118.31
"2014-05-03 12:38:03","eating/cooking",2,4,4,"4fe88f43-2e3c-46e6-a3e6-a2638ec92dc8","trash","compost","Egg shell","stores/malls",33.95,-118.31
"2014-05-02 14:17:59","drinking",1,2,2,"588a63b2-fe26-4fa6-80bc-e9927e61e88c","recyclable","recyclable","Water bottle plastic","school",34.2,-118.59
"2014-04-02 12:13:37","eating/cooking",1,3,2,"e66e8fbd-39e5-4bb9-8232-f3de80936fa2","compost/green waste","compost","Dried banana leaves","work",34.08,-118.25
"2014-05-08 21:46:57","school work",1,1,1,"a8f132c4-6e32-4916-945f-b997ba2c0354","recyclable","recyclable","Paper","home",33.83,-118.28
"2014-05-11 21:53:34","drinking",0,1,1,"0900ddbb-ca32-4f11-87d2-d5b6a3c829a1","recyclable","recyclable","Plastic bottle","home",33.83,-118.29
"2014-05-13 15:14:23","eating/cooking",0,0,1,"74fa7833-5933-46ac-979b-264581e387a2","trash","landfill","cardboard cereal box","home",34.21,-118.59
"2014-05-19 12:45:20","eating/cooking",0,4,4,"a780ebd6-962c-49fb-bbcb-56e5391d7284","recyclable","recyclable","water bottle","school",33.96,-118.42
"2014-05-22 11:29:39","eating/cooking",0,1,2,"ac89d8ee-2472-42b5-825c-69d89adb8e7c","trash","landfill","Wrapper","school",33.97,-118.42
"2014-05-14 21:08:41","eating/cooking",0,1,1,"395be375-45af-414d-a558-50cc9dc7c3c8","trash","landfill","plastic spoon","in transit",34.21,-118.6
"2014-05-22 09:26:18","other",0,1,1,"205d00fd-a13f-4760-8311-bd358d6e5aca","trash","landfill","raper","school",33.97,-118.43
"2014-05-16 12:10:48","drinking",0,1,2,"6d627ba7-5978-4a97-a8e1-9970cc12f850","recyclable","recyclable","empty Gatorade bottle","school",33.97,-118.41
"2014-05-06 16:07:06","eating/cooking",0,1,2,"02ed8b8d-5c64-425c-acaf-397370b04bbf","recyclable","recyclable","Paper plate","work",34.2,-118.6
"2014-05-31 20:24:31","eating/cooking",0,0,1,"374d85d3-ae3a-498b-add8-fc6880b06433","trash","landfill","Aluminum foil container","home",34.24,-118.58
"2014-05-07 13:29:53","eating/cooking",0,2,1,"3260da61-4559-4018-b8f8-041aed339015","trash","recyclable","Paper","school",34.21,-118.6
"2014-05-07 20:19:04","drinking",0,1,1,"dd8cdb67-0190-44e7-8c5d-f9299c45966a","recyclable","recyclable","Metal cover","home",33.84,-118.21
"2014-05-08 07:21:09","eating/cooking",0,0,1,"db5ef50f-7df7-4b63-80d8-c1f52b940bd6","trash","recyclable","Plastic packaging","stores/malls",34.2,-118.61
"2014-05-18 21:05:07","drinking",0,1,1,"c036b36b-20da-4443-a8d9-74668cf7b48f","recyclable","recyclable","juice","home",34.03,-118.33
"2014-05-04 13:52:44","eating/cooking",0,0,1,"868da8da-9810-489a-8bce-aed47855aa4a","trash","compost","Orange peel","home",33.85,-118.26
"2014-05-19 22:32:26","drinking",6,6,6,"b7e56685-d1ae-46b2-9ee3-1b883d4b83ff","recyclable","recyclable","Foam cup","home",33.99,-118.34
"2014-05-09 16:48:02","drinking",0,0,2,"ad89adcc-62f2-44a1-87f2-e2c5ca4e6f1a","trash","landfill","Paper cup","restaurants",34.2,-118.59
"2014-05-07 13:13:32","eating/cooking",0,2,2,"141f06a4-364e-4074-a153-a797a90620c0","trash","landfill","Trash","school",34.21,-118.6
"2014-05-08 12:47:12","eating/cooking",0,0,7,"01be3391-9d52-498d-9136-459e48e14b37","trash","landfill","an empty bag that once contained 2 poptarts","school",33.96,-118.42
"2014-05-02 11:14:42","eating/cooking",0,0,1,"c4cba6f1-b65a-4246-8393-effae958b2b7","trash","landfill","Packaging","school",34.2,-118.6
"2014-05-14 16:03:57","eating/cooking",0,1,2,"d0286e6a-6728-49e0-8aab-2602ce275869","trash","landfill","Plastic container 
Food","home",34.21,-118.58
"2014-04-30 12:30:57","drinking",0,1,1,"89294c10-797e-44be-848f-eab1bf50c8fa","trash","landfill","Ice coffee container","school",34.07,-118.25
"2014-05-10 16:52:15","eating/cooking",0,0,6,"0a5930a9-b2df-41d1-9a5d-9d5c259d0e58","trash","recyclable","2 churros from El Pollo Loco","others",33.97,-118.41
"2014-05-23 12:38:50","eating/cooking",0,0,0,"9abd78db-b0f1-48fb-910a-4f018da26ac7","litter","compost","More tin","school",33.96,-118.42
"2014-05-08 10:08:34","school work",0,1,1,"c3ccac29-a3b8-48ec-853f-cdc473f15a46","recyclable","recyclable","trail mix bag","school",34.07,-118.25
"2014-05-18 20:24:48","eating/cooking",0,0,0,"561c65d4-f158-44e8-8039-7ae0a5276160","trash","landfill","Yogurt","stores/malls",33.94,-118.3
"2014-05-23 11:38:41","eating/cooking",0,0,1,"a197e96c-fc49-405f-863a-68c5f9492966","trash","landfill","plastic wrap","school",34.26,-118.58
"2014-05-21 10:47:01","I found it",0,1,3,"bc2533a1-a56e-41d7-a64e-b3441954d50a","trash","landfill","its a bag of spicy chips named TAKIS","school",34.11,-118.31
"2014-05-07 13:26:00","eating/cooking",0,1,2,"c352f031-7395-4768-9c5d-03c70545d3d8","trash","recyclable","Plastic wraper","school",34.2,-118.59
"2014-05-09 22:56:50","eating/cooking",1,1,1,"2741e312-5124-4fe7-866c-ba6bf8319593","trash","landfill","Gum","home",33.83,-118.28
"2014-05-08 19:37:28","cleaning",0,2,5,"3343ebd9-dc85-45b6-a259-9b407e87cad5","trash","landfill","Plastic paper for water bottle","others",34.19,-118.5
"2014-05-12 10:17:12","eating/cooking",0,1,1,"2c04bd9a-d74d-4465-82b0-6d69ee18027f","trash","landfill","Chips","school",33.97,-118.42
"2014-05-27 12:37:05","eating/cooking",0,0,3,"dc13bcb5-23dd-41b7-8339-26c82ff5bb23","trash","landfill","Wrapper","school",33.96,-118.42
"2014-05-16 10:50:26","eating/cooking",0,0,1,"a0b1ebc4-3443-4f9a-8c0d-d4113a0d2926","trash","landfill","Granola bar","school",33.96,-118.42
"2014-05-16 12:10:18","eating/cooking",0,1,1,"cd4f1b22-5af1-412e-8ec7-53be2b5e5ae0","trash","landfill","Granola trash","school",33.97,-118.42
"2014-05-26 21:20:29","I found it",0,0,1,"6af72dd0-ffe9-4718-98f1-d81e0d88d7e1","trash","landfill","Tissue Paper","home",34.02,-118.33
"2014-05-21 11:29:51","drinking",0,0,3,"c7195df0-18cb-4757-bfca-82d65713938b","trash","recyclable","water bottle","school",33.96,-118.43
"2014-05-21 13:56:24","eating/cooking",0,1,3,"0c7c3339-93d0-4977-8b19-5d8ffd0870b6","trash","landfill","Nature valley wrapper","school",34.1,-118.3
"2014-05-20 17:58:12","eating/cooking",0,0,1,"7c03aa3f-9d68-497b-8b0f-49e2efda0770","trash","landfill","Plastic wrapper","home",33.98,-118.4
"2014-05-23 10:49:16","school work",0,1,1,"c52928ec-d5b4-4ff8-addc-5f8ff90c9b4e","recyclable","recyclable","paper pieces","school",33.96,-118.42
"2014-05-24 21:32:24","drinking",0,1,1,"13355206-a904-4c1a-8183-f24925f4c705","trash","landfill","Plastic cup","home",33.92,-118.28
"2014-05-18 11:13:57","eating/cooking",0,1,1,"41f18bf3-0144-4147-8e39-14849744b6b9","trash","landfill","egg shell","home",34,-118.33
"2014-05-22 09:26:47","drinking",0,1,3,"8b599891-f796-4ccd-9bcc-42eee46ebb32","trash","landfill","Some juice","school",33.96,-118.42
"2014-05-12 19:43:38","other",0,0,1,"7f759543-4c46-43e5-9973-26c57a4c4e75","trash","landfill","Baseball card","home",33.8,-118.25
"2014-04-30 13:15:44","eating/cooking",0,10,10,"1f793376-97ad-43f2-b79f-f31333fe9dd7","recyclable","recyclable","It's aluminum with different colors and words","school",33.83,-118.27
"2014-05-10 19:16:05","eating/cooking",0,1,2,"a266bccb-7706-4880-8821-e079c8f40c93","trash","compost","Apple core","home",34.2,-118.59
"2014-05-08 09:48:22","school work",0,1,1,"e6b8d6c0-f750-43f0-a005-abce5fac229c","recyclable","recyclable","a piece of plastic","school",34.07,-118.25
"2014-05-28 22:00:34","drinking",0,1,1,"1a55372a-b7b0-440d-a672-342ac1c9e537","recyclable","recyclable","water bottle","home",34.09,-118.28
"2014-05-27 22:54:59","school work",0,1,1,"1dd531e5-d764-4da8-bba3-aecf8984e58b","recyclable","recyclable","Paper","home",34.08,-118.28
"2014-05-27 12:07:29","cleaning",1,1,1,"ef4da7ca-f452-4d50-958f-d9137bbb90d6","trash","landfill","napkin","home",33.96,-118.42
"2014-05-22 09:28:19","cleaning",0,1,2,"cd852d70-8af3-486f-9b16-15de4b2d6a66","trash","recyclable","paper","school",33.96,-118.42
"2014-05-01 00:24:18","eating/cooking",0,0,0,"b396b9fc-cb39-4479-b526-f2f627180138","trash","recyclable","four small candy wrappers","home",33.81,-118.25
"2014-05-06 17:19:49","I found it",0,0,1,"56a25ed5-f937-4042-9dc2-9c17b151b035","trash","recyclable","Paper","home",34.08,-118.27
"2014-05-01 20:15:14","drinking",0,1,3,"8de82181-d772-4fd6-b5cb-86da081a4b7d","recyclable","recyclable","plastic bottle","home",34.27,-118.5
"2014-05-09 20:29:56","cleaning",0,1,1,"722fc14e-ce56-4da1-85ab-aff7b9e64c51","trash","landfill","used tissue","home",34,-118.34
"2014-05-13 11:31:16","eating/cooking",0,1,1,"cc752723-4e88-42b0-8a83-4bad3af2b219","recyclable","recyclable","Lifesavers wrappers","school",33.97,-118.43
"2014-05-15 11:34:29","eating/cooking",0,1,1,"4e37ab14-b8da-40a6-a739-7c5fecbaf5a6","recyclable","recyclable","Sour punch straws wrapper","school",33.96,-118.42
"2014-05-09 12:35:25","school work",0,2,1,"4fa33982-f4b4-496c-80f7-cd97af8973ab","recyclable","recyclable","coke bottle wrapper","school",33.96,-118.42
"2014-05-15 11:07:10","eating/cooking",1,2,2,"9f88f421-e8dc-4a16-9495-d26042b8e436","trash","recyclable","a bag of chips","school",33.96,-118.43
"2014-05-07 13:18:13","eating/cooking",0,1,4,"18accdb1-60b3-4387-84f2-52214fce4ceb","trash","landfill","plastic fork","school",33.83,-118.26
"2014-05-12 00:15:38","drinking",0,1,3,"32d04a75-7fd8-49d3-89e1-7ee28bc0d72a","recyclable","recyclable","Plastic water bottle","home",33.83,-118.24
"2014-05-12 12:05:05","eating/cooking",0,1,1,"1acb31ea-38ff-4207-9bee-5e6c8ae75d57","recyclable","recyclable","Honey bun wrappers","school",33.98,-118.42
"2014-05-04 13:54:52","drinking",0,1,1,"50f0ac92-5fed-4c16-81c2-2369d3fd13c9","trash","recyclable","paper napkin","home",33.85,-118.26
"2014-05-01 15:55:34","eating/cooking",0,1,9,"5ee3141c-5d77-4fe3-ba93-e12476b35dfe","trash","recyclable","a pizza box","school",33.83,-118.27
"2014-05-08 11:10:43","drinking",0,1,2,"008f3d3f-badd-4683-b51a-ec3795f2817a","recyclable","recyclable","A bottle of water.","school",33.96,-118.42
"2014-05-01 19:10:40","drinking",0,2,2,"a0f250c7-9869-43b0-8c95-93c0f68f62d1","recyclable","recyclable","Plastic bottle","work",34.2,-118.59
"2014-05-17 22:54:19","eating/cooking",0,1,1,"5576d460-9fb2-4573-a7f9-47743b50275f","trash","landfill","lunchable","home",34.03,-118.34
"2014-05-08 12:19:19","drinking",0,1,0,"405f39fb-eaf7-4f95-af92-ecddaf8104ce","recyclable","recyclable","this thrash is recyclable","school",33.97,-118.42
"2014-05-25 13:29:16","eating/cooking",1,1,2,"5517ba1f-2c04-4748-bed2-5f4805a0782f","trash","landfill","yogurt cup","home",33.98,-118.37
"2014-05-05 09:52:06","eating/cooking",0,0,2,"001a53ae-a7a9-4691-8b4d-e354a514dc06","trash","landfill","Packaging","school",34.2,-118.6
"2014-05-26 21:17:33","I found it",0,0,1,"1757d0e5-e8c0-4495-8de5-2867c7df4d7c","trash","landfill","Wrapper","home",34.03,-118.34
"2014-05-21 09:16:41","eating/cooking",0,1,3,"db019e98-239b-465b-86e5-2cd41ac45ae4","trash","landfill","A chip bag.","school",33.97,-118.43
"2014-05-18 10:03:35","eating/cooking",0,0,1,"3d15a322-83e1-4198-823f-74d87f4b9ab5","trash","recyclable","Small plastic bag","restaurants",33.99,-118.24
"2014-05-12 09:12:21","eating/cooking",0,2,1,"232d743f-913a-4264-85d9-82edfa0e4196","trash","landfill","Lollipop wrapper","school",33.83,-118.29
"2014-05-28 11:03:56","eating/cooking",0,1,1,"1f0217d1-0424-433e-80b3-b6c709355fbb","recyclable","recyclable","pop cart","school",33.95,-118.41
"2014-05-05 10:20:59","eating/cooking",0,2,2,"d39f7042-c9cd-446d-a065-0667ecede222","trash","landfill","Granola bar wrapper","work",34.2,-118.6
"2014-05-12 20:37:30","eating/cooking",1,1,1,"fa5cdda3-4f49-47d5-8db6-d7d4934ae6df","trash","landfill","Wrapper","school",33.83,-118.27
"2014-05-20 10:32:39","drinking",0,1,2,"fb667b79-c2f8-4e3f-a875-fbe5ec4baff1","recyclable","recyclable","can","school",33.96,-118.43
"2014-05-02 20:08:50","eating/cooking",0,1,3,"153be30c-ce44-48dc-b9d8-e15780ee716a","recyclable","recyclable","plastic bottle","home",34.28,-118.49
"2014-05-20 16:15:14","eating/cooking",0,0,1,"2c076e55-713c-4024-8006-b674b8c36eb8","trash","landfill","Paper bag that had food inside","home",34.11,-118.3
"2014-05-23 15:40:12","eating/cooking",0,0,0,"766536f2-33e7-4895-8ce2-d388c7baa2d2","trash","landfill","fries","in transit",33.98,-118.35
"2014-05-27 16:19:12","drinking",1,1,1,"877914a2-ad14-4edb-a40c-8a7a9de0b7dd","recyclable","recyclable","water bottle","home",34.26,-118.6
"2014-05-08 11:28:15","eating/cooking",0,8,0,"5a1bb1ea-9309-444e-b17e-581812664249","trash","recyclable","Bag of chips","school",33.83,-118.26
"2014-05-01 21:39:51","eating/cooking",0,1,1,"1483efd6-614b-4d2c-a10a-b50379dbcaaf","trash","landfill","wrapper","restaurants",34.23,-118.34
"2014-05-07 13:22:02","I found it",0,1,1,"7755fcac-4b80-4803-ae3e-46cb1ff86e57","trash","landfill","Food trash","school",34.2,-118.6
"2014-05-20 22:13:37","eating/cooking",1,1,1,"22fd19e4-7721-4e1c-ba82-ee93f9e41a87","trash","recyclable","paper plate","home",33.96,-118.32
"2014-05-04 12:52:38","eating/cooking",0,1,3,"ba869de1-945b-4012-9494-e1f2ed685b89","trash","landfill","plastic wrapping that comes with fortune cookies","restaurants",33.79,-118.3
"2014-05-19 08:33:01","eating/cooking",2,2,2,"883f3848-b396-4edf-af42-e372795d63c4","trash","landfill","Hi Chew Wrapper","school",34.2,-118.6
"2014-05-16 10:44:51","eating/cooking",0,2,2,"9af5a5c0-f20b-40ab-928e-1936d65fcedd","trash","landfill","It's an empty bag of Doritos","school",34.1,-118.3
"2014-05-08 17:33:57","eating/cooking",1,1,2,"0e11472a-c08b-408c-b689-28eeec8d0513","trash","landfill","empty tub of ice cream","home",33.83,-118.27
"2014-04-30 08:25:49","eating/cooking",0,0,1,"ac24e3d2-b332-42d3-9334-b59335d15b60","trash","landfill","Cheese wrap","home",34.08,-118.27
"2014-05-20 20:00:55","eating/cooking",0,0,1,"1acf3f4b-41dc-4a80-8a1b-b5ca671c424c","trash","landfill","Cracker wrapper","home",34.01,-118.33
"2014-05-27 12:20:32","I found it",0,0,2,"99dfe726-409d-4903-aa89-5dc73b1605af","trash","landfill","Wrapper","school",33.96,-118.4
"2014-05-16 16:08:33","cleaning",1,1,1,"4c8b1bda-083e-4b1e-8138-ba41fab0be3a","trash","landfill","Napkin","school",33.96,-118.42
"2014-05-22 18:00:12","eating/cooking",0,1,1,"7541613e-a9d7-4bd0-ba3d-21aa91f337eb","trash","landfill","Paper plate","home",34.01,-118.25
"2014-05-14 14:46:11","eating/cooking",0,0,0,"0bd04fb6-40af-4042-8e5f-dd9dbe63b4d6","trash","landfill","Chip bag","school",33.97,-118.42
"2014-05-12 19:31:46","eating/cooking",0,1,3,"5eb8816d-626c-4e3b-8c72-c8afae8f3e53","trash","recyclable","Fries with cheese","home",34,-118.3
"2014-05-14 13:13:50","eating/cooking",0,0,1,"15af6ca5-9921-4206-a13c-804771460728","trash","recyclable","Plastic cup","school",34.21,-118.59
"2014-05-08 09:50:59","I found it",0,0,0,"0669480f-cd29-4f16-b78b-e7c5d86f3ceb","litter","landfill","candy wrapper","school",34.07,-118.25
"2014-05-06 17:23:13","eating/cooking",0,0,1,"60bebceb-7e14-4257-8f67-06e620ce68b6","trash","landfill","Wrapper","home",34.08,-118.28
"2014-05-20 13:00:31","eating/cooking",0,2,2,"3664fbd1-9669-4b02-8d75-34a41cfe7e15","trash","landfill","sandwiche bag","school",33.96,-118.42
"2014-05-16 11:29:31","school work",0,1,1,"09f42555-9fe3-453a-8d8d-0f275af82cce","trash","landfill","Paper ball","school",33.97,-118.42
"2014-05-09 18:28:22","drinking",0,0,1,"2e55ad08-7aac-485d-8bb7-48c0c34e0f55","trash","landfill","Caprisun","home",33.84,-118.25
"2014-05-10 20:08:42","eating/cooking",0,1,1,"e0c27a37-2ac1-4dae-a22f-d0e3e2def91c","trash","landfill","chicken bones","home",34.22,-118.36
"2014-05-04 16:29:09","eating/cooking",0,0,1,"a28b96f0-5572-4425-88ee-72ec951d1ec0","trash","compost","Orange peel","home",33.84,-118.26
"2014-05-11 14:54:52","eating/cooking",0,1,1,"e83dd90a-261f-41ea-9e04-530064c481d9","trash","landfill","paper","work",34.06,-118.27
"2014-05-23 13:48:06","eating/cooking",0,0,1,"652c7844-1de8-4755-8693-817569e886d7","trash","landfill","Chips","school",33.97,-118.42
"2014-04-29 17:45:04","other",0,0,1,"e8ef1123-c635-48c4-a0b9-f83aec49ddf5","trash","recyclable","Used ticket","in transit",34.08,-118.28
"2014-05-12 11:01:00","eating/cooking",0,1,2,"eaa9e3ad-4f61-4f9e-83be-271be9579f75","trash","landfill","Flamin hot limÃ³n Cheetos","school",33.97,-118.42
"2014-05-11 08:59:12","drinking",0,0,0,"0941d777-bafa-41f3-88aa-30acd3c485ad","recyclable","recyclable","water bottle","home",33.82,-118.26
"2014-05-16 10:35:00","cleaning",0,1,2,"6084d732-1c1b-46e7-82cf-cab197a1fddf","trash","landfill","Original tissue paper.","school",34.1,-118.3
"2014-05-09 21:31:29","drinking",0,1,1,"f87a2392-2c1f-448a-84b9-2eaa1ebc169c","recyclable","recyclable","Water bottle","home",33.87,-118.26
"2014-05-26 21:05:41","I found it",0,0,1,"cf831b92-9bf0-42b4-94b5-a1119ffd5b29","trash","recyclable","Workbook Paper","school",34.01,-118.34
"2014-05-05 16:30:07","shopping",0,0,1,"2deb9e7e-280f-4856-859b-9694a7326da3","trash","recyclable","paper bag","home",34.22,-118.45
"2014-05-02 12:12:18","I found it",0,1,2,"73e703d0-6b06-47d0-93ef-2d197a2645d2","trash","compost","A plastic bag","school",33.96,-118.43
"2014-05-07 13:33:49","eating/cooking",0,2,1,"2873807d-ae88-44d4-8d40-0b7d73581535","trash","landfill","Plastic packaging","school",34.2,-118.6
"2014-05-08 09:37:36","drinking",0,2,1,"4b163112-e433-40bc-8c8a-261bd6d35732","trash","landfill","Paper","school",34.21,-118.6
"2014-05-07 13:17:12","eating/cooking",0,1,4,"7004ba4c-ab4e-4ea6-ab1a-9daefec8af59","trash","landfill","empty cup of noodles","school",33.84,-118.27
"2014-05-12 19:19:29","drinking",1,1,1,"868d929b-6787-4e19-9e25-b91451ee1d1a","recyclable","recyclable","Water bottle","school",33.79,-118.25
"2014-05-08 09:52:54","eating/cooking",0,0,2,"681ab52a-a32c-4019-8a79-2096e438c7a2","trash","landfill","Candy","school",34.06,-118.26
"2014-05-14 15:45:40","I found it",0,0,5,"0b9a9dc1-5962-45fd-894d-cbb850a71c7b","trash","recyclable","Paper","home",33.94,-118.28
"2014-05-19 11:15:31","drinking",0,1,2,"2d215a9d-4500-4678-b1ac-fea719c7665c","trash","landfill","Kool aid jammers","school",33.96,-118.42
"2014-05-22 11:51:58","shopping",0,1,1,"c3dcf1dd-6c64-4d03-8ab8-2b32ccc66800","trash","landfill","Tag","school",33.97,-118.42
"2014-05-20 09:22:40","eating/cooking",0,1,1,"d4c2be03-3e5b-4ac2-a29c-4cb2282e1d96","trash","landfill","Candy wrapper","school",33.97,-118.43
"2014-05-02 09:37:28","eating/cooking",0,2,2,"25672a99-453a-4243-8cc2-586b1d01cb59","trash","landfill","Candy wrapper","home",34.2,-118.59
"2014-05-15 11:12:14","drinking",0,0,1,"a116bc35-5dcd-4a01-8154-33db087f3a9d","trash","recyclable","Eco friendly water bottle","school",33.97,-118.41
"2014-05-25 11:41:03","drinking",1,1,2,"38ba43dd-dd6b-4eb0-8c97-e0a905d7e91d","trash","landfill","plastic cup","home",33.98,-118.38
"2014-04-30 12:45:21","school work",0,1,8,"65dffc0d-2cec-4fb3-82b0-8b4f1abcce86","trash","recyclable","white paper curled up","school",33.82,-118.26
"2014-05-20 13:04:01","eating/cooking",0,1,0,"d4dc9add-e1d9-4348-95c0-b5c0ee271a10","trash","recyclable","a rappper of chips","school",33.96,-118.43
"2014-05-09 15:56:59","eating/cooking",0,1,1,"6e9a8a76-0b83-43db-9d0c-7260f4853f3c","recyclable","recyclable","Paper cup holder","home",33.87,-118.27
"2014-05-16 20:10:34","eating/cooking",0,1,1,"00e1d8d0-9d9c-4b80-84c3-f8e69dc617fd","trash","recyclable","plastic","home",33.99,-118.36
"2014-05-04 12:02:51","shopping",0,0,0,"7ca560f3-3e6e-49f9-ab7d-4c0633afa675","trash","landfill","Wrapping & tissues paper","home",33.84,-118.26
"2014-05-23 12:37:33","eating/cooking",0,0,0,"c2f0b0df-8eef-4ddf-9ffd-fcbb2cea6b39","litter","compost","Tin","school",33.97,-118.41
"2014-05-21 12:08:39","eating/cooking",0,0,1,"9ea26ada-5d30-444a-8eae-db63192dcc55","trash","recyclable","Fritos","school",33.96,-118.41
"2014-05-18 14:45:26","other",0,0,1,"6a1a7492-6df5-48d1-8e0b-b3f6f17083c5","recyclable","recyclable","Newspaper","home",33.96,-118.36
"2014-05-28 12:51:45","eating/cooking",0,1,1,"2067a63c-f6ff-4416-8439-8ae873530e60","recyclable","recyclable","Plastic Wrapper","school",33.97,-118.42
"2014-05-18 13:03:43","cleaning",1,1,2,"86dea993-2c26-4283-829f-54d72c913258","recyclable","recyclable","Soup bottle","home",34.03,-118.34
"2014-05-12 19:42:55","eating/cooking",0,0,2,"15c42667-7018-4200-83e8-546cc1e8fbdb","trash","landfill","Hershey wrapper","home",33.8,-118.26
"2014-05-09 13:17:31","eating/cooking",0,2,2,"4c33fb99-a4b9-4daa-ba6e-6636a6d5cdf2","trash","compost","Food peel","school",34.2,-118.6
"2014-05-06 06:59:13","other",0,1,1,"ade1191b-6840-4872-b103-e97b11526bc8","trash","landfill","aluminum mousse can","home",34.22,-118.6
"2014-05-16 19:58:14","eating/cooking",0,0,1,"c1039e35-31b0-4a51-a90d-68f8e2ae5ec7","trash","landfill","napkin","home",34.03,-118.35
"2014-05-21 08:16:37","eating/cooking",3,3,1,"f596d745-9ef2-49ca-aa6c-8ddfff6d74e4","trash","landfill","glazed donuts","stores/malls",34.11,-118.3
"2014-05-06 19:36:28","eating/cooking",0,0,1,"02eceb8c-3fba-4896-9000-457d8eeaab99","trash","landfill","styrofoam box","restaurants",33.83,-118.26
"2014-05-19 17:49:07","drinking",5,5,5,"1c719def-7888-4485-baf5-470c5752f2cf","recyclable","recyclable","19 May, 2014
Can of Monster","others",34.26,-118.57
"2014-05-22 12:53:41","eating/cooking",0,2,1,"127b43f5-c32c-4255-8ba8-38cbd14c0259","trash","landfill","Plastic bag","school",33.97,-118.41
"2014-05-06 20:53:32","cleaning",1,2,2,"0078b5aa-b2e3-4fa4-8d93-f682292b7c64","recyclable","recyclable","Ziplock plastic bag","home",34.27,-118.49
"2014-05-28 09:04:56","shopping",0,1,1,"34fe8c8a-c48a-4108-9ed2-eeabf6de58f9","recyclable","recyclable","Plastic","stores/malls",34.1,-118.3
"2014-05-21 22:14:53","drinking",0,1,1,"cb6f45ac-87ca-4eec-a4ac-b62bb738bd57","recyclable","recyclable","gatorade","home",33.97,-118.41
"2014-05-25 16:15:53","eating/cooking",0,0,0,"a8536d13-c406-45b1-ac12-bda803649ea2","trash","landfill","Small box","restaurants",34.21,-118.58
"2014-05-03 19:27:33","eating/cooking",0,0,1,"db17c402-ca02-4eb6-8470-4913bb367fc8","trash","recyclable","Container","home",34.19,-118.61
"2014-05-12 18:29:37","eating/cooking",0,1,1,"77644eab-c525-4284-9c19-b012e16b6930","trash","landfill","Fruit snacks","home",33.97,-118.36
"2014-05-23 10:22:32","eating/cooking",0,1,1,"2b8b759c-c89c-4fac-b55e-52284ab33ffb","trash","landfill","fruit snack","school",33.96,-118.43
"2014-05-16 10:31:52","drinking",0,0,2,"7c4bfbf8-0c20-4a19-ac98-cc6997427504","trash","landfill","","school",34.26,-118.28
"2014-05-08 13:14:00","eating/cooking",0,0,2,"c484c674-06ab-4ab9-8a0b-a79155a39a02","trash","recyclable","Plastic bag","school",34.19,-118.6
"2014-05-06 12:18:13","eating/cooking",0,1,2,"c3104049-f5df-482e-8cb1-59640e88edf3","recyclable","recyclable","Pop tarts cardboard packaging","work",34.2,-118.6
"2014-05-09 06:21:00","eating/cooking",2,2,2,"78b9ae39-54d2-4228-9ce3-7ffe6cfd2fdf","recyclable","landfill","Canned cat food","home",33.78,-118.25
"2014-05-22 09:27:59","drinking",0,0,0,"1fea048f-368f-4169-95a2-7a8b61376ffa","trash","recyclable","Lemonade","school",33.96,-118.42
"2014-05-08 16:56:57","drinking",0,1,1,"80c17195-9478-49c9-b444-d5af2b33e586","trash","landfill","Caprisun","home",33.83,-118.25
"2014-05-05 18:42:44","eating/cooking",0,0,1,"2081fa17-d09c-4e14-83b8-a067394458d8","trash","recyclable","Cardboard packaging","in transit",33.93,-118.32
"2014-05-01 16:02:13","eating/cooking",0,1,1,"1215c187-785e-47e2-9d51-63a53d9d2c5b","trash","recyclable","Plate","home",34.21,-118.59
"2014-05-16 10:41:07","I found it",0,1,3,"60f0be53-1781-4f5a-81d5-0d4dcc7c08c7","trash","compost","The floor needs to be cleaned up","school",34.1,-118.3
"2014-05-08 09:59:38","I found it",0,0,1,"c7bd8650-2610-4870-9e90-27c9d393cfea","recyclable","recyclable","lunch tray","school",34.07,-118.26
"2014-05-21 09:38:36","cleaning",0,1,2,"395e36ed-a42d-4b8a-a76c-671b748320ef","recyclable","recyclable","plastic bag","school",33.97,-118.42
"2014-05-29 09:50:11","school work",0,2,3,"4fd8f901-afe8-46e8-8702-393f35dc5b0f","trash","recyclable","Paper","school",34.1,-118.31
"2014-05-01 18:00:27","eating/cooking",0,0,1,"d7fee8a8-a4a1-4bc7-b559-ff3d2ff06103","recyclable","recyclable","Chip Bag","stores/malls",34.02,-118.23
"2014-05-03 02:20:13","eating/cooking",2,3,4,"cf8a4b57-d418-45ae-b8eb-ae6be20cf523","trash","recyclable","Liquid yogurt in a small plastic bottle","home",33.95,-118.3
"2014-05-12 12:29:07","eating/cooking",0,2,2,"cba79e24-6d90-4fa6-a516-310ed4f99e98","litter","landfill","Hot Cheetos Lime","school",33.97,-118.43
"2014-05-05 15:51:34","school work",0,2,1,"99313d85-0faf-46ac-849e-4046ecf33148","recyclable","recyclable","Paper","school",33.83,-118.29
"2014-05-08 09:49:44","I found it",0,1,1,"9e47a425-a712-45b9-a782-c495cdfaf937","recyclable","recyclable","paper airplane","school",34.07,-118.25
"2014-05-22 10:58:37","eating/cooking",0,1,2,"e2c71630-97fe-41f0-8676-0e1952a026b5","trash","landfill","Nature valley wrapper","school",34.1,-118.31
"2014-04-30 08:48:08","I found it",0,1,2,"bf40f5a9-0991-4dbf-aa5f-e0e6ce82e34d","recyclable","recyclable","NewsPaper","school",34.01,-118.23
"2014-05-09 12:22:15","I found it",0,2,2,"24bd3b9b-2573-4ba9-be40-f86efbff9285","recyclable","recyclable","Plastic 2 liter bottle","school",33.97,-118.43
"2014-05-07 13:28:30","eating/cooking",0,2,1,"7dbcbfb6-7b6b-4d71-843a-35b31a97fd42","trash","recyclable","Paper","school",34.21,-118.59
"2014-05-06 14:19:27","eating/cooking",0,0,3,"2177686b-43e7-4857-9da3-d6bcf60c294c","trash","landfill","Aluminum wrapper","school",33.97,-118.42
"2014-05-13 11:25:49","eating/cooking",0,4,4,"1e3d01cb-da0d-42a4-8bf9-1fa30431361c","recyclable","recyclable","Futile snacks","school",33.96,-118.43
"2014-05-12 20:38:43","eating/cooking",0,0,1,"3b5f8675-00a8-4f4f-91d8-6a2e22980ae3","trash","recyclable","Paper plate","home",33.96,-118.3
"2014-05-15 11:50:25","drinking",0,2,2,"97897803-bd2b-4307-86eb-11f695c61f99","recyclable","recyclable","Water bottle","school",33.97,-118.41
"2014-05-04 13:07:06","eating/cooking",0,0,0,"edf32d74-4e96-40ac-bce8-6727ce982d63","trash","landfill","Packaging","home",34.19,-118.6
"2014-04-30 12:35:42","eating/cooking",0,0,1,"845aa2bd-0d25-429f-8935-34d3e9f8eb21","trash","landfill","Lunch","school",34.07,-118.26
"2014-05-22 09:17:44","school work",0,1,1,"ad1fa57a-5d56-4a8e-81bc-f11a3e9d0639","trash","landfill","Broke pencil","school",33.97,-118.41
"2014-05-28 20:49:16","drinking",0,0,2,"df0ccdc4-d66c-4577-8990-217bacd6d912","trash","recyclable","starbucks","restaurants",34.23,-118.59
"2014-05-05 09:48:04","eating/cooking",0,0,2,"c85e55ef-8e6b-4b9d-80ef-a1c43b65c1a3","trash","recyclable","Packaging","home",34.21,-118.59
"2014-05-01 13:15:11","eating/cooking",0,3,3,"cab74d33-de3a-486b-8221-e90df09f297a","trash","compost","Food","school",34.2,-118.6
"2014-05-08 10:02:57","school work",0,0,2,"bce88992-7c81-4dd3-8b5c-f85538310c26","trash","recyclable","Paper","school",34.06,-118.25
"2014-05-21 09:39:01","eating/cooking",0,2,2,"92fc7be2-516b-43ba-8e6d-f31874d32808","recyclable","recyclable","Empty candy wrapper","school",33.96,-118.42
"2014-05-20 12:58:50","eating/cooking",0,2,2,"7d110e4a-3963-4cea-bf45-83010c276be0","trash","landfill","hot cheetos bag","school",33.97,-118.4
"2014-05-06 12:20:02","eating/cooking",0,0,1,"367b2c63-850c-40c1-b919-3497fb12b900","trash","landfill","ketchup wrapping","school",34.2,-118.6
"2014-05-08 10:47:35","eating/cooking",0,0,0,"9c72486c-a4a8-466e-ab33-1b94f839ad66","trash","landfill","Candy","school",34.07,-118.26
"2014-05-12 18:44:09","drinking",0,0,1,"515fe102-b9e9-4b2d-8fb0-ac85df538b68","recyclable","recyclable","Plastic bottle","home",33.97,-118.31
"2014-05-03 20:56:02","other",0,0,1,"087d7364-f6e0-4b86-8f11-f6aff993a303","trash","recyclable","folded up paper","others",33.83,-118.24
"2014-04-24 09:02:44","eating/cooking",1,1,3,"feccc166-6d69-4589-8057-8bf6d0c9cda4","trash","recyclable","Food tray, bag of chips","school",33.81,-118.29
"2014-05-19 09:11:04","eating/cooking",0,1,2,"8d0586e4-0c4e-45ac-9d5e-d9f77b943628","trash","landfill","banana","school",33.96,-118.42
"2014-05-08 09:55:13","eating/cooking",0,0,2,"d5bc25de-206c-4d7d-8bf7-86d5a2cd3e12","trash","recyclable","Tin foil","school",34.06,-118.25
"2014-04-03 19:32:16","I found it",1,1,1,"011a0258-11f5-418b-8d9a-dbd9329ffe98","trash","landfill","Medicine wrapper","home",34.06,-118.31
"2014-05-22 09:25:18","eating/cooking",0,1,3,"c9173de3-920d-4a48-ae34-55c6dcb30ea1","trash","landfill","A bag of chips.","school",33.97,-118.42
"2014-05-20 13:19:15","eating/cooking",0,2,2,"48824202-7493-4631-86a0-f90ce93153f9","trash","landfill","Gum","school",33.97,-118.42
"2014-05-31 20:20:26","eating/cooking",0,0,1,"e7c467cd-e76f-42f4-819c-b0c862e67886","trash","landfill","Food container","home",34.24,-118.58
"2014-05-22 19:59:30","cleaning",0,0,1,"4a4ff21d-ab1b-44be-a953-2cb49ca3e8a6","trash","recyclable","Napkin","home",34.07,-118.26
"2014-05-05 13:26:07","school work",0,2,2,"3ea0a1e3-1e4f-4d3f-9a15-0405b19c1d19","recyclable","recyclable","Cardboard","work",34.21,-118.6
"2014-05-24 11:41:35","drinking",1,2,2,"5041ccd2-c2ea-4d52-8d50-e1058d022506","recyclable","recyclable","glass bottle","home",33.97,-118.4
"2014-05-21 15:59:51","eating/cooking",0,0,0,"c6da6978-39c8-4943-ba9d-2ef957f53e36","trash","landfill","mcchicken","in transit",33.96,-118.39
"2014-04-25 13:34:06","eating/cooking",0,1,1,"adccc223-5290-446f-a70e-545cdb727f58","trash","recyclable","Its a orange container","school",34.02,-118.25
"2014-05-26 21:09:48","school work",0,0,1,"bd89bf05-0457-4e61-9db2-1f17e08ad777","trash","recyclable","Workbook Paper","home",34.02,-118.33
"2014-05-06 11:46:01","eating/cooking",0,1,2,"53dcb19e-8fc6-49c2-b650-24510673f6bf","trash","recyclable","hot cheetoes bag","school",33.96,-118.43
"2014-05-10 12:08:39","cleaning",1,1,1,"84c58c7c-c45c-4a29-b099-d8c34cadbd1d","trash","landfill","more string from fringe of kimono","home",34,-118.34
"2014-05-06 12:51:56","eating/cooking",0,1,1,"f4c2ed0a-cd8c-4a57-9f13-0f50bac8d762","trash","landfill","wrapper","school",34.07,-118.26
"2014-05-19 17:18:42","other",1,1,2,"60a21970-f7db-43f7-8744-7841d0ec294b","trash","compost","Doggy food tray","home",34.04,-118.33
"2014-05-05 09:44:27","school work",0,0,2,"49484c76-9f7b-4b87-a213-45d3c4141739","trash","landfill","Staples","work",34.2,-118.59
"2014-04-30 10:39:00","eating/cooking",0,0,1,"835d6a14-03de-4056-9938-03b74957d0e2","trash","landfill","Paper and orange peel","school",34.07,-118.26
"2014-05-20 18:57:57","eating/cooking",1,1,1,"90b46b10-86ce-49b4-bb52-74f819b59403","trash","landfill","paper plate and shrooms","home",33.96,-118.32
"2014-05-21 09:50:09","drinking",0,10,0,"1cc45c58-093c-4636-befa-0279c82057c4","recyclable","recyclable","Water bottle","school",33.98,-118.4
"2014-05-10 11:52:08","cleaning",1,1,1,"906e0492-1634-4662-a1f4-b2005434e1f5","trash","landfill","cleaning throwing away receipts","home",34,-118.34
"2014-05-22 16:50:05","eating/cooking",0,0,1,"ca8e9285-ffda-4b4e-b081-89d8ffcf8997","trash","landfill","Lots of In-N-Out trash","in transit",34,-118.34
"2014-05-08 15:42:30","drinking",0,0,2,"b15b5933-956b-444c-995a-339eabdb826b","trash","recyclable","Plastic utensil","restaurants",34.2,-118.6
"2014-05-11 19:08:32","cleaning",0,1,1,"635d5778-b81c-4146-8b65-1c992559bd61","trash","recyclable","Paper","home",33.84,-118.21
"2014-05-16 09:45:44","eating/cooking",3,7,2,"feb3d382-3e34-4a78-ba95-61ae026e119d","recyclable","recyclable","I found a plastic bag and am going to throw it before it goes everywhere like the streets and more","home",34.1,-118.31
"2014-05-28 21:30:39","eating/cooking",1,1,1,"8b2b064b-79be-4ee9-9ae7-613ea803fac5","recyclable","recyclable","a recyclable yogurt can","home",33.97,-118.32
"2014-05-21 12:52:04","drinking",0,2,2,"abeb7830-edb6-4fce-8a1f-258116a6f951","recyclable","recyclable","Bottoe","school",33.96,-118.43
"2014-05-12 17:38:49","eating/cooking",0,1,2,"be9469f9-cb95-4cca-b439-df8bf9c1cd96","trash","landfill","Candy wrapper","home",34.2,-118.58
"2014-05-22 07:06:27","eating/cooking",0,1,1,"422a9a52-ab66-45a8-af95-23c5b8ba5f8a","trash","recyclable","Wrapper","home",33.98,-118.28
"2014-05-12 11:26:09","drinking",0,2,2,"ed557847-e0ba-4602-83d1-780bbedd6ae8","trash","landfill","Caprisun","school",33.97,-118.41
"2014-05-01 16:16:11","eating/cooking",0,1,1,"39ea7d2e-9dbf-4989-b42b-3ab3a49d139b","trash","landfill","used table napkin with spaghetti stains","home",33.84,-118.24
"2014-05-03 13:14:29","shopping",0,0,0,"340211d3-a4fe-4010-ab80-f2160b2b2c33","trash","landfill","Receipt","stores/malls",35.31,-120.65
"2014-05-11 23:43:14","drinking",0,3,3,"8c42b94f-28b6-40f7-808b-7f0ddcd39e46","trash","recyclable","Cupholder","others",33.83,-118.25
"2014-05-12 18:11:05","eating/cooking",0,0,2,"1cf2355f-f6b3-4251-8443-b80b6ddd5193","trash","recyclable","Plastic fork","work",34.17,-118.39
"2014-05-10 21:16:10","drinking",0,0,0,"fd00501d-ebbf-4ad5-894a-4ad9c470c800","trash","landfill","food trash","restaurants",33.83,-118.26
"2014-05-22 16:12:03","eating/cooking",0,1,1,"53e84fe7-3097-492a-8901-4ebc6a837b6e","trash","landfill","Plastic bag","restaurants",33.93,-118.29
"2014-05-06 11:00:44","eating/cooking",0,0,2,"97d832ca-2cf6-400b-88c0-767f39112cae","trash","landfill","Napkin","school",33.99,-118.27
"2014-05-21 09:07:40","drinking",0,1,2,"97f79853-7ea2-4281-8fbf-c4e9e553013c","recyclable","recyclable","Can","school",34.26,-118.58
"2014-05-12 20:46:01","I found it",1,2,2,"6734ee66-fdfe-401f-8efd-f49639aea131","trash","landfill","Wrapper","school",33.83,-118.28
"2014-05-20 21:15:05","drinking",0,0,1,"07ddf2de-926b-424b-87e0-d4fb42539444","recyclable","recyclable","Can","home",33.98,-118.37
"2014-05-20 13:13:00","drinking",0,1,3,"2e49ccd0-f837-4282-8c53-22763e99ea78","recyclable","recyclable","Empty bottle","school",34.1,-118.31
"2014-05-10 19:31:18","eating/cooking",0,0,1,"fb79a9a1-a6dc-474d-803f-390ba353fc29","trash","compost","Food","home",34.59,-118.08
"2014-05-09 16:42:57","eating/cooking",0,0,2,"5e69af31-4bfc-4b7f-8800-63ace4815328","trash","landfill","Paper napkin","restaurants",34.2,-118.59
"2014-05-07 13:17:50","I found it",0,1,1,"8105963e-3e4d-43d7-889d-9245a4c399ec","trash","landfill","Trash","school",34.2,-118.59
"2014-05-16 17:16:05","drinking",0,3,5,"e5d2315c-0fc0-4af0-8b28-12dc31eb55ea","recyclable","recyclable","Can soda","home",33.89,-118.21
"2014-05-14 22:14:14","eating/cooking",0,0,2,"1302397d-9883-43e7-8b60-af746bc765e5","trash","recyclable","Cardboard","restaurants",33.95,-118.28
"2014-05-15 11:07:47","drinking",1,2,2,"9a92a43e-3f8a-41e2-8e2d-a5825ab3bcda","recyclable","recyclable","a bottle","school",33.96,-118.42
"2014-05-28 11:09:19","eating/cooking",0,2,2,"c6039138-9e98-4f06-93ee-065adf592104","trash","landfill","Packet","school",33.97,-118.43
"2014-05-15 14:05:09","drinking",0,1,1,"79fc8bd7-6108-41df-bb35-c43e12285d35","recyclable","recyclable","plastic gatorade bottle","school",34.21,-118.59
"2014-05-14 10:55:55","eating/cooking",0,1,3,"77b60d54-1ca3-4751-8618-affe61517116","trash","landfill","hot Funyuns chips","school",34.27,-118.29
"2014-05-08 11:32:10","other",0,0,2,"f6ea0efb-e6f2-4132-9cf0-8d7f58a1a9fe","recyclable","recyclable","Taco Bell Receipt","restaurants",33.82,-118.26
"2014-05-08 10:18:10","eating/cooking",0,1,1,"8a2c62d0-482d-42cb-bcdf-ebd9d5de906e","trash","landfill","Munchies Flaming Hot","school",33.97,-118.42
"2014-05-20 20:43:33","eating/cooking",1,2,2,"bb9cd492-85ad-47fd-a6b6-85541940af4b","trash","landfill","icecream rapers","home",33.98,-118.37
"2014-05-01 14:04:43","eating/cooking",1,1,1,"1b494722-14e1-4e76-88ae-971450af4d3d","trash","landfill","Chip bag","school",33.83,-118.27
"2014-05-07 09:45:35","eating/cooking",0,1,1,"ebd8090c-bd28-4463-9f5c-827e86b9fe55","trash","landfill","Munchies","school",33.83,-118.26
"2014-05-09 13:19:01","eating/cooking",0,2,2,"dd627680-2581-4569-a93d-5de264763c00","trash","recyclable","Paper cardboard","school",34.2,-118.6
"2014-05-14 12:00:31","drinking",0,0,0,"c994ddeb-60c8-45ff-bc1d-1f3e008a03fa","litter","landfill","Bottle raper","school",33.96,-118.42
"2014-05-02 09:57:16","eating/cooking",0,0,1,"fd2bb23d-f849-434c-8600-f28e9bf47d3c","trash","compost","Food","home",34.2,-118.6
"2014-05-02 12:07:39","school work",0,1,1,"03b7d996-dea7-43ff-a17c-ebd404d11986","recyclable","recyclable","a piece of paper.","school",33.97,-118.42
"2014-05-13 19:14:17","drinking",0,1,2,"922a4151-0ea6-4f82-9bc6-a176d43a529e","recyclable","recyclable","Plastic bottle","home",34.21,-118.59
"2014-05-21 11:03:52","drinking",0,1,3,"0ca4c8f1-b648-4e5b-847d-369c96d9c1a5","recyclable","recyclable","Powerade recyclable","school",33.97,-118.43
"2014-05-08 21:54:45","I found it",0,1,1,"7c74956c-e84c-4b29-8e17-3de4c7f132eb","trash","recyclable","Old tickets","home",33.83,-118.3
"2014-05-18 13:16:28","drinking",1,1,2,"322eece6-d6a9-4fd7-844c-8f607fc47658","recyclable","recyclable","Bottle","home",34.04,-118.33
"2014-05-07 17:10:58","eating/cooking",0,0,2,"917fc72a-b0de-4bd2-9775-4550ca77ec05","trash","landfill","gum wrapper","others",33.86,-118.31
"2014-05-04 14:30:26","drinking",0,1,1,"27a4aa07-5118-4f55-ab7a-991308a51a73","recyclable","recyclable","water bottle","home",34.22,-118.59
"2014-05-11 16:40:47","other",0,0,0,"0a68e1d1-6678-4208-8ebe-ec32354570fb","recyclable","recyclable","tape","home",33.82,-118.26
"2014-05-13 11:39:41","eating/cooking",0,0,2,"93309067-1970-4b73-bd03-4bb8915716c2","trash","recyclable","Cardboard container","school",34.2,-118.6
"2014-05-02 21:13:57","drinking",1,1,1,"ef57ced9-fd98-48d6-9fc3-882beacef3f1","recyclable","recyclable","It a plastic water bottle","home",33.78,-118.26
"2014-05-19 09:03:38","drinking",0,2,2,"76452580-9819-493b-8f0f-115aa16bf174","recyclable","recyclable","Starbucks bottle","school",33.96,-118.43
"2014-05-13 20:31:18","cleaning",1,1,1,"6924e27d-ec06-4d96-8e73-ad4f1bdeeeda","recyclable","recyclable","Light bulb","home",33.99,-118.3
"2014-05-08 09:52:59","eating/cooking",0,0,5,"c439e9d6-6a92-467f-866f-d46bf400735b","trash","landfill","M&M wrapper plastic","school",34.2,-118.6
"2014-05-08 10:40:30","school work",0,0,2,"e519482e-5417-441e-8dd0-f9ac00247c68","recyclable","recyclable","Paper","school",34.07,-118.24
"2014-05-11 18:12:38","eating/cooking",1,2,4,"8f1af953-74cf-48dc-9356-2f74dc6c5e60","recyclable","recyclable","soup bowl","home",33.84,-118.26
"2014-05-18 23:16:44","drinking",0,1,1,"b775ded3-1b01-4b54-a434-0d3784b54ed9","recyclable","recyclable","Gatorade bottle","home",33.95,-118.31
"2014-05-06 13:12:32","eating/cooking",0,2,2,"28598217-f69f-412f-8e44-5a4b0132eaf4","trash","landfill","Poptarts plastic wrapper","school",34.2,-118.59
"2014-04-30 12:33:33","I found it",0,1,1,"edb16b2c-e22f-43d1-8a24-4774120e59a0","litter","landfill","Cheetos warpper","school",34.07,-118.26
"2014-05-18 19:15:33","drinking",0,0,0,"1b51d0db-1fed-4b12-8e7b-b8b4c4fc3fb3","recyclable","recyclable","drink , Gatorade limon","stores/malls",34.12,-118.7
"2014-05-17 22:52:05","eating/cooking",0,1,1,"f7462567-b312-42e1-abe9-5d07ce010928","trash","landfill","burrito","home",34.03,-118.34
"2014-05-14 21:46:50","eating/cooking",0,0,1,"1dc3de8f-d549-4ab4-ae80-9eebe8052263","trash","recyclable","Wrapper piece","school",34.2,-118.6
"2014-05-04 20:06:32","eating/cooking",0,1,2,"deabf58e-5832-4bbd-84f0-9d8ace89ad91","trash","landfill","Plastic bag","home",34.21,-118.58
"2014-05-23 08:04:36","I found it",0,1,1,"19c1ced4-6802-45d9-a0fa-959ec9cb0074","recyclable","recyclable","Paper","school",34.1,-118.3
"2014-05-14 16:43:44","eating/cooking",0,0,1,"2d926ac7-6541-4073-85bb-172f9afc9901","trash","landfill","Pringles chips","stores/malls",34.23,-118.35
"2014-05-29 11:35:48","I found it",0,2,2,"f4fe735b-980c-49c5-a17a-e9c0f4296834","recyclable","recyclable","water bottle  and soda cans","school",34.1,-118.3
"2014-05-17 18:42:52","eating/cooking",0,0,1,"ea5766b3-9e6f-42a3-b16c-ae3ff7761ca6","recyclable","recyclable","Water bottle","home",33.96,-118.36
"2014-05-20 11:39:27","school work",1,1,1,"da3bbe4a-a032-4081-8469-44147184eae1","recyclable","recyclable","Foil","school",33.95,-118.42
"2014-05-27 13:08:08","school work",0,0,1,"25dbcabf-a472-4d5b-8dd4-4c19bd0be514","trash","recyclable","Paper","school",33.97,-118.42
"2014-05-21 16:47:52","drinking",0,0,0,"aafee9ed-c524-4820-a72f-093ee111e583","recyclable","recyclable","Squirt Can","home",34.21,-118.58
"2014-05-04 14:58:35","eating/cooking",0,1,1,"a47aaf69-fca6-459c-a7ac-f24878741f67","trash","landfill","crumpled up table napkin","home",33.84,-118.25
"2014-05-27 07:19:10","drinking",1,1,2,"370a5972-fe37-4610-bf59-3aaf985599e2","trash","recyclable","paper cup","home",33.97,-118.38
"2014-05-16 09:39:51","I found it",0,0,0,"fe7cd296-2970-45b1-9225-01bb7a9f27c3","recyclable","recyclable","Glass","school",34.1,-118.3
"2014-05-06 12:26:40","I found it",0,0,0,"8f76c063-2946-4772-8c1e-0ec293b287dd","trash","recyclable","Plastic","school",34.2,-118.59
"2014-05-12 21:25:13","drinking",0,0,0,"0a3d9fa5-bdaa-415f-84e7-f982d646de97","recyclable","recyclable","Empty root beer bottle","in transit",33.79,-118.07
"2014-05-16 10:39:06","school work",3,3,3,"2d100f92-2aa8-4f9c-8519-8b6ee201d898","recyclable","recyclable","piece of paper","school",34.1,-118.3
"2014-05-17 19:48:52","other",1,1,1,"495c7445-4945-4057-a73a-ed594d301bdd","trash","recyclable","napkin","home",34.2,-118.55
"2014-05-15 11:36:44","I found it",0,1,2,"9e79b28e-806f-4f5f-83ee-aef1639ec9b7","trash","landfill","Tissue","school",33.97,-118.42
"2014-05-23 12:40:11","eating/cooking",1,2,2,"854ba26b-31b5-47f2-86dd-785893c330c6","trash","recyclable","a plastic bag","school",33.96,-118.43
"2014-05-12 21:26:48","drinking",0,0,0,"4838dccb-c80b-4dc7-9950-3c343540a707","recyclable","recyclable","Empty Calypso","in transit",33.79,-118.04
"2014-05-10 12:35:42","eating/cooking",1,1,1,"41f82b0f-a562-4c4b-9287-3367e0bab857","trash","landfill","empty box of cereal","home",34.01,-118.34
"2014-05-18 13:10:03","other",1,1,2,"47311248-de4d-4d23-9a64-492f74f2a526","compost/green waste","compost","Grass,leafs,twigs","home",34.04,-118.34
"2014-04-02 12:16:13","drinking",1,3,2,"cfce1108-df90-452f-bdd2-af8abbeb7a91","recyclable","recyclable","Plastic bottle","work",34.07,-118.25
"2014-05-12 11:02:12","other",0,1,2,"3f9894e6-7490-4589-95d1-6b388d5875cf","trash","recyclable","its a glass bottle and a sun flower seed wrapper","school",33.96,-118.42
"2014-05-05 10:02:30","school work",0,0,2,"eb619095-d644-4d40-8fe2-1855550b6a2a","trash","recyclable","Paper","school",34.2,-118.59
"2014-05-21 09:21:50","eating/cooking",0,0,0,"06d4c00d-c24e-40c7-a54b-3bbe1e56eb76","trash","landfill","Chip bag","school",33.96,-118.42
"2014-05-20 09:20:13","eating/cooking",0,2,2,"deb811d7-d90c-4741-91f0-0698a5b3b186","trash","landfill","Hot Chettos Chips Bag","school",33.96,-118.42
"2014-05-07 11:14:37","school work",0,2,2,"20f875c9-a561-41fb-8a03-e49e33c09e85","recyclable","recyclable","Paper","work",34.19,-118.6
"2014-05-14 22:13:24","eating/cooking",0,0,2,"6619b655-9582-44e4-8c12-de55706f2c31","trash","recyclable","Cardboard","restaurants",33.94,-118.32
"2014-05-11 22:04:53","drinking",0,1,2,"8eb4b8f1-a6e7-4f7a-a3e2-68c405962b3a","trash","recyclable","Plastic Container 
Plastic cover
Plastic Straw","home",34.2,-118.58
"2014-05-10 20:59:33","eating/cooking",0,1,1,"649bc263-fe37-469a-8443-de7f7eed39e5","trash","landfill","Paper cup","restaurants",33.87,-118.26
"2014-05-12 19:42:05","eating/cooking",1,0,2,"8fb3519c-1516-4238-b428-4ddea16ef788","trash","landfill","Laffy taffy","home",33.8,-118.25
"2014-05-16 10:50:13","eating/cooking",0,2,2,"cbd4c687-5f92-4c91-8121-239fbf52405b","trash","landfill","Empty bag","school",34.11,-118.3
"2014-05-24 11:47:22","drinking",1,2,2,"051bf85e-f731-4708-9f7c-d4f3bad90248","recyclable","recyclable","glass bottle","home",33.97,-118.39
"2014-05-22 09:55:54","school work",0,2,3,"c4041f08-9f4f-4b85-a624-7915de8b8cac","trash","recyclable","crumbled paper","school",34.1,-118.31
"2014-05-23 10:22:26","eating/cooking",0,1,3,"aacb9658-c88f-42af-866a-4efa6aface06","trash","compost","Doritos bag","school",34.1,-118.3
"2014-05-21 11:10:47","I found it",0,1,6,"62c7b35c-677f-4ed7-b5e8-f7a7fd9b3a5e","trash","landfill","oreo cookie wrapper","school",34.27,-118.57
"2014-05-21 09:19:26","eating/cooking",0,1,2,"13d72783-a2a7-4a0b-928d-fd10f47aa92d","trash","landfill","muffin wrapper","school",33.97,-118.42
"2014-05-18 11:12:36","drinking",0,1,1,"d9e7ec08-06f4-47be-b7c1-9fa1246d9faf","recyclable","recyclable","water bottle","home",34,-118.33
"2014-05-02 18:02:16","drinking",0,1,1,"6aedd90a-6aa1-456e-82ba-9948b41bc070","trash","landfill","Jamba Juice cup","restaurants",33.86,-118.25
"2014-05-02 12:15:09","eating/cooking",0,2,2,"09a80a35-ed3f-466c-8867-023ebc31ec4f","trash","compost","Apple","school",33.97,-118.41
"2014-05-22 19:22:18","eating/cooking",0,1,0,"ef3c1d67-4d9e-458b-b1f9-c5c15c2df838","trash","recyclable","Wrapper","home",33.95,-118.25
"2014-05-22 09:50:42","drinking",0,2,2,"d28d223d-6748-43e2-a8bf-3e573ba7a908","recyclable","recyclable","Water Bottle","home",33.96,-118.43
"2014-05-21 19:43:23","eating/cooking",0,1,1,"25409206-524a-48f1-9a7d-fc13ea748edd","recyclable","recyclable","Sauce container","restaurants",33.98,-118.39
"2014-05-11 23:36:12","cleaning",2,1,3,"5b9ed445-3d54-4243-89b2-fb67218ee152","compost/green waste","compost","Leaves","home",33.83,-118.23
"2014-05-14 11:28:51","school work",0,1,1,"2da76b75-574e-48e4-80d2-449e75c064c7","recyclable","recyclable","Paper plane","school",33.96,-118.42
"2014-05-03 10:57:49","drinking",0,0,1,"532d9c03-6d9e-48bc-8470-8ca978199b1c","recyclable","recyclable","Orange juice in a carton","home",33.97,-118.39
"2014-05-28 10:08:31","I found it",0,0,2,"2728b42d-bc1d-48ac-bc1e-d573288984fb","trash","landfill","gum wrappe","school",34.11,-118.3
"2014-05-01 13:03:11","eating/cooking",0,0,2,"4864709f-ccef-4de8-86af-f3347a8bce27","trash","landfill","food, container","school",34.19,-118.6
"2014-05-25 19:07:31","eating/cooking",0,4,6,"55cc6127-b580-43a8-af95-c219872bfd58","trash","recyclable","Empty food Box","others",34.02,-118.33
"2014-05-28 18:09:11","drinking",3,6,6,"8488e40a-66f1-44bc-a990-e39f60ea4cab","compost/green waste","compost","two uses packets of green tea","home",34.1,-118.3
"2014-05-08 10:00:59","school work",0,1,1,"e81e9517-e5c6-4c40-95e9-c3cc82a2bb35","trash","recyclable","wrapper","school",34.08,-118.25
"2014-05-19 13:33:31","school work",0,0,5,"e70bdcf8-3eaf-4b74-bb14-9e60cf1f99ee","trash","recyclable","paper","school",33.97,-118.41
"2014-05-18 13:13:00","other",1,1,2,"0e90b5df-38c8-4109-9425-a2bad14d021d","trash","landfill","Car piece","home",34.04,-118.33
"2014-05-16 19:57:38","eating/cooking",0,0,1,"653d6633-4c20-4287-b600-7e19c8bd0707","trash","landfill","burrito","home",34.03,-118.35
"2014-05-15 07:03:46","eating/cooking",0,1,1,"12824fbe-3063-4a54-86a1-37fe35122048","trash","landfill","Styrofoam cup","home",34.22,-118.59
"2014-05-18 16:43:16","eating/cooking",1,0,1,"be747d3f-505f-49ba-904a-f1e91dfe04a7","trash","landfill","cup noodle cup","home",34.26,-118.59
"2014-05-14 21:45:14","eating/cooking",0,0,0,"f6b176bd-6908-4b3c-8ec6-97561ddfc505","trash","recyclable","Plastic wrapper","home",34.19,-118.61
"2014-05-20 12:58:55","eating/cooking",0,2,2,"f45f40c4-91cc-4360-a261-479e7aa95fe0","trash","landfill","chips","school",33.96,-118.42
"2014-05-11 19:04:01","eating/cooking",0,1,1,"7ab4321d-75c2-4277-8b9f-0d8d2dd5694f","trash","landfill","Paper plate","home",33.87,-118.26
"2014-05-05 09:42:53","other",0,1,2,"396c090e-318f-4667-9469-fcc016113db0","recyclable","recyclable","Paper packaging","work",34.21,-118.6
"2014-05-19 11:33:22","school work",0,1,1,"5afc8db3-a3ca-493a-97c2-bcf3c7b58048","trash","recyclable","old paper","school",33.96,-118.42
"2014-05-14 11:40:47","eating/cooking",0,2,2,"e1f406fd-c309-4188-9d6f-a06878fdd906","trash","landfill","Dirty piece of gum","school",33.96,-118.41
"2014-05-27 09:12:29","eating/cooking",0,0,2,"21b4e9b9-e84b-422c-8025-876ee693486d","trash","landfill","Trash","school",34.26,-118.57
"2014-05-09 18:41:48","I found it",0,0,1,"df3e847e-ea1c-4b13-af8e-6fc1673b752d","trash","landfill","Plastic trash.","in transit",34.07,-118.26
"2014-05-11 19:03:22","drinking",0,1,1,"af0623b5-fa7c-49b4-887c-ca68314ff737","recyclable","recyclable","Plastic bottle","home",33.84,-118.21
"2014-05-26 10:30:09","I found it",0,0,0,"0c964831-fc9e-4ff4-9f9d-79ed05672a72","recyclable","recyclable","Old shirt","in transit",33.99,-118.3
"2014-05-18 19:00:05","I found it",0,0,1,"ce7f69c8-1734-4c07-8cf5-8f326b86f4f7","trash","landfill","Aluminum foil","others",34.04,-118.35
"2014-05-06 11:52:16","cleaning",0,0,1,"94056eba-aded-40f3-8c41-e7e076e9786b","trash","recyclable","Paper","school",34.07,-118.25
"2014-05-09 15:44:33","eating/cooking",0,5,5,"757ac809-1d9c-45b2-8892-69f8568d4eb6","trash","landfill","Candy wrapper","school",33.83,-118.26
"2014-05-07 13:37:00","eating/cooking",0,2,1,"7d03a8c8-2eb5-4800-83aa-1ad2e4e0ca09","trash","recyclable","Plastic packaging","school",34.2,-118.6
"2014-05-02 20:08:16","eating/cooking",0,0,1,"9cdc4188-482d-4631-b55b-e630b384bfd3","trash","recyclable","container","home",34.26,-118.5
"2014-05-06 23:28:18","drinking",0,1,3,"b2aa0f4c-4dc6-4c0f-83d9-a999f76e8fe8","recyclable","recyclable","Plastic water bottle","home",33.84,-118.25
"2014-05-16 16:05:43","other",0,1,1,"608ba59c-9df4-443f-92ce-8a325007faa3","trash","recyclable","Napkin","home",34.19,-118.55
"2014-05-22 17:01:51","eating/cooking",0,0,1,"bb02f0eb-0b54-4060-af4f-3cf286c07aec","trash","landfill","Lots of In-N-Out trash","in transit",34.01,-118.33
"2014-05-22 16:42:35","eating/cooking",0,0,0,"cf754bf4-9046-4a73-89e5-c783ca7caf6e","trash","landfill","chicken sandwich","in transit",33.99,-118.36
"2014-05-01 08:37:58","eating/cooking",1,1,2,"3a833b74-6a68-4f01-a52c-a40d77dfa818","trash","landfill","Packet of SpearMint Gum","school",33.83,-118.27
"2014-05-14 12:30:43","eating/cooking",0,1,2,"b223ec05-7f53-48a0-84e6-534d6edc2924","litter","landfill","Yogurt tube","school",33.97,-118.43
"2014-05-20 07:07:28","drinking",1,1,2,"c273c8db-6046-400c-bcb2-d57ba63b3174","recyclable","recyclable","used water bottle","home",33.97,-118.36
"2014-05-05 09:36:44","eating/cooking",0,10,1,"4067b6bc-b2a0-44e0-ab52-052849f6a766","trash","landfill","wrappers. carton. plate","school",34.2,-118.6
"2014-05-14 13:32:33","eating/cooking",0,0,2,"c7a36036-352c-41ba-b6e3-b98cb725dd3c","trash","compost","orange peel","school",33.96,-118.42
"2014-05-16 08:45:20","I found it",0,1,3,"d8af6942-7425-448d-82a7-5b6d904eccc6","trash","landfill","its a gum","school",34.1,-118.31
"2014-05-19 11:06:40","eating/cooking",0,2,2,"3f9b8c99-6176-4f97-9be3-64500ac083ed","trash","landfill","Chip bag","school",33.97,-118.43
"2014-05-09 16:25:58","drinking",0,0,2,"4777d6cb-7f5e-4770-842e-28f33a6902be","trash","recyclable","Paper straw holder","restaurants",34.21,-118.6
"2014-05-11 21:56:17","I found it",0,1,0,"c7f48e4e-dbda-4af1-80c3-ba3f4153751d","compost/green waste","compost","flower stems","home",33.81,-118.26
"2014-05-12 00:07:30","eating/cooking",0,2,3,"3d5c9426-17c9-44ae-9367-5f2d2c19cb80","trash","landfill","Mcdonalds bag","others",33.84,-118.24
"2014-05-11 21:49:24","shopping",0,1,2,"18a4221e-2290-48c1-83c0-950019f00920","trash","recyclable","Box","others",33.83,-118.3
"2014-05-02 21:10:04","eating/cooking",1,1,1,"abc26327-1599-47ff-8e07-c6b93017b542","recyclable","recyclable","It's a plastic fork","home",33.78,-118.26
"2014-05-05 15:49:09","school work",0,2,1,"90c603d2-4f2c-49a7-9f7a-5f43527d10a3","recyclable","recyclable","Paper","school",33.82,-118.3
"2014-05-20 11:07:15","I found it",0,2,2,"272656ef-2e8c-4cb2-b301-ae2efb785899","trash","landfill","Hot chips bag","school",33.96,-118.43
"2014-05-15 06:22:33","cleaning",0,1,1,"643f7523-efeb-4934-826a-c3464ea428b7","recyclable","recyclable","water bottle","home",34.01,-118.34
"2014-05-08 10:05:57","I found it",0,0,2,"570a3cc3-f645-4532-9654-97d12e32047a","recyclable","recyclable","school paper","school",34.06,-118.26
"2014-05-08 16:01:22","eating/cooking",1,1,1,"22d4891d-c0bb-4b13-8b5d-4e1d9636cec2","recyclable","recyclable","watermelon sour patch kids","home",33.98,-118.35
"2014-05-04 12:48:47","eating/cooking",0,1,3,"2a188d89-ebe0-4402-8ac0-33748d9a6318","trash","landfill","a paper-like thing that helps clean messes also known as a napkin.","restaurants",33.79,-118.28
"2014-05-19 13:03:55","drinking",0,0,2,"956fd8b7-5ef8-4958-9e90-8d255fa6f78e","trash","recyclable","plastic bottle","home",33.97,-118.42
"2014-05-12 11:26:56","eating/cooking",0,2,2,"6a3a6fe6-56a7-494a-a80e-539b8047dfda","trash","landfill","Hot fires chip bag","school",33.96,-118.42
"2014-05-24 11:48:44","drinking",1,2,2,"527938fd-694c-4d48-8797-3127ee64f58a","recyclable","recyclable","plastic bottle","home",33.96,-118.39
"2014-05-23 08:29:48","I found it",2,0,2,"89bbfb89-6dd5-4e50-90c1-6313ae46adcc","trash","landfill","Gum Pack","school",33.96,-118.41
"2014-05-17 15:19:28","other",0,1,1,"7a1ba0d8-7140-4519-a9c7-b9f7aa9dc0c5","trash","recyclable","College pamphlet","home",33.96,-118.31
"2014-05-23 10:07:22","eating/cooking",0,2,2,"afc12c58-e946-4414-a68d-3de7e8e0de67","trash","landfill","cookie wrapper","school",33.97,-118.41
"2014-05-06 10:51:25","eating/cooking",0,2,2,"27f9cde0-69d6-494e-9942-fc83d5e22998","trash","landfill","Plastic wrapper","in transit",34.2,-118.59
"2014-05-26 13:38:31","drinking",0,1,1,"8e8d86dd-27ad-4ff1-af74-689351988699","recyclable","recyclable","Can","home",33.98,-118.31
"2014-05-23 11:35:09","eating/cooking",0,0,0,"a402a637-a000-41e8-8e29-2e78efbb8788","trash","recyclable","","school",34.1,-118.31
"2014-05-08 10:38:32","eating/cooking",0,0,2,"f4168104-50da-4d82-84e7-59abff3c8189","compost/green waste","compost","Banana","school",34.07,-118.24
"2014-05-25 09:35:37","eating/cooking",0,0,0,"429f43fe-aff0-4683-9b60-471e6faa1739","trash","compost","paper/plastic","others",34.1,-118.29
"2014-04-30 08:49:51","school work",0,1,2,"f933e2c0-cfd5-4507-828e-99ea396123be","recyclable","recyclable","Empty coconut macaroons container","school",34.02,-118.24
"2014-05-22 16:43:05","eating/cooking",0,0,0,"1f251670-1ec7-48ce-807c-989c82aa897d","trash","landfill","napkin","in transit",34,-118.35
"2014-05-12 10:57:50","eating/cooking",0,1,2,"b965ccaf-f52e-44e1-bc6c-a2e90a25acb8","trash","landfill","A bag of Funnyuns chips.","school",33.97,-118.41
"2014-05-09 23:16:57","eating/cooking",0,0,1,"7463b918-3e99-4b11-8795-0c563d08b0fb","trash","landfill","Wrapper","home",34.19,-118.59
"2014-05-19 08:05:27","eating/cooking",0,1,3,"abbd8de2-a1d2-4df6-a02b-52979245c4e4","trash","landfill","dirty paper towel","school",34.1,-118.31
"2014-05-15 18:14:02","drinking",0,1,1,"8f9cc91e-d4f3-4ba3-ad08-1269f6df8da1","recyclable","recyclable","Recyclable can","home",34.26,-118.28
"2014-05-05 17:53:10","eating/cooking",0,1,1,"562f847b-d700-4a6e-a4eb-19eb82fe85d6","trash","landfill","plastic nutella container","home",34.21,-118.59
"2014-05-29 10:02:17","I found it",0,0,1,"0bc875a5-4e11-4724-a0c4-48a6fd532357","trash","landfill","Candy wrapper","school",33.96,-118.42
"2014-05-16 18:52:07","drinking",0,1,2,"d2d7ead2-0bc7-4986-884b-b7e97c6e47a8","trash","recyclable","Paper wrapper","restaurants",34.2,-118.6
"2014-05-27 12:02:02","I found it",0,0,0,"d54e27f2-1c71-453a-a89c-f42405d69b06","trash","recyclable","Bottle","school",34.1,-118.3
"2014-05-21 19:45:02","eating/cooking",0,1,1,"3b050da5-7886-4e7e-9e21-63970b83fc3d","recyclable","recyclable","KFC to go cup","restaurants",33.98,-118.39
"2014-05-16 09:12:00","eating/cooking",0,1,3,"3a5931e7-9f29-4e5c-8cbb-f74eb3268cea","trash","recyclable","Great food converted to trash but could have been recycled.","school",34.1,-118.3
"2014-05-05 09:38:55","eating/cooking",0,2,1,"90311a7c-acc0-4cad-8add-8f799b47267b","trash","recyclable","Paper napkin","school",34.2,-118.59
"2014-05-27 12:49:37","cleaning",0,1,3,"e2adda2e-cde1-4b3f-bf71-44a8e27f3395","recyclable","recyclable","Plastic","school",33.96,-118.41
"2014-05-18 17:56:32","drinking",1,1,2,"17ef386b-697d-4820-893d-037571eb7d60","recyclable","recyclable","Soda","home",34.03,-118.33
"2014-05-07 13:18:52","eating/cooking",0,0,4,"fa5f7fed-020d-4bde-8129-05571b16f34c","trash","landfill","Plastic wrapper","school",34.21,-118.6
"2014-05-04 18:27:04","eating/cooking",0,1,2,"5256b3c8-3366-42d8-9fce-b288e7f42c46","trash","landfill","packaging","home",34.22,-118.35
"2014-05-11 21:27:04","eating/cooking",0,1,1,"2659495f-5b0c-4092-9a23-6020fc33b1d2","trash","landfill","plastic","home",34.05,-118.28
"2014-05-27 17:19:08","eating/cooking",0,0,2,"8374f409-b27b-45f3-82d2-db0050f0cf8b","trash","landfill","Wrapper","home",34.07,-118.27
"2014-05-21 16:02:06","eating/cooking",0,0,0,"8b15c6b8-51a9-47a9-af4e-336a8a10142e","trash","landfill","S&S sauce","in transit",33.96,-118.39
"2014-05-05 17:54:23","drinking",0,1,1,"911f2b6e-ec35-4730-9352-4ed63465b890","recyclable","recyclable","plastic water bottle","home",34.22,-118.59
"2014-05-20 09:05:49","school work",0,2,2,"75b3af27-2221-43ae-ad05-9d053a3c55eb","recyclable","recyclable","Construction Paper","school",33.97,-118.42
"2014-05-01 13:15:09","eating/cooking",0,0,2,"2ff9b49c-a142-48b9-8726-8be5bd6e608f","trash","landfill","Lunch food","school",34.21,-118.6
"2014-05-11 16:40:18","other",0,0,0,"b9c9c03c-dd27-4ebc-9bb4-62b3cd87affa","trash","recyclable","wrapping paper","home",33.81,-118.27
"2014-05-10 20:09:12","eating/cooking",0,1,1,"9f8e7f77-a170-46af-a012-65dff93381f8","trash","recyclable","plastic container and lid","home",34.23,-118.34
"2014-05-08 09:09:23","eating/cooking",0,0,2,"5024e80e-447c-438a-8532-30e06e340e20","trash","recyclable","Cereal container","school",34,-118.28
"2014-05-03 16:26:43","drinking",0,2,1,"9955a8ee-840f-4beb-913f-7b166fd154b5","recyclable","recyclable","Plastic water bottle","others",34.28,-118.66
"2014-05-15 18:18:34","eating/cooking",0,0,1,"f06b6d2f-89b1-439b-850e-837fb2d9234c","trash","recyclable","Plastic cup nd paper","home",33.98,-118.29
"2014-05-08 19:16:19","eating/cooking",0,0,1,"b358447f-784e-4718-b668-26701982f069","trash","landfill","Paper ketchup container","restaurants",33.84,-118.3
"2014-05-14 13:45:16","drinking",0,0,0,"f32acf6b-6c49-4ba9-ba5b-7e46450f5aaf","recyclable","recyclable","Water bottle","school",33.96,-118.41
"2014-05-10 19:27:10","eating/cooking",0,1,2,"b757af2f-895c-46d1-8142-2914a5fc16e0","recyclable","recyclable","Pizza carbon box","home",34.2,-118.59
"2014-05-08 21:55:49","I found it",0,1,1,"fff04157-4367-4363-82af-05214d55f13d","trash","landfill","Ripped rubberband and unused","home",33.82,-118.3
"2014-05-06 12:22:31","eating/cooking",0,0,1,"21d1f497-7517-4a3a-9cea-95ec08594f2d","trash","landfill","paper plate","school",34.2,-118.6
"2014-05-05 09:41:22","eating/cooking",0,2,1,"fed77a25-24fb-4504-91ec-eb684761aef0","trash","compost","Food","school",34.21,-118.59
"2014-05-15 14:31:11","shopping",0,1,1,"eda2254b-410c-4ef0-91ff-93674e2de3c0","recyclable","recyclable","Paper","restaurants",34.08,-118.28
"2014-05-26 21:12:21","I found it",0,0,1,"5cae79d9-369e-4dbb-8e23-9cbbeb672141","trash","compost","Flyer, Cupcake","home",34.02,-118.35
"2014-05-23 16:41:43","drinking",0,1,1,"5355342b-93ed-453e-8305-6163df514efc","recyclable","recyclable","Juice bottle","home",33.92,-118.28
"2014-05-02 21:08:33","eating/cooking",1,1,1,"1609b5f2-8048-49a2-8693-e814a370f0aa","trash","landfill","It's an instant noodle cup","home",33.76,-118.26
"2014-05-04 11:26:51","eating/cooking",0,1,1,"c60ee733-6053-4876-9a0d-564b689e643d","trash","landfill","plastic bread bag","home",34.21,-118.59
"2014-05-07 11:50:01","eating/cooking",0,0,1,"ab38a6e7-3e8d-4c59-8aa2-9c07b3c815dc","compost/green waste","compost","Compost","school",34.21,-118.59
"2014-05-08 09:51:05","eating/cooking",0,0,2,"e829b4ef-d7ac-4588-8340-27097759fd84","trash","landfill","Candy","school",34.07,-118.25
"2014-05-18 10:07:22","eating/cooking",0,0,1,"e37ecc42-e73b-4b92-851f-29a3de40348f","trash","landfill","Food","restaurants",34,-118.25
"2014-05-15 17:01:32","eating/cooking",0,0,1,"0d781bfe-0cff-41bf-b163-402ba13f810b","trash","landfill","Ice cream bar","home",33.96,-118.35
"2014-05-16 22:30:19","drinking",0,1,1,"2c9f9271-712d-4935-8832-ee6fb2fe1bdf","recyclable","recyclable","Water bottle","home",34,-118.46
"2014-05-09 21:10:19","eating/cooking",0,1,1,"2deb18b6-6ef7-410b-89ea-ee11b06e1923","trash","landfill","hot cheetos","stores/malls",34,-118.34
"2014-05-08 09:48:26","I found it",0,0,2,"feb7eace-9ca0-4122-90a2-05e4cbe12578","trash","recyclable","Paper on the floor","school",34.07,-118.26
"2014-05-14 22:46:30","eating/cooking",1,1,1,"095e6ede-b4da-4355-8776-62e5c7ae89aa","trash","recyclable","Foam Container","others",34.02,-118.29
"2014-05-08 10:00:06","school work",0,1,1,"10fa0358-052a-44ad-8845-b54d679ecc1c","recyclable","recyclable","lid","school",34.07,-118.25
"2014-05-16 16:04:01","drinking",0,1,1,"a9f896d5-e42a-498a-9267-583ca632e059","recyclable","recyclable","Aluminum can","home",34.2,-118.55
"2014-05-11 21:30:07","drinking",0,0,1,"2a483889-a106-4308-8349-23688e8fc072","trash","recyclable","Empty coffee carton","home",33.85,-118.29
"2014-05-10 16:07:47","drinking",0,1,0,"5af9f7a8-6a2d-4efd-b5a9-cd82a76fd5f9","recyclable","recyclable","water bottle","home",33.82,-118.26
"2014-05-08 09:06:26","drinking",0,0,2,"1cf0cde9-0bf7-4e09-8912-10bcedf2df1d","trash","landfill","Milk","school",33.99,-118.27
"2014-05-03 13:34:27","eating/cooking",1,0,1,"44f13f0b-6bee-42bc-b739-f0d4b4192f45","compost/green waste","compost","Watermelon peel","home",34.19,-118.58
"2014-05-22 07:07:35","I found it",0,0,2,"d4f73c6a-490c-4ac8-84be-275102da647d","trash","compost","Wrapper","others",33.98,-118.29
"2014-05-16 19:19:33","drinking",0,0,0,"e54f139c-9849-492c-8b8f-31c0cbc8b6ea","litter","recyclable","caprisun","in transit",33.98,-118.21
"2014-05-08 10:09:55","eating/cooking",0,0,2,"b7b6414c-7bad-4f52-8e99-416935da786c","trash","compost","Banana","school",33.99,-118.28
"2014-05-14 20:47:03","drinking",0,0,1,"398b5c3b-9ae4-43c0-96b3-239569f88325","trash","compost","Slurpee","home",33.96,-118.29
"2014-05-20 22:06:35","eating/cooking",0,0,1,"fb55518a-3650-4624-a781-0d0248057c83","trash","landfill","pizza box","home",33.96,-118.42
"2014-05-02 11:13:18","eating/cooking",0,0,1,"ca16b319-ba7b-4a38-883b-f981b2ae1635","trash","landfill","Packaging","school",34.2,-118.6
"2014-05-09 09:50:16","eating/cooking",0,2,1,"a1f52a47-9ab8-4673-86d4-977ecf1df1d0","trash","landfill","Paper","school",34.19,-118.59
"2014-05-06 17:24:55","eating/cooking",0,0,1,"8db922d3-2b65-4890-83df-4f16c819b920","trash","landfill","Wrappers","home",34.08,-118.27
"2014-05-01 13:10:30","eating/cooking",0,0,2,"307b44d9-3f5a-4a7d-b78e-c2f0173f8a87","trash","recyclable","cardboard carton","school",34.2,-118.6
"2014-05-01 12:27:23","cleaning",0,2,1,"eb6c75c1-d3e2-47ac-95bb-b4543c1cb084","recyclable","recyclable","Tape","school",34.2,-118.6
"2014-05-21 09:36:15","eating/cooking",0,2,2,"ad678bf0-d575-4964-8bcb-9048d4d54b0e","trash","landfill","Chip bag","school",33.96,-118.42
"2014-05-11 20:20:10","eating/cooking",0,0,1,"bd5e9e3f-aab8-4194-804a-4e6eb4a30847","trash","landfill","Empty chips ahoy box","home",33.85,-118.29
"2014-05-15 22:00:01","eating/cooking",0,0,1,"2b6ca006-ec70-4e23-8557-dae27572e891","trash","recyclable","Paper Bag","home",33.93,-118.34
"2014-05-11 14:59:21","eating/cooking",0,0,4,"bcd4daf4-2c43-4984-bf35-946f34e44b33","trash","landfill","napkin","others",34.08,-117.79
"2014-05-21 09:57:03","I found it",0,1,0,"9edf1ca3-91ec-4536-8f1f-6ef0d337c8e1","trash","compost","","school",34.11,-118.3
"2014-05-27 12:48:58","eating/cooking",0,1,3,"5393080d-8016-4e5f-bfc7-d3e39262ce7a","trash","landfill","Plastic Fork","school",33.96,-118.42
"2014-05-15 08:31:45","eating/cooking",0,0,5,"608ce46a-91db-4d13-8a81-bdf2b4cc081a","compost/green waste","compost","Tomato","school",33.82,-118.3
"2014-05-17 21:08:40","school work",0,0,1,"8a8b88be-165f-49cc-82ed-6325e79ac57d","trash","recyclable","Scraps","home",33.97,-118.3
"2014-05-02 20:41:21","eating/cooking",0,0,4,"fb2f0a94-fb02-4b02-955e-818f96772c14","trash","landfill","Wrapper","school",34.19,-118.6
"2014-05-17 17:51:38","drinking",0,1,1,"1d9275e2-ca20-4784-8a73-0d5187f194bf","recyclable","recyclable","gallon of water..plastic","home",33.97,-118.36
"2014-05-10 21:00:04","eating/cooking",0,1,1,"13a679a7-1011-4558-a64f-858bf18ab01a","trash","landfill","Paper bag","restaurants",33.87,-118.26
"2014-05-20 06:25:32","drinking",1,1,2,"72babc27-7df2-4f52-8c6c-de01436ef0d0","recyclable","recyclable","one water bottle","home",33.97,-118.38
"2014-05-20 10:55:51","eating/cooking",0,0,1,"2167a4d8-f819-4fe4-a1ea-b22bcc92047f","trash","landfill","Candy Wrapper","school",33.97,-118.42
"2014-05-10 19:18:29","eating/cooking",0,2,0,"dacc53de-e187-47ea-8c6d-e098ce9cbf36","trash","landfill","fastfood","stores/malls",33.81,-118.27
"2014-05-02 12:47:31","eating/cooking",0,2,2,"f456796b-a1bc-4a24-aafd-3db9a5a77314","recyclable","recyclable","8oz water bottle","school",33.82,-118.27
"2014-05-20 00:24:39","cleaning",0,0,1,"c043e7d7-1cf8-4991-9fbb-5999cabef417","trash","recyclable","Popsicle wrapping","home",34.11,-118.12
"2014-05-23 08:57:43","eating/cooking",0,1,1,"cc18fd96-91cb-4e2f-8507-5cbbbfdee1ce","trash","recyclable","Halls wrapper","school",34.1,-118.31
"2014-05-07 17:20:03","eating/cooking",1,0,1,"d9258682-9963-468f-8a9b-179ae1d17f1b","trash","recyclable","Macoroni and cheese bowl","home",33.84,-118.27
"2014-05-15 14:03:47","drinking",0,1,1,"757d0f1a-e9e2-4a25-a166-6d138fce505e","recyclable","recyclable","empty Arizonia","home",33.96,-118.42
"2014-05-19 10:49:44","eating/cooking",0,1,2,"1ee3678f-68c2-4c25-ad7e-5f3ce16ebc04","trash","landfill","hot fries bag","school",33.96,-118.41
"2014-05-11 15:25:05","eating/cooking",0,1,2,"ae22da06-bc5b-4d17-842e-d75a944ad344","trash","landfill","Candy wrapper","home",34.21,-118.58
"2014-05-13 10:25:37","drinking",0,2,2,"f4c58dcf-ce72-448c-b604-7cfffd9c89bd","trash","landfill","Kool aid","school",33.97,-118.43
"2014-05-12 10:00:34","eating/cooking",0,9,2,"ca09c08f-71d3-432c-b3c2-7575dad02883","trash","landfill","Rice Krispy wrapper","school",33.83,-118.26
"2014-05-07 15:07:40","I found it",0,2,3,"7325e799-7d80-41ee-b7a0-a3e226d00930","trash","landfill","Plastic wrapper","school",33.84,-118.26
"2014-05-19 20:26:33","cleaning",0,0,1,"b0563288-ddd6-4dd4-886d-046ee54344fa","trash","landfill","Napkin","home",34.11,-118.13
"2014-05-16 08:31:34","cleaning",0,1,4,"1b0b87da-2a1d-4a13-b8dd-9276801c3695","trash","landfill","Foil and Plastic","school",33.96,-118.42
"2014-05-23 13:55:16","eating/cooking",0,1,3,"8e47bf16-4dbf-4882-85d2-19d32fd52d09","trash","landfill","Ritz wrapper","school",34.1,-118.3
"2014-05-12 21:00:53","cleaning",1,1,1,"6977ade6-983d-4834-826c-0585066a8cac","trash","landfill","Chips","school",33.84,-118.28
"2014-05-22 08:46:41","other",0,0,3,"ebb1cf23-fbc6-4851-859d-a589ca951ccf","trash","landfill","Napkin","school",34.11,-118.31
"2014-05-23 10:41:57","eating/cooking",0,2,3,"9eb4e327-98b0-4a31-9601-002774e43a3a","trash","recyclable","Nature valley wrapper","school",34.11,-118.31
"2014-05-19 08:08:56","drinking",0,1,0,"e3e95d60-6d39-4ac8-8679-85b543ac8d25","recyclable","recyclable","its a plastic bottle","home",34.1,-118.31
"2014-05-22 12:51:36","eating/cooking",0,2,2,"4beec391-52cd-472f-9eda-04dcf3575a0e","trash","landfill","Cheetos bag","school",33.95,-118.43
"2014-05-06 19:59:08","eating/cooking",0,0,1,"2de629ee-db56-4e60-a908-3c62221e2cef","trash","landfill","chips wrapper","home",33.84,-118.28
"2014-05-14 10:54:56","other",0,1,2,"3a3bffbb-df85-457e-8de4-2a57cc1ebbe1","trash","landfill","Gum rappers","school",33.96,-118.42
"2014-05-08 11:09:45","other",0,1,2,"acf04d7a-8ae5-4977-ad5f-eb380841752c","recyclable","recyclable","Paper","school",33.97,-118.43
"2014-05-15 11:54:20","drinking",1,1,1,"f6adb408-4a36-45ef-8696-8e27446c832c","recyclable","recyclable","Apple Cranberry","school",33.97,-118.43
"2014-05-06 17:30:06","cleaning",1,2,2,"2408a045-ff82-4484-9c62-e462bd5abe9d","trash","landfill","Wipes","home",34.27,-118.48
"2014-05-21 12:03:13","eating/cooking",1,1,1,"e6b69f05-06a6-4f04-82d4-41e48a44adf7","trash","compost","Lollipop stick","school",33.97,-118.42
"2014-05-14 18:34:01","eating/cooking",0,1,1,"3431cbbf-7676-4a12-9106-35a8c8869cd7","trash","landfill","plastic","home",33.98,-118.37
"2014-05-15 21:43:28","shopping",0,1,1,"0c055d17-600b-4d09-83ed-15e5cd1c3756","trash","landfill","the amazing bubble wrap","stores/malls",34,-118.34
"2014-05-13 16:21:22","eating/cooking",0,0,2,"311a43b4-b175-4ad2-9f61-200eb3e642dc","trash","landfill","Plastic wraper","others",34.22,-118.44
"2014-05-09 06:43:51","other",2,2,2,"a92bd596-8615-42dc-8afa-cb20da5a3c7b","trash","landfill","An empty can of hairspray","home",33.78,-118.25
"2014-05-11 18:21:25","other",0,0,0,"4bb9e5c5-01b4-45b2-bd35-3987405bda15","recyclable","recyclable","newspaper","others",33.84,-118.34
"2014-05-20 12:49:59","eating/cooking",0,0,1,"58278127-a686-41a8-88e9-277547cbdfc2","trash","landfill","Hot Pocket Cover","school",33.97,-118.41
"2014-05-21 09:11:18","drinking",1,2,1,"b66cc765-936e-42f8-8ce1-1969e8d86f4f","recyclable","recyclable","Trash it's a can","school",34.1,-118.31
"2014-04-02 12:15:05","eating/cooking",1,3,2,"47240750-41df-4c65-8cc9-5c4e76a52a02","trash","landfill","Granula bar wrapper","work",34.06,-118.25
"2014-05-07 10:43:13","eating/cooking",0,1,1,"deca03fd-951c-4790-b96b-18beb3981b3d","trash","landfill","plastic bread  wrapper","school",34.19,-118.6
"2014-05-20 11:24:28","eating/cooking",0,1,2,"6e284307-5981-4808-84a6-34ceeaebcbfe","trash","recyclable","Honey bun wrapper","school",33.97,-118.42
"2014-05-06 18:33:00","shopping",0,0,1,"b6dae4ed-8a27-4128-98fe-d5edc3cbdfbd","trash","recyclable","shoe box","home",33.83,-118.27
"2014-05-07 22:47:38","cleaning",1,1,2,"cb2fa1b5-53ef-47d4-956e-565ae61faec0","recyclable","recyclable","Mail","home",34.26,-118.48
"2014-05-21 10:21:30","drinking",0,1,1,"e2f3b6f5-67f1-4d7e-8c5b-67ab420e5b2c","recyclable","recyclable","Water bottle.","school",33.97,-118.43
"2014-05-10 14:08:50","eating/cooking",0,0,1,"3a2074b2-d969-4a21-8c56-43a3ee0e8260","trash","landfill","Takis wrapper bag","home",34.2,-118.6
"2014-05-05 10:26:42","cleaning",0,0,2,"80817695-e2d3-4e37-9d34-647f62cd17a0","trash","recyclable","Broken math plastic","school",34.2,-118.6
"2014-05-08 21:54:00","I found it",0,1,1,"506d8b1f-d078-4715-9cab-c6bd1e66aa2d","trash","landfill","Empty nail polish bottle","home",33.83,-118.3
"2014-05-15 11:49:38","eating/cooking",0,2,2,"0e5c4017-a7bf-41d4-8d8b-db0b2423f140","recyclable","recyclable","Candy wrapper","school",33.96,-118.42
"2014-05-12 20:38:18","eating/cooking",1,1,1,"1f2537a1-b49b-419d-8c66-3b0649c12554","trash","landfill","Wrapper","school",33.83,-118.27
"2014-05-15 09:57:32","school work",0,2,2,"d3fca5f3-b588-43b7-98a6-eb2eb7ffe2f6","recyclable","recyclable","Used Notebook Paper","school",33.97,-118.41
"2014-05-21 09:18:58","drinking",0,1,3,"d0cf6486-0ec5-4338-80ce-46d8288a3751","trash","landfill","Some juice","school",33.96,-118.43
"2014-05-02 20:37:03","eating/cooking",0,0,1,"e3f22469-bd55-4b09-8668-88d3d94babad","trash","landfill","Cookie wrapper","home",33.83,-118.24
"2014-05-11 19:11:14","cleaning",0,1,1,"aef6b82d-99fa-46dc-b3f6-5f98b21fd780","trash","recyclable","Paper","home",33.85,-118.2
"2014-05-26 21:13:26","eating/cooking",0,0,1,"9d3186f9-d4b8-4816-8633-89ed1a8c3324","trash","landfill","Cookie wrapper","home",34.02,-118.34
"2014-05-09 13:16:45","drinking",0,2,2,"a56b9af4-74cd-4cbb-ab30-faa5f40b549b","trash","landfill","Cardboard","school",34.2,-118.6
"2014-05-08 22:43:22","drinking",0,1,3,"b3ada296-bfc0-41e4-aa98-231b69ada55d","recyclable","recyclable","Plastic water bottle","home",33.84,-118.24
"2014-05-24 18:48:42","I found it",0,0,1,"5051fc88-0b35-4992-98ab-ca266b714934","trash","landfill","bunch of trash","others",34.06,-118.26
"2014-05-07 22:28:01","drinking",0,1,3,"11d1acb4-fd88-4025-87d6-48bad5543996","recyclable","recyclable","Plastic cup","home",33.84,-118.23
"2014-05-19 20:51:21","eating/cooking",0,0,1,"832763d6-e129-475e-b0d2-3af00fa8439e","trash","recyclable","Used paper plate","home",33.98,-118.39
"2014-06-01 08:45:11","drinking",0,0,3,"a0a60708-eb29-4e86-9793-71cf736fbfc3","trash","recyclable","water bottle","home",34.22,-118.59
"2014-05-23 07:08:40","drinking",0,0,0,"974a5540-386a-4d51-b667-ad1d3e545d03","recyclable","recyclable","Juice pouch","home",34.1,-118.3
"2014-05-16 11:42:44","drinking",0,2,2,"0afc8ed2-6982-4152-a02b-b641074d89ee","recyclable","recyclable","water bottle bottle","school",33.95,-118.41
"2014-05-21 17:16:04","drinking",0,2,0,"a9ae7897-8add-4f51-b450-651bf911fd9e","recyclable","recyclable","water bottle","home",34.22,-118.54
"2014-05-05 15:56:04","drinking",0,1,1,"4728cd3d-1428-4997-b168-b05a5de097b5","trash","recyclable","water bottles","home",34.06,-118.28
"2014-05-14 19:03:59","eating/cooking",0,0,1,"6a0ea97c-2e96-4694-868a-eb2eb82ac4b4","trash","landfill","Pollo loco","stores/malls",34.22,-118.34
"2014-05-01 18:55:24","drinking",0,0,0,"20b20613-ba3c-4cd1-a523-c6710db210f4","trash","landfill","cup","restaurants",34.2,-118.6
"2014-05-12 11:08:08","eating/cooking",0,1,2,"52bfbe39-7cf2-4dec-8c6d-312f6948a043","trash","landfill","A candy wrapper.","school",33.97,-118.41
"2014-05-02 20:09:38","drinking",0,1,2,"70cc1155-d9be-4807-89fa-2dc4ba2cffcf","recyclable","recyclable","plastic bottle","others",34.27,-118.49
"2014-05-19 12:44:18","eating/cooking",0,4,4,"01a6507d-9087-439b-b8cb-6a9d9c7a44c6","trash","landfill","honey bun wrapper","school",33.96,-118.42
"2014-05-03 15:17:29","eating/cooking",0,0,0,"db171b72-5907-43c2-981b-2527ea0bd550","trash","recyclable","plastic","home",34.22,-118.59
"2014-05-26 13:04:14","other",1,1,2,"2c075d7f-c063-43f9-81ff-76f2829f552e","compost/green waste","compost","Dead plant","home",34.03,-118.28
"2014-05-25 11:40:03","eating/cooking",1,1,2,"71be8fd2-f7c5-411f-8bac-735f6a5618e1","trash","landfill","napkin","home",33.97,-118.37
"2014-05-10 20:10:17","eating/cooking",0,1,1,"03eea0a7-35bd-4d32-84af-5148f7fc414e","trash","recyclable","plastic bag","home",34.23,-118.35
"2014-05-07 17:22:09","other",1,0,1,"e7f04801-46e4-4320-832a-a73d4935d7c7","trash","recyclable","Paper pack for cards","others",33.85,-118.27
"2014-05-10 11:16:39","drinking",0,1,3,"511d3ca9-5949-4af9-bfd0-2ab0c25db6e1","trash","recyclable","McCafe Coffee","home",33.96,-118.33
"2014-05-06 10:52:38","other",0,1,2,"b9087dc5-3d8c-428f-83a1-e7a55803e80d","recyclable","recyclable","Contacts packaging","home",34.2,-118.59
"2014-05-16 08:17:34","drinking",0,0,1,"e64f1552-4ef9-4cf0-8c67-c1fcfa0229ab","recyclable","recyclable","Water bottle","school",33.95,-118.41
"2014-05-10 22:30:09","cleaning",1,1,3,"49471ec8-3270-4eb9-9fe7-b82449128292","trash","landfill","plastic bag","home",33.83,-118.27
"2014-05-07 13:19:29","eating/cooking",0,1,4,"9402e480-e242-4299-a3c1-79d7f484b2b0","trash","landfill","table napkin","school",33.83,-118.27
"2014-05-02 14:35:22","drinking",0,1,2,"8d4694dc-c5bf-4dc4-81df-b0fe5ad75122","recyclable","recyclable","Plastic Water Bottle","school",34.22,-118.6
"2014-05-08 11:25:42","school work",0,8,0,"7f0e0552-92af-4770-9203-e68de81e3620","trash","landfill","Broken pencil","school",33.84,-118.27
"2014-05-09 10:39:25","eating/cooking",0,2,2,"070d6581-eb47-49d3-8ade-306ea356c47c","trash","landfill","Pop tart wrapper","school",33.82,-118.27
"2014-05-24 11:48:09","drinking",1,2,2,"047f0c36-0d6c-4c4e-b171-ae8077fd841f","recyclable","recyclable","plastic bottle","home",33.96,-118.39
"2014-05-19 10:07:56","drinking",0,1,1,"906931a2-47b0-4890-9f53-1b2ddc50a171","trash","landfill","Apple juice","school",33.97,-118.43
"2014-05-19 22:31:06","eating/cooking",6,6,6,"c45037ab-5519-454e-804f-d3b2caa351af","trash","landfill","Pizza crust and paper plate","home",33.99,-118.33
"2014-05-09 10:01:22","drinking",0,1,1,"b8c46252-393b-49b1-8cdc-9b2230cdb321","recyclable","recyclable","dasani water","school",33.97,-118.42
"2014-05-15 16:56:48","drinking",0,0,1,"200401bc-b3b3-43c5-9f21-714eb5dec936","litter","landfill","Pepsi paper cup","restaurants",33.95,-118.31
"2014-05-20 15:09:29","eating/cooking",5,5,0,"03a37116-e4be-4f4b-85d2-aaa5db352ffd","trash","landfill","20 May, 2014","home",34.26,-118.57
"2014-05-21 09:48:30","drinking",0,2,2,"d1438331-0997-4164-ab6d-dd7d1dc55994","recyclable","recyclable","Empty Water Bottle","school",33.97,-118.43
"2014-05-28 22:45:43","cleaning",0,2,2,"998fce9e-fbaf-4159-86fd-4fa08da09d28","recyclable","recyclable","water bottle","home",34.1,-118.3
"2014-05-08 17:23:05","drinking",1,1,2,"2b11eaf1-cc99-4dae-8df5-25a1f9f4ea36","recyclable","recyclable","water bottle","home",33.83,-118.27
"2014-05-07 09:46:27","drinking",0,1,1,"78e1dda7-9a2a-4cc9-92df-a1548b03be3c","recyclable","recyclable","Gatorade","school",33.83,-118.26
"2014-05-15 12:22:39","drinking",0,1,2,"6c6dcb30-2815-4b04-9d6f-4a6626a89a62","recyclable","recyclable","Bottle","school",33.97,-118.42
"2014-05-05 12:55:00","school work",0,0,2,"d7db62db-8d55-4286-8827-3814e158bbfa","trash","landfill","Plastic wrap","work",34.21,-118.6
"2014-05-02 09:43:39","eating/cooking",0,0,1,"f18f44b6-c2ed-4845-8f60-4171154f9346","trash","landfill","Cardboard","school",34.2,-118.6
"2014-05-06 17:25:37","eating/cooking",0,0,1,"79fcb3e6-1cbb-488e-845d-87ceec4e1fe8","trash","landfill","Egg shells","home",34.08,-118.27
"2014-05-24 12:32:03","eating/cooking",0,1,1,"4106d0bb-54a9-44d9-9bc3-592d0deccbd8","recyclable","recyclable","Burger King cup","stores/malls",34.04,-118.3
"2014-05-12 21:01:45","cleaning",1,1,1,"09cc908b-1d2d-4ad2-8271-2017af1c61b7","recyclable","recyclable","Paper plate","home",33.84,-118.28
"2014-05-04 20:59:00","eating/cooking",0,1,0,"1386830c-f28c-4c77-ae56-2496a77c6df4","trash","compost","lunchable","school",33.85,-118.27
"2014-05-23 10:37:05","eating/cooking",0,1,3,"c25a470e-5d50-4097-9b2a-774ddea17f19","trash","compost","Fun dip wrapper","school",34.1,-118.31
"2014-05-08 21:56:52","other",0,1,1,"a30bed1c-1191-432b-be25-06a5bf82dce9","trash","landfill","Empty chaptsick","home",33.83,-118.3
"2014-05-27 12:03:08","eating/cooking",1,1,1,"4ee8ddb3-853c-45d3-b2c0-65577436e3a8","trash","landfill","Bag of chips","school",34.1,-118.31
"2014-05-10 19:33:19","drinking",0,1,1,"de734f5b-3989-408f-9b92-056d6ac6411a","trash","landfill","another drink container","restaurants",34.01,-118.34
"2014-05-04 13:20:09","eating/cooking",0,1,1,"f415bd2e-1991-4cab-b1c9-d9f56d77aaa9","trash","landfill","plastic wrapper","home",34.22,-118.59
"2014-05-22 11:51:15","drinking",0,1,4,"a2795c9d-91a8-4fc8-aa3f-5cb0c6c7899e","recyclable","recyclable","agua ft. vanessa","school",34.26,-118.58
"2014-05-12 20:20:02","other",0,0,2,"c759531b-25e9-46db-8698-f896ea901ae6","trash","landfill","Paper recite","restaurants",34.22,-118.61
"2014-05-20 17:45:25","eating/cooking",0,2,0,"f180e298-bc49-4721-9e7b-28160817a6a0","trash","landfill","Doritos chips","home",34.22,-118.53
"2014-05-23 10:12:47","I found it",0,2,2,"a284ec44-e9a9-4f85-8a51-636533f02d9c","trash","recyclable","Plastic Wrapper","school",33.97,-118.43
"2014-05-12 09:47:21","eating/cooking",0,1,1,"5bcf6e1c-93d2-4d17-9e38-9f54dc49b532","trash","landfill","Used bag of chips","school",33.96,-118.42
"2014-05-23 11:29:04","drinking",1,2,2,"17693b94-5fc9-43db-ae8c-6a044d2aca2c","recyclable","recyclable","Plastic bottle","school",33.96,-118.41
"2014-05-24 13:33:50","drinking",1,1,2,"2fff0cd8-c999-42ed-9437-3a024c642fc5","recyclable","recyclable","paper cup","home",33.98,-118.37
"2014-05-08 13:25:18","eating/cooking",0,0,2,"69d679e6-0c4f-4f6a-aee8-751099a9dc10","trash","landfill","Gansito bag","school",34.21,-118.59
"2014-04-03 19:33:36","I found it",1,1,1,"f2719760-a935-4593-83ca-16e359a5c26d","trash","landfill","Calling card","home",34.05,-118.32
"2014-05-15 14:30:05","drinking",0,1,1,"2cf93c4e-3f58-4a38-8f8e-dab700d9e14a","trash","recyclable","Water bottle","school",33.96,-118.43
"2014-05-05 10:06:25","school work",0,0,2,"965fa9d1-475e-45d6-98fa-8a4b302e40a0","trash","recyclable","Paper","school",34.2,-118.59
"2014-05-21 12:42:13","eating/cooking",0,0,0,"b3e631cc-9dc4-4f41-8990-4d3fa3408a54","trash","landfill","Cracker bag","school",33.96,-118.42
"2014-05-11 15:00:12","eating/cooking",0,0,4,"b0d674ec-1aef-4161-a5de-71571e09f018","trash","recyclable","disposable plastic fork","others",34.09,-117.8
"2014-05-16 09:03:33","eating/cooking",0,2,2,"1559fae4-82d1-49bd-8926-6e243abba9b8","recyclable","recyclable","Nerds","school",33.97,-118.41
"2014-05-29 18:12:32","drinking",1,0,0,"99a9a363-0b5f-4da3-86f5-864c0a4d37c0","trash","landfill","Well it's a cup with designs.","home",34.23,-118.57
"2014-05-21 10:12:27","eating/cooking",0,1,1,"00a60990-fbe0-40be-95b7-1011705fdae2","trash","landfill","plastic goldfish bag","school",34.2,-118.6
"2014-05-01 21:03:57","other",0,0,1,"e746cd9a-3717-4367-a372-10763e840142","trash","landfill","Magazine wrapper","home",34.27,-118.48
"2014-05-01 13:17:56","eating/cooking",0,0,2,"b29e2c60-f82c-4995-8538-529f03968144","trash","compost","Food","school",34.2,-118.6
"2014-05-25 16:00:48","drinking",0,0,1,"aff3fe3e-126c-46fc-b9f8-cd69ee96d079","trash","landfill","Juice Box","in transit",34.11,-118.31
"2014-05-21 16:39:01","drinking",0,1,4,"c0a1d289-7232-429e-8d45-ed5fb237aae9","recyclable","recyclable","monster(energy drink)","others",33.96,-118.39
"2014-05-02 12:05:20","school work",0,1,2,"6bffd5d7-0b08-46e6-80e7-083c90f65550","trash","recyclable","Piece of paper","school",33.96,-118.42
"2014-05-12 19:54:11","cleaning",0,0,1,"88c982bf-ba79-4c19-a37f-423f4ee678e7","trash","landfill","Tissue","home",33.97,-118.31
"2014-05-26 21:14:17","I found it",0,0,1,"1377381d-9387-4a3b-8ec4-0fc6581964a7","trash","landfill","Wrappers","home",34.02,-118.35
"2014-05-20 13:00:42","eating/cooking",0,2,2,"1ebc9e60-9b62-4ffc-9a55-aa0c751d2303","trash","recyclable","plastic wrap","school",33.96,-118.41
"2014-05-22 11:08:45","drinking",0,1,2,"03b07ac2-5b8f-477c-b511-11f6bd75c2f3","recyclable","recyclable","Water bottle","school",33.97,-118.42
"2014-05-02 17:36:59","other",0,1,1,"d5809a3a-d077-42f8-8a7d-621276ebb6eb","trash","landfill","Package from mail","home",34.17,-118.42
"2014-05-24 18:58:20","eating/cooking",5,5,5,"dcc7e83d-3531-42b5-9b9b-3e4b6f69c668","trash","landfill","24 May, 2014
Bag of doughnuts","stores/malls",34.26,-118.56
"2014-05-02 16:22:56","drinking",0,1,4,"36838de1-76e6-47ce-8808-4fc3e4b6ba55","trash","landfill","Plastic Container","restaurants",34.21,-118.58
"2014-05-27 13:11:13","school work",0,0,1,"43511ba4-5755-44e6-8505-ea77f269d1e2","trash","landfill","Pencil with no led","school",33.96,-118.43
"2014-05-22 14:50:53","eating/cooking",1,1,1,"73fcc15e-ed49-419e-a03b-3d75d1df4f81","recyclable","recyclable","a plastic rapper","school",33.96,-118.42
"2014-05-08 13:21:28","drinking",0,0,2,"0c80d02e-6791-49e9-a38e-9f01e41c51d4","trash","recyclable","Plastic water bottle","school",34.2,-118.59
"2014-05-19 06:49:40","eating/cooking",0,0,1,"7da12ec1-1499-4ba6-8f36-587d176e7c79","trash","landfill","Apple","others",34.06,-118.35
"2014-05-04 17:47:41","eating/cooking",0,1,1,"4825607e-7c78-46a4-a9d5-e1f0cb049622","trash","landfill","container. food","home",34.23,-118.35
"2014-05-11 19:01:01","drinking",0,0,1,"8f816195-0cdb-4a28-af6a-f29e71b97d6d","trash","recyclable","Plastic/bottle","home",34.19,-118.61
"2014-05-07 13:11:00","eating/cooking",0,2,2,"17ef4046-71ca-49ca-be09-ab2d1427e48f","trash","recyclable","Black plastic container that had vegetables","school",33.84,-118.26
"2014-05-27 17:22:29","eating/cooking",0,0,0,"12e6c372-e481-41a9-89cd-13f4dcf5a61f","trash","landfill","Cheetos bag","home",34.21,-118.57
"2014-05-08 22:21:20","drinking",2,2,2,"2cff7cbc-5fc8-4389-b0cd-56a3862ad9ab","recyclable","recyclable","Water bottle","home",33.79,-118.26
"2014-05-05 13:27:42","drinking",0,2,1,"edaf3950-7da3-42e5-8949-0b72eee6fb18","trash","recyclable","Plastic","school",34.21,-118.59
"2014-05-28 18:05:23","school work",1,2,2,"14315502-954c-40c5-a668-0558798a2cca","trash","landfill","paper","home",34.22,-118.53
"2014-05-04 22:48:10","cleaning",0,0,1,"618e315a-8aa3-4ff0-8cfe-4296a67dce21","trash","landfill","Mail","home",34.26,-118.48
"2014-05-01 16:28:42","cleaning",1,2,3,"5a26b952-09b6-49a1-9054-d987b75cdc20","trash","landfill","MnMs candy wrapper","home",34.06,-118.24
"2014-05-15 08:34:25","eating/cooking",0,0,4,"231c90ca-11e0-411c-884b-516ea0c9cb28","trash","landfill","Ice cream wrapper","school",33.81,-118.3
"2014-05-19 13:06:00","I found it",0,1,0,"e98b058d-6c0c-4cfc-8fd5-f3854577023e","recyclable","recyclable","Water bottle and chip bag","school",33.96,-118.41
"2014-05-20 23:44:44","eating/cooking",0,0,1,"85e57684-cd42-4b5e-b7eb-a77ec0706b02","recyclable","recyclable","Used Paper Towel","home",33.96,-118.37
"2014-05-10 12:12:25","cleaning",1,1,1,"0376981f-7f6e-44cd-87df-53fd6809a531","recyclable","recyclable","Paper towel","home",34.24,-118.63
"2014-05-21 06:49:23","drinking",0,3,2,"dc5c3990-3bce-42c6-8777-ebcac2dea439","recyclable","recyclable","Juice","home",34.02,-118.3
"2014-05-13 12:22:03","drinking",0,0,2,"5e0db30f-f581-41e0-a560-d940e63e1aa4","trash","landfill","Paper container","school",34.21,-118.6
"2014-05-22 16:12:19","drinking",1,1,2,"12af8303-046a-42b5-838c-36af6b6a7ca1","trash","landfill","McCafe cup","home",33.97,-118.28
"2014-05-23 10:41:14","eating/cooking",0,2,2,"a890f361-8ae0-401d-89ab-75663fedcbea","trash","landfill","Lemon Hot Cheetos","school",33.96,-118.41
"2014-05-19 08:40:17","eating/cooking",0,1,1,"b2cd7e44-2bef-477b-8765-daf0a4263b81","trash","landfill","Honey bun wrapper","school",33.97,-118.41
"2014-05-02 11:34:53","eating/cooking",0,0,0,"8db52e2f-aa0a-4ed8-9770-d4046dc06e20","trash","landfill","It's a candy wrapper","in transit",34.04,-118.44
"2014-05-10 20:09:53","eating/cooking",0,1,1,"4bd78021-32ea-4642-bbab-2b02cee462f6","trash","landfill","container and food","home",34.22,-118.35
"2014-05-23 08:21:13","shopping",0,1,1,"0a43bea8-4fba-41d0-9c40-1148d27c98e3","trash","landfill","it a chocolate bag that","stores/malls",34.1,-118.31
"2014-05-11 19:03:45","drinking",0,0,1,"f531d0b2-d5a0-43c2-ad81-024d04a6536c","trash","recyclable","Plastic/paper","home",34.2,-118.6
"2014-05-15 13:56:58","eating/cooking",0,1,1,"4f1e9637-717b-4520-9e78-0b797fb75916","trash","landfill","Wrapper","school",33.97,-118.42
"2014-05-08 12:41:03","eating/cooking",0,8,0,"947e3a75-ccf1-42f5-8c5e-5c03a79e8982","trash","landfill","Bag of chips","school",33.82,-118.27
"2014-05-11 19:35:39","other",0,1,1,"67ed2d04-73fb-48c4-8786-fb56257d6a3e","trash","recyclable","Plastic paper packaging","home",33.85,-118.21
"2014-05-09 10:24:04","eating/cooking",1,1,2,"2d3a8608-7ba2-4459-9708-9e06364e2c31","trash","landfill","Lunchables container","school",33.97,-118.42
"2014-05-14 11:31:11","eating/cooking",0,2,0,"6467962d-33de-401e-8ae8-7e10789cfc5f","trash","landfill","Cheetos","school",33.97,-118.4
"2014-05-08 12:12:33","school work",0,1,1,"a2d8e82c-7607-4fcf-a4c7-c8f0c8d31849","recyclable","recyclable","Strip of paper","school",33.97,-118.42
"2014-05-11 21:29:05","drinking",0,0,1,"ca890f24-c9db-4aec-871d-d4f1c23d327b","trash","landfill","Used coffee creamer","home",33.86,-118.3
"2014-05-19 08:36:57","school work",2,2,2,"4509a7df-283d-4e21-ac7a-b7b3f435d70c","recyclable","recyclable","Paper","school",34.2,-118.59
"2014-05-19 09:39:44","drinking",1,1,1,"22db3379-95a3-4022-9df3-441b3c16f5c8","recyclable","recyclable","Plastic juice pouch","stores/malls",33.97,-118.42
"2014-04-30 12:36:34","school work",1,0,3,"057155c7-0570-4e79-86cc-d2fb6a0047ff","trash","recyclable","Paper with words printed on it that's crinkled","school",33.83,-118.27
"2014-05-23 07:25:23","cleaning",1,1,2,"800669d2-71ba-41c7-9668-840155be53a3","trash","landfill","napkins","home",33.98,-118.38
"2014-05-23 08:08:52","I found it",0,0,2,"cef6a598-7a35-4535-962f-b225660602e8","trash","landfill","Bubble Gum Wrapper","school",33.96,-118.42
"2014-05-15 13:14:29","eating/cooking",0,1,4,"efaeaa8c-4e0a-47d3-8277-5e414f4a1e3c","trash","landfill","Gum wrapper","school",34.2,-118.59
"2014-05-01 18:38:36","eating/cooking",0,2,1,"50963d53-b63a-4bae-8fb6-f9f39e9dc74b","trash","landfill","container. receipt. napkin. chopsticks. wrapper.","restaurants",34.2,-118.59
"2014-05-14 11:00:10","drinking",0,1,2,"4de8ef39-6982-401a-96a9-e56a91ab7663","trash","recyclable","A can soda","school",33.96,-118.43
"2014-05-19 10:55:55","school work",0,1,3,"42b69c52-54ec-4ff1-8fb1-cc91c7ee95cb","trash","compost","candy wrapper 
scratch paper","school",34.1,-118.3
"2014-05-11 02:17:52","eating/cooking",0,0,1,"9cf2b5e4-3014-4a04-993f-5b481168dfa9","trash","landfill","Plastic/packaging","home",34.2,-118.6
"2014-05-08 18:26:41","drinking",1,1,3,"68caa769-14d1-447a-bbe8-3f6824e018d9","recyclable","recyclable","Water bottle","home",33.97,-118.36
"2014-05-01 21:45:28","school work",0,1,4,"8608ba82-d513-4365-b74e-be2995999e10","trash","recyclable","Scrap piece of white paper","home",33.84,-118.24
"2014-05-05 13:19:34","eating/cooking",0,2,1,"4f43275d-564d-4766-ab8d-3f30c65d32a8","trash","landfill","Packaging","school",34.21,-118.59
"2014-05-03 18:07:15","other",0,0,1,"932e5988-19e5-45a4-8863-a4d8833a0cf2","trash","landfill","2 paper envelopes.","home",34.17,-118.41
"2014-05-05 10:00:15","eating/cooking",0,0,4,"01819121-e7c2-4fd4-89e4-dd24bc753999","trash","landfill","Plastic Zip-Loc bag","school",34.21,-118.58
"2014-05-08 19:50:21","eating/cooking",1,1,1,"7e8f44d8-9cc5-4ff0-a033-55818815c9c9","compost/green waste","compost","a banana peel","home",33.83,-118.29
"2014-05-07 12:28:59","eating/cooking",0,1,2,"74346b45-3df8-479e-9dfe-0204d83d7592","trash","landfill","gum & candy wrappers","school",33.83,-118.26
"2014-05-21 11:58:30","eating/cooking",1,1,1,"045df0cd-c77a-4677-bf3e-d47e77107f84","recyclable","recyclable","Snicker","school",34.1,-118.31
"2014-05-15 06:18:48","shopping",0,1,1,"d2b8e862-b55a-4fde-92e2-df034a557ce8","trash","landfill","from clothes from the mail","in transit",34,-118.33
"2014-05-08 16:17:04","eating/cooking",0,0,7,"1927407d-0a03-415d-83a6-97091f5fe0b1","trash","recyclable","Paper bag","school",34.16,-118.42
"2014-05-11 08:58:38","eating/cooking",0,1,2,"f57a9a20-41ae-477d-8f1e-80c98c31bd43","trash","landfill","Gum wrapper","home",34.2,-118.6
"2014-05-16 08:41:17","eating/cooking",0,2,3,"c054e284-7b80-4546-8a3b-3ff2e27edd64","trash","recyclable","The great and best m&m's in the world in my opinion.","school",34.1,-118.3
"2014-05-10 21:57:06","eating/cooking",0,0,1,"d57e5377-d48b-4a55-95c2-5640a72f182a","trash","recyclable","Paper","home",34.58,-118.06
"2014-05-07 09:27:54","eating/cooking",0,2,1,"53c06356-8265-40bb-bc21-805bd3e33e9a","recyclable","recyclable","foil","school",33.97,-118.43
"2014-05-03 13:42:06","eating/cooking",0,0,4,"433ffc91-0c5f-4cc1-a6a7-6cffbe8ec5b1","trash","landfill","Paper napkin","home",34.27,-118.66
"2014-05-09 08:23:42","school work",0,1,2,"1e3e0e04-a956-4211-9009-9be482519872","recyclable","recyclable","Crumbled paper","school",34.2,-118.6
"2014-05-08 09:23:10","I found it",0,2,2,"6106a70c-92c4-489e-a24d-c636103088b6","trash","landfill","Tape and paper","school",33.99,-118.28
"2014-05-01 19:13:32","eating/cooking",0,2,2,"9ff947b6-2088-4fc4-81a4-fdf470183335","trash","landfill","food wrapper","work",34.2,-118.6
"2014-05-21 10:34:36","other",0,1,2,"3e50de15-ca90-4f38-8a14-fba7c9eb14e3","trash","landfill","koolaid jammer alumifoil and fruit snack wrapper","school",33.96,-118.43
"2014-05-28 10:49:10","eating/cooking",0,1,1,"216c0b7d-ab3e-44a0-9220-9e9477b0de41","trash","landfill","trashcan","school",34.1,-118.31
"2014-05-19 15:59:23","drinking",0,1,0,"4bcb5848-0578-4a8a-84f3-c912c204717c","recyclable","recyclable","19 May, 2014
Can of sprite","restaurants",34.19,-118.64
"2014-05-13 08:51:28","I found it",0,0,2,"b6305597-f15e-40b9-8c41-60548ab2ce80","trash","landfill","Landfill; Bag of Chips","school",33.97,-118.41
"2014-05-18 15:29:31","drinking",0,0,0,"0568fb50-5a6e-4d37-91be-37b47d67db9b","recyclable","recyclable","empry water bottle","home",34.26,-118.58
"2014-05-14 11:36:57","other",0,1,0,"a0d961e3-f5f4-4e45-8223-a0be0e5863ee","recyclable","recyclable","A bag on the floor","school",34.27,-118.28
"2014-05-22 07:12:54","drinking",0,1,1,"819610bd-80be-4bd6-9a8a-c0c604f52d10","recyclable","recyclable","Bottle","home",33.98,-118.35
"2014-05-08 07:29:07","eating/cooking",0,0,1,"1aa4de27-1171-42b6-87b8-726e9fa9fb75","trash","recyclable","Paper","stores/malls",34.19,-118.59
"2014-05-08 10:42:22","cleaning",0,0,1,"7a78c32f-733d-40c3-94b3-5125fdf9c5a9","trash","landfill","Tissue","school",34.07,-118.26
"2014-05-14 18:35:36","eating/cooking",0,1,1,"fb6f95a9-4fad-4e2d-b75b-5829c87bf430","trash","landfill","donut paper or whatever is called","home",33.98,-118.37
"2014-05-15 09:37:26","eating/cooking",1,1,1,"6d6c9d96-7370-437a-83f2-10691c3f9dd9","recyclable","recyclable","","stores/malls",33.96,-118.41
"2014-05-15 09:25:17","I found it",0,1,1,"4e5867ef-a41a-489a-82a7-83ce69f5b706","litter","recyclable","Piece of paper","school",33.97,-118.42
"2014-05-21 13:37:40","drinking",0,1,4,"c1ea47b6-48e5-4f64-82a7-c26460da743e","recyclable","recyclable","Plastic","school",34.26,-118.58
"2014-05-09 10:26:22","eating/cooking",1,1,2,"16babf05-cb77-426e-931e-5c71cbeccd4b","litter","landfill","More fruit snacks","school",33.97,-118.43
"2014-05-04 11:08:10","eating/cooking",0,0,1,"8ea4ce68-f930-4f94-98a3-bda829887b08","trash","landfill","Candy warper","others",34.23,-118.45
"2014-05-16 15:39:23","eating/cooking",0,0,0,"4896303b-c0a3-4bd9-872f-399af6f59c93","trash","landfill","Good rapper","others",33.97,-118.41
"2014-05-03 14:29:13","drinking",0,1,1,"d98d777d-f466-48c6-822d-a7dc2a05e432","recyclable","recyclable","bottle","home",34.2,-118.59
"2014-05-07 19:11:37","eating/cooking",0,1,1,"bd87218e-64a1-4131-8da0-52319c766464","trash","landfill","Wrapper","home",33.84,-118.21
"2014-05-19 09:30:51","eating/cooking",1,1,1,"fca77b1e-b8e3-48a9-b167-d61505b42a7e","recyclable","recyclable","Doritos Chip Bag","stores/malls",33.97,-118.42
"2014-05-04 10:17:50","eating/cooking",0,1,1,"19a7d453-d9a5-46a0-9cd6-86a3b3fe0c1e","trash","landfill","Cupcake wrapper","home",33.84,-118.25
"2014-05-14 10:28:59","eating/cooking",0,1,2,"5a9d36f9-29a0-48d2-a8da-552c3c34db14","trash","recyclable","sandwich box","school",33.97,-118.42
"2014-05-14 20:41:53","cleaning",0,0,1,"cea3ab1f-aaa6-44fe-8ed4-b7e414325c16","trash","landfill","Soap bar","home",33.97,-118.35
"2014-05-07 17:00:36","cleaning",0,1,1,"ab38a2fa-ebd5-491b-9527-5d12eb032d86","trash","recyclable","Paper","home",33.83,-118.3
"2014-05-04 14:43:02","eating/cooking",0,0,1,"b441c8e9-2764-49ad-8cc9-0434d5a056f2","trash","landfill","Stick lop pop and a warper","home",34.24,-118.44
"2014-05-03 09:14:29","eating/cooking",0,0,1,"67c994c7-82e3-4a06-9748-19def1b61c6c","trash","compost","fruit snack","school",34.03,-118.28
"2014-05-02 12:04:51","drinking",0,1,1,"2701f429-02ea-4a66-8d41-c2d6f9381292","recyclable","recyclable","Purified Drinking Water Bottle 500 mL","school",33.97,-118.42
"2014-05-05 13:18:50","eating/cooking",0,2,1,"43749bd7-6355-4dcf-822c-66c31c1f39d1","trash","recyclable","Packaging","school",34.21,-118.6
"2014-05-21 19:42:31","eating/cooking",0,1,1,"5ff5e90f-1559-4014-93f0-905f75540e24","recyclable","recyclable","Sauce container","restaurants",33.98,-118.38
"2014-05-10 12:55:53","eating/cooking",0,0,1,"672956e8-03ee-43b7-817b-198a53949773","trash","landfill","fiber one brownie wrapper","home",33.84,-118.24
"2014-05-16 09:37:09","I found it",0,1,2,"d562668e-67ad-4fd4-8fcf-9d0467d30197","trash","recyclable","plain white paper that I dont need anymore","school",34.11,-118.31
"2014-05-14 17:13:06","eating/cooking",0,0,1,"cb6f2816-8797-4cdb-8996-3db0ae428f6c","trash","landfill","Candy wrapper","home",34.26,-118.31
"2014-05-28 08:12:05","drinking",1,1,1,"632e49bf-7fb0-4e7f-ab7b-81ff303c9dfb","recyclable","recyclable","water bottle","home",34.11,-118.31
"2014-05-10 21:58:19","other",0,0,1,"f5d7afc7-af03-4c29-9902-af31ac1f91b6","trash","recyclable","Plastic","school",34.58,-118.07
"2014-05-16 13:29:10","school work",0,0,1,"8a0ad19d-6d82-4fd4-8316-4cfd2c05de8f","trash","landfill","Paper","school",34.21,-118.6
"2014-05-15 13:56:22","drinking",0,1,1,"bd5d50c1-2b68-466f-832c-8aea259c92ff","recyclable","recyclable","Bottle","school",33.97,-118.42
"2014-05-02 18:05:21","eating/cooking",0,0,1,"a9f90d28-ec24-4e57-824f-2f83ad61115e","trash","landfill","Bag of hot cheetos","school",33.97,-118.43
"2014-05-16 16:30:14","other",1,1,1,"16227889-92f4-433c-9b8c-37351584f6c2","trash","landfill","Paper bag","home",34.23,-118.61
"2014-05-03 15:42:13","eating/cooking",0,0,1,"f9997a64-01fc-4d41-998c-b0f50449fc5b","trash","landfill","Styrafoam cup","home",33.98,-118.39
"2014-05-19 07:13:26","eating/cooking",0,1,1,"37bab5a8-0eea-4788-a129-a675acdfdb0f","trash","landfill","Styrofoam cup of noodle","home",34.22,-118.6
"2014-05-07 13:32:52","eating/cooking",0,2,1,"22cf5279-d40a-4852-8017-ef7ca2964c35","trash","landfill","Plastic packaging","school",34.19,-118.59
"2014-05-10 12:15:49","cleaning",1,1,1,"ce9d86e1-f354-451a-8876-69a879794097","recyclable","recyclable","Paper towel","home",34.25,-118.63
"2014-05-29 12:55:35","drinking",0,1,3,"e7d5e71d-c823-457f-bcf2-0510698d8edb","recyclable","recyclable","water","school",34.27,-118.58
"2014-05-27 17:21:49","I found it",0,1,2,"3cdff165-1302-4e44-8abc-f8d734717fc7","recyclable","recyclable","Plastic Tray","home",34.06,-118.28
"2014-05-12 18:06:56","drinking",0,0,2,"90f6669c-362b-46bd-86fc-d3e89435cd98","litter","recyclable","Can","work",34.18,-118.38
"2014-05-26 13:07:17","eating/cooking",1,1,1,"d9aa4751-3fe1-4a0c-8d78-f5b96a0ff6c1","trash","landfill","Candy wrapper","home",34.03,-118.3
"2014-05-09 16:43:41","eating/cooking",0,0,2,"715ae067-357d-4147-bda7-40cfdf1cc85e","trash","landfill","Paper napkin","restaurants",34.21,-118.6
"2014-05-15 16:14:14","drinking",0,1,1,"f1960cec-2eee-4ae0-b2b9-b793afdc0623","recyclable","recyclable","plastic bottle","home",34.21,-118.6
"2014-05-26 00:35:14","eating/cooking",0,0,2,"fec4df8c-b5b0-47a7-9765-6123adf59098","trash","landfill","Can of Sausages","home",34.08,-118.29
"2014-05-22 12:38:48","drinking",0,0,1,"22f93597-3a30-4fef-896c-39e2f4a2f627","trash","landfill","Milk Carton","school",33.96,-118.43
"2014-05-15 13:46:33","drinking",0,1,1,"0409db25-903c-45dd-847c-eaab9893ba67","recyclable","recyclable","2 bottles of juice","school",33.96,-118.42
"2014-05-12 07:21:50","drinking",5,6,6,"56a89e64-74b8-4175-83a7-f911eb02efe0","recyclable","recyclable","Orange juice container","home",34.07,-118.26
"2014-05-21 10:22:26","eating/cooking",0,0,2,"907582b9-76a1-4576-84e5-e029be4701b0","trash","landfill","Chips","school",34.27,-118.28
"2014-05-15 08:25:52","eating/cooking",0,1,5,"1bd70a5c-b770-47ef-bb72-6f5dcf2dc695","trash","landfill","A lot of trash under ramp","school",33.81,-118.3
"2014-05-12 12:07:31","school work",0,1,1,"1ab92019-53d5-4b9b-8bce-8ceda2ea48a1","recyclable","recyclable","Paper","school",33.96,-118.43
"2014-05-06 18:03:18","eating/cooking",0,0,1,"436a912a-5248-45c6-b8ca-5a6349da49d8","trash","landfill","crumpled up table napkin","home",33.83,-118.24
"2014-05-19 23:14:28","eating/cooking",0,0,1,"be2876b9-8e5c-48e8-af9e-386cc0633657","trash","landfill","popsicle","home",34,-118.34
"2014-05-23 21:18:57","drinking",0,0,1,"e49e0fdb-d843-491e-be2d-3210b95871bd","trash","recyclable","Starbucks drink","restaurants",34.22,-118.6
"2014-05-06 12:18:00","eating/cooking",0,0,0,"784cc9cb-cb2c-4a3b-8977-6fe0e9b49af2","trash","recyclable","Wrapper","school",33.82,-118.26
"2014-05-08 18:56:57","eating/cooking",0,0,1,"c42d0760-fb4e-4069-8f53-51da4917b013","trash","recyclable","It's a mcdonalds cup, a Starbucks cup, a regular red cup and a box for playing cards","home",33.92,-118.33
"2014-05-08 10:45:02","I found it",0,0,1,"ceb7ad21-3c99-46b3-8aa2-8ec99fdadcf6","recyclable","recyclable","Plate","school",34.08,-118.26
"2014-05-23 10:52:11","eating/cooking",0,2,2,"81f05810-6909-4c3c-abf0-e4c1894863c3","trash","landfill","Chip bag","school",33.97,-118.42
"2014-05-23 10:26:46","eating/cooking",0,1,1,"51e76a7c-c062-457b-87a8-16a9de117e1a","trash","landfill","fruit snack","school",33.96,-118.42
"2014-05-08 12:54:34","eating/cooking",1,0,4,"193c5211-5cd7-4143-8206-f0831bbb5ac3","compost/green waste","compost","Apple core","home",33.96,-118.41
"2014-05-02 09:12:25","school work",0,1,3,"f721cfa3-7621-4044-a558-e93a9ac822e4","trash","recyclable","Recyclable","school",33.96,-118.43
"2014-05-03 11:24:16","drinking",0,0,1,"ae4aae90-7ad9-483c-b961-9ad39a3f72a3","trash","recyclable","Wrapper","home",34.19,-118.61
"2014-05-20 13:00:23","drinking",0,1,2,"1c4544be-e0ee-4ada-82b8-6b1e4f59b7d1","trash","landfill","Bottle","school",34.26,-118.58
"2014-05-11 22:01:27","eating/cooking",0,1,2,"5f310542-1b42-4808-917f-58a06ef4da76","trash","landfill","Plastic bag
Toco wrapper 
Food","home",34.21,-118.59
"2014-05-02 12:11:20","school work",0,1,2,"178f59c4-5e8b-4dcc-a319-65a1a6291442","recyclable","recyclable","a piece of paper 
thrown in the recycling bin","school",33.95,-118.42
"2014-05-22 11:43:33","drinking",1,1,1,"353a93fc-6d56-44ad-8622-5b860a3408dd","trash","recyclable","Drank","school",33.96,-118.42
"2014-05-10 12:00:23","I found it",1,1,1,"76b78e26-4b06-4a08-bb7d-c56b460e7faf","trash","landfill","tissues","home",34,-118.33
"2014-05-27 10:20:14","eating/cooking",0,2,1,"774a3ed0-e89d-4a20-a8cd-fc2ac8a26449","trash","landfill","Hot chips","school",33.96,-118.42
"2014-05-12 10:56:56","eating/cooking",0,1,2,"cbb2d131-e870-494f-8125-10da22a7b373","trash","landfill","A bag of hot funyuns","school",33.97,-118.41
"2014-05-21 10:34:31","school work",1,1,3,"e9e69dde-6bc0-4b48-87c0-6e4b832b8b22","trash","compost","Pencil shreds","school",34.1,-118.31
"2014-05-05 09:42:31","eating/cooking",0,2,1,"adf01221-664c-41cb-a95a-d36084d897cf","trash","recyclable","Plastic straw","school",34.2,-118.59
"2014-05-11 19:04:57","drinking",0,0,1,"6559fc46-0a84-4741-8bd1-ddfb26840a71","trash","recyclable","Plast/paper","home",34.2,-118.6
"2014-05-09 12:38:14","eating/cooking",0,0,4,"9ce2dc1b-d626-48cc-84c6-a1a8d58e258b","litter","landfill","Granola bar","school",33.97,-118.43
"2014-05-01 12:23:41","school work",0,1,2,"3fc018ad-0307-4abe-82e3-4b123ec18166","recyclable","recyclable","Piece of paper","school",34.19,-118.59
"2014-05-09 09:36:45","eating/cooking",0,2,2,"e2e3bad5-2b24-4e74-86d0-27017f5a1bb1","trash","landfill","","school",34.21,-118.59
"2014-05-03 15:07:40","eating/cooking",0,0,1,"487b8a1e-9786-41e0-8efc-f8d7095f94d7","trash","landfill","Paper ramen cover","home",33.98,-118.38
"2014-05-14 10:57:31","eating/cooking",0,1,3,"164dd974-fe5f-4d06-832a-a489cbd4edbf","trash","landfill","Chips bag","school",34.27,-118.29
"2014-05-18 11:15:06","cleaning",0,1,1,"4737d36e-132a-497d-b2c0-ee5dc966d665","compost/green waste","compost","rotten banana","home",34.01,-118.33
"2014-05-08 11:33:55","school work",0,0,1,"98f4bae5-5171-4f2b-83da-202e16a2f8a2","recyclable","recyclable","Unused food ticket for Carson High","school",33.83,-118.27
"2014-05-05 13:03:32","eating/cooking",0,2,2,"1e3b7332-a1c7-4656-9f04-ed7676f3688c","trash","landfill","Plastic wrapping","work",34.21,-118.6
"2014-05-14 12:48:43","eating/cooking",0,0,1,"24741505-4f9e-449f-9687-e2ec15a87b5a","trash","landfill","plastic chips bag","school",34.2,-118.6
"2014-05-09 10:25:37","eating/cooking",1,1,2,"20f33276-d4e0-4c8d-8206-2041bd7f6c78","trash","landfill","Yogurt","school",33.97,-118.42
"2014-05-05 15:00:24","eating/cooking",0,1,6,"9918bb3d-89b8-4c77-9703-9863ceefa4fc","trash","recyclable","white paper bag thing","others",33.84,-118.27
"2014-05-23 09:21:06","drinking",0,1,0,"600b0f7a-5829-45f6-8a44-59aab198b334","recyclable","recyclable","Starbucks Cup","school",34.1,-118.31
"2014-05-22 16:33:47","eating/cooking",0,0,0,"1e34cc6f-1cda-4a9b-948b-0010cfa1476e","trash","landfill","Styrofoam cup","home",34.21,-118.59
"2014-05-19 08:48:31","eating/cooking",1,1,1,"f06023b4-046f-4628-9e64-dad6216e546e","trash","compost","Candy","school",33.96,-118.41
"2014-05-05 07:37:26","I found it",0,0,0,"50c5a8a1-cac9-438b-a1ed-f8396670f7d2","trash","landfill","nasty shoe","in transit",34.02,-118.24
"2014-05-08 11:06:27","eating/cooking",0,1,2,"ae0b25d1-fe67-4acd-ac7b-730807dde8b0","recyclable","recyclable","plastic Ziploc bag","school",33.97,-118.43
"2014-05-22 08:59:25","school work",0,2,1,"29443028-4d8c-414e-88ca-e41aae4c3d78","trash","recyclable","Peice of paper","school",34.11,-118.3
"2014-05-16 17:16:55","eating/cooking",0,3,4,"bef3ed28-5fbf-4a0f-8835-2333d99fcc43","trash","landfill","Chip bag","home",33.89,-118.2
"2014-05-18 15:59:50","cleaning",0,0,1,"31b7ac11-802a-444b-abf3-bb2d395eae27","trash","recyclable","Ad","in transit",33.98,-118.3
"2014-05-13 09:58:20","eating/cooking",0,1,1,"70e90784-da52-4d13-8bb6-929f44f7aaad","recyclable","recyclable","This is a plastic pop tart wrapper","school",33.97,-118.42
"2014-05-02 21:11:37","eating/cooking",1,1,1,"154b89a6-9b3a-433d-8d8a-db854c0911ed","recyclable","recyclable","It's the box of cup noodles","home",33.79,-118.26
"2014-05-14 11:32:03","eating/cooking",0,0,2,"afd193a1-e552-4822-8c1a-1115d40fdde4","trash","landfill","Cheetos","school",33.97,-118.42
"2014-05-19 13:54:31","eating/cooking",0,1,1,"e6ac1293-538d-4174-8a98-7fa363999764","trash","landfill","plastic","school",33.97,-118.42
"2014-05-13 15:11:16","cleaning",0,0,1,"2ac71c5b-07dd-437d-a01f-4a833fa9aef1","trash","recyclable","plastic bag","home",34.22,-118.59
"2014-05-06 12:12:09","eating/cooking",0,0,1,"f566cac7-b513-4c46-9054-31730a40f41e","trash","landfill","plastic bag","school",34.2,-118.6
"2014-05-12 19:17:06","school work",0,2,0,"86342dae-10bb-446f-8682-4b97ee8e2b49","recyclable","recyclable","Paper","home",33.81,-118.26
"2014-05-15 21:58:43","eating/cooking",0,0,1,"9fd019d7-0b98-4621-9421-d23bb52dd13b","trash","recyclable","Fry box","home",33.91,-118.34
"2014-05-01 16:29:44","eating/cooking",1,2,3,"11a4206f-01ea-4530-8f1c-65711a819f5f","recyclable","recyclable","a plastic strawberry container","home",34.06,-118.23
"2014-05-13 19:22:51","eating/cooking",0,0,1,"227e0cb2-0444-49db-80e3-36d523c72ddf","trash","landfill","Snacks","home",33.96,-118.35
"2014-05-15 13:58:40","school work",0,1,2,"67a504e2-5e13-49c3-b62d-569d1233eb04","trash","recyclable","Paper","school",33.97,-118.42
"2014-05-16 14:48:44","eating/cooking",0,1,2,"5d5655d0-d3bd-4e1e-8230-9745411b9534","trash","landfill","Empty bag","school",34.1,-118.31
"2014-05-22 17:01:08","eating/cooking",0,0,1,"f29cf96b-c6d3-4c89-92bb-2fca87a0c172","trash","landfill","Lots of In-N-Out trash","in transit",34.02,-118.33
"2014-05-08 15:00:43","eating/cooking",0,2,3,"b3778030-a7e0-4c57-8cd1-84332c9cdb7d","trash","landfill","Starburst wrapper","school",33.82,-118.27
"2014-05-10 19:05:23","cleaning",0,1,1,"d40073da-63c5-4ce3-99c8-34c262a3ce47","trash","landfill","crumpled paper,  string,  toilet paper roll","home",34.01,-118.34
"2014-05-16 11:29:44","cleaning",0,1,1,"8a3f4e62-5be1-42aa-9245-61fb2f210acd","trash","landfill","piece of paper","school",33.96,-118.43
"2014-05-17 16:47:09","eating/cooking",0,0,1,"7cf17615-e052-4e4d-8d6b-1e8d1a4c1204","trash","landfill","Bag","home",33.97,-118.36
"2014-05-18 02:24:08","eating/cooking",0,0,1,"02a0d17e-af36-4c81-b77f-62e06f72b8ee","trash","landfill","Plastic / aluminum","home",34.2,-118.6
"2014-05-07 15:37:22","cleaning",0,1,3,"5291a47f-956e-4130-89a4-a1a75f69866f","trash","landfill","Napkin","home",33.84,-118.23
"2014-05-21 09:36:06","school work",0,1,2,"23f933f7-4947-48f6-84b6-55dd57251ab2","trash","recyclable","Paper ball","school",33.97,-118.42
"2014-05-12 22:56:51","drinking",0,0,1,"3a72308d-663e-4c0c-840c-c2f5ee14d400","recyclable","recyclable","A Smoothie Bottle","home",33.92,-118.34
"2014-05-15 11:07:51","drinking",0,1,3,"04a4be84-a487-4219-8289-d61e3631100f","recyclable","recyclable","Water bottle","school",33.97,-118.42
"2014-05-05 15:56:48","drinking",0,1,1,"217ee87f-6f72-4c53-8f50-82d15cd63cb3","trash","recyclable","Beer Can","home",34.05,-118.27
"2014-05-21 07:28:31","eating/cooking",1,1,1,"b3259a4c-793d-469d-a902-61b6e03f570b","trash","recyclable","theres alot in one place","others",34.19,-118.35
"2014-05-22 11:24:35","eating/cooking",0,1,1,"afc1c2ff-fb2c-4679-8532-73f714f4a4a8","recyclable","recyclable","Hot fries wrapper","school",33.97,-118.41
"2014-05-20 10:45:54","eating/cooking",0,1,2,"bba1aa11-35c3-4711-9b0d-385fd558436e","trash","landfill","Ziplock bag","school",33.96,-118.42
"2014-05-11 09:29:58","eating/cooking",0,1,3,"03cdbea5-361f-4c00-8558-e015fb5c675f","trash","landfill","Candy bar wrapper","home",33.96,-118.36
"2014-05-03 11:20:35","other",0,0,6,"60542bbc-0766-4e67-910b-a919f250e87f","trash","recyclable","paper & plastic","work",33.97,-118.33
"2014-05-01 13:16:10","eating/cooking",0,0,2,"e9b62c47-b10a-4cc9-a357-809752524bb8","trash","compost","fruit core","school",34.21,-118.6
"2014-05-28 08:40:40","school work",0,2,3,"ce710d88-cf5c-4b9c-8db0-f327df930543","trash","landfill","Pen","school",33.97,-118.42
"2014-05-15 10:17:25","drinking",0,0,1,"cdab054c-dad5-45f4-ad75-0f4b55651351","trash","landfill","kool-aid","school",33.97,-118.43
"2014-05-25 16:13:19","drinking",0,1,3,"9998bdc9-f1a9-4f87-98ad-a4ef4851a44f","recyclable","recyclable","Starbucks cup","restaurants",34.21,-118.6
"2014-05-09 12:20:35","drinking",1,1,1,"2d0b6442-6320-4f27-84a4-76d1895d8856","recyclable","recyclable","Pink lemonadee","school",33.96,-118.42
"2014-05-19 09:08:06","school work",0,1,2,"9f1eecbb-cccf-42dd-9497-4c79ac7b91c5","trash","landfill","Pen","school",33.96,-118.41
"2014-05-02 11:12:12","eating/cooking",0,0,1,"739d9dab-6c0c-4112-85de-62a1896c5e33","trash","landfill","Packaging","school",34.2,-118.6
"2014-05-22 12:43:46","drinking",0,0,2,"09c77606-e462-4d2e-89a0-d7026643735e","trash","recyclable","Drink can","school",33.96,-118.42
"2014-05-09 11:12:46","eating/cooking",1,1,2,"0503268c-fe75-4c4f-83ce-c18d6223acde","trash","recyclable","Gelatin container","home",33.97,-118.41
"2014-05-22 10:03:13","shopping",0,1,1,"0b5e0116-714b-4669-a750-dc95c933d960","recyclable","recyclable","this is a bottle of poweRade","school",34.1,-118.32
"2014-05-07 09:53:00","eating/cooking",0,2,2,"86966a24-9aa2-4f8a-ae57-a6cca1c44aea","recyclable","landfill","Cake pop stick","school",33.83,-118.26
"2014-05-15 21:08:43","eating/cooking",0,0,3,"184ad373-7dec-4116-8089-51de24d02206","trash","landfill","chipss , hot funyuns","home",34.27,-118.3
"2014-05-21 12:55:40","eating/cooking",0,1,2,"4d2e662a-2884-46b4-9799-a54e726c265c","trash","landfill","plastic bag","home",33.96,-118.41
"2014-05-19 08:39:04","eating/cooking",0,1,2,"6ee3c858-169a-43dc-806b-4d2716ab019a","trash","landfill","Gummy bears weapper","school",33.99,-118.42
"2014-05-19 09:41:39","eating/cooking",0,1,1,"043e108d-7dca-4db5-a2cd-094e0df8cfcc","trash","landfill","hot cheetos bag","school",33.97,-118.41
"2014-05-16 11:24:41","drinking",0,1,1,"5365d8cc-c327-40a7-b3f4-ce8731666f50","recyclable","recyclable","my Gatorade","school",33.97,-118.42
"2014-05-12 22:53:20","eating/cooking",0,0,1,"184f2a7a-6112-4148-8a2a-acd24cd6e991","trash","recyclable","Burger King Bag","home",33.92,-118.34
"2014-05-13 11:04:12","school work",0,0,4,"1c5b568b-a3e6-4dc1-aad5-9cee1929b56a","recyclable","recyclable","Cut paper","school",33.96,-118.42
"2014-05-14 10:55:35","school work",0,1,3,"32faaf74-7e8f-4938-8af7-0383e1eaae4d","recyclable","recyclable","Crumpled, used","school",34.28,-118.29
"2014-05-22 08:57:12","school work",0,1,1,"181129e9-19a5-4a6b-88c0-8acf970a2dc0","recyclable","recyclable","It's paper scraping","school",33.97,-118.42
"2014-05-08 16:20:47","eating/cooking",1,1,1,"982b5bf8-037f-4840-b0bd-ca9957fc5750","compost/green waste","compost","a banana peel","home",33.84,-118.3
"2014-05-04 11:06:28","other",0,0,1,"828b56a6-63d0-476a-a9b5-8d07a0427de3","trash","landfill","Gun warper","home",34.22,-118.44
"2014-05-13 15:21:34","drinking",0,0,1,"3d34217b-7d00-4274-8a42-347af317214d","trash","recyclable","Bottles","others",33.95,-118.35
"2014-05-23 15:08:40","drinking",0,0,1,"4c41ae47-2d7a-4040-b7d3-14bae8be2bd4","litter","recyclable","trasb","school",33.97,-118.43
"2014-05-02 14:54:22","drinking",0,0,1,"11b1770d-e09b-4071-9455-480bc803e603","trash","recyclable","Coke Bottle","school",33.96,-118.42
"2014-05-09 16:27:07","eating/cooking",0,0,2,"ae07b41a-e298-4985-9b50-a4616d3b0398","trash","recyclable","Paper recite","restaurants",34.2,-118.59
"2014-05-20 09:22:16","school work",0,0,2,"fa0796ed-a970-4ab8-9922-a1baf75c341e","trash","recyclable","Paper","school",33.96,-118.42
"2014-05-21 16:01:09","eating/cooking",0,0,0,"562e70b8-0f78-423e-b84c-be788bbbbbf0","trash","recyclable","napkin","in transit",33.96,-118.39
"2014-05-08 19:40:11","I found it",0,2,5,"2e6eae54-3b9a-4984-9a61-5ac64f0ef055","trash","recyclable","Paper","others",34.2,-118.5
"2014-05-13 14:29:10","eating/cooking",0,0,1,"e781d91d-405a-49e0-8a6b-d9ce1c9a9099","trash","landfill","PAper","stores/malls",34.2,-118.59
"2014-05-03 19:09:59","eating/cooking",0,0,1,"acd8e285-0590-4287-adea-a2fdd1fd1ebc","trash","landfill","Cupcake wrapper","home",33.83,-118.25
"2014-05-14 16:20:05","eating/cooking",1,1,1,"ef5fed21-2eb1-4068-81a0-76e00b93bbe2","trash","landfill","Plastic bag","home",34.26,-118.29
"2014-05-08 09:51:44","school work",0,1,1,"17855245-a064-44e9-a53c-4f924a0f7c95","recyclable","recyclable","plastic tray","school",34.08,-118.25
"2014-05-10 12:38:14","eating/cooking",1,1,1,"41b30296-b54e-4a76-a797-23a065cd2cd7","trash","landfill","wrapper for Jack in the box breakfast","restaurants",34,-118.34
"2014-04-30 16:54:42","cleaning",0,0,1,"6d4cfc1d-284b-4eee-a850-b732f434e7c5","trash","landfill","Napkin","home",33.84,-118.23
"2014-05-23 09:51:26","eating/cooking",0,1,1,"8f1dafe1-0aec-4738-a3ee-fce0a45c1b05","trash","landfill","plastic goldfish bag","school",34.2,-118.59
"2014-05-12 19:27:52","I found it",0,1,0,"8b49ac55-c580-426f-b989-8c36fe376c20","recyclable","recyclable","Recept","home",33.8,-118.26
"2014-05-19 09:40:05","drinking",0,1,1,"30dfdf42-11ce-453a-acc6-f694723f5710","recyclable","recyclable","sprite bottle","school",33.97,-118.42
"2014-05-09 18:12:14","school work",0,1,1,"20a1757d-cc64-4b46-8e2a-f8b52b7dae66","recyclable","recyclable","index cards","home",33.85,-118.26
"2014-05-22 16:58:29","eating/cooking",0,0,1,"ee74c1f5-95d4-48dd-843e-7423304c7052","trash","recyclable","Lots of In-N-Out trash","in transit",34.01,-118.33
"2014-05-20 15:11:13","cleaning",5,5,5,"2f463e71-f618-4049-8f58-a090e8e2c6ee","trash","landfill","20 May, 2014
Napkin","home",34.26,-118.57
"2014-05-04 20:23:39","eating/cooking",0,0,1,"434e79cd-ec67-4f62-8ee7-7d80ade96727","trash","landfill","cheeto bag","home",34.06,-118.24
"2014-05-14 13:07:19","drinking",0,0,1,"77fdbff7-a436-4e33-b699-ec5aec49e1ca","trash","recyclable","Plastic bottle","school",34.2,-118.6
"2014-05-27 12:10:33","drinking",0,1,0,"b58ccad6-e248-4e2f-8849-237d829dd6bf","recyclable","recyclable","cola","home",33.97,-118.41
"2014-05-08 13:27:48","eating/cooking",0,2,2,"277913cd-6404-4a4b-8d73-0657e0e03160","trash","landfill","Wrapper for granola bar","school",33.83,-118.27
"2014-05-04 19:13:42","eating/cooking",0,0,1,"7cb8d18c-a967-4570-8b76-5d646e38016d","trash","landfill","Paper wrap","home",34.07,-118.27
"2014-05-14 13:30:28","eating/cooking",0,0,2,"92ca1f8b-2c16-4591-9f86-0558f90d4375","trash","compost","orange peel","school",33.97,-118.43
"2014-05-11 10:54:05","drinking",0,1,1,"3c954969-45a6-4a05-853e-a5f1a93fab4a","trash","recyclable","Plastic cup","home",34.31,-118.86
"2014-05-16 14:29:46","I found it",0,1,2,"bfed5041-f2cb-49e0-8202-48c4156aca95","recyclable","recyclable","Old sharpener frame","school",34.1,-118.31
"2014-05-09 19:37:00","eating/cooking",0,1,2,"42bba34e-1b50-4044-a5ff-a14f9e42957b","trash","landfill","Paper napkin and gum","home",34.2,-118.59
"2014-05-11 11:47:27","eating/cooking",0,1,1,"f2da3dcc-7a95-4054-8c77-4501c791f466","trash","recyclable","paper plate","home",34.23,-118.35
"2014-05-25 16:15:20","eating/cooking",0,0,0,"f04d9649-6ceb-4504-9516-c38ba703784e","trash","landfill","Small box","restaurants",34.22,-118.58
"2014-05-22 10:36:06","drinking",0,0,0,"a323ac1d-cf11-46c2-841b-d0c076d3156c","recyclable","recyclable","Water","school",33.97,-118.43
"2014-05-08 09:52:36","school work",0,1,1,"abb02761-99d1-4d38-91f7-597ba5a7bf10","trash","landfill","marker and tray","school",34.07,-118.25
"2014-04-29 17:41:55","cleaning",0,0,1,"0265c6f8-d87e-47f9-b735-e4ef75ebefbd","trash","recyclable","Napkin","home",34.08,-118.27
"2014-05-06 17:18:43","eating/cooking",1,1,1,"ff86256e-e093-41c6-b20d-8f2300c38e88","recyclable","recyclable","White foam plate","home",33.78,-118.26
"2014-05-19 18:18:15","other",0,1,1,"ec0be516-f8cf-4ca7-8af9-f919cf80422b","trash","recyclable","Packaging","home",33.97,-118.3
"2014-05-08 11:07:13","eating/cooking",0,1,3,"a93b97d9-4d98-49de-827c-6410aaa6ec32","trash","landfill","Lemon Hot Cheetos","school",33.97,-118.42
"2014-05-19 08:45:59","eating/cooking",1,1,1,"e6e7457a-80c9-4f6d-8198-06f1c59f577c","trash","landfill","Food wrapping","school",33.96,-118.41
"2014-05-22 16:54:52","I found it",1,0,0,"d3a069b2-0e3f-47c9-82e2-081cb0969fef","compost/green waste","compost","Plastic bag and wrapper","school",33.96,-118.43
"2014-05-05 13:21:37","eating/cooking",0,2,1,"e9c63874-301b-4f63-8a9f-43f9759166d5","trash","compost","Food","school",34.21,-118.6
"2014-05-13 11:38:03","drinking",0,0,2,"84333f02-acb0-4277-a670-24d29930d630","trash","landfill","Plastic container","school",34.2,-118.6
"2014-05-08 09:51:54","eating/cooking",0,0,2,"a764b8ef-a630-423c-8383-146f35340389","trash","compost","Nuts.","school",34.07,-118.25
"2014-05-21 10:45:34","eating/cooking",0,0,2,"71b328f4-b8c3-45e6-8b77-2bf0e2d2c2ac","trash","landfill","Chip bag","school",33.96,-118.42
"2014-05-03 11:45:48","eating/cooking",0,0,1,"0808fd41-d92f-45ba-8815-0b770b4279e1","trash","landfill","Bread wrapper","home",33.83,-118.25
"2014-05-29 09:48:08","eating/cooking",0,1,1,"6fd74631-93e7-4077-aa18-08da1badf6cc","trash","recyclable","just a paper bag","school",34.1,-118.31
"2014-05-23 10:14:42","eating/cooking",0,2,2,"5ae72225-eaa9-4cab-ae91-025f62d37812","trash","landfill","Empty bag","school",34.11,-118.31
"2014-05-01 16:49:52","drinking",0,1,1,"d294c65a-3152-4f9c-bac1-4672b15a2351","recyclable","recyclable","Water bottle","home",33.84,-118.24
"2014-05-01 16:31:29","drinking",1,2,3,"4afc9ec3-d40e-4d18-9c2c-f639d3c2887d","recyclable","recyclable","Dasani water plastic bottle","home",34.06,-118.23
"2014-05-07 13:13:27","eating/cooking",0,2,2,"6a39eeeb-225c-4973-9ffe-d4e86a4da104","trash","landfill","Paper/aluminum wrapper that contained a burger","school",33.82,-118.26
"2014-05-10 19:08:51","eating/cooking",0,1,1,"48d76788-03f3-4b2a-9081-1c140b635b23","trash","landfill","skewers from beef thingies","restaurants",34,-118.34
"2014-05-22 12:55:41","eating/cooking",0,0,1,"11c33d2c-7597-490e-9868-c14523dd811c","trash","landfill","Munchies Snack Mix","school",33.96,-118.43
"2014-05-01 12:25:20","cleaning",0,2,2,"c7b52427-7c84-4255-9730-ba538db554cc","recyclable","recyclable","floor trash","school",34.2,-118.6
"2014-05-03 17:58:41","shopping",0,0,1,"9c9b0ab6-3c38-479e-8502-ded9efd4a18c","trash","landfill","Plastic bubble wrap shipping envelope.","home",34.17,-118.42
"2014-05-19 11:06:06","school work",0,1,1,"cb6b17b3-25f0-445d-a739-68fb69a2c74b","recyclable","recyclable","scrap paper","school",34.2,-118.59
"2014-05-08 09:15:56","drinking",0,0,2,"8d527a30-c20e-4a7c-8314-094e87efbb9b","trash","recyclable","Plastic bottle","school",33.99,-118.27
"2014-05-04 21:05:02","eating/cooking",0,1,1,"77c44505-4e68-4de9-a3fe-f18b9421408c","trash","recyclable","plate","home",34.23,-118.35
"2014-05-22 12:42:12","eating/cooking",0,0,2,"9f993fb2-64e9-4198-80e0-ccef958ddf46","trash","recyclable","Fruit snack wrapper","school",33.97,-118.41
"2014-05-20 07:06:29","eating/cooking",1,1,2,"243da034-23a2-40a2-a701-91cc6ab3c5a0","trash","landfill","used plastic plate","home",33.97,-118.37
"2014-05-21 07:18:40","eating/cooking",1,1,2,"ea15df73-1ff9-4a8d-8db6-0c28c787a812","trash","landfill","empty yogurt cup","home",33.97,-118.37
"2014-05-02 20:28:49","eating/cooking",0,0,0,"13ac8dc4-2dc1-4f51-a574-995a0009456a","trash","landfill","Gummy wrapper","in transit",34.6,-120.19
"2014-05-08 15:47:24","drinking",0,0,0,"ba6be346-4c60-4e85-805e-4256b07b2b6c","litter","recyclable","Plastic","in transit",34.21,-118.59
"2014-05-23 07:14:15","eating/cooking",0,1,1,"fb1300bd-582b-4890-a37d-89547da911bd","trash","landfill","Cereal box","home",33.96,-118.41
"2014-05-15 18:26:08","I found it",0,0,1,"36d3bed5-5250-4d26-8357-36d0e56d3f07","trash","landfill","Old paper towel","others",34,-118.32
"2014-05-22 21:45:52","drinking",1,1,2,"0c7c4459-e469-48e9-937a-1d97ee448704","recyclable","recyclable","empty water bottle","home",33.98,-118.37
"2014-05-09 16:13:11","other",0,0,1,"fcd95906-78eb-4c6b-8d86-75fa4945c19e","trash","recyclable","Ticket","in transit",34.07,-118.28
"2014-05-05 09:43:58","drinking",0,0,1,"48447ef8-ae93-4a6e-b1bd-5a3b7f159f99","trash","landfill","Cardboard milk carton","school",34.2,-118.59
"2014-05-07 21:01:39","drinking",0,1,3,"7a76231b-7769-4c63-830b-e0cf5e5f728c","trash","landfill","Straw wrapper","home",33.84,-118.23
"2014-05-06 17:21:39","eating/cooking",0,0,1,"3b6a166e-90a1-475f-8f0d-4b60d267295e","trash","recyclable","Paper","home",34.07,-118.27
"2014-05-03 11:25:01","drinking",0,0,1,"10db5a16-6215-4948-8b3f-8d454762c395","trash","recyclable","Packaging","home",34.2,-118.59
"2014-05-22 22:27:58","eating/cooking",0,0,1,"7274e049-28b3-4761-b57a-b7c0804f7431","trash","recyclable","Plastic Wrapper","home",34.07,-118.26
"2014-05-19 12:22:55","drinking",0,0,2,"5cd2cc6d-a6d3-4a55-bcae-b5b2741ca5f6","trash","recyclable","Foil","school",33.96,-118.42
"2014-05-17 11:57:09","drinking",0,0,7,"bc00f972-07e4-4877-8778-969583387fba","trash","recyclable","Plastic","home",33.96,-118.28
"2014-05-05 18:42:04","eating/cooking",0,0,1,"1f77b763-a5d6-46fd-9d2f-99c3b32d2fe2","trash","recyclable","Plastic packaging","in transit",33.94,-118.35
"2014-05-26 21:29:20","eating/cooking",1,1,1,"cd6a70e0-eaec-4342-8e0c-5a53c772fe1a","trash","landfill","Paper plate and spoon","home",33.98,-118.33
"2014-05-10 18:03:29","shopping",0,0,0,"cf78d273-154c-4070-9992-b573a64a8a24","litter","landfill","Plastic candy wrapper","stores/malls",34,-118.39
"2014-05-07 13:17:42","eating/cooking",0,1,4,"483a72e2-fbf2-4943-b9d8-cd7cd5177226","trash","landfill","lid of cup of noodles","school",33.83,-118.26
"2014-05-01 12:17:29","school work",0,2,1,"e78e0d19-05a4-4dc7-be23-e3da634314af","recyclable","recyclable","Paper","school",34.21,-118.6
"2014-05-06 11:01:05","eating/cooking",0,1,8,"e0f6ff63-4314-4a35-a4d8-e838b9b884f3","trash","landfill","cheez it wrapper","school",33.83,-118.26
"2014-05-08 12:40:06","eating/cooking",0,0,4,"28e87f76-b7bb-4f6a-acc6-b4d3839ddc8e","trash","landfill","Aluminum foil tapper","home",33.97,-118.42
"2014-05-03 15:51:00","eating/cooking",0,0,1,"3eb966f6-97d3-4d45-8a15-846770463127","trash","recyclable","Paper towel","home",33.97,-118.39
"2014-05-10 12:14:02","cleaning",1,1,1,"78a34a11-2786-49c3-8051-e2cf10ce262e","recyclable","recyclable","Paper towel","home",34.25,-118.64
"2014-05-11 21:27:49","drinking",0,1,1,"b45e4d7e-9423-49ce-8531-0c93df542202","recyclable","recyclable","can","home",34.06,-118.27
"2014-05-08 14:56:12","drinking",0,3,6,"043a919a-8d49-49e6-87cc-b62b4e8bb948","recyclable","recyclable","water bottle","school",33.84,-118.26
"2014-05-02 17:07:00","eating/cooking",0,0,2,"1c0b1279-9355-415d-b344-541f9764259a","trash","landfill","a paper like thing that helps clean up messes. also known as a napkin","restaurants",33.83,-118.3
"2014-05-08 11:10:26","school work",0,1,2,"c25f23c2-9809-4a0c-8bee-44cf4e8c1e2a","recyclable","recyclable","A paper ball on the classroom floor.","school",33.97,-118.42
"2014-05-13 15:12:30","shopping",0,0,1,"bb10fdac-3a32-4a70-a485-d24cec6b736e","trash","landfill","paper recipt","stores/malls",34.21,-118.59
"2014-05-30 11:07:58","school work",2,2,2,"ac79fef3-b7b3-4192-a346-7c99b8436d97","recyclable","recyclable","paperr","school",34.1,-118.31
"2014-05-08 10:09:30","eating/cooking",0,0,1,"506d4c0f-32df-4150-9f0a-c28277d3d675","trash","landfill","Another bag","school",34.07,-118.25
"2014-05-07 16:27:45","eating/cooking",0,0,1,"e90f918b-ce89-4675-be1f-28999d287bb3","trash","landfill","Plastic fork","school",34.26,-118.52
"2014-05-20 00:25:47","eating/cooking",0,0,1,"b5002b76-8c1e-4493-bdae-3a428c7ca268","trash","landfill","Wheat thins box","home",34.11,-118.12
"2014-05-19 06:54:48","other",1,2,2,"031ed91f-6198-4d7b-a9ee-654286c1dd7c","litter","recyclable","Notebook paper","home",33.99,-118.34
"2014-05-05 15:34:27","eating/cooking",1,0,2,"cfc9f8c3-3a40-49a6-a351-31d9e53b8d6a","trash","recyclable","Go-gurt plastic yogurt tube","home",33.85,-118.26
"2014-05-27 23:13:12","eating/cooking",0,1,1,"3d5d1efd-44da-49fc-aa18-a8521ba8a8de","trash","landfill","Wrapper","home",34.07,-118.27
"2014-05-19 20:54:15","other",0,0,1,"efc3a5bc-8306-4f92-8f77-0a35702fcd7a","trash","landfill","Band aid wrapper","home",33.98,-118.39
"2014-05-09 18:42:49","I found it",0,0,1,"1f47dedd-4c00-4c4f-8f6e-e329e8269ebf","recyclable","recyclable","Paper/catalogue","in transit",34.06,-118.26
"2014-05-08 22:17:33","eating/cooking",2,2,2,"eea57769-d4be-4390-8ae9-28af1b25ae1d","recyclable","recyclable","Cup noodles box","home",33.78,-118.26
"2014-05-20 10:57:52","other",0,1,2,"279edabc-8865-458a-8be5-1e1bec623ea5","trash","landfill","look aid jammer cherry and hot pocket wrapper","school",33.97,-118.42
"2014-05-10 13:30:50","eating/cooking",0,2,3,"2db1acb1-fef8-4161-96f0-79f455dbf64a","trash","landfill","Subway wrapper","others",34.27,-118.76
"2014-05-26 12:59:30","I found it",1,1,2,"0f516aaa-092d-444c-9af8-325145884e1b","recyclable","recyclable","Wood","home",34.03,-118.29
"2014-05-09 22:34:23","eating/cooking",1,1,3,"0c40bebc-ca33-44ae-8abd-8f32aba72888","trash","landfill","plate","home",33.82,-118.28
"2014-05-07 13:16:14","eating/cooking",0,0,1,"863e42dc-9f8d-4bd5-b699-97b6d838a02a","recyclable","recyclable","Paper plate and plastic wrapper","school",34.2,-118.59
"2014-05-06 12:19:19","eating/cooking",0,2,2,"180814a2-15e8-4e13-8bb5-eb2698c986a0","trash","landfill","Plastic candy wrapper","work",34.2,-118.6
"2014-05-22 08:51:11","drinking",0,1,3,"8cafb37f-fc31-49ea-9ca7-31340352d8e4","recyclable","recyclable","nesquik plastic bottle","stores/malls",34.1,-118.3
"2014-05-19 08:40:55","school work",0,1,1,"b50810c4-216f-4130-81be-42ef081c979a","recyclable","recyclable","Paper waste","school",33.97,-118.42
"2014-05-12 17:40:25","I found it",0,1,2,"7f3d7d61-63b7-4863-86f8-3ae982c3bd9a","trash","landfill","Rubber band","home",34.21,-118.57
"2014-05-02 09:11:32","cleaning",0,1,2,"772ff46a-2062-42d7-8aac-38a45d2d94c0","trash","landfill","Paper towel","school",33.96,-118.42
"2014-05-03 22:27:02","drinking",0,1,1,"2a9b3cc9-b350-4574-a089-451648fb3785","recyclable","recyclable","Juice Carton","home",34.05,-118.28
"2014-05-25 11:43:02","drinking",1,1,2,"572453c5-f646-4a3a-ad19-69f781ab7366","trash","recyclable","paper cup","home",33.98,-118.37
"2014-05-27 18:42:09","drinking",0,0,0,"4298479d-7f96-46dc-9669-7b70bc3214ac","recyclable","recyclable","Soda can","home",34.22,-118.58
"2014-04-30 13:25:03","drinking",0,2,2,"b8c72338-b83e-4607-afc7-bb7273a3ecac","recyclable","recyclable","Water bottle","school",33.83,-118.26
"2014-05-07 19:25:35","eating/cooking",2,2,2,"b5d61d24-f47f-438a-ab15-f058f9cde2e3","trash","landfill","Canned cat food","home",33.76,-118.25
"2014-05-18 02:23:07","eating/cooking",0,0,1,"36048cc1-7fd3-46b3-9498-f1e7fae0147f","trash","recyclable","Plastic","home",34.19,-118.6
"2014-05-20 09:15:08","drinking",0,2,2,"f3dc047b-a174-4b60-9850-eaed5bffe84b","recyclable","recyclable","Water Bottle","school",33.98,-118.41
"2014-05-21 16:49:08","eating/cooking",0,1,5,"87b11938-6496-40ed-bf88-70506c368882","recyclable","recyclable","chip","others",33.96,-118.38
"2014-05-22 13:51:46","drinking",0,1,2,"57c0398d-cfa2-4323-bcdc-cc769ea0df1a","recyclable","recyclable","Can","school",33.97,-118.42
"2014-05-22 10:38:42","eating/cooking",0,2,2,"66952b7c-aad2-4467-87a2-6f93ab0e8383","trash","landfill","Zip loc bag","school",33.97,-118.43
"2014-05-09 07:21:30","eating/cooking",1,1,3,"93655a50-8d8b-4198-862e-64370ac89c03","trash","landfill","Fruit snacks bag","home",33.97,-118.35
"2014-05-21 09:56:21","I found it",0,1,3,"9eec507e-1a74-474b-8eeb-f792c0f691be","trash","landfill","Paper used","school",34.11,-118.31
"2014-04-30 13:17:33","drinking",0,10,10,"15267c02-0ac7-4454-81d4-794f7fadd89e","recyclable","recyclable","It's blue and whit with words and designs","school",33.83,-118.27
"2014-05-19 17:25:01","drinking",1,1,2,"55087a4b-00a9-4cda-8d12-69cbaaf3576c","recyclable","recyclable","Side","home",34.03,-118.33
"2014-05-21 09:10:15","drinking",0,0,0,"698cb268-0920-450a-85c5-154e18555634","recyclable","recyclable","Soda can","home",34.1,-118.31
"2014-05-08 09:56:26","drinking",0,0,2,"06fb59da-b00d-4f5c-8e67-f936c1648739","trash","recyclable","Empty cup","school",34.07,-118.26
"2014-05-13 12:17:26","eating/cooking",0,2,1,"b2e224f2-23da-4fe0-87c8-596248437783","trash","landfill","Oreo cookies","school",33.95,-118.42
"2014-05-15 13:15:47","eating/cooking",0,0,2,"bc4b3ed0-d643-4038-90bc-bd5d4a610c5e","trash","landfill","Gum wrapper","school",34.27,-118.29
"2014-05-27 23:13:51","eating/cooking",0,1,1,"a11abe37-6d64-40f5-8d4e-0dadacf08b39","trash","landfill","Wrapper","home",34.07,-118.28
"2014-05-02 12:58:19","I found it",0,1,2,"f4e52433-9a00-49e2-8305-9f3a26398191","recyclable","recyclable","price of paper","school",34.02,-118.25
"2014-05-21 23:06:52","eating/cooking",0,0,1,"b3c15c81-7d9a-4e03-804c-08833afbdec4","trash","recyclable","Paper bag","in transit",33.93,-118.34
"2014-05-14 20:57:04","eating/cooking",0,1,2,"3cb071b9-4ddc-4aa6-b7a6-3abf6f967717","trash","landfill","Food","home",34.21,-118.59
"2014-05-26 20:58:02","shopping",0,0,1,"c7a28d38-4076-4f10-8981-5d51e9c9ee7e","trash","landfill","Plastic bag","home",34.03,-118.35
"2014-05-09 10:38:55","eating/cooking",0,0,1,"118470be-d350-4290-8239-9f2d95236f61","trash","landfill","Cheese wrapper","home",34.08,-118.27
"2014-05-26 21:16:34","I found it",0,0,1,"5b67b46c-0320-4a94-8ea6-6a6fbdd3630c","trash","recyclable","Foil","home",34.02,-118.34
"2014-05-02 16:23:20","eating/cooking",1,0,2,"1826432e-1bb5-410b-910a-a88bdb7c1e26","trash","recyclable","empty box","restaurants",33.83,-118.28
"2014-05-05 13:24:50","eating/cooking",0,2,2,"735185d6-45f2-4043-8942-519b53eed1d7","trash","landfill","Ramen bowl","work",34.2,-118.6
"2014-05-15 06:21:23","drinking",1,1,0,"6a68e4f3-0ea5-4a51-b411-becb34e96b56","recyclable","recyclable","water bottle","home",34.01,-118.33
"2014-05-28 10:16:45","I found it",0,1,2,"d4e9e539-8d0a-4e81-97fa-014a9d820582","trash","landfill","Trash","school",34.1,-118.3
"2014-05-27 07:13:18","drinking",0,0,1,"ad164ae8-cddb-473c-87ab-ea3fb43874e3","recyclable","recyclable","Can","home",33.98,-118.36
"2014-05-11 08:35:04","eating/cooking",1,0,1,"33f11748-b321-4a10-9e6c-a0ece8c626fd","recyclable","recyclable","Candy wrapper","home",33.85,-118.26
"2014-05-08 06:51:47","eating/cooking",1,2,2,"f80e7919-4cf5-4ef1-9f19-c7ae6fb05e24","trash","landfill","Cannes cat food","home",33.77,-118.25
